iter,term_idx,step_kind,kind,label,time_ns,left_B,right_B,result_B,alloc_B,hw_B,rss_B,nnz,checksum_nnz,checksum_sum,checksum_sumsq,checksum_max_abs,expr,target_expr,op_lhs,op_rhs,intermediate_label,index_labels,csv_pair_indices,shape_dense,shape_repr,dense_bytes,sparsity
1,1,Tensor,leaf,g,32277359,,,121536,121536,121536,346066944,15192,13818,10.313570711989671,5.229066732803717,0.3618052751837755,"g(i_2,i_1,Κ_1)","g(i_2,i_1,Κ_1)",,,,"i,i,Κ",;;,"7,7,282",7 × 7 × 282,110544,1.09944
1,1,Tensor,leaf,g,438232755,,,29489328,29489328,29489328,386113536,3686166,3664872,328.03408291046827,123.92989425956779,0.8503952014554771,"g(μ̃_19601,μ̃_19602,Κ_1)","g(μ̃_19601,μ̃_19602,Κ_1)",,,,"μ̃,μ̃,Κ",;;,"114,114,282",114 × 114 × 282,29318976,1.00581
1,1,Product,intermediate,I,62073498,121536,29489328,5179792,5179792,34790656,390168576,647474,636804,319.3017663066169,132.60778349602813,0.7000249021776662,"g(i_2,i_1,Κ_1) * g(μ̃_19601,μ̃_19602,Κ_1) -> I(i_1,i_2,μ̃_19602,μ̃_19601)","I(i_1,i_2,μ̃_19602,μ̃_19601)","g(i_2,i_1,Κ_1)","g(μ̃_19601,μ̃_19602,Κ_1)","I(i_1,i_2,μ̃_19602,μ̃_19601)","i,i,μ̃,μ̃",;;;,"7,7,114,114",7 × 7 × 114 × 114,5094432,1.01676
1,1,Tensor,leaf,C,12486,,,481264,481264,34790656,390168576,60158,,,,,"C(i_2,μ̃_19602;a_2i_2)","C(i_2,μ̃_19602;a_2i_2)",,,,"i,μ̃,a",;;i_2,"7,114,",7 × 114 × ?,,
1,1,Tensor,leaf,t,1730,,,376,376,34790656,390168576,47,,,,,t(i_2;a_2i_2),t(i_2;a_2i_2),,,,"i,a",;i_2,"7,",7 × ?,,
1,1,Product,intermediate,I,6942277,481264,376,432,432,34790656,390168576,54,0,0.0,0.0,0.0,"C(i_2,μ̃_19602;a_2i_2) * t(i_2;a_2i_2) -> I(μ̃_19602,i_2)","I(μ̃_19602,i_2)","C(i_2,μ̃_19602;a_2i_2)",t(i_2;a_2i_2),"I(μ̃_19602,i_2)","μ̃,i",;,"114,7",114 × 7,6384,0.0676692
1,1,Product,intermediate,I,345584,5179792,432,432,432,34790656,390168576,54,0,0.0,0.0,0.0,"I(i_1,i_2,μ̃_19602,μ̃_19601) * I(μ̃_19602,i_2) -> I(i_1,μ̃_19601)","I(i_1,μ̃_19601)","I(i_1,i_2,μ̃_19602,μ̃_19601)","I(μ̃_19602,i_2)","I(i_1,μ̃_19601)","i,μ̃",;,"7,114",7 × 114,6384,0.0676692
1,1,Tensor,leaf,C,12429,,,481264,481264,34790656,390168576,60158,,,,,"C(i_1,μ̃_19601;a_1i_1)","C(i_1,μ̃_19601;a_1i_1)",,,,"i,μ̃,a",;;i_1,"7,114,",7 × 114 × ?,,
1,1,Product,intermediate,I,3210571,432,481264,376,376,34790656,390168576,47,,,,,"I(i_1,μ̃_19601) * C(i_1,μ̃_19601;a_1i_1) -> I(i_1;a_1i_1)",I(i_1;a_1i_1),"I(i_1,μ̃_19601)","C(i_1,μ̃_19601;a_1i_1)",I(i_1;a_1i_1),"i,a",;i_1,"7,",7 × ?,,
1,1,Constant,constant,_const,1323,,,8,8,34790656,390168576,1,,,,,-1,-1,,,,,,,scalar,8,1
1,1,Product,residual,R,69165,376,8,376,376,34790656,390168576,47,,,,,I(i_1;a_1i_1) * -1 -> R(i_1;a_1i_1),R(i_1;a_1i_1),I(i_1;a_1i_1),-1,R(i_1;a_1i_1),"i,a",;i_1,"7,",7 × ?,,
1,1,Permute,residual,R,85758,,,376,376,34790656,390168576,47,,,,,R(i_1;a_1i_1),R(i_1;a_1i_1),,,,"i,a",;i_1,"7,",7 × ?,,
1,2,Tensor,leaf,g,34857283,,,1843152,1843152,34790656,390725632,230394,225036,-13.713518793894858,9.824790694343461,0.192547847698342,"g(μ̃_19609,i_2,Κ_1)","g(μ̃_19609,i_2,Κ_1)",,,,"μ̃,i,Κ",;;,"114,7,282",114 × 7 × 282,1800288,1.02381
1,2,Tensor,leaf,g,16212,,,1843152,1843152,34790656,390725632,230394,225036,-13.713518793894858,9.824790694343461,0.192547847698342,"g(μ̃_19610,i_3,Κ_1)","g(μ̃_19610,i_3,Κ_1)",,,,"μ̃,i,Κ",;;,"114,7,282",114 × 7 × 282,1800288,1.02381
1,2,Product,intermediate,I,47581769,1843152,1843152,5179792,5179792,34790656,393428992,647474,636804,27.01493957359425,3.0468014162183117,0.11361118772547665,"g(μ̃_19609,i_2,Κ_1) * g(μ̃_19610,i_3,Κ_1) -> I(i_3,i_2,μ̃_19610,μ̃_19609)","I(i_3,i_2,μ̃_19610,μ̃_19609)","g(μ̃_19609,i_2,Κ_1)","g(μ̃_19610,i_3,Κ_1)","I(i_3,i_2,μ̃_19610,μ̃_19609)","i,i,μ̃,μ̃",;;;,"7,7,114,114",7 × 7 × 114 × 114,5094432,1.01676
1,2,Tensor,leaf,C,14560,,,2207664,2207664,34790656,393428992,275958,,,,,"C(i_2,i_1,μ̃_19609;a_2i_1i_2)","C(i_2,i_1,μ̃_19609;a_2i_1i_2)",,,,"i,i,μ̃,a",";;;i_1,i_2","7,7,114,",7 × 7 × 114 × ?,,
1,2,Product,intermediate,I,130615387,5179792,2207664,15528352,15528352,34790656,400994304,1941044,,,,,"I(i_3,i_2,μ̃_19610,μ̃_19609) * C(i_2,i_1,μ̃_19609;a_2i_1i_2) -> I(i_1,i_3,i_2,μ̃_19610;a_2i_1i_2)","I(i_1,i_3,i_2,μ̃_19610;a_2i_1i_2)","I(i_3,i_2,μ̃_19610,μ̃_19609)","C(i_2,i_1,μ̃_19609;a_2i_1i_2)","I(i_1,i_3,i_2,μ̃_19610;a_2i_1i_2)","i,i,i,μ̃,a",";;;;i_1,i_2","7,7,7,114,",7 × 7 × 7 × 114 × ?,,
1,2,Tensor,leaf,C,20733,,,2207664,2207664,34790656,400994304,275958,,,,,"C(i_2,i_1,μ̃_19610;a_3i_1i_2)","C(i_2,i_1,μ̃_19610;a_3i_1i_2)",,,,"i,i,μ̃,a",";;;i_1,i_2","7,7,114,",7 × 7 × 114 × ?,,
1,2,Product,intermediate,I,20495495,15528352,2207664,5538232,5538232,34790656,404238336,692279,,,,,"I(i_1,i_3,i_2,μ̃_19610;a_2i_1i_2) * C(i_2,i_1,μ̃_19610;a_3i_1i_2) -> I(i_1,i_3,i_2;a_3i_1i_2,a_2i_1i_2)","I(i_1,i_3,i_2;a_3i_1i_2,a_2i_1i_2)","I(i_1,i_3,i_2,μ̃_19610;a_2i_1i_2)","C(i_2,i_1,μ̃_19610;a_3i_1i_2)","I(i_1,i_3,i_2;a_3i_1i_2,a_2i_1i_2)","i,i,i,a,a",";;;i_1,i_2;i_1,i_2","7,7,7,,",7 × 7 × 7 × ? × ?,,
1,2,Tensor,leaf,t,3342,,,384,384,34790656,404238336,48,,,,,"t(i_2,i_1;a_3i_1i_2,a_2i_1i_2)","t(i_2,i_1;a_3i_1i_2,a_2i_1i_2)",,,,"i,i,a,a",";;i_1,i_2;i_1,i_2","7,7,,",7 × 7 × ? × ?,,
1,2,Product,intermediate,I,9455096,5538232,384,384,384,34790656,404238336,48,0,0.0,0.0,0.0,"I(i_1,i_3,i_2;a_3i_1i_2,a_2i_1i_2) * t(i_2,i_1;a_3i_1i_2,a_2i_1i_2) -> I(i_3,i_1)","I(i_3,i_1)","I(i_1,i_3,i_2;a_3i_1i_2,a_2i_1i_2)","t(i_2,i_1;a_3i_1i_2,a_2i_1i_2)","I(i_3,i_1)","i,i",;,"7,7",7 × 7,392,0.979592
1,2,Tensor,leaf,s,8437685,,,125584,125584,34790656,404238336,15698,12996,138.52037144982398,140.24275294876296,0.9820999861813626,"s(μ̃_19611,μ̃_19612)","s(μ̃_19611,μ̃_19612)",,,,"μ̃,μ̃",;,"114,114",114 × 114,103968,1.20791
1,2,Product,intermediate,I,180591,125584,432,432,432,34790656,404238336,54,0,0.0,0.0,0.0,"s(μ̃_19611,μ̃_19612) * I(μ̃_19611,i_3) -> I(μ̃_19612,i_3)","I(μ̃_19612,i_3)","s(μ̃_19611,μ̃_19612)","I(μ̃_19611,i_3)","I(μ̃_19612,i_3)","μ̃,i",;,"114,7",114 × 7,6384,0.0676692
1,2,Product,intermediate,I,134849,384,432,432,432,34790656,404238336,54,0,0.0,0.0,0.0,"I(i_3,i_1) * I(μ̃_19612,i_3) -> I(μ̃_19612,i_1)","I(μ̃_19612,i_1)","I(i_3,i_1)","I(μ̃_19612,i_3)","I(μ̃_19612,i_1)","μ̃,i",;,"114,7",114 × 7,6384,0.0676692
1,2,Tensor,leaf,C,13591,,,481264,481264,34790656,404238336,60158,,,,,"C(i_1,μ̃_19612;a_1i_1)","C(i_1,μ̃_19612;a_1i_1)",,,,"i,μ̃,a",;;i_1,"7,114,",7 × 114 × ?,,
1,2,Product,residual,R,319815,432,481264,376,376,34790656,404238336,47,,,,,"I(μ̃_19612,i_1) * C(i_1,μ̃_19612;a_1i_1) -> R(i_1;a_1i_1)",R(i_1;a_1i_1),"I(μ̃_19612,i_1)","C(i_1,μ̃_19612;a_1i_1)",R(i_1;a_1i_1),"i,a",;i_1,"7,",7 × ?,,
1,2,Permute,residual,R,38672,,,376,376,34790656,404238336,47,,,,,R(i_1;a_1i_1),R(i_1;a_1i_1),,,,"i,a",;i_1,"7,",7 × ?,,
1,3,Tensor,leaf,C,12831,,,2207664,2207664,34790656,404238336,275958,,,,,"C(i_3,i_1,μ̃_19629;a_2i_1i_3)","C(i_3,i_1,μ̃_19629;a_2i_1i_3)",,,,"i,i,μ̃,a",";;;i_1,i_3","7,7,114,",7 × 7 × 114 × ?,,
1,3,Product,intermediate,I,74993612,5179792,2207664,15528352,15528352,34790656,408023040,1941044,,,,,"I(i_3,i_2,μ̃_19630,μ̃_19629) * C(i_3,i_1,μ̃_19629;a_2i_1i_3) -> I(i_1,i_2,i_3,μ̃_19630;a_2i_1i_3)","I(i_1,i_2,i_3,μ̃_19630;a_2i_1i_3)","I(i_3,i_2,μ̃_19630,μ̃_19629)","C(i_3,i_1,μ̃_19629;a_2i_1i_3)","I(i_1,i_2,i_3,μ̃_19630;a_2i_1i_3)","i,i,i,μ̃,a",";;;;i_1,i_3","7,7,7,114,",7 × 7 × 7 × 114 × ?,,
1,3,Tensor,leaf,C,14236,,,2207664,2207664,34790656,408023040,275958,,,,,"C(i_3,i_1,μ̃_19630;a_3i_1i_3)","C(i_3,i_1,μ̃_19630;a_3i_1i_3)",,,,"i,i,μ̃,a",";;;i_1,i_3","7,7,114,",7 × 7 × 114 × ?,,
1,3,Product,intermediate,I,20712726,15528352,2207664,5538232,5538232,34790656,408563712,692279,,,,,"I(i_1,i_2,i_3,μ̃_19630;a_2i_1i_3) * C(i_3,i_1,μ̃_19630;a_3i_1i_3) -> I(i_1,i_2,i_3;a_2i_1i_3,a_3i_1i_3)","I(i_1,i_2,i_3;a_2i_1i_3,a_3i_1i_3)","I(i_1,i_2,i_3,μ̃_19630;a_2i_1i_3)","C(i_3,i_1,μ̃_19630;a_3i_1i_3)","I(i_1,i_2,i_3;a_2i_1i_3,a_3i_1i_3)","i,i,i,a,a",";;;i_1,i_3;i_1,i_3","7,7,7,,",7 × 7 × 7 × ? × ?,,
1,3,Tensor,leaf,t,3307,,,384,384,34790656,408563712,48,,,,,"t(i_3,i_1;a_3i_1i_3,a_2i_1i_3)","t(i_3,i_1;a_3i_1i_3,a_2i_1i_3)",,,,"i,i,a,a",";;i_1,i_3;i_1,i_3","7,7,,",7 × 7 × ? × ?,,
1,3,Product,intermediate,I,426980,5538232,384,384,384,34790656,408563712,48,0,0.0,0.0,0.0,"I(i_1,i_2,i_3;a_2i_1i_3,a_3i_1i_3) * t(i_3,i_1;a_3i_1i_3,a_2i_1i_3) -> I(i_2,i_1)","I(i_2,i_1)","I(i_1,i_2,i_3;a_2i_1i_3,a_3i_1i_3)","t(i_3,i_1;a_3i_1i_3,a_2i_1i_3)","I(i_2,i_1)","i,i",;,"7,7",7 × 7,392,0.979592
1,3,Product,intermediate,I,140310,384,432,432,432,34790656,408563712,54,0,0.0,0.0,0.0,"I(i_2,i_1) * I(μ̃_19632,i_2) -> I(μ̃_19632,i_1)","I(μ̃_19632,i_1)","I(i_2,i_1)","I(μ̃_19632,i_2)","I(μ̃_19632,i_1)","μ̃,i",;,"114,7",114 × 7,6384,0.0676692
1,3,Tensor,leaf,C,12674,,,481264,481264,34790656,408563712,60158,,,,,"C(i_1,μ̃_19632;a_1i_1)","C(i_1,μ̃_19632;a_1i_1)",,,,"i,μ̃,a",;;i_1,"7,114,",7 × 114 × ?,,
1,3,Product,intermediate,I,256309,432,481264,376,376,34790656,408563712,47,,,,,"I(μ̃_19632,i_1) * C(i_1,μ̃_19632;a_1i_1) -> I(i_1;a_1i_1)",I(i_1;a_1i_1),"I(μ̃_19632,i_1)","C(i_1,μ̃_19632;a_1i_1)",I(i_1;a_1i_1),"i,a",;i_1,"7,",7 × ?,,
1,3,Constant,constant,_const,1263,,,8,8,34790656,408563712,1,,,,,-2,-2,,,,,,,scalar,8,1
1,3,Product,residual,R,50883,376,8,376,376,34790656,408563712,47,,,,,I(i_1;a_1i_1) * -2 -> R(i_1;a_1i_1),R(i_1;a_1i_1),I(i_1;a_1i_1),-2,R(i_1;a_1i_1),"i,a",;i_1,"7,",7 × ?,,
1,3,Permute,residual,R,78106,,,376,376,34790656,408563712,47,,,,,R(i_1;a_1i_1),R(i_1;a_1i_1),,,,"i,a",;i_1,"7,",7 × ?,,
1,4,Tensor,leaf,g,9425,,,1843152,1843152,34790656,408563712,230394,225036,-13.713518793894858,9.824790694343461,0.192547847698342,"g(μ̃_19621,i_2,Κ_1)","g(μ̃_19621,i_2,Κ_1)",,,,"μ̃,i,Κ",;;,"114,7,282",114 × 7 × 282,1800288,1.02381
1,4,Product,intermediate,I,244016,1843152,432,400,400,34790656,408563712,50,0,0.0,0.0,0.0,"g(μ̃_19621,i_2,Κ_1) * I(μ̃_19621,i_2) -> I(Κ_1)",I(Κ_1),"g(μ̃_19621,i_2,Κ_1)","I(μ̃_19621,i_2)",I(Κ_1),Κ,,282,282,2256,0.177305
1,4,Tensor,leaf,g,9826,,,1843152,1843152,34790656,408563712,230394,225036,-13.713518793894858,9.824790694343461,0.192547847698342,"g(μ̃_19622,i_3,Κ_1)","g(μ̃_19622,i_3,Κ_1)",,,,"μ̃,i,Κ",;;,"114,7,282",114 × 7 × 282,1800288,1.02381
1,4,Product,intermediate,I,182277,400,1843152,432,432,34790656,408563712,54,0,0.0,0.0,0.0,"I(Κ_1) * g(μ̃_19622,i_3,Κ_1) -> I(i_3,μ̃_19622)","I(i_3,μ̃_19622)",I(Κ_1),"g(μ̃_19622,i_3,Κ_1)","I(i_3,μ̃_19622)","i,μ̃",;,"7,114",7 × 114,6384,0.0676692
1,4,Product,intermediate,I,111439,432,432,384,384,34790656,408563712,48,0,0.0,0.0,0.0,"I(i_3,μ̃_19622) * I(μ̃_19622,i_1) -> I(i_3,i_1)","I(i_3,i_1)","I(i_3,μ̃_19622)","I(μ̃_19622,i_1)","I(i_3,i_1)","i,i",;,"7,7",7 × 7,392,0.979592
1,4,Product,intermediate,I,128916,384,432,432,432,34790656,408563712,54,0,0.0,0.0,0.0,"I(i_3,i_1) * I(μ̃_19624,i_3) -> I(μ̃_19624,i_1)","I(μ̃_19624,i_1)","I(i_3,i_1)","I(μ̃_19624,i_3)","I(μ̃_19624,i_1)","μ̃,i",;,"114,7",114 × 7,6384,0.0676692
1,4,Tensor,leaf,C,10996,,,481264,481264,34790656,408563712,60158,,,,,"C(i_1,μ̃_19624;a_1i_1)","C(i_1,μ̃_19624;a_1i_1)",,,,"i,μ̃,a",;;i_1,"7,114,",7 × 114 × ?,,
1,4,Product,intermediate,I,250047,432,481264,376,376,34790656,408563712,47,,,,,"I(μ̃_19624,i_1) * C(i_1,μ̃_19624;a_1i_1) -> I(i_1;a_1i_1)",I(i_1;a_1i_1),"I(μ̃_19624,i_1)","C(i_1,μ̃_19624;a_1i_1)",I(i_1;a_1i_1),"i,a",;i_1,"7,",7 × ?,,
1,4,Constant,constant,_const,1281,,,8,8,34790656,408563712,1,,,,,-2,-2,,,,,,,scalar,8,1
1,4,Product,residual,R,61016,376,8,376,376,34790656,408563712,47,,,,,I(i_1;a_1i_1) * -2 -> R(i_1;a_1i_1),R(i_1;a_1i_1),I(i_1;a_1i_1),-2,R(i_1;a_1i_1),"i,a",;i_1,"7,",7 × ?,,
1,4,Permute,residual,R,55741,,,376,376,34790656,408563712,47,,,,,R(i_1;a_1i_1),R(i_1;a_1i_1),,,,"i,a",;i_1,"7,",7 × ?,,
1,5,Tensor,leaf,g,7318,,,1843152,1843152,34790656,408563712,230394,225036,-13.713518793894858,9.824790694343461,0.192547847698342,"g(μ̃_19636,i_2,Κ_1)","g(μ̃_19636,i_2,Κ_1)",,,,"μ̃,i,Κ",;;,"114,7,282",114 × 7 × 282,1800288,1.02381
1,5,Product,intermediate,I,230548,1843152,432,496,496,34790656,408563712,62,0,0.0,0.0,0.0,"g(μ̃_19636,i_2,Κ_1) * I(μ̃_19636,i_3) -> I(i_2,i_3,Κ_1)","I(i_2,i_3,Κ_1)","g(μ̃_19636,i_2,Κ_1)","I(μ̃_19636,i_3)","I(i_2,i_3,Κ_1)","i,i,Κ",;;,"7,7,282",7 × 7 × 282,110544,0.0044869
1,5,Tensor,leaf,g,12758,,,1843152,1843152,34790656,408563712,230394,225036,-13.713518793894858,9.824790694343461,0.192547847698342,"g(μ̃_19637,i_3,Κ_1)","g(μ̃_19637,i_3,Κ_1)",,,,"μ̃,i,Κ",;;,"114,7,282",114 × 7 × 282,1800288,1.02381
1,5,Product,intermediate,I,232170,496,1843152,432,432,34790656,408563712,54,0,0.0,0.0,0.0,"I(i_2,i_3,Κ_1) * g(μ̃_19637,i_3,Κ_1) -> I(i_2,μ̃_19637)","I(i_2,μ̃_19637)","I(i_2,i_3,Κ_1)","g(μ̃_19637,i_3,Κ_1)","I(i_2,μ̃_19637)","i,μ̃",;,"7,114",7 × 114,6384,0.0676692
1,5,Product,intermediate,I,116194,432,432,384,384,34790656,408563712,48,0,0.0,0.0,0.0,"I(i_2,μ̃_19637) * I(μ̃_19637,i_1) -> I(i_2,i_1)","I(i_2,i_1)","I(i_2,μ̃_19637)","I(μ̃_19637,i_1)","I(i_2,i_1)","i,i",;,"7,7",7 × 7,392,0.979592
1,5,Product,intermediate,I,130205,384,432,432,432,34790656,408563712,54,0,0.0,0.0,0.0,"I(i_2,i_1) * I(μ̃_19639,i_2) -> I(μ̃_19639,i_1)","I(μ̃_19639,i_1)","I(i_2,i_1)","I(μ̃_19639,i_2)","I(μ̃_19639,i_1)","μ̃,i",;,"114,7",114 × 7,6384,0.0676692
1,5,Tensor,leaf,C,13402,,,481264,481264,34790656,408563712,60158,,,,,"C(i_1,μ̃_19639;a_1i_1)","C(i_1,μ̃_19639;a_1i_1)",,,,"i,μ̃,a",;;i_1,"7,114,",7 × 114 × ?,,
1,5,Product,residual,R,258658,432,481264,376,376,34790656,408563712,47,,,,,"I(μ̃_19639,i_1) * C(i_1,μ̃_19639;a_1i_1) -> R(i_1;a_1i_1)",R(i_1;a_1i_1),"I(μ̃_19639,i_1)","C(i_1,μ̃_19639;a_1i_1)",R(i_1;a_1i_1),"i,a",;i_1,"7,",7 × ?,,
1,5,Permute,residual,R,45992,,,376,376,34790656,408563712,47,,,,,R(i_1;a_1i_1),R(i_1;a_1i_1),,,,"i,a",;i_1,"7,",7 × ?,,
1,6,Tensor,leaf,g,6591,,,121536,121536,34790656,408563712,15192,13818,10.313570711989671,5.229066732803717,0.3618052751837755,"g(i_1,i_2,Κ_1)","g(i_1,i_2,Κ_1)",,,,"i,i,Κ",;;,"7,7,282",7 × 7 × 282,110544,1.09944
1,6,Tensor,leaf,g,7726,,,1843152,1843152,34790656,408563712,230394,225036,-13.713518793894858,9.824790694343461,0.192547847698342,"g(μ̃_19645,i_3,Κ_1)","g(μ̃_19645,i_3,Κ_1)",,,,"μ̃,i,Κ",;;,"114,7,282",114 × 7 × 282,1800288,1.02381
1,6,Product,intermediate,I,4416557,121536,1843152,334432,334432,34790656,408563712,41804,39102,1.6787640793177372,1.4528822879583423,0.0897817840295986,"g(i_1,i_2,Κ_1) * g(μ̃_19645,i_3,Κ_1) -> I(i_2,i_1,i_3,μ̃_19645)","I(i_2,i_1,i_3,μ̃_19645)","g(i_1,i_2,Κ_1)","g(μ̃_19645,i_3,Κ_1)","I(i_2,i_1,i_3,μ̃_19645)","i,i,i,μ̃",;;;,"7,7,7,114",7 × 7 × 7 × 114,312816,1.0691
1,6,Product,intermediate,I,290200,334432,432,384,384,34790656,408563712,48,0,0.0,0.0,0.0,"I(i_2,i_1,i_3,μ̃_19645) * I(μ̃_19645,i_2) -> I(i_3,i_1)","I(i_3,i_1)","I(i_2,i_1,i_3,μ̃_19645)","I(μ̃_19645,i_2)","I(i_3,i_1)","i,i",;,"7,7",7 × 7,392,0.979592
1,6,Product,intermediate,I,126885,384,432,432,432,34790656,408563712,54,0,0.0,0.0,0.0,"I(i_3,i_1) * I(μ̃_19647,i_3) -> I(i_1,μ̃_19647)","I(i_1,μ̃_19647)","I(i_3,i_1)","I(μ̃_19647,i_3)","I(i_1,μ̃_19647)","i,μ̃",;,"7,114",7 × 114,6384,0.0676692
1,6,Tensor,leaf,C,15587,,,481264,481264,34790656,408563712,60158,,,,,"C(i_1,μ̃_19647;a_1i_1)","C(i_1,μ̃_19647;a_1i_1)",,,,"i,μ̃,a",;;i_1,"7,114,",7 × 114 × ?,,
1,6,Product,residual,R,254755,432,481264,376,376,34790656,408563712,47,,,,,"I(i_1,μ̃_19647) * C(i_1,μ̃_19647;a_1i_1) -> R(i_1;a_1i_1)",R(i_1;a_1i_1),"I(i_1,μ̃_19647)","C(i_1,μ̃_19647;a_1i_1)",R(i_1;a_1i_1),"i,a",;i_1,"7,",7 × ?,,
1,6,Permute,residual,R,57849,,,376,376,34790656,408563712,47,,,,,R(i_1;a_1i_1),R(i_1;a_1i_1),,,,"i,a",;i_1,"7,",7 × ?,,
1,7,Tensor,leaf,g,7618,,,121536,121536,34790656,408563712,15192,13818,10.313570711989671,5.229066732803717,0.3618052751837755,"g(i_1,i_2,Κ_1)","g(i_1,i_2,Κ_1)",,,,"i,i,Κ",;;,"7,7,282",7 × 7 × 282,110544,1.09944
1,7,Product,intermediate,I,231083,121536,400,384,384,34790656,408563712,48,0,0.0,0.0,0.0,"g(i_1,i_2,Κ_1) * I(Κ_1) -> I(i_2,i_1)","I(i_2,i_1)","g(i_1,i_2,Κ_1)",I(Κ_1),"I(i_2,i_1)","i,i",;,"7,7",7 × 7,392,0.979592
1,7,Product,intermediate,I,125961,384,432,432,432,34790656,408563712,54,0,0.0,0.0,0.0,"I(i_2,i_1) * I(μ̃_19656,i_2) -> I(i_1,μ̃_19656)","I(i_1,μ̃_19656)","I(i_2,i_1)","I(μ̃_19656,i_2)","I(i_1,μ̃_19656)","i,μ̃",;,"7,114",7 × 114,6384,0.0676692
1,7,Tensor,leaf,C,31786,,,481264,481264,34790656,408563712,60158,,,,,"C(i_1,μ̃_19656;a_1i_1)","C(i_1,μ̃_19656;a_1i_1)",,,,"i,μ̃,a",;;i_1,"7,114,",7 × 114 × ?,,
1,7,Product,intermediate,I,266773,432,481264,376,376,34790656,408563712,47,,,,,"I(i_1,μ̃_19656) * C(i_1,μ̃_19656;a_1i_1) -> I(i_1;a_1i_1)",I(i_1;a_1i_1),"I(i_1,μ̃_19656)","C(i_1,μ̃_19656;a_1i_1)",I(i_1;a_1i_1),"i,a",;i_1,"7,",7 × ?,,
1,7,Constant,constant,_const,1710,,,8,8,34790656,408563712,1,,,,,-2,-2,,,,,,,scalar,8,1
1,7,Product,residual,R,60503,376,8,376,376,34790656,408563712,47,,,,,I(i_1;a_1i_1) * -2 -> R(i_1;a_1i_1),R(i_1;a_1i_1),I(i_1;a_1i_1),-2,R(i_1;a_1i_1),"i,a",;i_1,"7,",7 × ?,,
1,7,Permute,residual,R,54372,,,376,376,34790656,408563712,47,,,,,R(i_1;a_1i_1),R(i_1;a_1i_1),,,,"i,a",;i_1,"7,",7 × ?,,
1,8,Tensor,leaf,f,12244692,,,432,432,34790656,408563712,54,0,0.0,0.0,0.0,"f(μ̃_19670,i_2)","f(μ̃_19670,i_2)",,,,"μ̃,i",;,"114,7",114 × 7,6384,0.0676692
1,8,Tensor,leaf,C,19024,,,481264,481264,34790656,408563712,60158,,,,,"C(i_1,μ̃_19670;a_2i_1)","C(i_1,μ̃_19670;a_2i_1)",,,,"i,μ̃,a",;;i_1,"7,114,",7 × 114 × ?,,
1,8,Product,intermediate,I,235766,432,481264,384,384,34790656,408563712,48,,,,,"f(μ̃_19670,i_2) * C(i_1,μ̃_19670;a_2i_1) -> I(i_1,i_2;a_2i_1)","I(i_1,i_2;a_2i_1)","f(μ̃_19670,i_2)","C(i_1,μ̃_19670;a_2i_1)","I(i_1,i_2;a_2i_1)","i,i,a",;;i_1,"7,7,",7 × 7 × ?,,
1,8,Tensor,leaf,t,2083,,,376,376,34790656,408563712,47,,,,,t(i_1;a_2i_1),t(i_1;a_2i_1),,,,"i,a",;i_1,"7,",7 × ?,,
1,8,Product,intermediate,I,261368,384,376,384,384,34790656,408563712,48,0,0.0,0.0,0.0,"I(i_1,i_2;a_2i_1) * t(i_1;a_2i_1) -> I(i_2,i_1)","I(i_2,i_1)","I(i_1,i_2;a_2i_1)",t(i_1;a_2i_1),"I(i_2,i_1)","i,i",;,"7,7",7 × 7,392,0.979592
1,8,Product,intermediate,I,132110,384,432,432,432,34790656,408563712,54,0,0.0,0.0,0.0,"I(i_2,i_1) * I(μ̃_19672,i_2) -> I(μ̃_19672,i_1)","I(μ̃_19672,i_1)","I(i_2,i_1)","I(μ̃_19672,i_2)","I(μ̃_19672,i_1)","μ̃,i",;,"114,7",114 × 7,6384,0.0676692
1,8,Tensor,leaf,C,11726,,,481264,481264,34790656,408563712,60158,,,,,"C(i_1,μ̃_19672;a_1i_1)","C(i_1,μ̃_19672;a_1i_1)",,,,"i,μ̃,a",;;i_1,"7,114,",7 × 114 × ?,,
1,8,Product,intermediate,I,360525,432,481264,376,376,34790656,408563712,47,,,,,"I(μ̃_19672,i_1) * C(i_1,μ̃_19672;a_1i_1) -> I(i_1;a_1i_1)",I(i_1;a_1i_1),"I(μ̃_19672,i_1)","C(i_1,μ̃_19672;a_1i_1)",I(i_1;a_1i_1),"i,a",;i_1,"7,",7 × ?,,
1,8,Constant,constant,_const,1884,,,8,8,34790656,408563712,1,,,,,-1,-1,,,,,,,scalar,8,1
1,8,Product,residual,R,60594,376,8,376,376,34790656,408563712,47,,,,,I(i_1;a_1i_1) * -1 -> R(i_1;a_1i_1),R(i_1;a_1i_1),I(i_1;a_1i_1),-1,R(i_1;a_1i_1),"i,a",;i_1,"7,",7 × ?,,
1,8,Permute,residual,R,59144,,,376,376,34790656,408563712,47,,,,,R(i_1;a_1i_1),R(i_1;a_1i_1),,,,"i,a",;i_1,"7,",7 × ?,,
1,9,Tensor,leaf,C,9131,,,2207664,2207664,34790656,408563712,275958,,,,,"C(i_2,i_1,μ̃_19614;a_3i_1i_2)","C(i_2,i_1,μ̃_19614;a_3i_1i_2)",,,,"i,i,μ̃,a",";;;i_1,i_2","7,7,114,",7 × 7 × 114 × ?,,
1,9,Product,intermediate,I,352109,432,2207664,384,384,34790656,408563712,48,,,,,"I(i_2,μ̃_19614) * C(i_2,i_1,μ̃_19614;a_3i_1i_2) -> I(i_1,i_2;a_3i_1i_2)","I(i_1,i_2;a_3i_1i_2)","I(i_2,μ̃_19614)","C(i_2,i_1,μ̃_19614;a_3i_1i_2)","I(i_1,i_2;a_3i_1i_2)","i,i,a",";;i_1,i_2","7,7,",7 × 7 × ?,,
1,9,Tensor,leaf,t,1563,,,384,384,34790656,408563712,48,,,,,"t(i_2,i_1;a_4i_1i_2,a_3i_1i_2)","t(i_2,i_1;a_4i_1i_2,a_3i_1i_2)",,,,"i,i,a,a",";;i_1,i_2;i_1,i_2","7,7,,",7 × 7 × ? × ?,,
1,9,Product,intermediate,I,164724,384,384,384,384,34790656,408563712,48,,,,,"I(i_1,i_2;a_3i_1i_2) * t(i_2,i_1;a_4i_1i_2,a_3i_1i_2) -> I(i_2,i_1;a_4i_1i_2)","I(i_2,i_1;a_4i_1i_2)","I(i_1,i_2;a_3i_1i_2)","t(i_2,i_1;a_4i_1i_2,a_3i_1i_2)","I(i_2,i_1;a_4i_1i_2)","i,i,a",";;i_1,i_2","7,7,",7 × 7 × ?,,
1,9,Tensor,leaf,C,8741,,,2207664,2207664,34790656,408563712,275958,,,,,"C(i_2,i_1,μ̃_19615;a_4i_1i_2)","C(i_2,i_1,μ̃_19615;a_4i_1i_2)",,,,"i,i,μ̃,a",";;;i_1,i_2","7,7,114,",7 × 7 × 114 × ?,,
1,9,Product,intermediate,I,437309,384,2207664,432,432,34790656,408563712,54,0,0.0,0.0,0.0,"I(i_2,i_1;a_4i_1i_2) * C(i_2,i_1,μ̃_19615;a_4i_1i_2) -> I(μ̃_19615,i_1)","I(μ̃_19615,i_1)","I(i_2,i_1;a_4i_1i_2)","C(i_2,i_1,μ̃_19615;a_4i_1i_2)","I(μ̃_19615,i_1)","μ̃,i",;,"114,7",114 × 7,6384,0.0676692
1,9,Tensor,leaf,s,18081,,,125584,125584,34790656,408563712,15698,12996,138.52037144982398,140.24275294876296,0.9820999861813626,"s(μ̃_19615,μ̃_19616)","s(μ̃_19615,μ̃_19616)",,,,"μ̃,μ̃",;,"114,114",114 × 114,103968,1.20791
1,9,Product,intermediate,I,214732,432,125584,432,432,34790656,408563712,54,0,0.0,0.0,0.0,"I(μ̃_19615,i_1) * s(μ̃_19615,μ̃_19616) -> I(μ̃_19616,i_1)","I(μ̃_19616,i_1)","I(μ̃_19615,i_1)","s(μ̃_19615,μ̃_19616)","I(μ̃_19616,i_1)","μ̃,i",;,"114,7",114 × 7,6384,0.0676692
1,9,Tensor,leaf,C,11397,,,481264,481264,34790656,408563712,60158,,,,,"C(i_1,μ̃_19616;a_1i_1)","C(i_1,μ̃_19616;a_1i_1)",,,,"i,μ̃,a",;;i_1,"7,114,",7 × 114 × ?,,
1,9,Product,residual,R,262413,432,481264,376,376,34790656,408563712,47,,,,,"I(μ̃_19616,i_1) * C(i_1,μ̃_19616;a_1i_1) -> R(i_1;a_1i_1)",R(i_1;a_1i_1),"I(μ̃_19616,i_1)","C(i_1,μ̃_19616;a_1i_1)",R(i_1;a_1i_1),"i,a",;i_1,"7,",7 × ?,,
1,9,Permute,residual,R,51275,,,376,376,34790656,408563712,47,,,,,R(i_1;a_1i_1),R(i_1;a_1i_1),,,,"i,a",;i_1,"7,",7 × ?,,
1,10,Tensor,leaf,g,11302,,,29489328,29489328,46082544,408563712,3686166,3664872,328.03408291046827,123.92989425956779,0.8503952014554771,"g(μ̃_19627,μ̃_19628,Κ_1)","g(μ̃_19627,μ̃_19628,Κ_1)",,,,"μ̃,μ̃,Κ",;;,"114,114,282",114 × 114 × 282,29318976,1.00581
1,10,Product,intermediate,I,387235,29489328,432,880,880,46083424,408563712,110,0,0.0,0.0,0.0,"g(μ̃_19627,μ̃_19628,Κ_1) * I(μ̃_19627,i_2) -> I(μ̃_19628,i_2,Κ_1)","I(μ̃_19628,i_2,Κ_1)","g(μ̃_19627,μ̃_19628,Κ_1)","I(μ̃_19627,i_2)","I(μ̃_19628,i_2,Κ_1)","μ̃,i,Κ",;;,"114,7,282",114 × 7 × 282,1800288,0.000488811
1,10,Product,intermediate,I,203961,496,880,432,432,46083424,408563712,54,0,0.0,0.0,0.0,"I(i_2,i_1,Κ_1) * I(μ̃_19628,i_2,Κ_1) -> I(μ̃_19628,i_1)","I(μ̃_19628,i_1)","I(i_2,i_1,Κ_1)","I(μ̃_19628,i_2,Κ_1)","I(μ̃_19628,i_1)","μ̃,i",;,"114,7",114 × 7,6384,0.0676692
1,10,Tensor,leaf,C,19803,,,481264,481264,46083424,408563712,60158,,,,,"C(i_1,μ̃_19628;a_1i_1)","C(i_1,μ̃_19628;a_1i_1)",,,,"i,μ̃,a",;;i_1,"7,114,",7 × 114 × ?,,
1,10,Product,intermediate,I,282223,432,481264,376,376,46083424,408563712,47,,,,,"I(μ̃_19628,i_1) * C(i_1,μ̃_19628;a_1i_1) -> I(i_1;a_1i_1)",I(i_1;a_1i_1),"I(μ̃_19628,i_1)","C(i_1,μ̃_19628;a_1i_1)",I(i_1;a_1i_1),"i,a",;i_1,"7,",7 × ?,,
1,10,Constant,constant,_const,1638,,,8,8,46083424,408563712,1,,,,,-1,-1,,,,,,,scalar,8,1
1,10,Product,residual,R,52338,376,8,376,376,46083424,408563712,47,,,,,I(i_1;a_1i_1) * -1 -> R(i_1;a_1i_1),R(i_1;a_1i_1),I(i_1;a_1i_1),-1,R(i_1;a_1i_1),"i,a",;i_1,"7,",7 × ?,,
1,10,Permute,residual,R,69228,,,376,376,46083424,408563712,47,,,,,R(i_1;a_1i_1),R(i_1;a_1i_1),,,,"i,a",;i_1,"7,",7 × ?,,
1,11,Tensor,leaf,g,9337,,,1843152,1843152,46083424,408563712,230394,225036,-13.713518793894858,9.824790694343461,0.192547847698342,"g(μ̃_19651,i_3,Κ_1)","g(μ̃_19651,i_3,Κ_1)",,,,"μ̃,i,Κ",;;,"114,7,282",114 × 7 × 282,1800288,1.02381
1,11,Tensor,leaf,C,9164,,,2207664,2207664,46083424,408563712,275958,,,,,"C(i_3,i_2,μ̃_19651;a_3i_2i_3)","C(i_3,i_2,μ̃_19651;a_3i_2i_3)",,,,"i,i,μ̃,a",";;;i_2,i_3","7,7,114,",7 × 7 × 114 × ?,,
1,11,Product,intermediate,I,17865139,1843152,2207664,5490816,5490816,46083424,409374720,686352,,,,,"g(μ̃_19651,i_3,Κ_1) * C(i_3,i_2,μ̃_19651;a_3i_2i_3) -> I(i_2,i_3,Κ_1;a_3i_2i_3)","I(i_2,i_3,Κ_1;a_3i_2i_3)","g(μ̃_19651,i_3,Κ_1)","C(i_3,i_2,μ̃_19651;a_3i_2i_3)","I(i_2,i_3,Κ_1;a_3i_2i_3)","i,i,Κ,a",";;;i_2,i_3","7,7,282,",7 × 7 × 282 × ?,,
1,11,Product,intermediate,I,463988,496,5490816,400,400,46083424,409374720,50,,,,,"I(i_2,i_1,Κ_1) * I(i_2,i_3,Κ_1;a_3i_2i_3) -> I(i_3,i_2,i_1;a_3i_2i_3)","I(i_3,i_2,i_1;a_3i_2i_3)","I(i_2,i_1,Κ_1)","I(i_2,i_3,Κ_1;a_3i_2i_3)","I(i_3,i_2,i_1;a_3i_2i_3)","i,i,i,a",";;;i_2,i_3","7,7,7,",7 × 7 × 7 × ?,,
1,11,Tensor,leaf,t,3791,,,384,384,46083424,409374720,48,,,,,"t(i_2,i_3;a_4i_2i_3,a_3i_2i_3)","t(i_2,i_3;a_4i_2i_3,a_3i_2i_3)",,,,"i,i,a,a",";;i_2,i_3;i_2,i_3","7,7,,",7 × 7 × ? × ?,,
1,11,Product,intermediate,I,208394,400,384,400,400,46083424,409374720,50,,,,,"I(i_3,i_2,i_1;a_3i_2i_3) * t(i_2,i_3;a_4i_2i_3,a_3i_2i_3) -> I(i_3,i_2,i_1;a_4i_2i_3)","I(i_3,i_2,i_1;a_4i_2i_3)","I(i_3,i_2,i_1;a_3i_2i_3)","t(i_2,i_3;a_4i_2i_3,a_3i_2i_3)","I(i_3,i_2,i_1;a_4i_2i_3)","i,i,i,a",";;;i_2,i_3","7,7,7,",7 × 7 × 7 × ?,,
1,11,Tensor,leaf,C,17048,,,2207664,2207664,46083424,409374720,275958,,,,,"C(i_3,i_2,μ̃_19652;a_4i_2i_3)","C(i_3,i_2,μ̃_19652;a_4i_2i_3)",,,,"i,i,μ̃,a",";;;i_2,i_3","7,7,114,",7 × 7 × 114 × ?,,
1,11,Product,intermediate,I,340970,400,2207664,432,432,46083424,409374720,54,0,0.0,0.0,0.0,"I(i_3,i_2,i_1;a_4i_2i_3) * C(i_3,i_2,μ̃_19652;a_4i_2i_3) -> I(μ̃_19652,i_1)","I(μ̃_19652,i_1)","I(i_3,i_2,i_1;a_4i_2i_3)","C(i_3,i_2,μ̃_19652;a_4i_2i_3)","I(μ̃_19652,i_1)","μ̃,i",;,"114,7",114 × 7,6384,0.0676692
1,11,Tensor,leaf,s,21029,,,125584,125584,46083424,409374720,15698,12996,138.52037144982398,140.24275294876296,0.9820999861813626,"s(μ̃_19652,μ̃_19653)","s(μ̃_19652,μ̃_19653)",,,,"μ̃,μ̃",;,"114,114",114 × 114,103968,1.20791
1,11,Product,intermediate,I,195808,432,125584,432,432,46083424,409374720,54,0,0.0,0.0,0.0,"I(μ̃_19652,i_1) * s(μ̃_19652,μ̃_19653) -> I(μ̃_19653,i_1)","I(μ̃_19653,i_1)","I(μ̃_19652,i_1)","s(μ̃_19652,μ̃_19653)","I(μ̃_19653,i_1)","μ̃,i",;,"114,7",114 × 7,6384,0.0676692
1,11,Tensor,leaf,C,8606,,,481264,481264,46083424,409374720,60158,,,,,"C(i_1,μ̃_19653;a_1i_1)","C(i_1,μ̃_19653;a_1i_1)",,,,"i,μ̃,a",;;i_1,"7,114,",7 × 114 × ?,,
1,11,Product,intermediate,I,292735,432,481264,376,376,46083424,409374720,47,,,,,"I(μ̃_19653,i_1) * C(i_1,μ̃_19653;a_1i_1) -> I(i_1;a_1i_1)",I(i_1;a_1i_1),"I(μ̃_19653,i_1)","C(i_1,μ̃_19653;a_1i_1)",I(i_1;a_1i_1),"i,a",;i_1,"7,",7 × ?,,
1,11,Constant,constant,_const,1724,,,8,8,46083424,409374720,1,,,,,-2,-2,,,,,,,scalar,8,1
1,11,Product,residual,R,57941,376,8,376,376,46083424,409374720,47,,,,,I(i_1;a_1i_1) * -2 -> R(i_1;a_1i_1),R(i_1;a_1i_1),I(i_1;a_1i_1),-2,R(i_1;a_1i_1),"i,a",;i_1,"7,",7 × ?,,
1,11,Permute,residual,R,54484,,,376,376,46083424,409374720,47,,,,,R(i_1;a_1i_1),R(i_1;a_1i_1),,,,"i,a",;i_1,"7,",7 × ?,,
1,12,Tensor,leaf,t,2037,,,384,384,46083424,409374720,48,,,,,"t(i_3,i_2;a_4i_2i_3,a_3i_2i_3)","t(i_3,i_2;a_4i_2i_3,a_3i_2i_3)",,,,"i,i,a,a",";;i_2,i_3;i_2,i_3","7,7,,",7 × 7 × ? × ?,,
1,12,Product,intermediate,I,190763,400,384,400,400,46083424,409374720,50,,,,,"I(i_3,i_2,i_1;a_3i_2i_3) * t(i_3,i_2;a_4i_2i_3,a_3i_2i_3) -> I(i_3,i_2,i_1;a_4i_2i_3)","I(i_3,i_2,i_1;a_4i_2i_3)","I(i_3,i_2,i_1;a_3i_2i_3)","t(i_3,i_2;a_4i_2i_3,a_3i_2i_3)","I(i_3,i_2,i_1;a_4i_2i_3)","i,i,i,a",";;;i_2,i_3","7,7,7,",7 × 7 × 7 × ?,,
1,12,Tensor,leaf,C,13991,,,2207664,2207664,46083424,409374720,275958,,,,,"C(i_3,i_2,μ̃_19668;a_4i_2i_3)","C(i_3,i_2,μ̃_19668;a_4i_2i_3)",,,,"i,i,μ̃,a",";;;i_2,i_3","7,7,114,",7 × 7 × 114 × ?,,
1,12,Product,intermediate,I,299712,400,2207664,432,432,46083424,409374720,54,0,0.0,0.0,0.0,"I(i_3,i_2,i_1;a_4i_2i_3) * C(i_3,i_2,μ̃_19668;a_4i_2i_3) -> I(μ̃_19668,i_1)","I(μ̃_19668,i_1)","I(i_3,i_2,i_1;a_4i_2i_3)","C(i_3,i_2,μ̃_19668;a_4i_2i_3)","I(μ̃_19668,i_1)","μ̃,i",;,"114,7",114 × 7,6384,0.0676692
1,12,Tensor,leaf,s,13598,,,125584,125584,46083424,409374720,15698,12996,138.52037144982398,140.24275294876296,0.9820999861813626,"s(μ̃_19668,μ̃_19669)","s(μ̃_19668,μ̃_19669)",,,,"μ̃,μ̃",;,"114,114",114 × 114,103968,1.20791
1,12,Product,intermediate,I,193086,432,125584,432,432,46083424,409374720,54,0,0.0,0.0,0.0,"I(μ̃_19668,i_1) * s(μ̃_19668,μ̃_19669) -> I(μ̃_19669,i_1)","I(μ̃_19669,i_1)","I(μ̃_19668,i_1)","s(μ̃_19668,μ̃_19669)","I(μ̃_19669,i_1)","μ̃,i",;,"114,7",114 × 7,6384,0.0676692
1,12,Tensor,leaf,C,11809,,,481264,481264,46083424,409374720,60158,,,,,"C(i_1,μ̃_19669;a_1i_1)","C(i_1,μ̃_19669;a_1i_1)",,,,"i,μ̃,a",;;i_1,"7,114,",7 × 114 × ?,,
1,12,Product,residual,R,257146,432,481264,376,376,46083424,409374720,47,,,,,"I(μ̃_19669,i_1) * C(i_1,μ̃_19669;a_1i_1) -> R(i_1;a_1i_1)",R(i_1;a_1i_1),"I(μ̃_19669,i_1)","C(i_1,μ̃_19669;a_1i_1)",R(i_1;a_1i_1),"i,a",;i_1,"7,",7 × ?,,
1,12,Permute,residual,R,53451,,,376,376,46083424,409374720,47,,,,,R(i_1;a_1i_1),R(i_1;a_1i_1),,,,"i,a",;i_1,"7,",7 × ?,,
1,13,Tensor,leaf,t,1180,,,384,384,46083424,409374720,48,,,,,"t(i_1,i_2;a_4i_1i_2,a_3i_1i_2)","t(i_1,i_2;a_4i_1i_2,a_3i_1i_2)",,,,"i,i,a,a",";;i_1,i_2;i_1,i_2","7,7,,",7 × 7 × ? × ?,,
1,13,Product,intermediate,I,136926,384,384,384,384,46083424,409374720,48,,,,,"I(i_1,i_2;a_3i_1i_2) * t(i_1,i_2;a_4i_1i_2,a_3i_1i_2) -> I(i_2,i_1;a_4i_1i_2)","I(i_2,i_1;a_4i_1i_2)","I(i_1,i_2;a_3i_1i_2)","t(i_1,i_2;a_4i_1i_2,a_3i_1i_2)","I(i_2,i_1;a_4i_1i_2)","i,i,a",";;i_1,i_2","7,7,",7 × 7 × ?,,
1,13,Tensor,leaf,C,8052,,,2207664,2207664,46083424,409374720,275958,,,,,"C(i_2,i_1,μ̃_19678;a_4i_1i_2)","C(i_2,i_1,μ̃_19678;a_4i_1i_2)",,,,"i,i,μ̃,a",";;;i_1,i_2","7,7,114,",7 × 7 × 114 × ?,,
1,13,Product,intermediate,I,458619,384,2207664,432,432,46083424,409374720,54,0,0.0,0.0,0.0,"I(i_2,i_1;a_4i_1i_2) * C(i_2,i_1,μ̃_19678;a_4i_1i_2) -> I(μ̃_19678,i_1)","I(μ̃_19678,i_1)","I(i_2,i_1;a_4i_1i_2)","C(i_2,i_1,μ̃_19678;a_4i_1i_2)","I(μ̃_19678,i_1)","μ̃,i",;,"114,7",114 × 7,6384,0.0676692
1,13,Tensor,leaf,s,11980,,,125584,125584,46083424,409374720,15698,12996,138.52037144982398,140.24275294876296,0.9820999861813626,"s(μ̃_19678,μ̃_19679)","s(μ̃_19678,μ̃_19679)",,,,"μ̃,μ̃",;,"114,114",114 × 114,103968,1.20791
1,13,Product,intermediate,I,235254,432,125584,432,432,46083424,409374720,54,0,0.0,0.0,0.0,"I(μ̃_19678,i_1) * s(μ̃_19678,μ̃_19679) -> I(μ̃_19679,i_1)","I(μ̃_19679,i_1)","I(μ̃_19678,i_1)","s(μ̃_19678,μ̃_19679)","I(μ̃_19679,i_1)","μ̃,i",;,"114,7",114 × 7,6384,0.0676692
1,13,Tensor,leaf,C,9200,,,481264,481264,46083424,409374720,60158,,,,,"C(i_1,μ̃_19679;a_1i_1)","C(i_1,μ̃_19679;a_1i_1)",,,,"i,μ̃,a",;;i_1,"7,114,",7 × 114 × ?,,
1,13,Product,intermediate,I,298325,432,481264,376,376,46083424,409374720,47,,,,,"I(μ̃_19679,i_1) * C(i_1,μ̃_19679;a_1i_1) -> I(i_1;a_1i_1)",I(i_1;a_1i_1),"I(μ̃_19679,i_1)","C(i_1,μ̃_19679;a_1i_1)",I(i_1;a_1i_1),"i,a",;i_1,"7,",7 × ?,,
1,13,Constant,constant,_const,1060,,,8,8,46083424,409374720,1,,,,,-2,-2,,,,,,,scalar,8,1
1,13,Product,residual,R,61539,376,8,376,376,46083424,409374720,47,,,,,I(i_1;a_1i_1) * -2 -> R(i_1;a_1i_1),R(i_1;a_1i_1),I(i_1;a_1i_1),-2,R(i_1;a_1i_1),"i,a",;i_1,"7,",7 × ?,,
1,13,Permute,residual,R,66348,,,376,376,46083424,409374720,47,,,,,R(i_1;a_1i_1),R(i_1;a_1i_1),,,,"i,a",;i_1,"7,",7 × ?,,
1,14,Tensor,leaf,C,7936,,,2207664,2207664,46083424,409374720,275958,,,,,"C(i_3,i_1,μ̃_19618;a_3i_1i_3)","C(i_3,i_1,μ̃_19618;a_3i_1i_3)",,,,"i,i,μ̃,a",";;;i_1,i_3","7,7,114,",7 × 7 × 114 × ?,,
1,14,Product,intermediate,I,367949,432,2207664,384,384,46083424,409374720,48,,,,,"I(i_3,μ̃_19618) * C(i_3,i_1,μ̃_19618;a_3i_1i_3) -> I(i_1,i_3;a_3i_1i_3)","I(i_1,i_3;a_3i_1i_3)","I(i_3,μ̃_19618)","C(i_3,i_1,μ̃_19618;a_3i_1i_3)","I(i_1,i_3;a_3i_1i_3)","i,i,a",";;i_1,i_3","7,7,",7 × 7 × ?,,
1,14,Tensor,leaf,t,1239,,,384,384,46083424,409374720,48,,,,,"t(i_3,i_1;a_4i_1i_3,a_3i_1i_3)","t(i_3,i_1;a_4i_1i_3,a_3i_1i_3)",,,,"i,i,a,a",";;i_1,i_3;i_1,i_3","7,7,,",7 × 7 × ? × ?,,
1,14,Product,intermediate,I,152708,384,384,384,384,46083424,409374720,48,,,,,"I(i_1,i_3;a_3i_1i_3) * t(i_3,i_1;a_4i_1i_3,a_3i_1i_3) -> I(i_3,i_1;a_4i_1i_3)","I(i_3,i_1;a_4i_1i_3)","I(i_1,i_3;a_3i_1i_3)","t(i_3,i_1;a_4i_1i_3,a_3i_1i_3)","I(i_3,i_1;a_4i_1i_3)","i,i,a",";;i_1,i_3","7,7,",7 × 7 × ?,,
1,14,Tensor,leaf,C,10247,,,2207664,2207664,46083424,409374720,275958,,,,,"C(i_3,i_1,μ̃_19619;a_4i_1i_3)","C(i_3,i_1,μ̃_19619;a_4i_1i_3)",,,,"i,i,μ̃,a",";;;i_1,i_3","7,7,114,",7 × 7 × 114 × ?,,
1,14,Product,intermediate,I,406853,384,2207664,432,432,46083424,409374720,54,0,0.0,0.0,0.0,"I(i_3,i_1;a_4i_1i_3) * C(i_3,i_1,μ̃_19619;a_4i_1i_3) -> I(μ̃_19619,i_1)","I(μ̃_19619,i_1)","I(i_3,i_1;a_4i_1i_3)","C(i_3,i_1,μ̃_19619;a_4i_1i_3)","I(μ̃_19619,i_1)","μ̃,i",;,"114,7",114 × 7,6384,0.0676692
1,14,Tensor,leaf,s,10035,,,125584,125584,46083424,409374720,15698,12996,138.52037144982398,140.24275294876296,0.9820999861813626,"s(μ̃_19619,μ̃_19620)","s(μ̃_19619,μ̃_19620)",,,,"μ̃,μ̃",;,"114,114",114 × 114,103968,1.20791
1,14,Product,intermediate,I,226918,432,125584,432,432,46083424,409374720,54,0,0.0,0.0,0.0,"I(μ̃_19619,i_1) * s(μ̃_19619,μ̃_19620) -> I(μ̃_19620,i_1)","I(μ̃_19620,i_1)","I(μ̃_19619,i_1)","s(μ̃_19619,μ̃_19620)","I(μ̃_19620,i_1)","μ̃,i",;,"114,7",114 × 7,6384,0.0676692
1,14,Tensor,leaf,C,12438,,,481264,481264,46083424,409374720,60158,,,,,"C(i_1,μ̃_19620;a_1i_1)","C(i_1,μ̃_19620;a_1i_1)",,,,"i,μ̃,a",;;i_1,"7,114,",7 × 114 × ?,,
1,14,Product,intermediate,I,308655,432,481264,376,376,46083424,409374720,47,,,,,"I(μ̃_19620,i_1) * C(i_1,μ̃_19620;a_1i_1) -> I(i_1;a_1i_1)",I(i_1;a_1i_1),"I(μ̃_19620,i_1)","C(i_1,μ̃_19620;a_1i_1)",I(i_1;a_1i_1),"i,a",;i_1,"7,",7 × ?,,
1,14,Constant,constant,_const,964,,,8,8,46083424,409374720,1,,,,,-2,-2,,,,,,,scalar,8,1
1,14,Product,residual,R,47489,376,8,376,376,46083424,409374720,47,,,,,I(i_1;a_1i_1) * -2 -> R(i_1;a_1i_1),R(i_1;a_1i_1),I(i_1;a_1i_1),-2,R(i_1;a_1i_1),"i,a",;i_1,"7,",7 × ?,,
1,14,Permute,residual,R,74821,,,376,376,46083424,409374720,47,,,,,R(i_1;a_1i_1),R(i_1;a_1i_1),,,,"i,a",;i_1,"7,",7 × ?,,
1,15,Tensor,leaf,C,7558,,,481264,481264,46083424,409374720,60158,,,,,"C(i_1,μ̃_19649;a_1i_1)","C(i_1,μ̃_19649;a_1i_1)",,,,"i,μ̃,a",;;i_1,"7,114,",7 × 114 × ?,,
1,15,Product,intermediate,I,283755,432,481264,376,376,46083424,409374720,47,,,,,"I(i_1,μ̃_19649) * C(i_1,μ̃_19649;a_1i_1) -> I(i_1;a_1i_1)",I(i_1;a_1i_1),"I(i_1,μ̃_19649)","C(i_1,μ̃_19649;a_1i_1)",I(i_1;a_1i_1),"i,a",;i_1,"7,",7 × ?,,
1,15,Constant,constant,_const,996,,,8,8,46083424,409374720,1,,,,,2,2,,,,,,,scalar,8,1
1,15,Product,residual,R,58493,376,8,376,376,46083424,409374720,47,,,,,I(i_1;a_1i_1) * 2 -> R(i_1;a_1i_1),R(i_1;a_1i_1),I(i_1;a_1i_1),2,R(i_1;a_1i_1),"i,a",;i_1,"7,",7 × ?,,
1,15,Permute,residual,R,60143,,,376,376,46083424,409374720,47,,,,,R(i_1;a_1i_1),R(i_1;a_1i_1),,,,"i,a",;i_1,"7,",7 × ?,,
1,16,Tensor,leaf,t,1650,,,384,384,46083424,409374720,48,,,,,"t(i_1,i_3;a_4i_1i_3,a_3i_1i_3)","t(i_1,i_3;a_4i_1i_3,a_3i_1i_3)",,,,"i,i,a,a",";;i_1,i_3;i_1,i_3","7,7,,",7 × 7 × ? × ?,,
1,16,Product,intermediate,I,158700,384,384,384,384,46083424,409374720,48,,,,,"I(i_1,i_3;a_3i_1i_3) * t(i_1,i_3;a_4i_1i_3,a_3i_1i_3) -> I(i_3,i_1;a_4i_1i_3)","I(i_3,i_1;a_4i_1i_3)","I(i_1,i_3;a_3i_1i_3)","t(i_1,i_3;a_4i_1i_3,a_3i_1i_3)","I(i_3,i_1;a_4i_1i_3)","i,i,a",";;i_1,i_3","7,7,",7 × 7 × ?,,
1,16,Tensor,leaf,C,28489,,,2207664,2207664,46083424,409374720,275958,,,,,"C(i_3,i_1,μ̃_19664;a_4i_1i_3)","C(i_3,i_1,μ̃_19664;a_4i_1i_3)",,,,"i,i,μ̃,a",";;;i_1,i_3","7,7,114,",7 × 7 × 114 × ?,,
1,16,Product,intermediate,I,389083,384,2207664,432,432,46083424,409374720,54,0,0.0,0.0,0.0,"I(i_3,i_1;a_4i_1i_3) * C(i_3,i_1,μ̃_19664;a_4i_1i_3) -> I(μ̃_19664,i_1)","I(μ̃_19664,i_1)","I(i_3,i_1;a_4i_1i_3)","C(i_3,i_1,μ̃_19664;a_4i_1i_3)","I(μ̃_19664,i_1)","μ̃,i",;,"114,7",114 × 7,6384,0.0676692
1,16,Tensor,leaf,s,14060,,,125584,125584,46083424,409374720,15698,12996,138.52037144982398,140.24275294876296,0.9820999861813626,"s(μ̃_19664,μ̃_19665)","s(μ̃_19664,μ̃_19665)",,,,"μ̃,μ̃",;,"114,114",114 × 114,103968,1.20791
1,16,Product,intermediate,I,217190,432,125584,432,432,46083424,409374720,54,0,0.0,0.0,0.0,"I(μ̃_19664,i_1) * s(μ̃_19664,μ̃_19665) -> I(μ̃_19665,i_1)","I(μ̃_19665,i_1)","I(μ̃_19664,i_1)","s(μ̃_19664,μ̃_19665)","I(μ̃_19665,i_1)","μ̃,i",;,"114,7",114 × 7,6384,0.0676692
1,16,Tensor,leaf,C,8273,,,481264,481264,46083424,409374720,60158,,,,,"C(i_1,μ̃_19665;a_1i_1)","C(i_1,μ̃_19665;a_1i_1)",,,,"i,μ̃,a",;;i_1,"7,114,",7 × 114 × ?,,
1,16,Product,intermediate,I,304766,432,481264,376,376,46083424,409374720,47,,,,,"I(μ̃_19665,i_1) * C(i_1,μ̃_19665;a_1i_1) -> I(i_1;a_1i_1)",I(i_1;a_1i_1),"I(μ̃_19665,i_1)","C(i_1,μ̃_19665;a_1i_1)",I(i_1;a_1i_1),"i,a",;i_1,"7,",7 × ?,,
1,16,Constant,constant,_const,990,,,8,8,46083424,409374720,1,,,,,4,4,,,,,,,scalar,8,1
1,16,Product,residual,R,57354,376,8,376,376,46083424,409374720,47,,,,,I(i_1;a_1i_1) * 4 -> R(i_1;a_1i_1),R(i_1;a_1i_1),I(i_1;a_1i_1),4,R(i_1;a_1i_1),"i,a",;i_1,"7,",7 × ?,,
1,16,Permute,residual,R,67809,,,376,376,46083424,409374720,47,,,,,R(i_1;a_1i_1),R(i_1;a_1i_1),,,,"i,a",;i_1,"7,",7 × ?,,
1,17,Tensor,leaf,g,13592,,,29489328,29489328,51571648,409374720,3686166,3664872,328.03408291046827,123.92989425956779,0.8503952014554771,"g(μ̃_19641,μ̃_19642,Κ_1)","g(μ̃_19641,μ̃_19642,Κ_1)",,,,"μ̃,μ̃,Κ",;;,"114,114,282",114 × 114 × 282,29318976,1.00581
1,17,Product,intermediate,I,407367,400,29489328,624,624,51572672,409374720,78,0,0.0,0.0,0.0,"I(Κ_1) * g(μ̃_19641,μ̃_19642,Κ_1) -> I(μ̃_19642,μ̃_19641)","I(μ̃_19642,μ̃_19641)",I(Κ_1),"g(μ̃_19641,μ̃_19642,Κ_1)","I(μ̃_19642,μ̃_19641)","μ̃,μ̃",;,"114,114",114 × 114,103968,0.00600185
1,17,Product,intermediate,I,155950,624,432,432,432,51572672,409374720,54,0,0.0,0.0,0.0,"I(μ̃_19642,μ̃_19641) * I(μ̃_19641,i_1) -> I(μ̃_19642,i_1)","I(μ̃_19642,i_1)","I(μ̃_19642,μ̃_19641)","I(μ̃_19641,i_1)","I(μ̃_19642,i_1)","μ̃,i",;,"114,7",114 × 7,6384,0.0676692
1,17,Tensor,leaf,C,17624,,,481264,481264,51572672,409374720,60158,,,,,"C(i_1,μ̃_19642;a_1i_1)","C(i_1,μ̃_19642;a_1i_1)",,,,"i,μ̃,a",;;i_1,"7,114,",7 × 114 × ?,,
1,17,Product,intermediate,I,327610,432,481264,376,376,51572672,409374720,47,,,,,"I(μ̃_19642,i_1) * C(i_1,μ̃_19642;a_1i_1) -> I(i_1;a_1i_1)",I(i_1;a_1i_1),"I(μ̃_19642,i_1)","C(i_1,μ̃_19642;a_1i_1)",I(i_1;a_1i_1),"i,a",;i_1,"7,",7 × ?,,
1,17,Constant,constant,_const,1661,,,8,8,51572672,409374720,1,,,,,2,2,,,,,,,scalar,8,1
1,17,Product,residual,R,58563,376,8,376,376,51572672,409374720,47,,,,,I(i_1;a_1i_1) * 2 -> R(i_1;a_1i_1),R(i_1;a_1i_1),I(i_1;a_1i_1),2,R(i_1;a_1i_1),"i,a",;i_1,"7,",7 × ?,,
1,17,Permute,residual,R,49556,,,376,376,51572672,409374720,47,,,,,R(i_1;a_1i_1),R(i_1;a_1i_1),,,,"i,a",;i_1,"7,",7 × ?,,
1,18,Tensor,leaf,f,28105425,,,125584,125584,51572672,409374720,15698,12996,138.71107103388132,334.03752863922216,4.72676153485664,"f(μ̃_19643,μ̃_19644)","f(μ̃_19643,μ̃_19644)",,,,"μ̃,μ̃",;,"114,114",114 × 114,103968,1.20791
1,18,Product,intermediate,I,205592,125584,432,432,432,51572672,409374720,54,0,0.0,0.0,0.0,"f(μ̃_19643,μ̃_19644) * I(μ̃_19643,i_1) -> I(μ̃_19644,i_1)","I(μ̃_19644,i_1)","f(μ̃_19643,μ̃_19644)","I(μ̃_19643,i_1)","I(μ̃_19644,i_1)","μ̃,i",;,"114,7",114 × 7,6384,0.0676692
1,18,Tensor,leaf,C,13258,,,481264,481264,51572672,409374720,60158,,,,,"C(i_1,μ̃_19644;a_1i_1)","C(i_1,μ̃_19644;a_1i_1)",,,,"i,μ̃,a",;;i_1,"7,114,",7 × 114 × ?,,
1,18,Product,residual,R,272640,432,481264,376,376,51572672,409374720,47,,,,,"I(μ̃_19644,i_1) * C(i_1,μ̃_19644;a_1i_1) -> R(i_1;a_1i_1)",R(i_1;a_1i_1),"I(μ̃_19644,i_1)","C(i_1,μ̃_19644;a_1i_1)",R(i_1;a_1i_1),"i,a",;i_1,"7,",7 × ?,,
1,18,Permute,residual,R,71621,,,376,376,51572672,409374720,47,,,,,R(i_1;a_1i_1),R(i_1;a_1i_1),,,,"i,a",;i_1,"7,",7 × ?,,
1,19,Tensor,leaf,f,2475251,,,2088,2088,51572672,409374720,261,49,-3.4369802138049423,3.1903508725142036,0.6871376688643174,"f(i_1,i_2)","f(i_1,i_2)",,,,"i,i",;,"7,7",7 × 7,392,5.32653
1,19,Product,intermediate,I,153904,2088,432,432,432,51572672,409374720,54,0,0.0,0.0,0.0,"f(i_1,i_2) * I(μ̃_19658,i_2) -> I(i_1,μ̃_19658)","I(i_1,μ̃_19658)","f(i_1,i_2)","I(μ̃_19658,i_2)","I(i_1,μ̃_19658)","i,μ̃",;,"7,114",7 × 114,6384,0.0676692
1,19,Tensor,leaf,s,14169,,,125584,125584,51572672,409374720,15698,12996,138.52037144982398,140.24275294876296,0.9820999861813626,"s(μ̃_19657,μ̃_19658)","s(μ̃_19657,μ̃_19658)",,,,"μ̃,μ̃",;,"114,114",114 × 114,103968,1.20791
1,19,Product,intermediate,I,193752,432,125584,432,432,51572672,409374720,54,0,0.0,0.0,0.0,"I(i_1,μ̃_19658) * s(μ̃_19657,μ̃_19658) -> I(i_1,μ̃_19657)","I(i_1,μ̃_19657)","I(i_1,μ̃_19658)","s(μ̃_19657,μ̃_19658)","I(i_1,μ̃_19657)","i,μ̃",;,"7,114",7 × 114,6384,0.0676692
1,19,Tensor,leaf,C,8436,,,481264,481264,51572672,409374720,60158,,,,,"C(i_1,μ̃_19657;a_1i_1)","C(i_1,μ̃_19657;a_1i_1)",,,,"i,μ̃,a",;;i_1,"7,114,",7 × 114 × ?,,
1,19,Product,intermediate,I,336990,432,481264,376,376,51572672,409374720,47,,,,,"I(i_1,μ̃_19657) * C(i_1,μ̃_19657;a_1i_1) -> I(i_1;a_1i_1)",I(i_1;a_1i_1),"I(i_1,μ̃_19657)","C(i_1,μ̃_19657;a_1i_1)",I(i_1;a_1i_1),"i,a",;i_1,"7,",7 × ?,,
1,19,Constant,constant,_const,1000,,,8,8,51572672,409374720,1,,,,,-1,-1,,,,,,,scalar,8,1
1,19,Product,residual,R,56917,376,8,376,376,51572672,409374720,47,,,,,I(i_1;a_1i_1) * -1 -> R(i_1;a_1i_1),R(i_1;a_1i_1),I(i_1;a_1i_1),-1,R(i_1;a_1i_1),"i,a",;i_1,"7,",7 × ?,,
1,19,Permute,residual,R,67638,,,376,376,51572672,409374720,47,,,,,R(i_1;a_1i_1),R(i_1;a_1i_1),,,,"i,a",;i_1,"7,",7 × ?,,
1,20,Tensor,leaf,C,10261,,,2207664,2207664,51572672,409374720,275958,,,,,"C(i_2,i_1,μ̃_19604;a_3i_1i_2)","C(i_2,i_1,μ̃_19604;a_3i_1i_2)",,,,"i,i,μ̃,a",";;;i_1,i_2","7,7,114,",7 × 7 × 114 × ?,,
1,20,Tensor,leaf,t,1967,,,384,384,51572672,409374720,48,,,,,"t(i_1,i_2;a_3i_1i_2,a_2i_1i_2)","t(i_1,i_2;a_3i_1i_2,a_2i_1i_2)",,,,"i,i,a,a",";;i_1,i_2;i_1,i_2","7,7,,",7 × 7 × ? × ?,,
1,20,Product,intermediate,I,263541,2207664,384,496,496,51572672,409374720,62,,,,,"C(i_2,i_1,μ̃_19604;a_3i_1i_2) * t(i_1,i_2;a_3i_1i_2,a_2i_1i_2) -> I(μ̃_19604,i_1,i_2;a_2i_1i_2)","I(μ̃_19604,i_1,i_2;a_2i_1i_2)","C(i_2,i_1,μ̃_19604;a_3i_1i_2)","t(i_1,i_2;a_3i_1i_2,a_2i_1i_2)","I(μ̃_19604,i_1,i_2;a_2i_1i_2)","μ̃,i,i,a",";;;i_1,i_2","114,7,7,",114 × 7 × 7 × ?,,
1,20,Product,intermediate,I,487059,5490816,496,880,880,51572672,409374720,110,0,0.0,0.0,0.0,"I(i_1,i_2,Κ_1;a_2i_1i_2) * I(μ̃_19604,i_1,i_2;a_2i_1i_2) -> I(μ̃_19604,i_1,Κ_1)","I(μ̃_19604,i_1,Κ_1)","I(i_1,i_2,Κ_1;a_2i_1i_2)","I(μ̃_19604,i_1,i_2;a_2i_1i_2)","I(μ̃_19604,i_1,Κ_1)","μ̃,i,Κ",;;,"114,7,282",114 × 7 × 282,1800288,0.000488811
1,20,Tensor,leaf,g,15871,,,29489328,29489328,51572672,409374720,3686166,3664872,328.03408291046827,123.92989425956779,0.8503952014554771,"g(μ̃_19604,μ̃_19605,Κ_1)","g(μ̃_19604,μ̃_19605,Κ_1)",,,,"μ̃,μ̃,Κ",;;,"114,114,282",114 × 114 × 282,29318976,1.00581
1,20,Product,intermediate,I,512505,880,29489328,432,432,51573024,409374720,54,0,0.0,0.0,0.0,"I(μ̃_19604,i_1,Κ_1) * g(μ̃_19604,μ̃_19605,Κ_1) -> I(μ̃_19605,i_1)","I(μ̃_19605,i_1)","I(μ̃_19604,i_1,Κ_1)","g(μ̃_19604,μ̃_19605,Κ_1)","I(μ̃_19605,i_1)","μ̃,i",;,"114,7",114 × 7,6384,0.0676692
1,20,Tensor,leaf,C,19346,,,481264,481264,51573024,409374720,60158,,,,,"C(i_1,μ̃_19605;a_1i_1)","C(i_1,μ̃_19605;a_1i_1)",,,,"i,μ̃,a",;;i_1,"7,114,",7 × 114 × ?,,
1,20,Product,intermediate,I,299204,432,481264,376,376,51573024,409374720,47,,,,,"I(μ̃_19605,i_1) * C(i_1,μ̃_19605;a_1i_1) -> I(i_1;a_1i_1)",I(i_1;a_1i_1),"I(μ̃_19605,i_1)","C(i_1,μ̃_19605;a_1i_1)",I(i_1;a_1i_1),"i,a",;i_1,"7,",7 × ?,,
1,20,Constant,constant,_const,1293,,,8,8,51573024,409374720,1,,,,,2,2,,,,,,,scalar,8,1
1,20,Product,residual,R,63164,376,8,376,376,51573024,409374720,47,,,,,I(i_1;a_1i_1) * 2 -> R(i_1;a_1i_1),R(i_1;a_1i_1),I(i_1;a_1i_1),2,R(i_1;a_1i_1),"i,a",;i_1,"7,",7 × ?,,
1,20,Permute,residual,R,50585,,,376,376,51573024,409374720,47,,,,,R(i_1;a_1i_1),R(i_1;a_1i_1),,,,"i,a",;i_1,"7,",7 × ?,,
1,21,Product,intermediate,I,2820898,5490816,496,880,880,51573024,409374720,110,0,0.0,0.0,0.0,"I(i_1,i_2,Κ_1;a_2i_1i_2) * I(μ̃_19607,i_2,i_1;a_2i_1i_2) -> I(μ̃_19607,i_1,Κ_1)","I(μ̃_19607,i_1,Κ_1)","I(i_1,i_2,Κ_1;a_2i_1i_2)","I(μ̃_19607,i_2,i_1;a_2i_1i_2)","I(μ̃_19607,i_1,Κ_1)","μ̃,i,Κ",;;,"114,7,282",114 × 7 × 282,1800288,0.000488811
1,21,Tensor,leaf,g,11082,,,29489328,29489328,51573024,409374720,3686166,3664872,328.03408291046827,123.92989425956779,0.8503952014554771,"g(μ̃_19607,μ̃_19608,Κ_1)","g(μ̃_19607,μ̃_19608,Κ_1)",,,,"μ̃,μ̃,Κ",;;,"114,114,282",114 × 114 × 282,29318976,1.00581
1,21,Product,intermediate,I,516019,880,29489328,432,432,51573024,409374720,54,0,0.0,0.0,0.0,"I(μ̃_19607,i_1,Κ_1) * g(μ̃_19607,μ̃_19608,Κ_1) -> I(μ̃_19608,i_1)","I(μ̃_19608,i_1)","I(μ̃_19607,i_1,Κ_1)","g(μ̃_19607,μ̃_19608,Κ_1)","I(μ̃_19608,i_1)","μ̃,i",;,"114,7",114 × 7,6384,0.0676692
1,21,Tensor,leaf,C,15997,,,481264,481264,51573024,409374720,60158,,,,,"C(i_1,μ̃_19608;a_1i_1)","C(i_1,μ̃_19608;a_1i_1)",,,,"i,μ̃,a",;;i_1,"7,114,",7 × 114 × ?,,
1,21,Product,intermediate,I,272514,432,481264,376,376,51573024,409374720,47,,,,,"I(μ̃_19608,i_1) * C(i_1,μ̃_19608;a_1i_1) -> I(i_1;a_1i_1)",I(i_1;a_1i_1),"I(μ̃_19608,i_1)","C(i_1,μ̃_19608;a_1i_1)",I(i_1;a_1i_1),"i,a",;i_1,"7,",7 × ?,,
1,21,Constant,constant,_const,1818,,,8,8,51573024,409374720,1,,,,,-1,-1,,,,,,,scalar,8,1
1,21,Product,residual,R,59811,376,8,376,376,51573024,409374720,47,,,,,I(i_1;a_1i_1) * -1 -> R(i_1;a_1i_1),R(i_1;a_1i_1),I(i_1;a_1i_1),-1,R(i_1;a_1i_1),"i,a",;i_1,"7,",7 × ?,,
1,21,Permute,residual,R,64987,,,376,376,51573024,409374720,47,,,,,R(i_1;a_1i_1),R(i_1;a_1i_1),,,,"i,a",;i_1,"7,",7 × ?,,
1,22,Tensor,leaf,f,20815,,,432,432,51573024,409374720,54,0,0.0,0.0,0.0,"f(μ̃_19625,i_1)","f(μ̃_19625,i_1)",,,,"μ̃,i",;,"114,7",114 × 7,6384,0.0676692
1,22,Tensor,leaf,C,10427,,,481264,481264,51573024,409374720,60158,,,,,"C(i_1,μ̃_19625;a_1i_1)","C(i_1,μ̃_19625;a_1i_1)",,,,"i,μ̃,a",;;i_1,"7,114,",7 × 114 × ?,,
1,22,Product,residual,R,268193,432,481264,376,376,51573024,409374720,47,,,,,"f(μ̃_19625,i_1) * C(i_1,μ̃_19625;a_1i_1) -> R(i_1;a_1i_1)",R(i_1;a_1i_1),"f(μ̃_19625,i_1)","C(i_1,μ̃_19625;a_1i_1)",R(i_1;a_1i_1),"i,a",;i_1,"7,",7 × ?,,
1,22,Permute,residual,R,37127,,,376,376,51573024,409374720,47,,,,,R(i_1;a_1i_1),R(i_1;a_1i_1),,,,"i,a",;i_1,"7,",7 × ?,,
1,23,Tensor,leaf,C,13112,,,2207664,2207664,51573024,409374720,275958,,,,,"C(i_3,i_2,μ̃_19633;a_2i_2i_3)","C(i_3,i_2,μ̃_19633;a_2i_2i_3)",,,,"i,i,μ̃,a",";;;i_2,i_3","7,7,114,",7 × 7 × 114 × ?,,
1,23,Product,intermediate,I,2610323,334432,2207664,139048,139048,51573024,409374720,17381,,,,,"I(i_2,i_1,i_3,μ̃_19633) * C(i_3,i_2,μ̃_19633;a_2i_2i_3) -> I(i_1,i_3,i_2;a_2i_2i_3)","I(i_1,i_3,i_2;a_2i_2i_3)","I(i_2,i_1,i_3,μ̃_19633)","C(i_3,i_2,μ̃_19633;a_2i_2i_3)","I(i_1,i_3,i_2;a_2i_2i_3)","i,i,i,a",";;;i_2,i_3","7,7,7,",7 × 7 × 7 × ?,,
1,23,Tensor,leaf,t,2503,,,384,384,51573024,409374720,48,,,,,"t(i_3,i_2;a_3i_2i_3,a_2i_2i_3)","t(i_3,i_2;a_3i_2i_3,a_2i_2i_3)",,,,"i,i,a,a",";;i_2,i_3;i_2,i_3","7,7,,",7 × 7 × ? × ?,,
1,23,Product,intermediate,I,224705,139048,384,400,400,51573024,409374720,50,,,,,"I(i_1,i_3,i_2;a_2i_2i_3) * t(i_3,i_2;a_3i_2i_3,a_2i_2i_3) -> I(i_3,i_2,i_1;a_3i_2i_3)","I(i_3,i_2,i_1;a_3i_2i_3)","I(i_1,i_3,i_2;a_2i_2i_3)","t(i_3,i_2;a_3i_2i_3,a_2i_2i_3)","I(i_3,i_2,i_1;a_3i_2i_3)","i,i,i,a",";;;i_2,i_3","7,7,7,",7 × 7 × 7 × ?,,
1,23,Tensor,leaf,C,10503,,,2207664,2207664,51573024,409374720,275958,,,,,"C(i_3,i_2,μ̃_19634;a_3i_2i_3)","C(i_3,i_2,μ̃_19634;a_3i_2i_3)",,,,"i,i,μ̃,a",";;;i_2,i_3","7,7,114,",7 × 7 × 114 × ?,,
1,23,Product,intermediate,I,334228,400,2207664,432,432,51573024,409374720,54,0,0.0,0.0,0.0,"I(i_3,i_2,i_1;a_3i_2i_3) * C(i_3,i_2,μ̃_19634;a_3i_2i_3) -> I(i_1,μ̃_19634)","I(i_1,μ̃_19634)","I(i_3,i_2,i_1;a_3i_2i_3)","C(i_3,i_2,μ̃_19634;a_3i_2i_3)","I(i_1,μ̃_19634)","i,μ̃",;,"7,114",7 × 114,6384,0.0676692
1,23,Tensor,leaf,s,16831,,,125584,125584,51573024,409374720,15698,12996,138.52037144982398,140.24275294876296,0.9820999861813626,"s(μ̃_19634,μ̃_19635)","s(μ̃_19634,μ̃_19635)",,,,"μ̃,μ̃",;,"114,114",114 × 114,103968,1.20791
1,23,Product,intermediate,I,182594,432,125584,432,432,51573024,409374720,54,0,0.0,0.0,0.0,"I(i_1,μ̃_19634) * s(μ̃_19634,μ̃_19635) -> I(i_1,μ̃_19635)","I(i_1,μ̃_19635)","I(i_1,μ̃_19634)","s(μ̃_19634,μ̃_19635)","I(i_1,μ̃_19635)","i,μ̃",;,"7,114",7 × 114,6384,0.0676692
1,23,Tensor,leaf,C,8136,,,481264,481264,51573024,409374720,60158,,,,,"C(i_1,μ̃_19635;a_1i_1)","C(i_1,μ̃_19635;a_1i_1)",,,,"i,μ̃,a",;;i_1,"7,114,",7 × 114 × ?,,
1,23,Product,residual,R,350913,432,481264,376,376,51573024,409374720,47,,,,,"I(i_1,μ̃_19635) * C(i_1,μ̃_19635;a_1i_1) -> R(i_1;a_1i_1)",R(i_1;a_1i_1),"I(i_1,μ̃_19635)","C(i_1,μ̃_19635;a_1i_1)",R(i_1;a_1i_1),"i,a",;i_1,"7,",7 × ?,,
1,23,Permute,residual,R,55355,,,376,376,51573024,409374720,47,,,,,R(i_1;a_1i_1),R(i_1;a_1i_1),,,,"i,a",;i_1,"7,",7 × ?,,
1,24,Tensor,leaf,t,1453,,,384,384,51573024,409374720,48,,,,,"t(i_2,i_3;a_3i_2i_3,a_2i_2i_3)","t(i_2,i_3;a_3i_2i_3,a_2i_2i_3)",,,,"i,i,a,a",";;i_2,i_3;i_2,i_3","7,7,,",7 × 7 × ? × ?,,
1,24,Product,intermediate,I,196523,139048,384,400,400,51573024,409374720,50,,,,,"I(i_1,i_3,i_2;a_2i_2i_3) * t(i_2,i_3;a_3i_2i_3,a_2i_2i_3) -> I(i_3,i_2,i_1;a_3i_2i_3)","I(i_3,i_2,i_1;a_3i_2i_3)","I(i_1,i_3,i_2;a_2i_2i_3)","t(i_2,i_3;a_3i_2i_3,a_2i_2i_3)","I(i_3,i_2,i_1;a_3i_2i_3)","i,i,i,a",";;;i_2,i_3","7,7,7,",7 × 7 × 7 × ?,,
1,24,Tensor,leaf,C,9165,,,2207664,2207664,51573024,409374720,275958,,,,,"C(i_3,i_2,μ̃_19660;a_3i_2i_3)","C(i_3,i_2,μ̃_19660;a_3i_2i_3)",,,,"i,i,μ̃,a",";;;i_2,i_3","7,7,114,",7 × 7 × 114 × ?,,
1,24,Product,intermediate,I,297810,400,2207664,432,432,51573024,409374720,54,0,0.0,0.0,0.0,"I(i_3,i_2,i_1;a_3i_2i_3) * C(i_3,i_2,μ̃_19660;a_3i_2i_3) -> I(i_1,μ̃_19660)","I(i_1,μ̃_19660)","I(i_3,i_2,i_1;a_3i_2i_3)","C(i_3,i_2,μ̃_19660;a_3i_2i_3)","I(i_1,μ̃_19660)","i,μ̃",;,"7,114",7 × 114,6384,0.0676692
1,24,Tensor,leaf,s,10550,,,125584,125584,51573024,409374720,15698,12996,138.52037144982398,140.24275294876296,0.9820999861813626,"s(μ̃_19660,μ̃_19661)","s(μ̃_19660,μ̃_19661)",,,,"μ̃,μ̃",;,"114,114",114 × 114,103968,1.20791
1,24,Product,intermediate,I,180697,432,125584,432,432,51573024,409374720,54,0,0.0,0.0,0.0,"I(i_1,μ̃_19660) * s(μ̃_19660,μ̃_19661) -> I(i_1,μ̃_19661)","I(i_1,μ̃_19661)","I(i_1,μ̃_19660)","s(μ̃_19660,μ̃_19661)","I(i_1,μ̃_19661)","i,μ̃",;,"7,114",7 × 114,6384,0.0676692
1,24,Tensor,leaf,C,7986,,,481264,481264,51573024,409374720,60158,,,,,"C(i_1,μ̃_19661;a_1i_1)","C(i_1,μ̃_19661;a_1i_1)",,,,"i,μ̃,a",;;i_1,"7,114,",7 × 114 × ?,,
1,24,Product,intermediate,I,241561,432,481264,376,376,51573024,409374720,47,,,,,"I(i_1,μ̃_19661) * C(i_1,μ̃_19661;a_1i_1) -> I(i_1;a_1i_1)",I(i_1;a_1i_1),"I(i_1,μ̃_19661)","C(i_1,μ̃_19661;a_1i_1)",I(i_1;a_1i_1),"i,a",;i_1,"7,",7 × ?,,
1,24,Constant,constant,_const,1211,,,8,8,51573024,409374720,1,,,,,-2,-2,,,,,,,scalar,8,1
1,24,Product,residual,R,58168,376,8,376,376,51573024,409374720,47,,,,,I(i_1;a_1i_1) * -2 -> R(i_1;a_1i_1),R(i_1;a_1i_1),I(i_1;a_1i_1),-2,R(i_1;a_1i_1),"i,a",;i_1,"7,",7 × ?,,
1,24,Permute,residual,R,50566,,,376,376,51573024,409374720,47,,,,,R(i_1;a_1i_1),R(i_1;a_1i_1),,,,"i,a",;i_1,"7,",7 × ?,,
1,25,Tensor,leaf,f,15375,,,432,432,51573024,409374720,54,0,0.0,0.0,0.0,"f(μ̃_19673,i_2)","f(μ̃_19673,i_2)",,,,"μ̃,i",;,"114,7",114 × 7,6384,0.0676692
1,25,Tensor,leaf,C,7630,,,2207664,2207664,51573024,409374720,275958,,,,,"C(i_2,i_1,μ̃_19673;a_2i_1i_2)","C(i_2,i_1,μ̃_19673;a_2i_1i_2)",,,,"i,i,μ̃,a",";;;i_1,i_2","7,7,114,",7 × 7 × 114 × ?,,
1,25,Product,intermediate,I,407626,432,2207664,384,384,51573024,409374720,48,,,,,"f(μ̃_19673,i_2) * C(i_2,i_1,μ̃_19673;a_2i_1i_2) -> I(i_1,i_2;a_2i_1i_2)","I(i_1,i_2;a_2i_1i_2)","f(μ̃_19673,i_2)","C(i_2,i_1,μ̃_19673;a_2i_1i_2)","I(i_1,i_2;a_2i_1i_2)","i,i,a",";;i_1,i_2","7,7,",7 × 7 × ?,,
1,25,Tensor,leaf,t,1730,,,384,384,51573024,409374720,48,,,,,"t(i_1,i_2;a_3i_1i_2,a_2i_1i_2)","t(i_1,i_2;a_3i_1i_2,a_2i_1i_2)",,,,"i,i,a,a",";;i_1,i_2;i_1,i_2","7,7,,",7 × 7 × ? × ?,,
1,25,Product,intermediate,I,166699,384,384,384,384,51573024,409374720,48,,,,,"I(i_1,i_2;a_2i_1i_2) * t(i_1,i_2;a_3i_1i_2,a_2i_1i_2) -> I(i_2,i_1;a_3i_1i_2)","I(i_2,i_1;a_3i_1i_2)","I(i_1,i_2;a_2i_1i_2)","t(i_1,i_2;a_3i_1i_2,a_2i_1i_2)","I(i_2,i_1;a_3i_1i_2)","i,i,a",";;i_1,i_2","7,7,",7 × 7 × ?,,
1,25,Tensor,leaf,C,14184,,,2207664,2207664,51573024,409374720,275958,,,,,"C(i_2,i_1,μ̃_19674;a_3i_1i_2)","C(i_2,i_1,μ̃_19674;a_3i_1i_2)",,,,"i,i,μ̃,a",";;;i_1,i_2","7,7,114,",7 × 7 × 114 × ?,,
1,25,Product,intermediate,I,437816,384,2207664,432,432,51573024,409374720,54,0,0.0,0.0,0.0,"I(i_2,i_1;a_3i_1i_2) * C(i_2,i_1,μ̃_19674;a_3i_1i_2) -> I(μ̃_19674,i_1)","I(μ̃_19674,i_1)","I(i_2,i_1;a_3i_1i_2)","C(i_2,i_1,μ̃_19674;a_3i_1i_2)","I(μ̃_19674,i_1)","μ̃,i",;,"114,7",114 × 7,6384,0.0676692
1,25,Tensor,leaf,s,12147,,,125584,125584,51573024,409374720,15698,12996,138.52037144982398,140.24275294876296,0.9820999861813626,"s(μ̃_19674,μ̃_19675)","s(μ̃_19674,μ̃_19675)",,,,"μ̃,μ̃",;,"114,114",114 × 114,103968,1.20791
1,25,Product,intermediate,I,215380,432,125584,432,432,51573024,409374720,54,0,0.0,0.0,0.0,"I(μ̃_19674,i_1) * s(μ̃_19674,μ̃_19675) -> I(μ̃_19675,i_1)","I(μ̃_19675,i_1)","I(μ̃_19674,i_1)","s(μ̃_19674,μ̃_19675)","I(μ̃_19675,i_1)","μ̃,i",;,"114,7",114 × 7,6384,0.0676692
1,25,Tensor,leaf,C,8666,,,481264,481264,51573024,409374720,60158,,,,,"C(i_1,μ̃_19675;a_1i_1)","C(i_1,μ̃_19675;a_1i_1)",,,,"i,μ̃,a",;;i_1,"7,114,",7 × 114 × ?,,
1,25,Product,intermediate,I,273353,432,481264,376,376,51573024,409374720,47,,,,,"I(μ̃_19675,i_1) * C(i_1,μ̃_19675;a_1i_1) -> I(i_1;a_1i_1)",I(i_1;a_1i_1),"I(μ̃_19675,i_1)","C(i_1,μ̃_19675;a_1i_1)",I(i_1;a_1i_1),"i,a",;i_1,"7,",7 × ?,,
1,25,Constant,constant,_const,1146,,,8,8,51573024,409374720,1,,,,,2,2,,,,,,,scalar,8,1
1,25,Product,residual,R,60874,376,8,376,376,51573024,409374720,47,,,,,I(i_1;a_1i_1) * 2 -> R(i_1;a_1i_1),R(i_1;a_1i_1),I(i_1;a_1i_1),2,R(i_1;a_1i_1),"i,a",;i_1,"7,",7 × ?,,
1,25,Permute,residual,R,63773,,,376,376,51573024,409374720,47,,,,,R(i_1;a_1i_1),R(i_1;a_1i_1),,,,"i,a",;i_1,"7,",7 × ?,,
1,26,Tensor,leaf,t,1522,,,384,384,51573024,409374720,48,,,,,"t(i_2,i_1;a_3i_1i_2,a_2i_1i_2)","t(i_2,i_1;a_3i_1i_2,a_2i_1i_2)",,,,"i,i,a,a",";;i_1,i_2;i_1,i_2","7,7,,",7 × 7 × ? × ?,,
1,26,Product,intermediate,I,164242,384,384,384,384,51573024,409374720,48,,,,,"I(i_1,i_2;a_2i_1i_2) * t(i_2,i_1;a_3i_1i_2,a_2i_1i_2) -> I(i_2,i_1;a_3i_1i_2)","I(i_2,i_1;a_3i_1i_2)","I(i_1,i_2;a_2i_1i_2)","t(i_2,i_1;a_3i_1i_2,a_2i_1i_2)","I(i_2,i_1;a_3i_1i_2)","i,i,a",";;i_1,i_2","7,7,",7 × 7 × ?,,
1,26,Tensor,leaf,C,20363,,,2207664,2207664,51573024,409374720,275958,,,,,"C(i_2,i_1,μ̃_19681;a_3i_1i_2)","C(i_2,i_1,μ̃_19681;a_3i_1i_2)",,,,"i,i,μ̃,a",";;;i_1,i_2","7,7,114,",7 × 7 × 114 × ?,,
1,26,Product,intermediate,I,382066,384,2207664,432,432,51573024,409374720,54,0,0.0,0.0,0.0,"I(i_2,i_1;a_3i_1i_2) * C(i_2,i_1,μ̃_19681;a_3i_1i_2) -> I(μ̃_19681,i_1)","I(μ̃_19681,i_1)","I(i_2,i_1;a_3i_1i_2)","C(i_2,i_1,μ̃_19681;a_3i_1i_2)","I(μ̃_19681,i_1)","μ̃,i",;,"114,7",114 × 7,6384,0.0676692
1,26,Tensor,leaf,s,14292,,,125584,125584,51573024,409374720,15698,12996,138.52037144982398,140.24275294876296,0.9820999861813626,"s(μ̃_19681,μ̃_19682)","s(μ̃_19681,μ̃_19682)",,,,"μ̃,μ̃",;,"114,114",114 × 114,103968,1.20791
1,26,Product,intermediate,I,201854,432,125584,432,432,51573024,409374720,54,0,0.0,0.0,0.0,"I(μ̃_19681,i_1) * s(μ̃_19681,μ̃_19682) -> I(μ̃_19682,i_1)","I(μ̃_19682,i_1)","I(μ̃_19681,i_1)","s(μ̃_19681,μ̃_19682)","I(μ̃_19682,i_1)","μ̃,i",;,"114,7",114 × 7,6384,0.0676692
1,26,Tensor,leaf,C,11836,,,481264,481264,51573024,409374720,60158,,,,,"C(i_1,μ̃_19682;a_1i_1)","C(i_1,μ̃_19682;a_1i_1)",,,,"i,μ̃,a",;;i_1,"7,114,",7 × 114 × ?,,
1,26,Product,intermediate,I,254578,432,481264,376,376,51573024,409374720,47,,,,,"I(μ̃_19682,i_1) * C(i_1,μ̃_19682;a_1i_1) -> I(i_1;a_1i_1)",I(i_1;a_1i_1),"I(μ̃_19682,i_1)","C(i_1,μ̃_19682;a_1i_1)",I(i_1;a_1i_1),"i,a",;i_1,"7,",7 × ?,,
1,26,Constant,constant,_const,1112,,,8,8,51573024,409374720,1,,,,,-1,-1,,,,,,,scalar,8,1
1,26,Product,residual,R,58170,376,8,376,376,51573024,409374720,47,,,,,I(i_1;a_1i_1) * -1 -> R(i_1;a_1i_1),R(i_1;a_1i_1),I(i_1;a_1i_1),-1,R(i_1;a_1i_1),"i,a",;i_1,"7,",7 × ?,,
1,26,Permute,residual,R,51281,,,376,376,51573024,409374720,47,,,,,R(i_1;a_1i_1),R(i_1;a_1i_1),,,,"i,a",;i_1,"7,",7 × ?,,
1,27,Tensor,leaf,g,9176,,,1843152,1843152,1843152,409374720,230394,225036,-13.713518793894858,9.824790694343461,0.192547847698342,"g(μ̃_19683,i_3,Κ_1)","g(μ̃_19683,i_3,Κ_1)",,,,"μ̃,i,Κ",;;,"114,7,282",114 × 7 × 282,1800288,1.02381
1,27,Tensor,leaf,C,7100,,,481264,481264,1843152,409374720,60158,,,,,"C(i_2,μ̃_19683;a_3i_2)","C(i_2,μ̃_19683;a_3i_2)",,,,"i,μ̃,a",;;i_2,"7,114,",7 × 114 × ?,,
1,27,Tensor,leaf,t,1303,,,376,376,1843152,409374720,47,,,,,t(i_2;a_3i_2),t(i_2;a_3i_2),,,,"i,a",;i_2,"7,",7 × ?,,
1,27,Product,intermediate,I,245317,481264,376,432,432,1843152,409374720,54,0,0.0,0.0,0.0,"C(i_2,μ̃_19683;a_3i_2) * t(i_2;a_3i_2) -> I(μ̃_19683,i_2)","I(μ̃_19683,i_2)","C(i_2,μ̃_19683;a_3i_2)",t(i_2;a_3i_2),"I(μ̃_19683,i_2)","μ̃,i",;,"114,7",114 × 7,6384,0.0676692
1,27,Product,intermediate,I,234540,1843152,432,496,496,1844080,409374720,62,0,0.0,0.0,0.0,"g(μ̃_19683,i_3,Κ_1) * I(μ̃_19683,i_2) -> I(i_3,i_2,Κ_1)","I(i_3,i_2,Κ_1)","g(μ̃_19683,i_3,Κ_1)","I(μ̃_19683,i_2)","I(i_3,i_2,Κ_1)","i,i,Κ",;;,"7,7,282",7 × 7 × 282,110544,0.0044869
1,27,Tensor,leaf,g,12389,,,1843152,1843152,1844080,409374720,230394,225036,-13.713518793894858,9.824790694343461,0.192547847698342,"g(μ̃_19684,i_4,Κ_1)","g(μ̃_19684,i_4,Κ_1)",,,,"μ̃,i,Κ",;;,"114,7,282",114 × 7 × 282,1800288,1.02381
1,27,Product,intermediate,I,254050,496,1843152,624,624,1844704,409374720,78,0,0.0,0.0,0.0,"I(i_3,i_2,Κ_1) * g(μ̃_19684,i_4,Κ_1) -> I(i_4,i_3,μ̃_19684,i_2)","I(i_4,i_3,μ̃_19684,i_2)","I(i_3,i_2,Κ_1)","g(μ̃_19684,i_4,Κ_1)","I(i_4,i_3,μ̃_19684,i_2)","i,i,μ̃,i",;;;,"7,7,114,7",7 × 7 × 114 × 7,312816,0.00199478
1,27,Tensor,leaf,C,9836,,,2207664,2207664,2209216,409374720,275958,,,,,"C(i_4,i_1,μ̃_19684;a_4i_1i_4)","C(i_4,i_1,μ̃_19684;a_4i_1i_4)",,,,"i,i,μ̃,a",";;;i_1,i_4","7,7,114,",7 × 7 × 114 × ?,,
1,27,Product,intermediate,I,464595,624,2207664,432,432,2209648,409374720,54,,,,,"I(i_4,i_3,μ̃_19684,i_2) * C(i_4,i_1,μ̃_19684;a_4i_1i_4) -> I(i_1,i_3,i_4,i_2;a_4i_1i_4)","I(i_1,i_3,i_4,i_2;a_4i_1i_4)","I(i_4,i_3,μ̃_19684,i_2)","C(i_4,i_1,μ̃_19684;a_4i_1i_4)","I(i_1,i_3,i_4,i_2;a_4i_1i_4)","i,i,i,i,a",";;;;i_1,i_4","7,7,7,7,",7 × 7 × 7 × 7 × ?,,
1,27,Tensor,leaf,t,2469,,,384,384,2209648,409374720,48,,,,,"t(i_4,i_1;a_5i_1i_4,a_4i_1i_4)","t(i_4,i_1;a_5i_1i_4,a_4i_1i_4)",,,,"i,i,a,a",";;i_1,i_4;i_1,i_4","7,7,,",7 × 7 × ? × ?,,
1,27,Product,intermediate,I,225553,432,384,432,432,2209648,409374720,54,,,,,"I(i_1,i_3,i_4,i_2;a_4i_1i_4) * t(i_4,i_1;a_5i_1i_4,a_4i_1i_4) -> I(i_4,i_3,i_2,i_1;a_5i_1i_4)","I(i_4,i_3,i_2,i_1;a_5i_1i_4)","I(i_1,i_3,i_4,i_2;a_4i_1i_4)","t(i_4,i_1;a_5i_1i_4,a_4i_1i_4)","I(i_4,i_3,i_2,i_1;a_5i_1i_4)","i,i,i,i,a",";;;;i_1,i_4","7,7,7,7,",7 × 7 × 7 × 7 × ?,,
1,27,Tensor,leaf,s,14793,,,125584,125584,2209648,409374720,15698,12996,138.52037144982398,140.24275294876296,0.9820999861813626,"s(μ̃_19685,μ̃_19686)","s(μ̃_19685,μ̃_19686)",,,,"μ̃,μ̃",;,"114,114",114 × 114,103968,1.20791
1,27,Tensor,leaf,C,12449,,,2207664,2207664,2209648,409374720,275958,,,,,"C(i_2,i_1,μ̃_19685;a_1i_1i_2)","C(i_2,i_1,μ̃_19685;a_1i_1i_2)",,,,"i,i,μ̃,a",";;;i_1,i_2","7,7,114,",7 × 7 × 114 × ?,,
1,27,Product,intermediate,I,9341724,125584,2207664,2226240,2226240,4561472,409374720,278280,,,,,"s(μ̃_19685,μ̃_19686) * C(i_2,i_1,μ̃_19685;a_1i_1i_2) -> I(i_2,i_1,μ̃_19686;a_1i_1i_2)","I(i_2,i_1,μ̃_19686;a_1i_1i_2)","s(μ̃_19685,μ̃_19686)","C(i_2,i_1,μ̃_19685;a_1i_1i_2)","I(i_2,i_1,μ̃_19686;a_1i_1i_2)","i,i,μ̃,a",";;;i_1,i_2","7,7,114,",7 × 7 × 114 × ?,,
1,27,Tensor,leaf,C,21225,,,2207664,2207664,4561472,409374720,275958,,,,,"C(i_4,i_1,μ̃_19686;a_5i_1i_4)","C(i_4,i_1,μ̃_19686;a_5i_1i_4)",,,,"i,i,μ̃,a",";;;i_1,i_4","7,7,114,",7 × 7 × 114 × ?,,
1,27,Product,intermediate,I,17906729,2226240,2207664,5489512,5489512,9925400,412348416,686189,,,,,"I(i_2,i_1,μ̃_19686;a_1i_1i_2) * C(i_4,i_1,μ̃_19686;a_5i_1i_4) -> I(i_4,i_2,i_1;a_5i_1i_4,a_1i_1i_2)","I(i_4,i_2,i_1;a_5i_1i_4,a_1i_1i_2)","I(i_2,i_1,μ̃_19686;a_1i_1i_2)","C(i_4,i_1,μ̃_19686;a_5i_1i_4)","I(i_4,i_2,i_1;a_5i_1i_4,a_1i_1i_2)","i,i,i,a,a",";;;i_1,i_4;i_1,i_2","7,7,7,,",7 × 7 × 7 × ? × ?,,
1,27,Product,intermediate,I,413811,432,5489512,400,400,9925400,412348416,50,,,,,"I(i_4,i_3,i_2,i_1;a_5i_1i_4) * I(i_4,i_2,i_1;a_5i_1i_4,a_1i_1i_2) -> I(i_3,i_2,i_1;a_1i_1i_2)","I(i_3,i_2,i_1;a_1i_1i_2)","I(i_4,i_3,i_2,i_1;a_5i_1i_4)","I(i_4,i_2,i_1;a_5i_1i_4,a_1i_1i_2)","I(i_3,i_2,i_1;a_1i_1i_2)","i,i,i,a",";;;i_1,i_2","7,7,7,",7 × 7 × 7 × ?,,
1,27,Tensor,leaf,s,21682,,,125584,125584,9925400,412348416,15698,12996,138.52037144982398,140.24275294876296,0.9820999861813626,"s(μ̃_19687,μ̃_19688)","s(μ̃_19687,μ̃_19688)",,,,"μ̃,μ̃",;,"114,114",114 × 114,103968,1.20791
1,27,Product,intermediate,I,247826,125584,432,432,432,9925400,412348416,54,0,0.0,0.0,0.0,"s(μ̃_19687,μ̃_19688) * I(μ̃_19688,i_3) -> I(μ̃_19687,i_3)","I(μ̃_19687,i_3)","s(μ̃_19687,μ̃_19688)","I(μ̃_19688,i_3)","I(μ̃_19687,i_3)","μ̃,i",;,"114,7",114 × 7,6384,0.0676692
1,27,Tensor,leaf,C,17583,,,2207664,2207664,9925400,412348416,275958,,,,,"C(i_2,i_1,μ̃_19687;a_2i_1i_2)","C(i_2,i_1,μ̃_19687;a_2i_1i_2)",,,,"i,i,μ̃,a",";;;i_1,i_2","7,7,114,",7 × 7 × 114 × ?,,
1,27,Product,intermediate,I,241766,432,2207664,400,400,9926232,412348416,50,,,,,"I(μ̃_19687,i_3) * C(i_2,i_1,μ̃_19687;a_2i_1i_2) -> I(i_2,i_1,i_3;a_2i_1i_2)","I(i_2,i_1,i_3;a_2i_1i_2)","I(μ̃_19687,i_3)","C(i_2,i_1,μ̃_19687;a_2i_1i_2)","I(i_2,i_1,i_3;a_2i_1i_2)","i,i,i,a",";;;i_1,i_2","7,7,7,",7 × 7 × 7 × ?,,
1,27,Product,intermediate,I,241357,400,400,384,384,9926232,412348416,48,,,,,"I(i_3,i_2,i_1;a_1i_1i_2) * I(i_2,i_1,i_3;a_2i_1i_2) -> I(i_1,i_2;a_1i_1i_2,a_2i_1i_2)","I(i_1,i_2;a_1i_1i_2,a_2i_1i_2)","I(i_3,i_2,i_1;a_1i_1i_2)","I(i_2,i_1,i_3;a_2i_1i_2)","I(i_1,i_2;a_1i_1i_2,a_2i_1i_2)","i,i,a,a",";;i_1,i_2;i_1,i_2","7,7,,",7 × 7 × ? × ?,,
1,27,Constant,constant,_const,1917,,,8,8,9926232,412348416,1,,,,,2,2,,,,,,,scalar,8,1
1,27,Product,residual,R,74804,384,8,384,384,9926232,412348416,48,,,,,"I(i_1,i_2;a_1i_1i_2,a_2i_1i_2) * 2 -> R(i_1,i_2;a_1i_1i_2,a_2i_1i_2)","R(i_1,i_2;a_1i_1i_2,a_2i_1i_2)","I(i_1,i_2;a_1i_1i_2,a_2i_1i_2)",2,"R(i_1,i_2;a_1i_1i_2,a_2i_1i_2)","i,i,a,a",";;i_1,i_2;i_1,i_2","7,7,,",7 × 7 × ? × ?,,
1,27,Permute,residual,R,61310,,,384,384,9926232,412348416,48,,,,,"R(i_1,i_2;a_1i_1i_2,a_2i_1i_2)","R(i_1,i_2;a_1i_1i_2,a_2i_1i_2)",,,,"i,i,a,a",";;i_1,i_2;i_1,i_2","7,7,,",7 × 7 × ? × ?,,
1,28,Tensor,leaf,g,11698,,,121536,121536,9926232,412348416,15192,13818,10.313570711989671,5.229066732803717,0.3618052751837755,"g(i_2,i_3,Κ_1)","g(i_2,i_3,Κ_1)",,,,"i,i,Κ",;;,"7,7,282",7 × 7 × 282,110544,1.09944
1,28,Tensor,leaf,g,10668,,,1843152,1843152,9926232,412348416,230394,225036,-13.713518793894858,9.824790694343461,0.192547847698342,"g(μ̃_19692,i_4,Κ_1)","g(μ̃_19692,i_4,Κ_1)",,,,"μ̃,i,Κ",;;,"114,7,282",114 × 7 × 282,1800288,1.02381
1,28,Product,intermediate,I,19791891,121536,1843152,334432,334432,10017256,412348416,41804,39102,1.6787640793177372,1.4528822879583423,0.0897817840295986,"g(i_2,i_3,Κ_1) * g(μ̃_19692,i_4,Κ_1) -> I(i_3,i_2,i_4,μ̃_19692)","I(i_3,i_2,i_4,μ̃_19692)","g(i_2,i_3,Κ_1)","g(μ̃_19692,i_4,Κ_1)","I(i_3,i_2,i_4,μ̃_19692)","i,i,i,μ̃",;;;,"7,7,7,114",7 × 7 × 7 × 114,312816,1.0691
1,28,Tensor,leaf,C,13671,,,2207664,2207664,10260232,412348416,275958,,,,,"C(i_4,i_1,μ̃_19692;a_3i_1i_4)","C(i_4,i_1,μ̃_19692;a_3i_1i_4)",,,,"i,i,μ̃,a",";;;i_1,i_4","7,7,114,",7 × 7 × 114 × ?,,
1,28,Product,intermediate,I,4915222,334432,2207664,957848,957848,11218080,412348416,119731,,,,,"I(i_3,i_2,i_4,μ̃_19692) * C(i_4,i_1,μ̃_19692;a_3i_1i_4) -> I(i_1,i_3,i_2,i_4;a_3i_1i_4)","I(i_1,i_3,i_2,i_4;a_3i_1i_4)","I(i_3,i_2,i_4,μ̃_19692)","C(i_4,i_1,μ̃_19692;a_3i_1i_4)","I(i_1,i_3,i_2,i_4;a_3i_1i_4)","i,i,i,i,a",";;;;i_1,i_4","7,7,7,7,",7 × 7 × 7 × 7 × ?,,
1,28,Tensor,leaf,t,2187,,,384,384,11218080,412348416,48,,,,,"t(i_1,i_4;a_4i_1i_4,a_3i_1i_4)","t(i_1,i_4;a_4i_1i_4,a_3i_1i_4)",,,,"i,i,a,a",";;i_1,i_4;i_1,i_4","7,7,,",7 × 7 × ? × ?,,
1,28,Product,intermediate,I,294200,957848,384,432,432,11218080,412348416,54,,,,,"I(i_1,i_3,i_2,i_4;a_3i_1i_4) * t(i_1,i_4;a_4i_1i_4,a_3i_1i_4) -> I(i_4,i_3,i_2,i_1;a_4i_1i_4)","I(i_4,i_3,i_2,i_1;a_4i_1i_4)","I(i_1,i_3,i_2,i_4;a_3i_1i_4)","t(i_1,i_4;a_4i_1i_4,a_3i_1i_4)","I(i_4,i_3,i_2,i_1;a_4i_1i_4)","i,i,i,i,a",";;;;i_1,i_4","7,7,7,7,",7 × 7 × 7 × 7 × ?,,
1,28,Product,intermediate,I,426797,432,5489512,400,400,11218080,412348416,50,,,,,"I(i_4,i_3,i_2,i_1;a_4i_1i_4) * I(i_2,i_4,i_1;a_1i_1i_2,a_4i_1i_4) -> I(i_3,i_2,i_1;a_1i_1i_2)","I(i_3,i_2,i_1;a_1i_1i_2)","I(i_4,i_3,i_2,i_1;a_4i_1i_4)","I(i_2,i_4,i_1;a_1i_1i_2,a_4i_1i_4)","I(i_3,i_2,i_1;a_1i_1i_2)","i,i,i,a",";;;i_1,i_2","7,7,7,",7 × 7 × 7 × ?,,
1,28,Product,intermediate,I,297826,400,400,384,384,11218080,412348416,48,,,,,"I(i_3,i_2,i_1;a_1i_1i_2) * I(i_2,i_1,i_3;a_2i_1i_2) -> I(i_2,i_1;a_2i_1i_2,a_1i_1i_2)","I(i_2,i_1;a_2i_1i_2,a_1i_1i_2)","I(i_3,i_2,i_1;a_1i_1i_2)","I(i_2,i_1,i_3;a_2i_1i_2)","I(i_2,i_1;a_2i_1i_2,a_1i_1i_2)","i,i,a,a",";;i_1,i_2;i_1,i_2","7,7,,",7 × 7 × ? × ?,,
1,28,Constant,constant,_const,1714,,,8,8,11218080,412348416,1,,,,,-4,-4,,,,,,,scalar,8,1
1,28,Product,residual,R,70911,384,8,384,384,11218080,412348416,48,,,,,"I(i_2,i_1;a_2i_1i_2,a_1i_1i_2) * -4 -> R(i_2,i_1;a_2i_1i_2,a_1i_1i_2)","R(i_2,i_1;a_2i_1i_2,a_1i_1i_2)","I(i_2,i_1;a_2i_1i_2,a_1i_1i_2)",-4,"R(i_2,i_1;a_2i_1i_2,a_1i_1i_2)","i,i,a,a",";;i_1,i_2;i_1,i_2","7,7,,",7 × 7 × ? × ?,,
1,28,Permute,residual,R,68060,,,384,384,11218080,412348416,48,,,,,"R(i_2,i_1;a_2i_1i_2,a_1i_1i_2)","R(i_2,i_1;a_2i_1i_2,a_1i_1i_2)",,,,"i,i,a,a",";;i_1,i_2;i_1,i_2","7,7,,",7 × 7 × ? × ?,,
1,29,Tensor,leaf,t,1246,,,384,384,11218080,412348416,48,,,,,"t(i_4,i_1;a_4i_1i_4,a_3i_1i_4)","t(i_4,i_1;a_4i_1i_4,a_3i_1i_4)",,,,"i,i,a,a",";;i_1,i_4;i_1,i_4","7,7,,",7 × 7 × ? × ?,,
1,29,Product,intermediate,I,232792,957848,384,432,432,11218080,412348416,54,,,,,"I(i_1,i_3,i_2,i_4;a_3i_1i_4) * t(i_4,i_1;a_4i_1i_4,a_3i_1i_4) -> I(i_4,i_3,i_2,i_1;a_4i_1i_4)","I(i_4,i_3,i_2,i_1;a_4i_1i_4)","I(i_1,i_3,i_2,i_4;a_3i_1i_4)","t(i_4,i_1;a_4i_1i_4,a_3i_1i_4)","I(i_4,i_3,i_2,i_1;a_4i_1i_4)","i,i,i,i,a",";;;;i_1,i_4","7,7,7,7,",7 × 7 × 7 × 7 × ?,,
1,29,Product,intermediate,I,374923,432,5489512,400,400,11218080,412348416,50,,,,,"I(i_4,i_3,i_2,i_1;a_4i_1i_4) * I(i_2,i_4,i_1;a_1i_1i_2,a_4i_1i_4) -> I(i_3,i_2,i_1;a_1i_1i_2)","I(i_3,i_2,i_1;a_1i_1i_2)","I(i_4,i_3,i_2,i_1;a_4i_1i_4)","I(i_2,i_4,i_1;a_1i_1i_2,a_4i_1i_4)","I(i_3,i_2,i_1;a_1i_1i_2)","i,i,i,a",";;;i_1,i_2","7,7,7,",7 × 7 × 7 × ?,,
1,29,Product,intermediate,I,231104,400,400,384,384,11218080,412348416,48,,,,,"I(i_3,i_2,i_1;a_1i_1i_2) * I(i_2,i_1,i_3;a_2i_1i_2) -> I(i_2,i_1;a_1i_1i_2,a_2i_1i_2)","I(i_2,i_1;a_1i_1i_2,a_2i_1i_2)","I(i_3,i_2,i_1;a_1i_1i_2)","I(i_2,i_1,i_3;a_2i_1i_2)","I(i_2,i_1;a_1i_1i_2,a_2i_1i_2)","i,i,a,a",";;i_1,i_2;i_1,i_2","7,7,,",7 × 7 × ? × ?,,
1,29,Constant,constant,_const,1411,,,8,8,11218080,412348416,1,,,,,2,2,,,,,,,scalar,8,1
1,29,Product,residual,R,67199,384,8,384,384,11218080,412348416,48,,,,,"I(i_2,i_1;a_1i_1i_2,a_2i_1i_2) * 2 -> R(i_2,i_1;a_1i_1i_2,a_2i_1i_2)","R(i_2,i_1;a_1i_1i_2,a_2i_1i_2)","I(i_2,i_1;a_1i_1i_2,a_2i_1i_2)",2,"R(i_2,i_1;a_1i_1i_2,a_2i_1i_2)","i,i,a,a",";;i_1,i_2;i_1,i_2","7,7,,",7 × 7 × ? × ?,,
1,29,Permute,residual,R,65389,,,384,384,11218080,412348416,48,,,,,"R(i_2,i_1;a_1i_1i_2,a_2i_1i_2)","R(i_2,i_1;a_1i_1i_2,a_2i_1i_2)",,,,"i,i,a,a",";;i_1,i_2;i_1,i_2","7,7,,",7 × 7 × ? × ?,,
1,30,Tensor,leaf,C,13093,,,2207664,2207664,11218080,412348416,275958,,,,,"C(i_3,i_1,μ̃_19706;a_3i_1i_3)","C(i_3,i_1,μ̃_19706;a_3i_1i_3)",,,,"i,i,μ̃,a",";;;i_1,i_3","7,7,114,",7 × 7 × 114 × ?,,
1,30,Product,intermediate,I,5078447,334432,2207664,957848,957848,12175928,412348416,119731,,,,,"I(i_3,i_2,i_4,μ̃_19706) * C(i_3,i_1,μ̃_19706;a_3i_1i_3) -> I(i_1,i_4,i_2,i_3;a_3i_1i_3)","I(i_1,i_4,i_2,i_3;a_3i_1i_3)","I(i_3,i_2,i_4,μ̃_19706)","C(i_3,i_1,μ̃_19706;a_3i_1i_3)","I(i_1,i_4,i_2,i_3;a_3i_1i_3)","i,i,i,i,a",";;;;i_1,i_3","7,7,7,7,",7 × 7 × 7 × 7 × ?,,
1,30,Tensor,leaf,t,1950,,,384,384,12175928,412348416,48,,,,,"t(i_1,i_3;a_4i_1i_3,a_3i_1i_3)","t(i_1,i_3;a_4i_1i_3,a_3i_1i_3)",,,,"i,i,a,a",";;i_1,i_3;i_1,i_3","7,7,,",7 × 7 × ? × ?,,
1,30,Product,intermediate,I,262202,957848,384,432,432,12175928,412348416,54,,,,,"I(i_1,i_4,i_2,i_3;a_3i_1i_3) * t(i_1,i_3;a_4i_1i_3,a_3i_1i_3) -> I(i_3,i_4,i_2,i_1;a_4i_1i_3)","I(i_3,i_4,i_2,i_1;a_4i_1i_3)","I(i_1,i_4,i_2,i_3;a_3i_1i_3)","t(i_1,i_3;a_4i_1i_3,a_3i_1i_3)","I(i_3,i_4,i_2,i_1;a_4i_1i_3)","i,i,i,i,a",";;;;i_1,i_3","7,7,7,7,",7 × 7 × 7 × 7 × ?,,
1,30,Product,intermediate,I,392823,432,5489512,400,400,12175928,412348416,50,,,,,"I(i_3,i_4,i_2,i_1;a_4i_1i_3) * I(i_2,i_3,i_1;a_1i_1i_2,a_4i_1i_3) -> I(i_4,i_2,i_1;a_1i_1i_2)","I(i_4,i_2,i_1;a_1i_1i_2)","I(i_3,i_4,i_2,i_1;a_4i_1i_3)","I(i_2,i_3,i_1;a_1i_1i_2,a_4i_1i_3)","I(i_4,i_2,i_1;a_1i_1i_2)","i,i,i,a",";;;i_1,i_2","7,7,7,",7 × 7 × 7 × ?,,
1,30,Product,intermediate,I,270899,400,400,384,384,12175928,412348416,48,,,,,"I(i_4,i_2,i_1;a_1i_1i_2) * I(i_2,i_1,i_4;a_2i_1i_2) -> I(i_2,i_1;a_2i_1i_2,a_1i_1i_2)","I(i_2,i_1;a_2i_1i_2,a_1i_1i_2)","I(i_4,i_2,i_1;a_1i_1i_2)","I(i_2,i_1,i_4;a_2i_1i_2)","I(i_2,i_1;a_2i_1i_2,a_1i_1i_2)","i,i,a,a",";;i_1,i_2;i_1,i_2","7,7,,",7 × 7 × ? × ?,,
1,30,Constant,constant,_const,1503,,,8,8,12175928,412348416,1,,,,,2,2,,,,,,,scalar,8,1
1,30,Product,residual,R,67750,384,8,384,384,12175928,412348416,48,,,,,"I(i_2,i_1;a_2i_1i_2,a_1i_1i_2) * 2 -> R(i_2,i_1;a_2i_1i_2,a_1i_1i_2)","R(i_2,i_1;a_2i_1i_2,a_1i_1i_2)","I(i_2,i_1;a_2i_1i_2,a_1i_1i_2)",2,"R(i_2,i_1;a_2i_1i_2,a_1i_1i_2)","i,i,a,a",";;i_1,i_2;i_1,i_2","7,7,,",7 × 7 × ? × ?,,
1,30,Permute,residual,R,67852,,,384,384,12175928,412348416,48,,,,,"R(i_2,i_1;a_2i_1i_2,a_1i_1i_2)","R(i_2,i_1;a_2i_1i_2,a_1i_1i_2)",,,,"i,i,a,a",";;i_1,i_2;i_1,i_2","7,7,,",7 × 7 × ? × ?,,
1,31,Tensor,leaf,t,1694,,,384,384,12175928,412348416,48,,,,,"t(i_3,i_1;a_4i_1i_3,a_3i_1i_3)","t(i_3,i_1;a_4i_1i_3,a_3i_1i_3)",,,,"i,i,a,a",";;i_1,i_3;i_1,i_3","7,7,,",7 × 7 × ? × ?,,
1,31,Product,intermediate,I,284175,957848,384,432,432,12175928,412348416,54,,,,,"I(i_1,i_4,i_2,i_3;a_3i_1i_3) * t(i_3,i_1;a_4i_1i_3,a_3i_1i_3) -> I(i_3,i_4,i_2,i_1;a_4i_1i_3)","I(i_3,i_4,i_2,i_1;a_4i_1i_3)","I(i_1,i_4,i_2,i_3;a_3i_1i_3)","t(i_3,i_1;a_4i_1i_3,a_3i_1i_3)","I(i_3,i_4,i_2,i_1;a_4i_1i_3)","i,i,i,i,a",";;;;i_1,i_3","7,7,7,7,",7 × 7 × 7 × 7 × ?,,
1,31,Product,intermediate,I,415791,432,5489512,400,400,12175928,412348416,50,,,,,"I(i_3,i_4,i_2,i_1;a_4i_1i_3) * I(i_3,i_2,i_1;a_4i_1i_3,a_2i_1i_2) -> I(i_4,i_2,i_1;a_2i_1i_2)","I(i_4,i_2,i_1;a_2i_1i_2)","I(i_3,i_4,i_2,i_1;a_4i_1i_3)","I(i_3,i_2,i_1;a_4i_1i_3,a_2i_1i_2)","I(i_4,i_2,i_1;a_2i_1i_2)","i,i,i,a",";;;i_1,i_2","7,7,7,",7 × 7 × 7 × ?,,
1,31,Product,intermediate,I,224373,400,400,384,384,12175928,412348416,48,,,,,"I(i_4,i_2,i_1;a_2i_1i_2) * I(i_2,i_1,i_4;a_1i_1i_2) -> I(i_2,i_1;a_2i_1i_2,a_1i_1i_2)","I(i_2,i_1;a_2i_1i_2,a_1i_1i_2)","I(i_4,i_2,i_1;a_2i_1i_2)","I(i_2,i_1,i_4;a_1i_1i_2)","I(i_2,i_1;a_2i_1i_2,a_1i_1i_2)","i,i,a,a",";;i_1,i_2;i_1,i_2","7,7,,",7 × 7 × ? × ?,,
1,31,Constant,constant,_const,1408,,,8,8,12175928,412348416,1,,,,,2,2,,,,,,,scalar,8,1
1,31,Product,residual,R,64610,384,8,384,384,12175928,412348416,48,,,,,"I(i_2,i_1;a_2i_1i_2,a_1i_1i_2) * 2 -> R(i_2,i_1;a_2i_1i_2,a_1i_1i_2)","R(i_2,i_1;a_2i_1i_2,a_1i_1i_2)","I(i_2,i_1;a_2i_1i_2,a_1i_1i_2)",2,"R(i_2,i_1;a_2i_1i_2,a_1i_1i_2)","i,i,a,a",";;i_1,i_2;i_1,i_2","7,7,,",7 × 7 × ? × ?,,
1,31,Permute,residual,R,66883,,,384,384,12175928,412348416,48,,,,,"R(i_2,i_1;a_2i_1i_2,a_1i_1i_2)","R(i_2,i_1;a_2i_1i_2,a_1i_1i_2)",,,,"i,i,a,a",";;i_1,i_2;i_1,i_2","7,7,,",7 × 7 × ? × ?,,
1,32,Product,intermediate,I,212496,334432,432,432,432,12175928,412348416,54,0,0.0,0.0,0.0,"I(i_3,i_2,i_4,μ̃_19711) * I(μ̃_19711,i_1) -> I(i_3,i_2,i_4,i_1)","I(i_3,i_2,i_4,i_1)","I(i_3,i_2,i_4,μ̃_19711)","I(μ̃_19711,i_1)","I(i_3,i_2,i_4,i_1)","i,i,i,i",;;;,"7,7,7,7",7 × 7 × 7 × 7,19208,0.0224906
1,32,Product,intermediate,I,303253,432,400,400,400,12175928,412348416,50,,,,,"I(i_3,i_2,i_4,i_1) * I(i_2,i_1,i_4;a_1i_1i_2) -> I(i_3,i_2,i_1;a_1i_1i_2)","I(i_3,i_2,i_1;a_1i_1i_2)","I(i_3,i_2,i_4,i_1)","I(i_2,i_1,i_4;a_1i_1i_2)","I(i_3,i_2,i_1;a_1i_1i_2)","i,i,i,a",";;;i_1,i_2","7,7,7,",7 × 7 × 7 × ?,,
1,32,Product,intermediate,I,275070,400,400,384,384,12175928,412348416,48,,,,,"I(i_3,i_2,i_1;a_1i_1i_2) * I(i_2,i_1,i_3;a_2i_1i_2) -> I(i_2,i_1;a_2i_1i_2,a_1i_1i_2)","I(i_2,i_1;a_2i_1i_2,a_1i_1i_2)","I(i_3,i_2,i_1;a_1i_1i_2)","I(i_2,i_1,i_3;a_2i_1i_2)","I(i_2,i_1;a_2i_1i_2,a_1i_1i_2)","i,i,a,a",";;i_1,i_2;i_1,i_2","7,7,,",7 × 7 × ? × ?,,
1,32,Constant,constant,_const,1063,,,8,8,12175928,412348416,1,,,,,2,2,,,,,,,scalar,8,1
1,32,Product,residual,R,136559,384,8,384,384,12175928,412348416,48,,,,,"I(i_2,i_1;a_2i_1i_2,a_1i_1i_2) * 2 -> R(i_2,i_1;a_2i_1i_2,a_1i_1i_2)","R(i_2,i_1;a_2i_1i_2,a_1i_1i_2)","I(i_2,i_1;a_2i_1i_2,a_1i_1i_2)",2,"R(i_2,i_1;a_2i_1i_2,a_1i_1i_2)","i,i,a,a",";;i_1,i_2;i_1,i_2","7,7,,",7 × 7 × ? × ?,,
1,32,Permute,residual,R,82172,,,384,384,12175928,412348416,48,,,,,"R(i_2,i_1;a_2i_1i_2,a_1i_1i_2)","R(i_2,i_1;a_2i_1i_2,a_1i_1i_2)",,,,"i,i,a,a",";;i_1,i_2;i_1,i_2","7,7,,",7 × 7 × ? × ?,,
1,33,Tensor,leaf,C,9945,,,2207664,2207664,12175928,412348416,275958,,,,,"C(i_4,i_3,μ̃_19902;a_5i_3i_4)","C(i_4,i_3,μ̃_19902;a_5i_3i_4)",,,,"i,i,μ̃,a",";;;i_3,i_4","7,7,114,",7 × 7 × 114 × ?,,
1,33,Tensor,leaf,t,1435,,,384,384,12175928,412348416,48,,,,,"t(i_4,i_3;a_5i_3i_4,a_4i_3i_4)","t(i_4,i_3;a_5i_3i_4,a_4i_3i_4)",,,,"i,i,a,a",";;i_3,i_4;i_3,i_4","7,7,,",7 × 7 × ? × ?,,
1,33,Product,intermediate,I,222896,2207664,384,496,496,12176808,412348416,62,,,,,"C(i_4,i_3,μ̃_19902;a_5i_3i_4) * t(i_4,i_3;a_5i_3i_4,a_4i_3i_4) -> I(μ̃_19902,i_4,i_3;a_4i_3i_4)","I(μ̃_19902,i_4,i_3;a_4i_3i_4)","C(i_4,i_3,μ̃_19902;a_5i_3i_4)","t(i_4,i_3;a_5i_3i_4,a_4i_3i_4)","I(μ̃_19902,i_4,i_3;a_4i_3i_4)","μ̃,i,i,a",";;;i_3,i_4","114,7,7,",114 × 7 × 7 × ?,,
1,33,Tensor,leaf,C,8233,,,2207664,2207664,12176808,412348416,275958,,,,,"C(i_4,i_3,μ̃_19903;a_4i_3i_4)","C(i_4,i_3,μ̃_19903;a_4i_3i_4)",,,,"i,i,μ̃,a",";;;i_3,i_4","7,7,114,",7 × 7 × 114 × ?,,
1,33,Product,intermediate,I,543578,496,2207664,1392,1392,12177816,412348416,174,0,0.0,0.0,0.0,"I(μ̃_19902,i_4,i_3;a_4i_3i_4) * C(i_4,i_3,μ̃_19903;a_4i_3i_4) -> I(μ̃_19903,μ̃_19902,i_3,i_4)","I(μ̃_19903,μ̃_19902,i_3,i_4)","I(μ̃_19902,i_4,i_3;a_4i_3i_4)","C(i_4,i_3,μ̃_19903;a_4i_3i_4)","I(μ̃_19903,μ̃_19902,i_3,i_4)","μ̃,μ̃,i,i",;;;,"114,114,7,7",114 × 114 × 7 × 7,5094432,0.000273239
1,33,Product,intermediate,I,230743,432,1392,1392,1392,12177816,412348416,174,0,0.0,0.0,0.0,"I(i_3,i_1,i_4,i_2) * I(μ̃_19903,μ̃_19902,i_3,i_4) -> I(i_1,μ̃_19902,μ̃_19903,i_2)","I(i_1,μ̃_19902,μ̃_19903,i_2)","I(i_3,i_1,i_4,i_2)","I(μ̃_19903,μ̃_19902,i_3,i_4)","I(i_1,μ̃_19902,μ̃_19903,i_2)","i,μ̃,μ̃,i",;;;,"7,114,114,7",7 × 114 × 114 × 7,5094432,0.000273239
1,33,Product,intermediate,I,543369,1392,2226240,496,496,12177816,412348416,62,,,,,"I(i_1,μ̃_19902,μ̃_19903,i_2) * I(i_2,i_1,μ̃_19902;a_2i_1i_2) -> I(i_1,μ̃_19903,i_2;a_2i_1i_2)","I(i_1,μ̃_19903,i_2;a_2i_1i_2)","I(i_1,μ̃_19902,μ̃_19903,i_2)","I(i_2,i_1,μ̃_19902;a_2i_1i_2)","I(i_1,μ̃_19903,i_2;a_2i_1i_2)","i,μ̃,i,a",";;;i_1,i_2","7,114,7,",7 × 114 × 7 × ?,,
1,33,Product,intermediate,I,368148,496,2226240,384,384,12177816,412348416,48,,,,,"I(i_1,μ̃_19903,i_2;a_2i_1i_2) * I(i_2,i_1,μ̃_19903;a_1i_1i_2) -> I(i_1,i_2;a_2i_1i_2,a_1i_1i_2)","I(i_1,i_2;a_2i_1i_2,a_1i_1i_2)","I(i_1,μ̃_19903,i_2;a_2i_1i_2)","I(i_2,i_1,μ̃_19903;a_1i_1i_2)","I(i_1,i_2;a_2i_1i_2,a_1i_1i_2)","i,i,a,a",";;i_1,i_2;i_1,i_2","7,7,,",7 × 7 × ? × ?,,
1,33,Constant,constant,_const,1012,,,8,8,12177816,412348416,1,,,,,2,2,,,,,,,scalar,8,1
1,33,Product,residual,R,58693,384,8,384,384,12177816,412348416,48,,,,,"I(i_1,i_2;a_2i_1i_2,a_1i_1i_2) * 2 -> R(i_1,i_2;a_2i_1i_2,a_1i_1i_2)","R(i_1,i_2;a_2i_1i_2,a_1i_1i_2)","I(i_1,i_2;a_2i_1i_2,a_1i_1i_2)",2,"R(i_1,i_2;a_2i_1i_2,a_1i_1i_2)","i,i,a,a",";;i_1,i_2;i_1,i_2","7,7,,",7 × 7 × ? × ?,,
1,33,Permute,residual,R,72841,,,384,384,12177816,412348416,48,,,,,"R(i_1,i_2;a_2i_1i_2,a_1i_1i_2)","R(i_1,i_2;a_2i_1i_2,a_1i_1i_2)",,,,"i,i,a,a",";;i_1,i_2;i_1,i_2","7,7,,",7 × 7 × ? × ?,,
1,34,Product,intermediate,I,272662,334432,432,384,384,12177816,412348416,48,0,0.0,0.0,0.0,"I(i_3,i_2,i_4,μ̃_19767) * I(μ̃_19767,i_3) -> I(i_4,i_2)","I(i_4,i_2)","I(i_3,i_2,i_4,μ̃_19767)","I(μ̃_19767,i_3)","I(i_4,i_2)","i,i",;,"7,7",7 × 7,392,0.979592
1,34,Product,intermediate,I,1762218,384,5489512,400,400,12177816,412348416,50,,,,,"I(i_4,i_2) * I(i_2,i_4,i_1;a_1i_1i_2,a_4i_1i_4) -> I(i_1,i_2,i_4;a_1i_1i_2,a_4i_1i_4)","I(i_1,i_2,i_4;a_1i_1i_2,a_4i_1i_4)","I(i_4,i_2)","I(i_2,i_4,i_1;a_1i_1i_2,a_4i_1i_4)","I(i_1,i_2,i_4;a_1i_1i_2,a_4i_1i_4)","i,i,i,a,a",";;;i_1,i_2;i_1,i_4","7,7,7,,",7 × 7 × 7 × ? × ?,,
1,34,Tensor,leaf,t,1482,,,384,384,12177816,412348416,48,,,,,"t(i_4,i_1;a_5i_1i_4,a_4i_1i_4)","t(i_4,i_1;a_5i_1i_4,a_4i_1i_4)",,,,"i,i,a,a",";;i_1,i_4;i_1,i_4","7,7,,",7 × 7 × ? × ?,,
1,34,Product,intermediate,I,267543,5489512,384,400,400,12177816,412348416,50,,,,,"I(i_4,i_2,i_1;a_5i_1i_4,a_2i_1i_2) * t(i_4,i_1;a_5i_1i_4,a_4i_1i_4) -> I(i_2,i_4,i_1;a_2i_1i_2,a_4i_1i_4)","I(i_2,i_4,i_1;a_2i_1i_2,a_4i_1i_4)","I(i_4,i_2,i_1;a_5i_1i_4,a_2i_1i_2)","t(i_4,i_1;a_5i_1i_4,a_4i_1i_4)","I(i_2,i_4,i_1;a_2i_1i_2,a_4i_1i_4)","i,i,i,a,a",";;;i_1,i_2;i_1,i_4","7,7,7,,",7 × 7 × 7 × ? × ?,,
1,34,Product,intermediate,I,282140,400,400,384,384,12177816,412348416,48,,,,,"I(i_1,i_2,i_4;a_1i_1i_2,a_4i_1i_4) * I(i_2,i_4,i_1;a_2i_1i_2,a_4i_1i_4) -> I(i_2,i_1;a_2i_1i_2,a_1i_1i_2)","I(i_2,i_1;a_2i_1i_2,a_1i_1i_2)","I(i_1,i_2,i_4;a_1i_1i_2,a_4i_1i_4)","I(i_2,i_4,i_1;a_2i_1i_2,a_4i_1i_4)","I(i_2,i_1;a_2i_1i_2,a_1i_1i_2)","i,i,a,a",";;i_1,i_2;i_1,i_2","7,7,,",7 × 7 × ? × ?,,
1,34,Constant,constant,_const,1164,,,8,8,12177816,412348416,1,,,,,2,2,,,,,,,scalar,8,1
1,34,Product,residual,R,62876,384,8,384,384,12177816,412348416,48,,,,,"I(i_2,i_1;a_2i_1i_2,a_1i_1i_2) * 2 -> R(i_2,i_1;a_2i_1i_2,a_1i_1i_2)","R(i_2,i_1;a_2i_1i_2,a_1i_1i_2)","I(i_2,i_1;a_2i_1i_2,a_1i_1i_2)",2,"R(i_2,i_1;a_2i_1i_2,a_1i_1i_2)","i,i,a,a",";;i_1,i_2;i_1,i_2","7,7,,",7 × 7 × ? × ?,,
1,34,Permute,residual,R,65993,,,384,384,12177816,412348416,48,,,,,"R(i_2,i_1;a_2i_1i_2,a_1i_1i_2)","R(i_2,i_1;a_2i_1i_2,a_1i_1i_2)",,,,"i,i,a,a",";;i_1,i_2;i_1,i_2","7,7,,",7 × 7 × ? × ?,,
1,35,Tensor,leaf,C,9805,,,2207664,2207664,12178216,412348416,275958,,,,,"C(i_2,i_1,μ̃_19871;a_2i_1i_2)","C(i_2,i_1,μ̃_19871;a_2i_1i_2)",,,,"i,i,μ̃,a",";;;i_1,i_2","7,7,114,",7 × 7 × 114 × ?,,
1,35,Product,intermediate,I,2505057,334432,2207664,139048,139048,12317264,412348416,17381,,,,,"I(i_1,i_3,i_2,μ̃_19871) * C(i_2,i_1,μ̃_19871;a_2i_1i_2) -> I(i_3,i_2,i_1;a_2i_1i_2)","I(i_3,i_2,i_1;a_2i_1i_2)","I(i_1,i_3,i_2,μ̃_19871)","C(i_2,i_1,μ̃_19871;a_2i_1i_2)","I(i_3,i_2,i_1;a_2i_1i_2)","i,i,i,a",";;;i_1,i_2","7,7,7,",7 × 7 × 7 × ?,,
1,35,Product,intermediate,I,261190,139048,400,384,384,12317264,412348416,48,,,,,"I(i_3,i_2,i_1;a_2i_1i_2) * I(i_2,i_1,i_3;a_1i_1i_2) -> I(i_2,i_1;a_2i_1i_2,a_1i_1i_2)","I(i_2,i_1;a_2i_1i_2,a_1i_1i_2)","I(i_3,i_2,i_1;a_2i_1i_2)","I(i_2,i_1,i_3;a_1i_1i_2)","I(i_2,i_1;a_2i_1i_2,a_1i_1i_2)","i,i,a,a",";;i_1,i_2;i_1,i_2","7,7,,",7 × 7 × ? × ?,,
1,35,Constant,constant,_const,1448,,,8,8,12317264,412348416,1,,,,,-2,-2,,,,,,,scalar,8,1
1,35,Product,residual,R,68801,384,8,384,384,12317264,412348416,48,,,,,"I(i_2,i_1;a_2i_1i_2,a_1i_1i_2) * -2 -> R(i_2,i_1;a_2i_1i_2,a_1i_1i_2)","R(i_2,i_1;a_2i_1i_2,a_1i_1i_2)","I(i_2,i_1;a_2i_1i_2,a_1i_1i_2)",-2,"R(i_2,i_1;a_2i_1i_2,a_1i_1i_2)","i,i,a,a",";;i_1,i_2;i_1,i_2","7,7,,",7 × 7 × ? × ?,,
1,35,Permute,residual,R,84293,,,384,384,12317264,412348416,48,,,,,"R(i_2,i_1;a_2i_1i_2,a_1i_1i_2)","R(i_2,i_1;a_2i_1i_2,a_1i_1i_2)",,,,"i,i,a,a",";;i_1,i_2;i_1,i_2","7,7,,",7 × 7 × ? × ?,,
1,36,Tensor,leaf,g,12500,,,1843152,1843152,12317264,412348416,230394,225036,-13.713518793894858,9.824790694343461,0.192547847698342,"g(μ̃_19700,i_3,Κ_1)","g(μ̃_19700,i_3,Κ_1)",,,,"μ̃,i,Κ",;;,"114,7,282",114 × 7 × 282,1800288,1.02381
1,36,Tensor,leaf,g,9416,,,1843152,1843152,12317264,412348416,230394,225036,-13.713518793894858,9.824790694343461,0.192547847698342,"g(μ̃_19701,i_4,Κ_1)","g(μ̃_19701,i_4,Κ_1)",,,,"μ̃,i,Κ",;;,"114,7,282",114 × 7 × 282,1800288,1.02381
1,36,Product,intermediate,I,30029905,1843152,1843152,5179792,5179792,18975696,412348416,647474,636804,27.01493957359425,3.0468014162183117,0.11361118772547665,"g(μ̃_19700,i_3,Κ_1) * g(μ̃_19701,i_4,Κ_1) -> I(i_4,i_3,μ̃_19701,μ̃_19700)","I(i_4,i_3,μ̃_19701,μ̃_19700)","g(μ̃_19700,i_3,Κ_1)","g(μ̃_19701,i_4,Κ_1)","I(i_4,i_3,μ̃_19701,μ̃_19700)","i,i,μ̃,μ̃",;;;,"7,7,114,114",7 × 7 × 114 × 114,5094432,1.01676
1,36,Product,intermediate,I,444468,5179792,1392,432,432,18975696,412348416,54,0,0.0,0.0,0.0,"I(i_4,i_3,μ̃_19701,μ̃_19700) * I(μ̃_19701,μ̃_19700,i_2,i_1) -> I(i_4,i_3,i_2,i_1)","I(i_4,i_3,i_2,i_1)","I(i_4,i_3,μ̃_19701,μ̃_19700)","I(μ̃_19701,μ̃_19700,i_2,i_1)","I(i_4,i_3,i_2,i_1)","i,i,i,i",;;;,"7,7,7,7",7 × 7 × 7 × 7,19208,0.0224906
1,36,Product,intermediate,I,233977,432,1392,1392,1392,18975696,412348416,174,0,0.0,0.0,0.0,"I(i_4,i_3,i_2,i_1) * I(μ̃_19704,μ̃_19702,i_4,i_3) -> I(μ̃_19704,μ̃_19702,i_2,i_1)","I(μ̃_19704,μ̃_19702,i_2,i_1)","I(i_4,i_3,i_2,i_1)","I(μ̃_19704,μ̃_19702,i_4,i_3)","I(μ̃_19704,μ̃_19702,i_2,i_1)","μ̃,μ̃,i,i",;;;,"114,114,7,7",114 × 114 × 7 × 7,5094432,0.000273239
1,36,Product,intermediate,I,507117,1392,2226240,496,496,18975696,412348416,62,,,,,"I(μ̃_19704,μ̃_19702,i_2,i_1) * I(i_2,i_1,μ̃_19702;a_1i_1i_2) -> I(μ̃_19704,i_2,i_1;a_1i_1i_2)","I(μ̃_19704,i_2,i_1;a_1i_1i_2)","I(μ̃_19704,μ̃_19702,i_2,i_1)","I(i_2,i_1,μ̃_19702;a_1i_1i_2)","I(μ̃_19704,i_2,i_1;a_1i_1i_2)","μ̃,i,i,a",";;;i_1,i_2","114,7,7,",114 × 7 × 7 × ?,,
1,36,Product,residual,R,484391,496,2226240,384,384,18975696,412348416,48,,,,,"I(μ̃_19704,i_2,i_1;a_1i_1i_2) * I(i_2,i_1,μ̃_19704;a_2i_1i_2) -> R(i_2,i_1;a_2i_1i_2,a_1i_1i_2)","R(i_2,i_1;a_2i_1i_2,a_1i_1i_2)","I(μ̃_19704,i_2,i_1;a_1i_1i_2)","I(i_2,i_1,μ̃_19704;a_2i_1i_2)","R(i_2,i_1;a_2i_1i_2,a_1i_1i_2)","i,i,a,a",";;i_1,i_2;i_1,i_2","7,7,,",7 × 7 × ? × ?,,
1,36,Permute,residual,R,63782,,,384,384,18975696,412348416,48,,,,,"R(i_2,i_1;a_2i_1i_2,a_1i_1i_2)","R(i_2,i_1;a_2i_1i_2,a_1i_1i_2)",,,,"i,i,a,a",";;i_1,i_2;i_1,i_2","7,7,,",7 × 7 × ? × ?,,
1,37,Product,intermediate,I,161865,496,496,432,432,18975696,412348416,54,0,0.0,0.0,0.0,"I(i_3,i_1,Κ_1) * I(i_4,i_2,Κ_1) -> I(i_4,i_3,i_2,i_1)","I(i_4,i_3,i_2,i_1)","I(i_3,i_1,Κ_1)","I(i_4,i_2,Κ_1)","I(i_4,i_3,i_2,i_1)","i,i,i,i",;;;,"7,7,7,7",7 × 7 × 7 × 7,19208,0.0224906
1,37,Product,intermediate,I,245344,432,1392,1392,1392,18975696,412348416,174,0,0.0,0.0,0.0,"I(i_4,i_3,i_2,i_1) * I(μ̃_19734,μ̃_19732,i_4,i_3) -> I(μ̃_19734,μ̃_19732,i_2,i_1)","I(μ̃_19734,μ̃_19732,i_2,i_1)","I(i_4,i_3,i_2,i_1)","I(μ̃_19734,μ̃_19732,i_4,i_3)","I(μ̃_19734,μ̃_19732,i_2,i_1)","μ̃,μ̃,i,i",;;;,"114,114,7,7",114 × 114 × 7 × 7,5094432,0.000273239
1,37,Product,intermediate,I,440722,1392,2226240,496,496,18975696,412348416,62,,,,,"I(μ̃_19734,μ̃_19732,i_2,i_1) * I(i_2,i_1,μ̃_19732;a_1i_1i_2) -> I(μ̃_19734,i_1,i_2;a_1i_1i_2)","I(μ̃_19734,i_1,i_2;a_1i_1i_2)","I(μ̃_19734,μ̃_19732,i_2,i_1)","I(i_2,i_1,μ̃_19732;a_1i_1i_2)","I(μ̃_19734,i_1,i_2;a_1i_1i_2)","μ̃,i,i,a",";;;i_1,i_2","114,7,7,",114 × 7 × 7 × ?,,
1,37,Product,residual,R,416874,496,2226240,384,384,18975696,412348416,48,,,,,"I(μ̃_19734,i_1,i_2;a_1i_1i_2) * I(i_2,i_1,μ̃_19734;a_2i_1i_2) -> R(i_2,i_1;a_2i_1i_2,a_1i_1i_2)","R(i_2,i_1;a_2i_1i_2,a_1i_1i_2)","I(μ̃_19734,i_1,i_2;a_1i_1i_2)","I(i_2,i_1,μ̃_19734;a_2i_1i_2)","R(i_2,i_1;a_2i_1i_2,a_1i_1i_2)","i,i,a,a",";;i_1,i_2;i_1,i_2","7,7,,",7 × 7 × ? × ?,,
1,37,Permute,residual,R,70162,,,384,384,18975696,412348416,48,,,,,"R(i_2,i_1;a_2i_1i_2,a_1i_1i_2)","R(i_2,i_1;a_2i_1i_2,a_1i_1i_2)",,,,"i,i,a,a",";;i_1,i_2;i_1,i_2","7,7,,",7 × 7 × ? × ?,,
1,38,Product,intermediate,I,320454,432,400,400,400,18975696,412348416,50,,,,,"I(i_4,i_3,i_2,i_1) * I(i_2,i_1,i_3;a_1i_1i_2) -> I(i_4,i_1,i_2;a_1i_1i_2)","I(i_4,i_1,i_2;a_1i_1i_2)","I(i_4,i_3,i_2,i_1)","I(i_2,i_1,i_3;a_1i_1i_2)","I(i_4,i_1,i_2;a_1i_1i_2)","i,i,i,a",";;;i_1,i_2","7,7,7,",7 × 7 × 7 × ?,,
1,38,Product,residual,R,339892,400,400,384,384,18975696,412348416,48,,,,,"I(i_4,i_1,i_2;a_1i_1i_2) * I(i_2,i_1,i_4;a_2i_1i_2) -> R(i_2,i_1;a_2i_1i_2,a_1i_1i_2)","R(i_2,i_1;a_2i_1i_2,a_1i_1i_2)","I(i_4,i_1,i_2;a_1i_1i_2)","I(i_2,i_1,i_4;a_2i_1i_2)","R(i_2,i_1;a_2i_1i_2,a_1i_1i_2)","i,i,a,a",";;i_1,i_2;i_1,i_2","7,7,,",7 × 7 × ? × ?,,
1,38,Permute,residual,R,73452,,,384,384,18975696,412348416,48,,,,,"R(i_2,i_1;a_2i_1i_2,a_1i_1i_2)","R(i_2,i_1;a_2i_1i_2,a_1i_1i_2)",,,,"i,i,a,a",";;i_1,i_2;i_1,i_2","7,7,,",7 × 7 × ? × ?,,
1,39,Tensor,leaf,g,12641,,,1843152,1843152,18975696,412348416,230394,225036,-13.713518793894858,9.824790694343461,0.192547847698342,"g(μ̃_19735,i_3,Κ_1)","g(μ̃_19735,i_3,Κ_1)",,,,"μ̃,i,Κ",;;,"114,7,282",114 × 7 × 282,1800288,1.02381
1,39,Tensor,leaf,g,6862,,,29489328,29489328,44779152,412348416,3686166,3664872,328.03408291046827,123.92989425956779,0.8503952014554771,"g(μ̃_19736,μ̃_19737,Κ_1)","g(μ̃_19736,μ̃_19737,Κ_1)",,,,"μ̃,μ̃,Κ",;;,"114,114,282",114 × 114 × 282,29318976,1.00581
1,39,Product,intermediate,I,426824854,1843152,29489328,83306800,83306800,129929104,483176448,10413350,10370808,2.634686521635182,25.44662968584611,0.22485796142286787,"g(μ̃_19735,i_3,Κ_1) * g(μ̃_19736,μ̃_19737,Κ_1) -> I(i_3,μ̃_19737,μ̃_19736,μ̃_19735)","I(i_3,μ̃_19737,μ̃_19736,μ̃_19735)","g(μ̃_19735,i_3,Κ_1)","g(μ̃_19736,μ̃_19737,Κ_1)","I(i_3,μ̃_19737,μ̃_19736,μ̃_19735)","i,μ̃,μ̃,μ̃",;;;,"7,114,114,114",7 × 114 × 114 × 114,82966464,1.0041
1,39,Product,intermediate,I,641529,83306800,1392,624,624,129929104,483176448,78,0,0.0,0.0,0.0,"I(i_3,μ̃_19737,μ̃_19736,μ̃_19735) * I(μ̃_19736,μ̃_19735,i_1,i_2) -> I(i_3,μ̃_19737,i_1,i_2)","I(i_3,μ̃_19737,i_1,i_2)","I(i_3,μ̃_19737,μ̃_19736,μ̃_19735)","I(μ̃_19736,μ̃_19735,i_1,i_2)","I(i_3,μ̃_19737,i_1,i_2)","i,μ̃,i,i",;;;,"7,114,7,7",7 × 114 × 7 × 7,312816,0.00199478
1,39,Tensor,leaf,C,21045,,,2207664,2207664,129929104,483176448,275958,,,,,"C(i_2,i_1,μ̃_19737;a_1i_1i_2)","C(i_2,i_1,μ̃_19737;a_1i_1i_2)",,,,"i,i,μ̃,a",";;;i_1,i_2","7,7,114,",7 × 7 × 114 × ?,,
1,39,Product,intermediate,I,446485,624,2207664,400,400,129929104,483176448,50,,,,,"I(i_3,μ̃_19737,i_1,i_2) * C(i_2,i_1,μ̃_19737;a_1i_1i_2) -> I(i_3,i_1,i_2;a_1i_1i_2)","I(i_3,i_1,i_2;a_1i_1i_2)","I(i_3,μ̃_19737,i_1,i_2)","C(i_2,i_1,μ̃_19737;a_1i_1i_2)","I(i_3,i_1,i_2;a_1i_1i_2)","i,i,i,a",";;;i_1,i_2","7,7,7,",7 × 7 × 7 × ?,,
1,39,Product,intermediate,I,262743,400,400,384,384,129929104,483176448,48,,,,,"I(i_3,i_1,i_2;a_1i_1i_2) * I(i_2,i_1,i_3;a_2i_1i_2) -> I(i_1,i_2;a_1i_1i_2,a_2i_1i_2)","I(i_1,i_2;a_1i_1i_2,a_2i_1i_2)","I(i_3,i_1,i_2;a_1i_1i_2)","I(i_2,i_1,i_3;a_2i_1i_2)","I(i_1,i_2;a_1i_1i_2,a_2i_1i_2)","i,i,a,a",";;i_1,i_2;i_1,i_2","7,7,,",7 × 7 × ? × ?,,
1,39,Constant,constant,_const,2148,,,8,8,129929104,483176448,1,,,,,-2,-2,,,,,,,scalar,8,1
1,39,Product,residual,R,56299,384,8,384,384,129929104,483176448,48,,,,,"I(i_1,i_2;a_1i_1i_2,a_2i_1i_2) * -2 -> R(i_1,i_2;a_1i_1i_2,a_2i_1i_2)","R(i_1,i_2;a_1i_1i_2,a_2i_1i_2)","I(i_1,i_2;a_1i_1i_2,a_2i_1i_2)",-2,"R(i_1,i_2;a_1i_1i_2,a_2i_1i_2)","i,i,a,a",";;i_1,i_2;i_1,i_2","7,7,,",7 × 7 × ? × ?,,
1,39,Permute,residual,R,70652,,,384,384,129929104,483176448,48,,,,,"R(i_1,i_2;a_1i_1i_2,a_2i_1i_2)","R(i_1,i_2;a_1i_1i_2,a_2i_1i_2)",,,,"i,i,a,a",";;i_1,i_2;i_1,i_2","7,7,,",7 × 7 × ? × ?,,
1,40,Product,intermediate,I,304710,432,400,400,400,129929104,483176448,50,,,,,"I(i_4,i_3,i_2,i_1) * I(i_2,i_1,i_3;a_1i_1i_2) -> I(i_4,i_1,i_2;a_1i_1i_2)","I(i_4,i_1,i_2;a_1i_1i_2)","I(i_4,i_3,i_2,i_1)","I(i_2,i_1,i_3;a_1i_1i_2)","I(i_4,i_1,i_2;a_1i_1i_2)","i,i,i,a",";;;i_1,i_2","7,7,7,",7 × 7 × 7 × ?,,
1,40,Product,residual,R,308129,400,400,384,384,129929104,483176448,48,,,,,"I(i_4,i_1,i_2;a_1i_1i_2) * I(i_2,i_1,i_4;a_2i_1i_2) -> R(i_2,i_1;a_2i_1i_2,a_1i_1i_2)","R(i_2,i_1;a_2i_1i_2,a_1i_1i_2)","I(i_4,i_1,i_2;a_1i_1i_2)","I(i_2,i_1,i_4;a_2i_1i_2)","R(i_2,i_1;a_2i_1i_2,a_1i_1i_2)","i,i,a,a",";;i_1,i_2;i_1,i_2","7,7,,",7 × 7 × ? × ?,,
1,40,Permute,residual,R,96208,,,384,384,129929104,483176448,48,,,,,"R(i_2,i_1;a_2i_1i_2,a_1i_1i_2)","R(i_2,i_1;a_2i_1i_2,a_1i_1i_2)",,,,"i,i,a,a",";;i_1,i_2;i_1,i_2","7,7,,",7 × 7 × ? × ?,,
1,41,Tensor,leaf,g,12655,,,1843152,1843152,129929104,483176448,230394,225036,-13.713518793894858,9.824790694343461,0.192547847698342,"g(μ̃_19776,i_3,Κ_1)","g(μ̃_19776,i_3,Κ_1)",,,,"μ̃,i,Κ",;;,"114,7,282",114 × 7 × 282,1800288,1.02381
1,41,Tensor,leaf,C,8754,,,2207664,2207664,129929104,483176448,275958,,,,,"C(i_3,i_1,μ̃_19776;a_3i_1i_3)","C(i_3,i_1,μ̃_19776;a_3i_1i_3)",,,,"i,i,μ̃,a",";;;i_1,i_3","7,7,114,",7 × 7 × 114 × ?,,
1,41,Product,intermediate,I,20111951,1843152,2207664,5490816,5490816,129929104,485068800,686352,,,,,"g(μ̃_19776,i_3,Κ_1) * C(i_3,i_1,μ̃_19776;a_3i_1i_3) -> I(i_1,i_3,Κ_1;a_3i_1i_3)","I(i_1,i_3,Κ_1;a_3i_1i_3)","g(μ̃_19776,i_3,Κ_1)","C(i_3,i_1,μ̃_19776;a_3i_1i_3)","I(i_1,i_3,Κ_1;a_3i_1i_3)","i,i,Κ,a",";;;i_1,i_3","7,7,282,",7 × 7 × 282 × ?,,
1,41,Product,intermediate,I,541475,5490816,496,880,880,129929104,485068800,110,0,0.0,0.0,0.0,"I(i_1,i_3,Κ_1;a_3i_1i_3) * I(μ̃_19779,i_3,i_1;a_3i_1i_3) -> I(μ̃_19779,i_1,Κ_1)","I(μ̃_19779,i_1,Κ_1)","I(i_1,i_3,Κ_1;a_3i_1i_3)","I(μ̃_19779,i_3,i_1;a_3i_1i_3)","I(μ̃_19779,i_1,Κ_1)","μ̃,i,Κ",;;,"114,7,282",114 × 7 × 282,1800288,0.000488811
1,41,Product,intermediate,I,448467,880,2226240,496,496,129929104,485068800,62,,,,,"I(μ̃_19779,i_1,Κ_1) * I(i_2,i_1,μ̃_19779;a_1i_1i_2) -> I(i_2,i_1,Κ_1;a_1i_1i_2)","I(i_2,i_1,Κ_1;a_1i_1i_2)","I(μ̃_19779,i_1,Κ_1)","I(i_2,i_1,μ̃_19779;a_1i_1i_2)","I(i_2,i_1,Κ_1;a_1i_1i_2)","i,i,Κ,a",";;;i_1,i_2","7,7,282,",7 × 7 × 282 × ?,,
1,41,Product,intermediate,I,621800,5490816,496,880,880,129929104,485068800,110,0,0.0,0.0,0.0,"I(i_2,i_4,Κ_1;a_4i_2i_4) * I(μ̃_19781,i_2,i_4;a_4i_2i_4) -> I(μ̃_19781,i_2,Κ_1)","I(μ̃_19781,i_2,Κ_1)","I(i_2,i_4,Κ_1;a_4i_2i_4)","I(μ̃_19781,i_2,i_4;a_4i_2i_4)","I(μ̃_19781,i_2,Κ_1)","μ̃,i,Κ",;;,"114,7,282",114 × 7 × 282,1800288,0.000488811
1,41,Product,intermediate,I,378928,496,880,496,496,129929104,485068800,62,,,,,"I(i_2,i_1,Κ_1;a_1i_1i_2) * I(μ̃_19781,i_2,Κ_1) -> I(μ̃_19781,i_1,i_2;a_1i_1i_2)","I(μ̃_19781,i_1,i_2;a_1i_1i_2)","I(i_2,i_1,Κ_1;a_1i_1i_2)","I(μ̃_19781,i_2,Κ_1)","I(μ̃_19781,i_1,i_2;a_1i_1i_2)","μ̃,i,i,a",";;;i_1,i_2","114,7,7,",114 × 7 × 7 × ?,,
1,41,Product,intermediate,I,380229,496,2226240,384,384,129929104,485068800,48,,,,,"I(μ̃_19781,i_1,i_2;a_1i_1i_2) * I(i_2,i_1,μ̃_19781;a_2i_1i_2) -> I(i_2,i_1;a_1i_1i_2,a_2i_1i_2)","I(i_2,i_1;a_1i_1i_2,a_2i_1i_2)","I(μ̃_19781,i_1,i_2;a_1i_1i_2)","I(i_2,i_1,μ̃_19781;a_2i_1i_2)","I(i_2,i_1;a_1i_1i_2,a_2i_1i_2)","i,i,a,a",";;i_1,i_2;i_1,i_2","7,7,,",7 × 7 × ? × ?,,
1,41,Constant,constant,_const,1385,,,8,8,129929104,485068800,1,,,,,-4,-4,,,,,,,scalar,8,1
1,41,Product,residual,R,63031,384,8,384,384,129929104,485068800,48,,,,,"I(i_2,i_1;a_1i_1i_2,a_2i_1i_2) * -4 -> R(i_2,i_1;a_1i_1i_2,a_2i_1i_2)","R(i_2,i_1;a_1i_1i_2,a_2i_1i_2)","I(i_2,i_1;a_1i_1i_2,a_2i_1i_2)",-4,"R(i_2,i_1;a_1i_1i_2,a_2i_1i_2)","i,i,a,a",";;i_1,i_2;i_1,i_2","7,7,,",7 × 7 × ? × ?,,
1,41,Permute,residual,R,68740,,,384,384,129929104,485068800,48,,,,,"R(i_2,i_1;a_1i_1i_2,a_2i_1i_2)","R(i_2,i_1;a_1i_1i_2,a_2i_1i_2)",,,,"i,i,a,a",";;i_1,i_2;i_1,i_2","7,7,,",7 × 7 × ? × ?,,
1,42,Tensor,leaf,g,13631,,,29489328,29489328,133578592,485068800,3686166,3664872,328.03408291046827,123.92989425956779,0.8503952014554771,"g(μ̃_19895,μ̃_19896,Κ_1)","g(μ̃_19895,μ̃_19896,Κ_1)",,,,"μ̃,μ̃,Κ",;;,"114,114,282",114 × 114 × 282,29318976,1.00581
1,42,Product,intermediate,I,387290,29489328,432,880,880,133579472,485068800,110,0,0.0,0.0,0.0,"g(μ̃_19895,μ̃_19896,Κ_1) * I(μ̃_19895,i_2) -> I(μ̃_19896,i_2,Κ_1)","I(μ̃_19896,i_2,Κ_1)","g(μ̃_19895,μ̃_19896,Κ_1)","I(μ̃_19895,i_2)","I(μ̃_19896,i_2,Κ_1)","μ̃,i,Κ",;;,"114,7,282",114 × 7 × 282,1800288,0.000488811
1,42,Tensor,leaf,C,15768,,,2207664,2207664,133579472,485068800,275958,,,,,"C(i_2,i_1,μ̃_19896;a_2i_1i_2)","C(i_2,i_1,μ̃_19896;a_2i_1i_2)",,,,"i,i,μ̃,a",";;;i_1,i_2","7,7,114,",7 × 7 × 114 × ?,,
1,42,Product,intermediate,I,418309,880,2207664,496,496,133579472,485068800,62,,,,,"I(μ̃_19896,i_2,Κ_1) * C(i_2,i_1,μ̃_19896;a_2i_1i_2) -> I(i_1,i_2,Κ_1;a_2i_1i_2)","I(i_1,i_2,Κ_1;a_2i_1i_2)","I(μ̃_19896,i_2,Κ_1)","C(i_2,i_1,μ̃_19896;a_2i_1i_2)","I(i_1,i_2,Κ_1;a_2i_1i_2)","i,i,Κ,a",";;;i_1,i_2","7,7,282,",7 × 7 × 282 × ?,,
1,42,Product,intermediate,I,370489,496,880,496,496,133579472,485068800,62,,,,,"I(i_1,i_2,Κ_1;a_2i_1i_2) * I(μ̃_19898,i_1,Κ_1) -> I(μ̃_19898,i_2,i_1;a_2i_1i_2)","I(μ̃_19898,i_2,i_1;a_2i_1i_2)","I(i_1,i_2,Κ_1;a_2i_1i_2)","I(μ̃_19898,i_1,Κ_1)","I(μ̃_19898,i_2,i_1;a_2i_1i_2)","μ̃,i,i,a",";;;i_1,i_2","114,7,7,",114 × 7 × 7 × ?,,
1,42,Product,intermediate,I,405671,496,2226240,384,384,133579472,485068800,48,,,,,"I(μ̃_19898,i_2,i_1;a_2i_1i_2) * I(i_2,i_1,μ̃_19898;a_1i_1i_2) -> I(i_1,i_2;a_1i_1i_2,a_2i_1i_2)","I(i_1,i_2;a_1i_1i_2,a_2i_1i_2)","I(μ̃_19898,i_2,i_1;a_2i_1i_2)","I(i_2,i_1,μ̃_19898;a_1i_1i_2)","I(i_1,i_2;a_1i_1i_2,a_2i_1i_2)","i,i,a,a",";;i_1,i_2;i_1,i_2","7,7,,",7 × 7 × ? × ?,,
1,42,Constant,constant,_const,1732,,,8,8,133579472,485068800,1,,,,,-2,-2,,,,,,,scalar,8,1
1,42,Product,residual,R,69273,384,8,384,384,133579472,485068800,48,,,,,"I(i_1,i_2;a_1i_1i_2,a_2i_1i_2) * -2 -> R(i_1,i_2;a_1i_1i_2,a_2i_1i_2)","R(i_1,i_2;a_1i_1i_2,a_2i_1i_2)","I(i_1,i_2;a_1i_1i_2,a_2i_1i_2)",-2,"R(i_1,i_2;a_1i_1i_2,a_2i_1i_2)","i,i,a,a",";;i_1,i_2;i_1,i_2","7,7,,",7 × 7 × ? × ?,,
1,42,Permute,residual,R,61801,,,384,384,133579472,485068800,48,,,,,"R(i_1,i_2;a_1i_1i_2,a_2i_1i_2)","R(i_1,i_2;a_1i_1i_2,a_2i_1i_2)",,,,"i,i,a,a",";;i_1,i_2;i_1,i_2","7,7,,",7 × 7 × ? × ?,,
1,43,Product,intermediate,I,338474,496,880,496,496,133579472,485068800,62,,,,,"I(i_2,i_1,Κ_1;a_1i_1i_2) * I(μ̃_19944,i_2,Κ_1) -> I(μ̃_19944,i_1,i_2;a_1i_1i_2)","I(μ̃_19944,i_1,i_2;a_1i_1i_2)","I(i_2,i_1,Κ_1;a_1i_1i_2)","I(μ̃_19944,i_2,Κ_1)","I(μ̃_19944,i_1,i_2;a_1i_1i_2)","μ̃,i,i,a",";;;i_1,i_2","114,7,7,",114 × 7 × 7 × ?,,
1,43,Product,residual,R,426035,496,2226240,384,384,133579472,485068800,48,,,,,"I(μ̃_19944,i_1,i_2;a_1i_1i_2) * I(i_2,i_1,μ̃_19944;a_2i_1i_2) -> R(i_2,i_1;a_2i_1i_2,a_1i_1i_2)","R(i_2,i_1;a_2i_1i_2,a_1i_1i_2)","I(μ̃_19944,i_1,i_2;a_1i_1i_2)","I(i_2,i_1,μ̃_19944;a_2i_1i_2)","R(i_2,i_1;a_2i_1i_2,a_1i_1i_2)","i,i,a,a",";;i_1,i_2;i_1,i_2","7,7,,",7 × 7 × ? × ?,,
1,43,Permute,residual,R,71431,,,384,384,133579472,485068800,48,,,,,"R(i_2,i_1;a_2i_1i_2,a_1i_1i_2)","R(i_2,i_1;a_2i_1i_2,a_1i_1i_2)",,,,"i,i,a,a",";;i_1,i_2;i_1,i_2","7,7,,",7 × 7 × ? × ?,,
1,44,Product,intermediate,I,418756,496,880,496,496,133579472,485068800,62,,,,,"I(i_1,i_2,Κ_1;a_2i_1i_2) * I(μ̃_19836,i_1,Κ_1) -> I(μ̃_19836,i_2,i_1;a_2i_1i_2)","I(μ̃_19836,i_2,i_1;a_2i_1i_2)","I(i_1,i_2,Κ_1;a_2i_1i_2)","I(μ̃_19836,i_1,Κ_1)","I(μ̃_19836,i_2,i_1;a_2i_1i_2)","μ̃,i,i,a",";;;i_1,i_2","114,7,7,",114 × 7 × 7 × ?,,
1,44,Product,intermediate,I,399821,496,2226240,384,384,133579472,485068800,48,,,,,"I(μ̃_19836,i_2,i_1;a_2i_1i_2) * I(i_2,i_1,μ̃_19836;a_1i_1i_2) -> I(i_1,i_2;a_1i_1i_2,a_2i_1i_2)","I(i_1,i_2;a_1i_1i_2,a_2i_1i_2)","I(μ̃_19836,i_2,i_1;a_2i_1i_2)","I(i_2,i_1,μ̃_19836;a_1i_1i_2)","I(i_1,i_2;a_1i_1i_2,a_2i_1i_2)","i,i,a,a",";;i_1,i_2;i_1,i_2","7,7,,",7 × 7 × ? × ?,,
1,44,Constant,constant,_const,1101,,,8,8,133579472,485068800,1,,,,,4,4,,,,,,,scalar,8,1
1,44,Product,residual,R,67781,384,8,384,384,133579472,485068800,48,,,,,"I(i_1,i_2;a_1i_1i_2,a_2i_1i_2) * 4 -> R(i_1,i_2;a_1i_1i_2,a_2i_1i_2)","R(i_1,i_2;a_1i_1i_2,a_2i_1i_2)","I(i_1,i_2;a_1i_1i_2,a_2i_1i_2)",4,"R(i_1,i_2;a_1i_1i_2,a_2i_1i_2)","i,i,a,a",";;i_1,i_2;i_1,i_2","7,7,,",7 × 7 × ? × ?,,
1,44,Permute,residual,R,61045,,,384,384,133579472,485068800,48,,,,,"R(i_1,i_2;a_1i_1i_2,a_2i_1i_2)","R(i_1,i_2;a_1i_1i_2,a_2i_1i_2)",,,,"i,i,a,a",";;i_1,i_2;i_1,i_2","7,7,,",7 × 7 × ? × ?,,
1,45,Product,intermediate,I,376663,496,880,496,496,133579472,485068800,62,,,,,"I(i_2,i_1,Κ_1;a_1i_1i_2) * I(μ̃_19917,i_2,Κ_1) -> I(μ̃_19917,i_2,i_1;a_1i_1i_2)","I(μ̃_19917,i_2,i_1;a_1i_1i_2)","I(i_2,i_1,Κ_1;a_1i_1i_2)","I(μ̃_19917,i_2,Κ_1)","I(μ̃_19917,i_2,i_1;a_1i_1i_2)","μ̃,i,i,a",";;;i_1,i_2","114,7,7,",114 × 7 × 7 × ?,,
1,45,Tensor,leaf,C,13548,,,2207664,2207664,133579472,485068800,275958,,,,,"C(i_2,i_1,μ̃_19917;a_2i_1i_2)","C(i_2,i_1,μ̃_19917;a_2i_1i_2)",,,,"i,i,μ̃,a",";;;i_1,i_2","7,7,114,",7 × 7 × 114 × ?,,
1,45,Product,residual,R,381138,496,2207664,384,384,133579472,485068800,48,,,,,"I(μ̃_19917,i_2,i_1;a_1i_1i_2) * C(i_2,i_1,μ̃_19917;a_2i_1i_2) -> R(i_2,i_1;a_2i_1i_2,a_1i_1i_2)","R(i_2,i_1;a_2i_1i_2,a_1i_1i_2)","I(μ̃_19917,i_2,i_1;a_1i_1i_2)","C(i_2,i_1,μ̃_19917;a_2i_1i_2)","R(i_2,i_1;a_2i_1i_2,a_1i_1i_2)","i,i,a,a",";;i_1,i_2;i_1,i_2","7,7,,",7 × 7 × ? × ?,,
1,45,Permute,residual,R,70427,,,384,384,133579472,485068800,48,,,,,"R(i_2,i_1;a_2i_1i_2,a_1i_1i_2)","R(i_2,i_1;a_2i_1i_2,a_1i_1i_2)",,,,"i,i,a,a",";;i_1,i_2;i_1,i_2","7,7,,",7 × 7 × ? × ?,,
1,46,Product,intermediate,I,407334,880,2226240,496,496,133579472,485068800,62,,,,,"I(μ̃_19862,i_1,Κ_1) * I(i_2,i_1,μ̃_19862;a_1i_1i_2) -> I(i_2,i_1,Κ_1;a_1i_1i_2)","I(i_2,i_1,Κ_1;a_1i_1i_2)","I(μ̃_19862,i_1,Κ_1)","I(i_2,i_1,μ̃_19862;a_1i_1i_2)","I(i_2,i_1,Κ_1;a_1i_1i_2)","i,i,Κ,a",";;;i_1,i_2","7,7,282,",7 × 7 × 282 × ?,,
1,46,Product,intermediate,I,350840,496,880,496,496,133579472,485068800,62,,,,,"I(i_2,i_1,Κ_1;a_1i_1i_2) * I(μ̃_19864,i_2,Κ_1) -> I(μ̃_19864,i_1,i_2;a_1i_1i_2)","I(μ̃_19864,i_1,i_2;a_1i_1i_2)","I(i_2,i_1,Κ_1;a_1i_1i_2)","I(μ̃_19864,i_2,Κ_1)","I(μ̃_19864,i_1,i_2;a_1i_1i_2)","μ̃,i,i,a",";;;i_1,i_2","114,7,7,",114 × 7 × 7 × ?,,
1,46,Product,intermediate,I,421132,496,2226240,384,384,133579472,485068800,48,,,,,"I(μ̃_19864,i_1,i_2;a_1i_1i_2) * I(i_2,i_1,μ̃_19864;a_2i_1i_2) -> I(i_2,i_1;a_2i_1i_2,a_1i_1i_2)","I(i_2,i_1;a_2i_1i_2,a_1i_1i_2)","I(μ̃_19864,i_1,i_2;a_1i_1i_2)","I(i_2,i_1,μ̃_19864;a_2i_1i_2)","I(i_2,i_1;a_2i_1i_2,a_1i_1i_2)","i,i,a,a",";;i_1,i_2;i_1,i_2","7,7,,",7 × 7 × ? × ?,,
1,46,Constant,constant,_const,953,,,8,8,133579472,485068800,1,,,,,4,4,,,,,,,scalar,8,1
1,46,Product,residual,R,80742,384,8,384,384,133579472,485068800,48,,,,,"I(i_2,i_1;a_2i_1i_2,a_1i_1i_2) * 4 -> R(i_2,i_1;a_2i_1i_2,a_1i_1i_2)","R(i_2,i_1;a_2i_1i_2,a_1i_1i_2)","I(i_2,i_1;a_2i_1i_2,a_1i_1i_2)",4,"R(i_2,i_1;a_2i_1i_2,a_1i_1i_2)","i,i,a,a",";;i_1,i_2;i_1,i_2","7,7,,",7 × 7 × ? × ?,,
1,46,Permute,residual,R,67141,,,384,384,133579472,485068800,48,,,,,"R(i_2,i_1;a_2i_1i_2,a_1i_1i_2)","R(i_2,i_1;a_2i_1i_2,a_1i_1i_2)",,,,"i,i,a,a",";;i_1,i_2;i_1,i_2","7,7,,",7 × 7 × ? × ?,,
1,47,Tensor,leaf,g,9531,,,29489328,29489328,133579472,485068800,3686166,3664872,328.03408291046827,123.92989425956779,0.8503952014554771,"g(μ̃_19829,μ̃_19830,Κ_1)","g(μ̃_19829,μ̃_19830,Κ_1)",,,,"μ̃,μ̃,Κ",;;,"114,114,282",114 × 114 × 282,29318976,1.00581
1,47,Product,intermediate,I,442617,496,29489328,1392,1392,133579472,485068800,174,0,0.0,0.0,0.0,"I(i_3,i_1,Κ_1) * g(μ̃_19829,μ̃_19830,Κ_1) -> I(i_3,μ̃_19830,μ̃_19829,i_1)","I(i_3,μ̃_19830,μ̃_19829,i_1)","I(i_3,i_1,Κ_1)","g(μ̃_19829,μ̃_19830,Κ_1)","I(i_3,μ̃_19830,μ̃_19829,i_1)","i,μ̃,μ̃,i",;;;,"7,114,114,7",7 × 114 × 114 × 7,5094432,0.000273239
1,47,Product,intermediate,I,375500,496,5489512,624,624,133579472,485068800,78,,,,,"I(μ̃_19829,i_2,i_3;a_5i_2i_3) * I(i_3,i_1,i_2;a_5i_2i_3,a_1i_1i_2) -> I(i_1,μ̃_19829,i_3,i_2;a_1i_1i_2)","I(i_1,μ̃_19829,i_3,i_2;a_1i_1i_2)","I(μ̃_19829,i_2,i_3;a_5i_2i_3)","I(i_3,i_1,i_2;a_5i_2i_3,a_1i_1i_2)","I(i_1,μ̃_19829,i_3,i_2;a_1i_1i_2)","i,μ̃,i,i,a",";;;;i_1,i_2","7,114,7,7,",7 × 114 × 7 × 7 × ?,,
1,47,Product,intermediate,I,474382,1392,624,496,496,133579472,485068800,62,,,,,"I(i_3,μ̃_19830,μ̃_19829,i_1) * I(i_1,μ̃_19829,i_3,i_2;a_1i_1i_2) -> I(μ̃_19830,i_1,i_2;a_1i_1i_2)","I(μ̃_19830,i_1,i_2;a_1i_1i_2)","I(i_3,μ̃_19830,μ̃_19829,i_1)","I(i_1,μ̃_19829,i_3,i_2;a_1i_1i_2)","I(μ̃_19830,i_1,i_2;a_1i_1i_2)","μ̃,i,i,a",";;;i_1,i_2","114,7,7,",114 × 7 × 7 × ?,,
1,47,Tensor,leaf,C,38123,,,2207664,2207664,133579472,485068800,275958,,,,,"C(i_2,i_1,μ̃_19830;a_2i_1i_2)","C(i_2,i_1,μ̃_19830;a_2i_1i_2)",,,,"i,i,μ̃,a",";;;i_1,i_2","7,7,114,",7 × 7 × 114 × ?,,
1,47,Product,intermediate,I,509051,496,2207664,384,384,133579472,485068800,48,,,,,"I(μ̃_19830,i_1,i_2;a_1i_1i_2) * C(i_2,i_1,μ̃_19830;a_2i_1i_2) -> I(i_1,i_2;a_2i_1i_2,a_1i_1i_2)","I(i_1,i_2;a_2i_1i_2,a_1i_1i_2)","I(μ̃_19830,i_1,i_2;a_1i_1i_2)","C(i_2,i_1,μ̃_19830;a_2i_1i_2)","I(i_1,i_2;a_2i_1i_2,a_1i_1i_2)","i,i,a,a",";;i_1,i_2;i_1,i_2","7,7,,",7 × 7 × ? × ?,,
1,47,Constant,constant,_const,17324,,,8,8,133579472,485068800,1,,,,,-2,-2,,,,,,,scalar,8,1
1,47,Product,residual,R,62424,384,8,384,384,133579472,485068800,48,,,,,"I(i_1,i_2;a_2i_1i_2,a_1i_1i_2) * -2 -> R(i_1,i_2;a_2i_1i_2,a_1i_1i_2)","R(i_1,i_2;a_2i_1i_2,a_1i_1i_2)","I(i_1,i_2;a_2i_1i_2,a_1i_1i_2)",-2,"R(i_1,i_2;a_2i_1i_2,a_1i_1i_2)","i,i,a,a",";;i_1,i_2;i_1,i_2","7,7,,",7 × 7 × ? × ?,,
1,47,Permute,residual,R,71118,,,384,384,133579472,485068800,48,,,,,"R(i_1,i_2;a_2i_1i_2,a_1i_1i_2)","R(i_1,i_2;a_2i_1i_2,a_1i_1i_2)",,,,"i,i,a,a",";;i_1,i_2;i_1,i_2","7,7,,",7 × 7 × ? × ?,,
1,48,Product,intermediate,I,384638,496,5489512,624,624,133579472,485068800,78,,,,,"I(μ̃_19880,i_3,i_2;a_5i_2i_3) * I(i_1,i_3,i_2;a_2i_1i_2,a_5i_2i_3) -> I(i_1,μ̃_19880,i_3,i_2;a_2i_1i_2)","I(i_1,μ̃_19880,i_3,i_2;a_2i_1i_2)","I(μ̃_19880,i_3,i_2;a_5i_2i_3)","I(i_1,i_3,i_2;a_2i_1i_2,a_5i_2i_3)","I(i_1,μ̃_19880,i_3,i_2;a_2i_1i_2)","i,μ̃,i,i,a",";;;;i_1,i_2","7,114,7,7,",7 × 114 × 7 × 7 × ?,,
1,48,Product,intermediate,I,481653,1392,624,496,496,133579472,485068800,62,,,,,"I(i_3,μ̃_19881,μ̃_19880,i_1) * I(i_1,μ̃_19880,i_3,i_2;a_2i_1i_2) -> I(μ̃_19881,i_1,i_2;a_2i_1i_2)","I(μ̃_19881,i_1,i_2;a_2i_1i_2)","I(i_3,μ̃_19881,μ̃_19880,i_1)","I(i_1,μ̃_19880,i_3,i_2;a_2i_1i_2)","I(μ̃_19881,i_1,i_2;a_2i_1i_2)","μ̃,i,i,a",";;;i_1,i_2","114,7,7,",114 × 7 × 7 × ?,,
1,48,Tensor,leaf,C,13727,,,2207664,2207664,133579472,485068800,275958,,,,,"C(i_2,i_1,μ̃_19881;a_1i_1i_2)","C(i_2,i_1,μ̃_19881;a_1i_1i_2)",,,,"i,i,μ̃,a",";;;i_1,i_2","7,7,114,",7 × 7 × 114 × ?,,
1,48,Product,intermediate,I,431622,496,2207664,384,384,133579472,485068800,48,,,,,"I(μ̃_19881,i_1,i_2;a_2i_1i_2) * C(i_2,i_1,μ̃_19881;a_1i_1i_2) -> I(i_1,i_2;a_1i_1i_2,a_2i_1i_2)","I(i_1,i_2;a_1i_1i_2,a_2i_1i_2)","I(μ̃_19881,i_1,i_2;a_2i_1i_2)","C(i_2,i_1,μ̃_19881;a_1i_1i_2)","I(i_1,i_2;a_1i_1i_2,a_2i_1i_2)","i,i,a,a",";;i_1,i_2;i_1,i_2","7,7,,",7 × 7 × ? × ?,,
1,48,Constant,constant,_const,1043,,,8,8,133579472,485068800,1,,,,,-2,-2,,,,,,,scalar,8,1
1,48,Product,residual,R,67611,384,8,384,384,133579472,485068800,48,,,,,"I(i_1,i_2;a_1i_1i_2,a_2i_1i_2) * -2 -> R(i_1,i_2;a_1i_1i_2,a_2i_1i_2)","R(i_1,i_2;a_1i_1i_2,a_2i_1i_2)","I(i_1,i_2;a_1i_1i_2,a_2i_1i_2)",-2,"R(i_1,i_2;a_1i_1i_2,a_2i_1i_2)","i,i,a,a",";;i_1,i_2;i_1,i_2","7,7,,",7 × 7 × ? × ?,,
1,48,Permute,residual,R,58202,,,384,384,133579472,485068800,48,,,,,"R(i_1,i_2;a_1i_1i_2,a_2i_1i_2)","R(i_1,i_2;a_1i_1i_2,a_2i_1i_2)",,,,"i,i,a,a",";;i_1,i_2;i_1,i_2","7,7,,",7 × 7 × ? × ?,,
1,49,Tensor,leaf,g,6541,,,121536,121536,133579472,485068800,15192,13818,10.313570711989671,5.229066732803717,0.3618052751837755,"g(i_1,i_3,Κ_1)","g(i_1,i_3,Κ_1)",,,,"i,i,Κ",;;,"7,7,282",7 × 7 × 282,110544,1.09944
1,49,Tensor,leaf,g,5293,,,121536,121536,133579472,485068800,15192,13818,10.313570711989671,5.229066732803717,0.3618052751837755,"g(i_2,i_4,Κ_1)","g(i_2,i_4,Κ_1)",,,,"i,i,Κ",;;,"7,7,282",7 × 7 × 282,110544,1.09944
1,49,Product,intermediate,I,11787236,121536,121536,24888,24888,133579472,485068800,3111,2401,18.423459029187608,8.276222947679791,0.6956910132492969,"g(i_1,i_3,Κ_1) * g(i_2,i_4,Κ_1) -> I(i_3,i_1,i_4,i_2)","I(i_3,i_1,i_4,i_2)","g(i_1,i_3,Κ_1)","g(i_2,i_4,Κ_1)","I(i_3,i_1,i_4,i_2)","i,i,i,i",;;;,"7,7,7,7",7 × 7 × 7 × 7,19208,1.29571
1,49,Product,intermediate,I,267200,24888,1392,1392,1392,133579472,485068800,174,0,0.0,0.0,0.0,"I(i_3,i_1,i_4,i_2) * I(μ̃_19841,μ̃_19839,i_4,i_3) -> I(i_2,i_1,μ̃_19841,μ̃_19839)","I(i_2,i_1,μ̃_19841,μ̃_19839)","I(i_3,i_1,i_4,i_2)","I(μ̃_19841,μ̃_19839,i_4,i_3)","I(i_2,i_1,μ̃_19841,μ̃_19839)","i,i,μ̃,μ̃",;;;,"7,7,114,114",7 × 7 × 114 × 114,5094432,0.000273239
1,49,Product,intermediate,I,453071,1392,2226240,496,496,133579472,485068800,62,,,,,"I(i_2,i_1,μ̃_19841,μ̃_19839) * I(i_2,i_1,μ̃_19839;a_1i_1i_2) -> I(i_1,i_2,μ̃_19841;a_1i_1i_2)","I(i_1,i_2,μ̃_19841;a_1i_1i_2)","I(i_2,i_1,μ̃_19841,μ̃_19839)","I(i_2,i_1,μ̃_19839;a_1i_1i_2)","I(i_1,i_2,μ̃_19841;a_1i_1i_2)","i,i,μ̃,a",";;;i_1,i_2","7,7,114,",7 × 7 × 114 × ?,,
1,49,Product,residual,R,408779,496,2226240,384,384,133579472,485068800,48,,,,,"I(i_1,i_2,μ̃_19841;a_1i_1i_2) * I(i_2,i_1,μ̃_19841;a_2i_1i_2) -> R(i_2,i_1;a_2i_1i_2,a_1i_1i_2)","R(i_2,i_1;a_2i_1i_2,a_1i_1i_2)","I(i_1,i_2,μ̃_19841;a_1i_1i_2)","I(i_2,i_1,μ̃_19841;a_2i_1i_2)","R(i_2,i_1;a_2i_1i_2,a_1i_1i_2)","i,i,a,a",";;i_1,i_2;i_1,i_2","7,7,,",7 × 7 × ? × ?,,
1,49,Permute,residual,R,68962,,,384,384,133579472,485068800,48,,,,,"R(i_2,i_1;a_2i_1i_2,a_1i_1i_2)","R(i_2,i_1;a_2i_1i_2,a_1i_1i_2)",,,,"i,i,a,a",";;i_1,i_2;i_1,i_2","7,7,,",7 × 7 × ? × ?,,
1,50,Tensor,leaf,C,8954,,,2207664,2207664,133579472,485068800,275958,,,,,"C(i_4,i_2,μ̃_19740;a_3i_2i_4)","C(i_4,i_2,μ̃_19740;a_3i_2i_4)",,,,"i,i,μ̃,a",";;;i_2,i_4","7,7,114,",7 × 7 × 114 × ?,,
1,50,Product,intermediate,I,95965347,5179792,2207664,15528352,15528352,133579472,494800896,1941044,,,,,"I(i_4,i_3,μ̃_19741,μ̃_19740) * C(i_4,i_2,μ̃_19740;a_3i_2i_4) -> I(i_2,i_3,i_4,μ̃_19741;a_3i_2i_4)","I(i_2,i_3,i_4,μ̃_19741;a_3i_2i_4)","I(i_4,i_3,μ̃_19741,μ̃_19740)","C(i_4,i_2,μ̃_19740;a_3i_2i_4)","I(i_2,i_3,i_4,μ̃_19741;a_3i_2i_4)","i,i,i,μ̃,a",";;;;i_2,i_4","7,7,7,114,",7 × 7 × 7 × 114 × ?,,
1,50,Tensor,leaf,C,35587,,,2207664,2207664,133579472,494800896,275958,,,,,"C(i_3,i_1,μ̃_19741;a_4i_1i_3)","C(i_3,i_1,μ̃_19741;a_4i_1i_3)",,,,"i,i,μ̃,a",";;;i_1,i_3","7,7,114,",7 × 7 × 114 × ?,,
1,50,Product,intermediate,I,127987366,15528352,2207664,38260568,38260568,160107472,518320128,4782571,,,,,"I(i_2,i_3,i_4,μ̃_19741;a_3i_2i_4) * C(i_3,i_1,μ̃_19741;a_4i_1i_3) -> I(i_2,i_1,i_4,i_3;a_3i_2i_4,a_4i_1i_3)","I(i_2,i_1,i_4,i_3;a_3i_2i_4,a_4i_1i_3)","I(i_2,i_3,i_4,μ̃_19741;a_3i_2i_4)","C(i_3,i_1,μ̃_19741;a_4i_1i_3)","I(i_2,i_1,i_4,i_3;a_3i_2i_4,a_4i_1i_3)","i,i,i,i,a,a",";;;;i_2,i_4;i_1,i_3","7,7,7,7,,",7 × 7 × 7 × 7 × ? × ?,,
1,50,Tensor,leaf,t,2318,,,384,384,160107472,518320128,48,,,,,"t(i_2,i_4;a_6i_2i_4,a_3i_2i_4)","t(i_2,i_4;a_6i_2i_4,a_3i_2i_4)",,,,"i,i,a,a",";;i_2,i_4;i_2,i_4","7,7,,",7 × 7 × ? × ?,,
1,50,Product,intermediate,I,302174,5489512,384,400,400,160107472,518320128,50,,,,,"I(i_4,i_1,i_2;a_6i_2i_4,a_2i_1i_2) * t(i_2,i_4;a_6i_2i_4,a_3i_2i_4) -> I(i_1,i_4,i_2;a_2i_1i_2,a_3i_2i_4)","I(i_1,i_4,i_2;a_2i_1i_2,a_3i_2i_4)","I(i_4,i_1,i_2;a_6i_2i_4,a_2i_1i_2)","t(i_2,i_4;a_6i_2i_4,a_3i_2i_4)","I(i_1,i_4,i_2;a_2i_1i_2,a_3i_2i_4)","i,i,i,a,a",";;;i_1,i_2;i_2,i_4","7,7,7,,",7 × 7 × 7 × ? × ?,,
1,50,Product,intermediate,I,449964,38260568,400,400,400,160107472,518320128,50,,,,,"I(i_2,i_1,i_4,i_3;a_3i_2i_4,a_4i_1i_3) * I(i_1,i_4,i_2;a_2i_1i_2,a_3i_2i_4) -> I(i_1,i_3,i_2;a_4i_1i_3,a_2i_1i_2)","I(i_1,i_3,i_2;a_4i_1i_3,a_2i_1i_2)","I(i_2,i_1,i_4,i_3;a_3i_2i_4,a_4i_1i_3)","I(i_1,i_4,i_2;a_2i_1i_2,a_3i_2i_4)","I(i_1,i_3,i_2;a_4i_1i_3,a_2i_1i_2)","i,i,i,a,a",";;;i_1,i_3;i_1,i_2","7,7,7,,",7 × 7 × 7 × ? × ?,,
1,50,Product,intermediate,I,303431,400,400,384,384,160107472,518320128,48,,,,,"I(i_1,i_3,i_2;a_4i_1i_3,a_2i_1i_2) * I(i_2,i_3,i_1;a_1i_1i_2,a_4i_1i_3) -> I(i_1,i_2;a_1i_1i_2,a_2i_1i_2)","I(i_1,i_2;a_1i_1i_2,a_2i_1i_2)","I(i_1,i_3,i_2;a_4i_1i_3,a_2i_1i_2)","I(i_2,i_3,i_1;a_1i_1i_2,a_4i_1i_3)","I(i_1,i_2;a_1i_1i_2,a_2i_1i_2)","i,i,a,a",";;i_1,i_2;i_1,i_2","7,7,,",7 × 7 × ? × ?,,
1,50,Constant,constant,_const,1669,,,8,8,160107472,518320128,1,,,,,-2,-2,,,,,,,scalar,8,1
1,50,Product,residual,R,67218,384,8,384,384,160107472,518320128,48,,,,,"I(i_1,i_2;a_1i_1i_2,a_2i_1i_2) * -2 -> R(i_1,i_2;a_1i_1i_2,a_2i_1i_2)","R(i_1,i_2;a_1i_1i_2,a_2i_1i_2)","I(i_1,i_2;a_1i_1i_2,a_2i_1i_2)",-2,"R(i_1,i_2;a_1i_1i_2,a_2i_1i_2)","i,i,a,a",";;i_1,i_2;i_1,i_2","7,7,,",7 × 7 × ? × ?,,
1,50,Permute,residual,R,70746,,,384,384,160107472,518320128,48,,,,,"R(i_1,i_2;a_1i_1i_2,a_2i_1i_2)","R(i_1,i_2;a_1i_1i_2,a_2i_1i_2)",,,,"i,i,a,a",";;i_1,i_2;i_1,i_2","7,7,,",7 × 7 × ? × ?,,
1,51,Tensor,leaf,C,14212,,,2207664,2207664,160107472,518320128,275958,,,,,"C(i_4,i_1,μ̃_19752;a_4i_1i_4)","C(i_4,i_1,μ̃_19752;a_4i_1i_4)",,,,"i,i,μ̃,a",";;;i_1,i_4","7,7,114,",7 × 7 × 114 × ?,,
1,51,Product,intermediate,I,21484037,15528352,2207664,5538232,5538232,165646104,519942144,692279,,,,,"I(i_1,i_3,i_4,μ̃_19752;a_3i_1i_4) * C(i_4,i_1,μ̃_19752;a_4i_1i_4) -> I(i_1,i_3,i_4;a_3i_1i_4,a_4i_1i_4)","I(i_1,i_3,i_4;a_3i_1i_4,a_4i_1i_4)","I(i_1,i_3,i_4,μ̃_19752;a_3i_1i_4)","C(i_4,i_1,μ̃_19752;a_4i_1i_4)","I(i_1,i_3,i_4;a_3i_1i_4,a_4i_1i_4)","i,i,i,a,a",";;;i_1,i_4;i_1,i_4","7,7,7,,",7 × 7 × 7 × ? × ?,,
1,51,Tensor,leaf,t,2911,,,384,384,165646104,519942144,48,,,,,"t(i_4,i_1;a_4i_1i_4,a_3i_1i_4)","t(i_4,i_1;a_4i_1i_4,a_3i_1i_4)",,,,"i,i,a,a",";;i_1,i_4;i_1,i_4","7,7,,",7 × 7 × ? × ?,,
1,51,Product,intermediate,I,472854,5538232,384,384,384,165646104,519942144,48,0,0.0,0.0,0.0,"I(i_1,i_3,i_4;a_3i_1i_4,a_4i_1i_4) * t(i_4,i_1;a_4i_1i_4,a_3i_1i_4) -> I(i_3,i_1)","I(i_3,i_1)","I(i_1,i_3,i_4;a_3i_1i_4,a_4i_1i_4)","t(i_4,i_1;a_4i_1i_4,a_3i_1i_4)","I(i_3,i_1)","i,i",;,"7,7",7 × 7,392,0.979592
1,51,Product,intermediate,I,271112,384,5489512,400,400,165646104,519942144,50,,,,,"I(i_3,i_1) * I(i_3,i_1,i_2;a_6i_2i_3,a_2i_1i_2) -> I(i_2,i_3,i_1;a_6i_2i_3,a_2i_1i_2)","I(i_2,i_3,i_1;a_6i_2i_3,a_2i_1i_2)","I(i_3,i_1)","I(i_3,i_1,i_2;a_6i_2i_3,a_2i_1i_2)","I(i_2,i_3,i_1;a_6i_2i_3,a_2i_1i_2)","i,i,i,a,a",";;;i_2,i_3;i_1,i_2","7,7,7,,",7 × 7 × 7 × ? × ?,,
1,51,Product,intermediate,I,350430,400,400,384,384,165646104,519942144,48,,,,,"I(i_2,i_3,i_1;a_6i_2i_3,a_2i_1i_2) * I(i_1,i_3,i_2;a_1i_1i_2,a_6i_2i_3) -> I(i_2,i_1;a_1i_1i_2,a_2i_1i_2)","I(i_2,i_1;a_1i_1i_2,a_2i_1i_2)","I(i_2,i_3,i_1;a_6i_2i_3,a_2i_1i_2)","I(i_1,i_3,i_2;a_1i_1i_2,a_6i_2i_3)","I(i_2,i_1;a_1i_1i_2,a_2i_1i_2)","i,i,a,a",";;i_1,i_2;i_1,i_2","7,7,,",7 × 7 × ? × ?,,
1,51,Constant,constant,_const,1499,,,8,8,165646104,519942144,1,,,,,-4,-4,,,,,,,scalar,8,1
1,51,Product,residual,R,83308,384,8,384,384,165646104,519942144,48,,,,,"I(i_2,i_1;a_1i_1i_2,a_2i_1i_2) * -4 -> R(i_2,i_1;a_1i_1i_2,a_2i_1i_2)","R(i_2,i_1;a_1i_1i_2,a_2i_1i_2)","I(i_2,i_1;a_1i_1i_2,a_2i_1i_2)",-4,"R(i_2,i_1;a_1i_1i_2,a_2i_1i_2)","i,i,a,a",";;i_1,i_2;i_1,i_2","7,7,,",7 × 7 × ? × ?,,
1,51,Permute,residual,R,68499,,,384,384,165646104,519942144,48,,,,,"R(i_2,i_1;a_1i_1i_2,a_2i_1i_2)","R(i_2,i_1;a_1i_1i_2,a_2i_1i_2)",,,,"i,i,a,a",";;i_1,i_2;i_1,i_2","7,7,,",7 × 7 × ? × ?,,
1,52,Tensor,leaf,f,22010,,,432,432,165646104,519942144,54,0,0.0,0.0,0.0,"f(μ̃_19800,i_3)","f(μ̃_19800,i_3)",,,,"μ̃,i",;,"114,7",114 × 7,6384,0.0676692
1,52,Tensor,leaf,C,10144,,,481264,481264,165646104,519942144,60158,,,,,"C(i_1,μ̃_19800;a_3i_1)","C(i_1,μ̃_19800;a_3i_1)",,,,"i,μ̃,a",;;i_1,"7,114,",7 × 114 × ?,,
1,52,Product,intermediate,I,210720,432,481264,384,384,165646104,519942144,48,,,,,"f(μ̃_19800,i_3) * C(i_1,μ̃_19800;a_3i_1) -> I(i_1,i_3;a_3i_1)","I(i_1,i_3;a_3i_1)","f(μ̃_19800,i_3)","C(i_1,μ̃_19800;a_3i_1)","I(i_1,i_3;a_3i_1)","i,i,a",;;i_1,"7,7,",7 × 7 × ?,,
1,52,Tensor,leaf,t,1541,,,376,376,165646104,519942144,47,,,,,t(i_1;a_3i_1),t(i_1;a_3i_1),,,,"i,a",;i_1,"7,",7 × ?,,
1,52,Product,intermediate,I,234520,384,376,384,384,165646104,519942144,48,0,0.0,0.0,0.0,"I(i_1,i_3;a_3i_1) * t(i_1;a_3i_1) -> I(i_3,i_1)","I(i_3,i_1)","I(i_1,i_3;a_3i_1)",t(i_1;a_3i_1),"I(i_3,i_1)","i,i",;,"7,7",7 × 7,392,0.979592
1,52,Product,intermediate,I,287439,384,5489512,400,400,165646104,519942144,50,,,,,"I(i_3,i_1) * I(i_1,i_3,i_2;a_2i_1i_2,a_5i_2i_3) -> I(i_2,i_3,i_1;a_5i_2i_3,a_2i_1i_2)","I(i_2,i_3,i_1;a_5i_2i_3,a_2i_1i_2)","I(i_3,i_1)","I(i_1,i_3,i_2;a_2i_1i_2,a_5i_2i_3)","I(i_2,i_3,i_1;a_5i_2i_3,a_2i_1i_2)","i,i,i,a,a",";;;i_2,i_3;i_1,i_2","7,7,7,,",7 × 7 × 7 × ? × ?,,
1,52,Product,intermediate,I,233795,400,400,384,384,165646104,519942144,48,,,,,"I(i_2,i_3,i_1;a_5i_2i_3,a_2i_1i_2) * I(i_1,i_3,i_2;a_1i_1i_2,a_5i_2i_3) -> I(i_1,i_2;a_2i_1i_2,a_1i_1i_2)","I(i_1,i_2;a_2i_1i_2,a_1i_1i_2)","I(i_2,i_3,i_1;a_5i_2i_3,a_2i_1i_2)","I(i_1,i_3,i_2;a_1i_1i_2,a_5i_2i_3)","I(i_1,i_2;a_2i_1i_2,a_1i_1i_2)","i,i,a,a",";;i_1,i_2;i_1,i_2","7,7,,",7 × 7 × ? × ?,,
1,52,Constant,constant,_const,1353,,,8,8,165646104,519942144,1,,,,,-2,-2,,,,,,,scalar,8,1
1,52,Product,residual,R,65597,384,8,384,384,165646104,519942144,48,,,,,"I(i_1,i_2;a_2i_1i_2,a_1i_1i_2) * -2 -> R(i_1,i_2;a_2i_1i_2,a_1i_1i_2)","R(i_1,i_2;a_2i_1i_2,a_1i_1i_2)","I(i_1,i_2;a_2i_1i_2,a_1i_1i_2)",-2,"R(i_1,i_2;a_2i_1i_2,a_1i_1i_2)","i,i,a,a",";;i_1,i_2;i_1,i_2","7,7,,",7 × 7 × ? × ?,,
1,52,Permute,residual,R,62145,,,384,384,165646104,519942144,48,,,,,"R(i_1,i_2;a_2i_1i_2,a_1i_1i_2)","R(i_1,i_2;a_2i_1i_2,a_1i_1i_2)",,,,"i,i,a,a",";;i_1,i_2;i_1,i_2","7,7,,",7 × 7 × ? × ?,,
1,53,Product,intermediate,I,375276,38260568,400,400,400,165646104,519942144,50,,,,,"I(i_2,i_1,i_4,i_3;a_3i_2i_4,a_4i_1i_3) * I(i_1,i_4,i_2;a_1i_1i_2,a_3i_2i_4) -> I(i_1,i_3,i_2;a_4i_1i_3,a_1i_1i_2)","I(i_1,i_3,i_2;a_4i_1i_3,a_1i_1i_2)","I(i_2,i_1,i_4,i_3;a_3i_2i_4,a_4i_1i_3)","I(i_1,i_4,i_2;a_1i_1i_2,a_3i_2i_4)","I(i_1,i_3,i_2;a_4i_1i_3,a_1i_1i_2)","i,i,i,a,a",";;;i_1,i_3;i_1,i_2","7,7,7,,",7 × 7 × 7 × ? × ?,,
1,53,Product,residual,R,296464,400,400,384,384,165646104,519942144,48,,,,,"I(i_1,i_3,i_2;a_4i_1i_3,a_1i_1i_2) * I(i_2,i_3,i_1;a_2i_1i_2,a_4i_1i_3) -> R(i_1,i_2;a_2i_1i_2,a_1i_1i_2)","R(i_1,i_2;a_2i_1i_2,a_1i_1i_2)","I(i_1,i_3,i_2;a_4i_1i_3,a_1i_1i_2)","I(i_2,i_3,i_1;a_2i_1i_2,a_4i_1i_3)","R(i_1,i_2;a_2i_1i_2,a_1i_1i_2)","i,i,a,a",";;i_1,i_2;i_1,i_2","7,7,,",7 × 7 × ? × ?,,
1,53,Permute,residual,R,61991,,,384,384,165646104,519942144,48,,,,,"R(i_1,i_2;a_2i_1i_2,a_1i_1i_2)","R(i_1,i_2;a_2i_1i_2,a_1i_1i_2)",,,,"i,i,a,a",";;i_1,i_2;i_1,i_2","7,7,,",7 × 7 × ? × ?,,
1,54,Product,intermediate,I,225554,400,400,384,384,165646104,519942144,48,,,,,"I(i_2,i_3,i_1;a_4i_2i_3,a_1i_1i_2) * I(i_1,i_3,i_2;a_2i_1i_2,a_4i_2i_3) -> I(i_2,i_1;a_1i_1i_2,a_2i_1i_2)","I(i_2,i_1;a_1i_1i_2,a_2i_1i_2)","I(i_2,i_3,i_1;a_4i_2i_3,a_1i_1i_2)","I(i_1,i_3,i_2;a_2i_1i_2,a_4i_2i_3)","I(i_2,i_1;a_1i_1i_2,a_2i_1i_2)","i,i,a,a",";;i_1,i_2;i_1,i_2","7,7,,",7 × 7 × ? × ?,,
1,54,Constant,constant,_const,1330,,,8,8,165646104,519942144,1,,,,,2,2,,,,,,,scalar,8,1
1,54,Product,residual,R,62380,384,8,384,384,165646104,519942144,48,,,,,"I(i_2,i_1;a_1i_1i_2,a_2i_1i_2) * 2 -> R(i_2,i_1;a_1i_1i_2,a_2i_1i_2)","R(i_2,i_1;a_1i_1i_2,a_2i_1i_2)","I(i_2,i_1;a_1i_1i_2,a_2i_1i_2)",2,"R(i_2,i_1;a_1i_1i_2,a_2i_1i_2)","i,i,a,a",";;i_1,i_2;i_1,i_2","7,7,,",7 × 7 × ? × ?,,
1,54,Permute,residual,R,61224,,,384,384,165646104,519942144,48,,,,,"R(i_2,i_1;a_1i_1i_2,a_2i_1i_2)","R(i_2,i_1;a_1i_1i_2,a_2i_1i_2)",,,,"i,i,a,a",";;i_1,i_2;i_1,i_2","7,7,,",7 × 7 × ? × ?,,
1,55,Tensor,leaf,C,13269,,,2207664,2207664,165646104,519942144,275958,,,,,"C(i_3,i_1,μ̃_19905;a_3i_1i_3)","C(i_3,i_1,μ̃_19905;a_3i_1i_3)",,,,"i,i,μ̃,a",";;;i_1,i_3","7,7,114,",7 × 7 × 114 × ?,,
1,55,Product,intermediate,I,65317979,5179792,2207664,15528352,15528352,165646488,525619200,1941044,,,,,"I(i_4,i_3,μ̃_19906,μ̃_19905) * C(i_3,i_1,μ̃_19905;a_3i_1i_3) -> I(i_1,i_4,i_3,μ̃_19906;a_3i_1i_3)","I(i_1,i_4,i_3,μ̃_19906;a_3i_1i_3)","I(i_4,i_3,μ̃_19906,μ̃_19905)","C(i_3,i_1,μ̃_19905;a_3i_1i_3)","I(i_1,i_4,i_3,μ̃_19906;a_3i_1i_3)","i,i,i,μ̃,a",";;;;i_1,i_3","7,7,7,114,",7 × 7 × 7 × 114 × ?,,
1,55,Tensor,leaf,C,29542,,,2207664,2207664,165646488,525619200,275958,,,,,"C(i_3,i_1,μ̃_19906;a_4i_1i_3)","C(i_3,i_1,μ̃_19906;a_4i_1i_3)",,,,"i,i,μ̃,a",";;;i_1,i_3","7,7,114,",7 × 7 × 114 × ?,,
1,55,Product,intermediate,I,22477299,15528352,2207664,5538232,5538232,171184720,529403904,692279,,,,,"I(i_1,i_4,i_3,μ̃_19906;a_3i_1i_3) * C(i_3,i_1,μ̃_19906;a_4i_1i_3) -> I(i_1,i_4,i_3;a_4i_1i_3,a_3i_1i_3)","I(i_1,i_4,i_3;a_4i_1i_3,a_3i_1i_3)","I(i_1,i_4,i_3,μ̃_19906;a_3i_1i_3)","C(i_3,i_1,μ̃_19906;a_4i_1i_3)","I(i_1,i_4,i_3;a_4i_1i_3,a_3i_1i_3)","i,i,i,a,a",";;;i_1,i_3;i_1,i_3","7,7,7,,",7 × 7 × 7 × ? × ?,,
1,55,Tensor,leaf,t,3561,,,384,384,171184720,529403904,48,,,,,"t(i_3,i_1;a_4i_1i_3,a_3i_1i_3)","t(i_3,i_1;a_4i_1i_3,a_3i_1i_3)",,,,"i,i,a,a",";;i_1,i_3;i_1,i_3","7,7,,",7 × 7 × ? × ?,,
1,55,Product,intermediate,I,492223,5538232,384,384,384,171184720,529403904,48,0,0.0,0.0,0.0,"I(i_1,i_4,i_3;a_4i_1i_3,a_3i_1i_3) * t(i_3,i_1;a_4i_1i_3,a_3i_1i_3) -> I(i_4,i_1)","I(i_4,i_1)","I(i_1,i_4,i_3;a_4i_1i_3,a_3i_1i_3)","t(i_3,i_1;a_4i_1i_3,a_3i_1i_3)","I(i_4,i_1)","i,i",;,"7,7",7 × 7,392,0.979592
1,55,Product,intermediate,I,261863,384,5489512,400,400,171184720,529403904,50,,,,,"I(i_4,i_1) * I(i_4,i_1,i_2;a_6i_2i_4,a_2i_1i_2) -> I(i_2,i_4,i_1;a_6i_2i_4,a_2i_1i_2)","I(i_2,i_4,i_1;a_6i_2i_4,a_2i_1i_2)","I(i_4,i_1)","I(i_4,i_1,i_2;a_6i_2i_4,a_2i_1i_2)","I(i_2,i_4,i_1;a_6i_2i_4,a_2i_1i_2)","i,i,i,a,a",";;;i_2,i_4;i_1,i_2","7,7,7,,",7 × 7 × 7 × ? × ?,,
1,55,Product,intermediate,I,370222,400,400,384,384,171184720,529403904,48,,,,,"I(i_2,i_4,i_1;a_6i_2i_4,a_2i_1i_2) * I(i_1,i_4,i_2;a_1i_1i_2,a_6i_2i_4) -> I(i_2,i_1;a_1i_1i_2,a_2i_1i_2)","I(i_2,i_1;a_1i_1i_2,a_2i_1i_2)","I(i_2,i_4,i_1;a_6i_2i_4,a_2i_1i_2)","I(i_1,i_4,i_2;a_1i_1i_2,a_6i_2i_4)","I(i_2,i_1;a_1i_1i_2,a_2i_1i_2)","i,i,a,a",";;i_1,i_2;i_1,i_2","7,7,,",7 × 7 × ? × ?,,
1,55,Constant,constant,_const,1842,,,8,8,171184720,529403904,1,,,,,2,2,,,,,,,scalar,8,1
1,55,Product,residual,R,75803,384,8,384,384,171184720,529403904,48,,,,,"I(i_2,i_1;a_1i_1i_2,a_2i_1i_2) * 2 -> R(i_2,i_1;a_1i_1i_2,a_2i_1i_2)","R(i_2,i_1;a_1i_1i_2,a_2i_1i_2)","I(i_2,i_1;a_1i_1i_2,a_2i_1i_2)",2,"R(i_2,i_1;a_1i_1i_2,a_2i_1i_2)","i,i,a,a",";;i_1,i_2;i_1,i_2","7,7,,",7 × 7 × ? × ?,,
1,55,Permute,residual,R,74083,,,384,384,171184720,529403904,48,,,,,"R(i_2,i_1;a_1i_1i_2,a_2i_1i_2)","R(i_2,i_1;a_1i_1i_2,a_2i_1i_2)",,,,"i,i,a,a",";;i_1,i_2;i_1,i_2","7,7,,",7 × 7 × ? × ?,,
1,56,Tensor,leaf,g,8590,,,1843152,1843152,171184720,529403904,230394,225036,-13.713518793894858,9.824790694343461,0.192547847698342,"g(μ̃_19885,i_4,Κ_1)","g(μ̃_19885,i_4,Κ_1)",,,,"μ̃,i,Κ",;;,"114,7,282",114 × 7 × 282,1800288,1.02381
1,56,Product,intermediate,I,248905,496,1843152,432,432,171184720,529403904,54,0,0.0,0.0,0.0,"I(i_3,i_4,Κ_1) * g(μ̃_19885,i_4,Κ_1) -> I(i_3,μ̃_19885)","I(i_3,μ̃_19885)","I(i_3,i_4,Κ_1)","g(μ̃_19885,i_4,Κ_1)","I(i_3,μ̃_19885)","i,μ̃",;,"7,114",7 × 114,6384,0.0676692
1,56,Product,intermediate,I,120014,432,432,384,384,171184720,529403904,48,0,0.0,0.0,0.0,"I(i_3,μ̃_19885) * I(μ̃_19885,i_2) -> I(i_3,i_2)","I(i_3,i_2)","I(i_3,μ̃_19885)","I(μ̃_19885,i_2)","I(i_3,i_2)","i,i",;,"7,7",7 × 7,392,0.979592
1,56,Product,intermediate,I,310731,384,5489512,400,400,171184720,529403904,50,,,,,"I(i_3,i_2) * I(i_2,i_3,i_1;a_2i_1i_2,a_6i_1i_3) -> I(i_1,i_3,i_2;a_6i_1i_3,a_2i_1i_2)","I(i_1,i_3,i_2;a_6i_1i_3,a_2i_1i_2)","I(i_3,i_2)","I(i_2,i_3,i_1;a_2i_1i_2,a_6i_1i_3)","I(i_1,i_3,i_2;a_6i_1i_3,a_2i_1i_2)","i,i,i,a,a",";;;i_1,i_3;i_1,i_2","7,7,7,,",7 × 7 × 7 × ? × ?,,
1,56,Product,intermediate,I,309852,400,400,384,384,171184720,529403904,48,,,,,"I(i_1,i_3,i_2;a_6i_1i_3,a_2i_1i_2) * I(i_2,i_3,i_1;a_1i_1i_2,a_6i_1i_3) -> I(i_1,i_2;a_1i_1i_2,a_2i_1i_2)","I(i_1,i_2;a_1i_1i_2,a_2i_1i_2)","I(i_1,i_3,i_2;a_6i_1i_3,a_2i_1i_2)","I(i_2,i_3,i_1;a_1i_1i_2,a_6i_1i_3)","I(i_1,i_2;a_1i_1i_2,a_2i_1i_2)","i,i,a,a",";;i_1,i_2;i_1,i_2","7,7,,",7 × 7 × ? × ?,,
1,56,Constant,constant,_const,1020,,,8,8,171184720,529403904,1,,,,,2,2,,,,,,,scalar,8,1
1,56,Product,residual,R,9650161,384,8,384,384,171184720,529403904,48,,,,,"I(i_1,i_2;a_1i_1i_2,a_2i_1i_2) * 2 -> R(i_1,i_2;a_1i_1i_2,a_2i_1i_2)","R(i_1,i_2;a_1i_1i_2,a_2i_1i_2)","I(i_1,i_2;a_1i_1i_2,a_2i_1i_2)",2,"R(i_1,i_2;a_1i_1i_2,a_2i_1i_2)","i,i,a,a",";;i_1,i_2;i_1,i_2","7,7,,",7 × 7 × ? × ?,,
1,56,Permute,residual,R,72340,,,384,384,171184720,529403904,48,,,,,"R(i_1,i_2;a_1i_1i_2,a_2i_1i_2)","R(i_1,i_2;a_1i_1i_2,a_2i_1i_2)",,,,"i,i,a,a",";;i_1,i_2;i_1,i_2","7,7,,",7 × 7 × ? × ?,,
1,57,Tensor,leaf,g,6307,,,121536,121536,171184720,529403904,15192,13818,10.313570711989671,5.229066732803717,0.3618052751837755,"g(i_2,i_3,Κ_1)","g(i_2,i_3,Κ_1)",,,,"i,i,Κ",;;,"7,7,282",7 × 7 × 282,110544,1.09944
1,57,Tensor,leaf,g,8707,,,1843152,1843152,171184720,529403904,230394,225036,-13.713518793894858,9.824790694343461,0.192547847698342,"g(μ̃_19890,i_4,Κ_1)","g(μ̃_19890,i_4,Κ_1)",,,,"μ̃,i,Κ",;;,"114,7,282",114 × 7 × 282,1800288,1.02381
1,57,Product,intermediate,I,273281,1843152,432,400,400,171184720,529403904,50,0,0.0,0.0,0.0,"g(μ̃_19890,i_4,Κ_1) * I(μ̃_19890,i_4) -> I(Κ_1)",I(Κ_1),"g(μ̃_19890,i_4,Κ_1)","I(μ̃_19890,i_4)",I(Κ_1),Κ,,282,282,2256,0.177305
1,57,Product,intermediate,I,148702,121536,400,384,384,171184720,529403904,48,0,0.0,0.0,0.0,"g(i_2,i_3,Κ_1) * I(Κ_1) -> I(i_3,i_2)","I(i_3,i_2)","g(i_2,i_3,Κ_1)",I(Κ_1),"I(i_3,i_2)","i,i",;,"7,7",7 × 7,392,0.979592
1,57,Product,intermediate,I,239626,384,5489512,400,400,171184720,529403904,50,,,,,"I(i_3,i_2) * I(i_2,i_3,i_1;a_2i_1i_2,a_5i_1i_3) -> I(i_1,i_2,i_3;a_2i_1i_2,a_5i_1i_3)","I(i_1,i_2,i_3;a_2i_1i_2,a_5i_1i_3)","I(i_3,i_2)","I(i_2,i_3,i_1;a_2i_1i_2,a_5i_1i_3)","I(i_1,i_2,i_3;a_2i_1i_2,a_5i_1i_3)","i,i,i,a,a",";;;i_1,i_2;i_1,i_3","7,7,7,,",7 × 7 × 7 × ? × ?,,
1,57,Product,intermediate,I,268527,400,400,384,384,171184720,529403904,48,,,,,"I(i_1,i_2,i_3;a_2i_1i_2,a_5i_1i_3) * I(i_2,i_3,i_1;a_1i_1i_2,a_5i_1i_3) -> I(i_2,i_1;a_2i_1i_2,a_1i_1i_2)","I(i_2,i_1;a_2i_1i_2,a_1i_1i_2)","I(i_1,i_2,i_3;a_2i_1i_2,a_5i_1i_3)","I(i_2,i_3,i_1;a_1i_1i_2,a_5i_1i_3)","I(i_2,i_1;a_2i_1i_2,a_1i_1i_2)","i,i,a,a",";;i_1,i_2;i_1,i_2","7,7,,",7 × 7 × ? × ?,,
1,57,Constant,constant,_const,948,,,8,8,171184720,529403904,1,,,,,-4,-4,,,,,,,scalar,8,1
1,57,Product,residual,R,103332,384,8,384,384,171184720,529403904,48,,,,,"I(i_2,i_1;a_2i_1i_2,a_1i_1i_2) * -4 -> R(i_2,i_1;a_2i_1i_2,a_1i_1i_2)","R(i_2,i_1;a_2i_1i_2,a_1i_1i_2)","I(i_2,i_1;a_2i_1i_2,a_1i_1i_2)",-4,"R(i_2,i_1;a_2i_1i_2,a_1i_1i_2)","i,i,a,a",";;i_1,i_2;i_1,i_2","7,7,,",7 × 7 × ? × ?,,
1,57,Permute,residual,R,72372,,,384,384,171184720,529403904,48,,,,,"R(i_2,i_1;a_2i_1i_2,a_1i_1i_2)","R(i_2,i_1;a_2i_1i_2,a_1i_1i_2)",,,,"i,i,a,a",";;i_1,i_2;i_1,i_2","7,7,,",7 × 7 × ? × ?,,
1,58,Tensor,leaf,f,33879,,,2088,2088,171184720,529403904,261,49,-3.4369802138049423,3.1903508725142036,0.6871376688643174,"f(i_3,i_1)","f(i_3,i_1)",,,,"i,i",;,"7,7",7 × 7,392,5.32653
1,58,Product,intermediate,I,4434485,2088,5489512,5489512,5489512,171184720,532971520,686189,,,,,"f(i_3,i_1) * I(i_1,i_3,i_2;a_1i_1i_2,a_4i_2i_3) -> I(i_2,i_1,i_3;a_1i_1i_2,a_4i_2i_3)","I(i_2,i_1,i_3;a_1i_1i_2,a_4i_2i_3)","f(i_3,i_1)","I(i_1,i_3,i_2;a_1i_1i_2,a_4i_2i_3)","I(i_2,i_1,i_3;a_1i_1i_2,a_4i_2i_3)","i,i,i,a,a",";;;i_1,i_2;i_2,i_3","7,7,7,,",7 × 7 × 7 × ? × ?,,
1,58,Product,intermediate,I,302526,5489512,400,384,384,171184720,532971520,48,,,,,"I(i_2,i_1,i_3;a_1i_1i_2,a_4i_2i_3) * I(i_1,i_3,i_2;a_2i_1i_2,a_4i_2i_3) -> I(i_1,i_2;a_1i_1i_2,a_2i_1i_2)","I(i_1,i_2;a_1i_1i_2,a_2i_1i_2)","I(i_2,i_1,i_3;a_1i_1i_2,a_4i_2i_3)","I(i_1,i_3,i_2;a_2i_1i_2,a_4i_2i_3)","I(i_1,i_2;a_1i_1i_2,a_2i_1i_2)","i,i,a,a",";;i_1,i_2;i_1,i_2","7,7,,",7 × 7 × ? × ?,,
1,58,Constant,constant,_const,1343,,,8,8,171184720,532971520,1,,,,,-2,-2,,,,,,,scalar,8,1
1,58,Product,residual,R,58866,384,8,384,384,171184720,532971520,48,,,,,"I(i_1,i_2;a_1i_1i_2,a_2i_1i_2) * -2 -> R(i_1,i_2;a_1i_1i_2,a_2i_1i_2)","R(i_1,i_2;a_1i_1i_2,a_2i_1i_2)","I(i_1,i_2;a_1i_1i_2,a_2i_1i_2)",-2,"R(i_1,i_2;a_1i_1i_2,a_2i_1i_2)","i,i,a,a",";;i_1,i_2;i_1,i_2","7,7,,",7 × 7 × ? × ?,,
1,58,Permute,residual,R,73323,,,384,384,171184720,532971520,48,,,,,"R(i_1,i_2;a_1i_1i_2,a_2i_1i_2)","R(i_1,i_2;a_1i_1i_2,a_2i_1i_2)",,,,"i,i,a,a",";;i_1,i_2;i_1,i_2","7,7,,",7 × 7 × ? × ?,,
1,59,Tensor,leaf,g,11941,,,1843152,1843152,171184720,532971520,230394,225036,-13.713518793894858,9.824790694343461,0.192547847698342,"g(μ̃_19934,i_4,Κ_1)","g(μ̃_19934,i_4,Κ_1)",,,,"μ̃,i,Κ",;;,"114,7,282",114 × 7 × 282,1800288,1.02381
1,59,Product,intermediate,I,245775,400,1843152,432,432,171184720,532971520,54,0,0.0,0.0,0.0,"I(Κ_1) * g(μ̃_19934,i_4,Κ_1) -> I(i_4,μ̃_19934)","I(i_4,μ̃_19934)",I(Κ_1),"g(μ̃_19934,i_4,Κ_1)","I(i_4,μ̃_19934)","i,μ̃",;,"7,114",7 × 114,6384,0.0676692
1,59,Product,intermediate,I,117891,432,432,384,384,171184720,532971520,48,0,0.0,0.0,0.0,"I(i_4,μ̃_19934) * I(μ̃_19934,i_2) -> I(i_4,i_2)","I(i_4,i_2)","I(i_4,μ̃_19934)","I(μ̃_19934,i_2)","I(i_4,i_2)","i,i",;,"7,7",7 × 7,392,0.979592
1,59,Product,intermediate,I,278859,384,5489512,400,400,171184720,532971520,50,,,,,"I(i_4,i_2) * I(i_2,i_4,i_1;a_2i_1i_2,a_6i_1i_4) -> I(i_1,i_4,i_2;a_6i_1i_4,a_2i_1i_2)","I(i_1,i_4,i_2;a_6i_1i_4,a_2i_1i_2)","I(i_4,i_2)","I(i_2,i_4,i_1;a_2i_1i_2,a_6i_1i_4)","I(i_1,i_4,i_2;a_6i_1i_4,a_2i_1i_2)","i,i,i,a,a",";;;i_1,i_4;i_1,i_2","7,7,7,,",7 × 7 × 7 × ? × ?,,
1,59,Product,intermediate,I,320767,400,400,384,384,171184720,532971520,48,,,,,"I(i_1,i_4,i_2;a_6i_1i_4,a_2i_1i_2) * I(i_2,i_4,i_1;a_1i_1i_2,a_6i_1i_4) -> I(i_1,i_2;a_1i_1i_2,a_2i_1i_2)","I(i_1,i_2;a_1i_1i_2,a_2i_1i_2)","I(i_1,i_4,i_2;a_6i_1i_4,a_2i_1i_2)","I(i_2,i_4,i_1;a_1i_1i_2,a_6i_1i_4)","I(i_1,i_2;a_1i_1i_2,a_2i_1i_2)","i,i,a,a",";;i_1,i_2;i_1,i_2","7,7,,",7 × 7 × ? × ?,,
1,59,Constant,constant,_const,1105,,,8,8,171184720,532971520,1,,,,,-4,-4,,,,,,,scalar,8,1
1,59,Product,residual,R,71775,384,8,384,384,171184720,532971520,48,,,,,"I(i_1,i_2;a_1i_1i_2,a_2i_1i_2) * -4 -> R(i_1,i_2;a_1i_1i_2,a_2i_1i_2)","R(i_1,i_2;a_1i_1i_2,a_2i_1i_2)","I(i_1,i_2;a_1i_1i_2,a_2i_1i_2)",-4,"R(i_1,i_2;a_1i_1i_2,a_2i_1i_2)","i,i,a,a",";;i_1,i_2;i_1,i_2","7,7,,",7 × 7 × ? × ?,,
1,59,Permute,residual,R,67653,,,384,384,171184720,532971520,48,,,,,"R(i_1,i_2;a_1i_1i_2,a_2i_1i_2)","R(i_1,i_2;a_1i_1i_2,a_2i_1i_2)",,,,"i,i,a,a",";;i_1,i_2;i_1,i_2","7,7,,",7 × 7 × ? × ?,,
1,60,Tensor,leaf,g,8901,,,121536,121536,171184720,532971520,15192,13818,10.313570711989671,5.229066732803717,0.3618052751837755,"g(i_3,i_1,Κ_1)","g(i_3,i_1,Κ_1)",,,,"i,i,Κ",;;,"7,7,282",7 × 7 × 282,110544,1.09944
1,60,Tensor,leaf,g,13253,,,29489328,29489328,188428008,532971520,3686166,3664872,328.03408291046827,123.92989425956779,0.8503952014554771,"g(μ̃_19772,μ̃_19773,Κ_1)","g(μ̃_19772,μ̃_19773,Κ_1)",,,,"μ̃,μ̃,Κ",;;,"114,114,282",114 × 114 × 282,29318976,1.00581
1,60,Product,intermediate,I,47634623,121536,29489328,5179792,5179792,193729336,533512192,647474,636804,319.3017663066168,132.60778349602813,0.7000249021776662,"g(i_3,i_1,Κ_1) * g(μ̃_19772,μ̃_19773,Κ_1) -> I(i_1,i_3,μ̃_19773,μ̃_19772)","I(i_1,i_3,μ̃_19773,μ̃_19772)","g(i_3,i_1,Κ_1)","g(μ̃_19772,μ̃_19773,Κ_1)","I(i_1,i_3,μ̃_19773,μ̃_19772)","i,i,μ̃,μ̃",;;;,"7,7,114,114",7 × 7 × 114 × 114,5094432,1.01676
1,60,Tensor,leaf,C,31514,,,2207664,2207664,193729336,533512192,275958,,,,,"C(i_2,i_1,μ̃_19772;a_1i_1i_2)","C(i_2,i_1,μ̃_19772;a_1i_1i_2)",,,,"i,i,μ̃,a",";;;i_1,i_2","7,7,114,",7 × 7 × 114 × ?,,
1,60,Product,intermediate,I,57843800,5179792,2207664,15528352,15528352,193729336,540270592,1941044,,,,,"I(i_1,i_3,μ̃_19773,μ̃_19772) * C(i_2,i_1,μ̃_19772;a_1i_1i_2) -> I(i_2,i_3,i_1,μ̃_19773;a_1i_1i_2)","I(i_2,i_3,i_1,μ̃_19773;a_1i_1i_2)","I(i_1,i_3,μ̃_19773,μ̃_19772)","C(i_2,i_1,μ̃_19772;a_1i_1i_2)","I(i_2,i_3,i_1,μ̃_19773;a_1i_1i_2)","i,i,i,μ̃,a",";;;;i_1,i_2","7,7,7,114,",7 × 7 × 7 × 114 × ?,,
1,60,Tensor,leaf,C,33297,,,2207664,2207664,193729336,540270592,275958,,,,,"C(i_3,i_2,μ̃_19773;a_3i_2i_3)","C(i_3,i_2,μ̃_19773;a_3i_2i_3)",,,,"i,i,μ̃,a",";;;i_2,i_3","7,7,114,",7 × 7 × 114 × ?,,
1,60,Product,intermediate,I,18490489,15528352,2207664,5489512,5489512,193729336,544595968,686189,,,,,"I(i_2,i_3,i_1,μ̃_19773;a_1i_1i_2) * C(i_3,i_2,μ̃_19773;a_3i_2i_3) -> I(i_2,i_3,i_1;a_3i_2i_3,a_1i_1i_2)","I(i_2,i_3,i_1;a_3i_2i_3,a_1i_1i_2)","I(i_2,i_3,i_1,μ̃_19773;a_1i_1i_2)","C(i_3,i_2,μ̃_19773;a_3i_2i_3)","I(i_2,i_3,i_1;a_3i_2i_3,a_1i_1i_2)","i,i,i,a,a",";;;i_2,i_3;i_1,i_2","7,7,7,,",7 × 7 × 7 × ? × ?,,
1,60,Tensor,leaf,t,3360,,,384,384,193729336,544595968,48,,,,,"t(i_2,i_3;a_4i_2i_3,a_3i_2i_3)","t(i_2,i_3;a_4i_2i_3,a_3i_2i_3)",,,,"i,i,a,a",";;i_2,i_3;i_2,i_3","7,7,,",7 × 7 × ? × ?,,
1,60,Product,intermediate,I,482837,5489512,384,400,400,193729336,544595968,50,,,,,"I(i_2,i_3,i_1;a_3i_2i_3,a_1i_1i_2) * t(i_2,i_3;a_4i_2i_3,a_3i_2i_3) -> I(i_3,i_1,i_2;a_1i_1i_2,a_4i_2i_3)","I(i_3,i_1,i_2;a_1i_1i_2,a_4i_2i_3)","I(i_2,i_3,i_1;a_3i_2i_3,a_1i_1i_2)","t(i_2,i_3;a_4i_2i_3,a_3i_2i_3)","I(i_3,i_1,i_2;a_1i_1i_2,a_4i_2i_3)","i,i,i,a,a",";;;i_1,i_2;i_2,i_3","7,7,7,,",7 × 7 × 7 × ? × ?,,
1,60,Product,intermediate,I,279163,400,5489512,384,384,193729336,544595968,48,,,,,"I(i_3,i_1,i_2;a_1i_1i_2,a_4i_2i_3) * I(i_1,i_3,i_2;a_2i_1i_2,a_4i_2i_3) -> I(i_1,i_2;a_1i_1i_2,a_2i_1i_2)","I(i_1,i_2;a_1i_1i_2,a_2i_1i_2)","I(i_3,i_1,i_2;a_1i_1i_2,a_4i_2i_3)","I(i_1,i_3,i_2;a_2i_1i_2,a_4i_2i_3)","I(i_1,i_2;a_1i_1i_2,a_2i_1i_2)","i,i,a,a",";;i_1,i_2;i_1,i_2","7,7,,",7 × 7 × ? × ?,,
1,60,Constant,constant,_const,1618,,,8,8,193729336,544595968,1,,,,,-2,-2,,,,,,,scalar,8,1
1,60,Product,residual,R,70461,384,8,384,384,193729336,544595968,48,,,,,"I(i_1,i_2;a_1i_1i_2,a_2i_1i_2) * -2 -> R(i_1,i_2;a_1i_1i_2,a_2i_1i_2)","R(i_1,i_2;a_1i_1i_2,a_2i_1i_2)","I(i_1,i_2;a_1i_1i_2,a_2i_1i_2)",-2,"R(i_1,i_2;a_1i_1i_2,a_2i_1i_2)","i,i,a,a",";;i_1,i_2;i_1,i_2","7,7,,",7 × 7 × ? × ?,,
1,60,Permute,residual,R,54564,,,384,384,193729336,544595968,48,,,,,"R(i_1,i_2;a_1i_1i_2,a_2i_1i_2)","R(i_1,i_2;a_1i_1i_2,a_2i_1i_2)",,,,"i,i,a,a",";;i_1,i_2;i_1,i_2","7,7,,",7 × 7 × ? × ?,,
1,61,Tensor,leaf,t,2223,,,384,384,193729336,544595968,48,,,,,"t(i_3,i_2;a_4i_2i_3,a_3i_2i_3)","t(i_3,i_2;a_4i_2i_3,a_3i_2i_3)",,,,"i,i,a,a",";;i_2,i_3;i_2,i_3","7,7,,",7 × 7 × ? × ?,,
1,61,Product,intermediate,I,342765,5489512,384,400,400,193729336,544595968,50,,,,,"I(i_2,i_3,i_1;a_3i_2i_3,a_2i_1i_2) * t(i_3,i_2;a_4i_2i_3,a_3i_2i_3) -> I(i_3,i_1,i_2;a_2i_1i_2,a_4i_2i_3)","I(i_3,i_1,i_2;a_2i_1i_2,a_4i_2i_3)","I(i_2,i_3,i_1;a_3i_2i_3,a_2i_1i_2)","t(i_3,i_2;a_4i_2i_3,a_3i_2i_3)","I(i_3,i_1,i_2;a_2i_1i_2,a_4i_2i_3)","i,i,i,a,a",";;;i_1,i_2;i_2,i_3","7,7,7,,",7 × 7 × 7 × ? × ?,,
1,61,Product,intermediate,I,368388,400,5489512,384,384,193729336,544595968,48,,,,,"I(i_3,i_1,i_2;a_2i_1i_2,a_4i_2i_3) * I(i_1,i_3,i_2;a_1i_1i_2,a_4i_2i_3) -> I(i_1,i_2;a_1i_1i_2,a_2i_1i_2)","I(i_1,i_2;a_1i_1i_2,a_2i_1i_2)","I(i_3,i_1,i_2;a_2i_1i_2,a_4i_2i_3)","I(i_1,i_3,i_2;a_1i_1i_2,a_4i_2i_3)","I(i_1,i_2;a_1i_1i_2,a_2i_1i_2)","i,i,a,a",";;i_1,i_2;i_1,i_2","7,7,,",7 × 7 × ? × ?,,
1,61,Constant,constant,_const,1356,,,8,8,193729336,544595968,1,,,,,-2,-2,,,,,,,scalar,8,1
1,61,Product,residual,R,115174,384,8,384,384,193729336,544595968,48,,,,,"I(i_1,i_2;a_1i_1i_2,a_2i_1i_2) * -2 -> R(i_1,i_2;a_1i_1i_2,a_2i_1i_2)","R(i_1,i_2;a_1i_1i_2,a_2i_1i_2)","I(i_1,i_2;a_1i_1i_2,a_2i_1i_2)",-2,"R(i_1,i_2;a_1i_1i_2,a_2i_1i_2)","i,i,a,a",";;i_1,i_2;i_1,i_2","7,7,,",7 × 7 × ? × ?,,
1,61,Permute,residual,R,63204,,,384,384,193729336,544595968,48,,,,,"R(i_1,i_2;a_1i_1i_2,a_2i_1i_2)","R(i_1,i_2;a_1i_1i_2,a_2i_1i_2)",,,,"i,i,a,a",";;i_1,i_2;i_1,i_2","7,7,,",7 × 7 × ? × ?,,
1,62,Tensor,leaf,C,16216,,,2207664,2207664,193729336,544595968,275958,,,,,"C(i_3,i_1,μ̃_19783;a_4i_1i_3)","C(i_3,i_1,μ̃_19783;a_4i_1i_3)",,,,"i,i,μ̃,a",";;;i_1,i_3","7,7,114,",7 × 7 × 114 × ?,,
1,62,Product,intermediate,I,464705,624,2207664,432,432,193729336,544595968,54,,,,,"I(i_4,i_3,μ̃_19783,i_2) * C(i_3,i_1,μ̃_19783;a_4i_1i_3) -> I(i_1,i_4,i_3,i_2;a_4i_1i_3)","I(i_1,i_4,i_3,i_2;a_4i_1i_3)","I(i_4,i_3,μ̃_19783,i_2)","C(i_3,i_1,μ̃_19783;a_4i_1i_3)","I(i_1,i_4,i_3,i_2;a_4i_1i_3)","i,i,i,i,a",";;;;i_1,i_3","7,7,7,7,",7 × 7 × 7 × 7 × ?,,
1,62,Tensor,leaf,t,1342,,,384,384,193729336,544595968,48,,,,,"t(i_3,i_1;a_6i_1i_3,a_4i_1i_3)","t(i_3,i_1;a_6i_1i_3,a_4i_1i_3)",,,,"i,i,a,a",";;i_1,i_3;i_1,i_3","7,7,,",7 × 7 × ? × ?,,
1,62,Product,intermediate,I,202653,432,384,432,432,193729336,544595968,54,,,,,"I(i_1,i_4,i_3,i_2;a_4i_1i_3) * t(i_3,i_1;a_6i_1i_3,a_4i_1i_3) -> I(i_3,i_4,i_2,i_1;a_6i_1i_3)","I(i_3,i_4,i_2,i_1;a_6i_1i_3)","I(i_1,i_4,i_3,i_2;a_4i_1i_3)","t(i_3,i_1;a_6i_1i_3,a_4i_1i_3)","I(i_3,i_4,i_2,i_1;a_6i_1i_3)","i,i,i,i,a",";;;;i_1,i_3","7,7,7,7,",7 × 7 × 7 × 7 × ?,,
1,62,Product,intermediate,I,390204,432,5489512,400,400,193729336,544595968,50,,,,,"I(i_3,i_4,i_2,i_1;a_6i_1i_3) * I(i_2,i_3,i_1;a_2i_1i_2,a_6i_1i_3) -> I(i_4,i_2,i_1;a_2i_1i_2)","I(i_4,i_2,i_1;a_2i_1i_2)","I(i_3,i_4,i_2,i_1;a_6i_1i_3)","I(i_2,i_3,i_1;a_2i_1i_2,a_6i_1i_3)","I(i_4,i_2,i_1;a_2i_1i_2)","i,i,i,a",";;;i_1,i_2","7,7,7,",7 × 7 × 7 × ?,,
1,62,Product,intermediate,I,236820,400,400,384,384,193729336,544595968,48,,,,,"I(i_4,i_2,i_1;a_2i_1i_2) * I(i_2,i_1,i_4;a_1i_1i_2) -> I(i_1,i_2;a_2i_1i_2,a_1i_1i_2)","I(i_1,i_2;a_2i_1i_2,a_1i_1i_2)","I(i_4,i_2,i_1;a_2i_1i_2)","I(i_2,i_1,i_4;a_1i_1i_2)","I(i_1,i_2;a_2i_1i_2,a_1i_1i_2)","i,i,a,a",";;i_1,i_2;i_1,i_2","7,7,,",7 × 7 × ? × ?,,
1,62,Constant,constant,_const,1132,,,8,8,193729336,544595968,1,,,,,2,2,,,,,,,scalar,8,1
1,62,Product,residual,R,72040,384,8,384,384,193729336,544595968,48,,,,,"I(i_1,i_2;a_2i_1i_2,a_1i_1i_2) * 2 -> R(i_1,i_2;a_2i_1i_2,a_1i_1i_2)","R(i_1,i_2;a_2i_1i_2,a_1i_1i_2)","I(i_1,i_2;a_2i_1i_2,a_1i_1i_2)",2,"R(i_1,i_2;a_2i_1i_2,a_1i_1i_2)","i,i,a,a",";;i_1,i_2;i_1,i_2","7,7,,",7 × 7 × ? × ?,,
1,62,Permute,residual,R,65186,,,384,384,193729336,544595968,48,,,,,"R(i_1,i_2;a_2i_1i_2,a_1i_1i_2)","R(i_1,i_2;a_2i_1i_2,a_1i_1i_2)",,,,"i,i,a,a",";;i_1,i_2;i_1,i_2","7,7,,",7 × 7 × ? × ?,,
1,63,Tensor,leaf,t,1373,,,384,384,193729336,544595968,48,,,,,"t(i_1,i_3;a_5i_1i_3,a_4i_1i_3)","t(i_1,i_3;a_5i_1i_3,a_4i_1i_3)",,,,"i,i,a,a",";;i_1,i_3;i_1,i_3","7,7,,",7 × 7 × ? × ?,,
1,63,Product,intermediate,I,193238,432,384,432,432,193729336,544595968,54,,,,,"I(i_1,i_4,i_3,i_2;a_4i_1i_3) * t(i_1,i_3;a_5i_1i_3,a_4i_1i_3) -> I(i_3,i_4,i_2,i_1;a_5i_1i_3)","I(i_3,i_4,i_2,i_1;a_5i_1i_3)","I(i_1,i_4,i_3,i_2;a_4i_1i_3)","t(i_1,i_3;a_5i_1i_3,a_4i_1i_3)","I(i_3,i_4,i_2,i_1;a_5i_1i_3)","i,i,i,i,a",";;;;i_1,i_3","7,7,7,7,",7 × 7 × 7 × 7 × ?,,
1,63,Product,intermediate,I,388354,432,5489512,400,400,193729336,544595968,50,,,,,"I(i_3,i_4,i_2,i_1;a_5i_1i_3) * I(i_3,i_2,i_1;a_5i_1i_3,a_1i_1i_2) -> I(i_4,i_2,i_1;a_1i_1i_2)","I(i_4,i_2,i_1;a_1i_1i_2)","I(i_3,i_4,i_2,i_1;a_5i_1i_3)","I(i_3,i_2,i_1;a_5i_1i_3,a_1i_1i_2)","I(i_4,i_2,i_1;a_1i_1i_2)","i,i,i,a",";;;i_1,i_2","7,7,7,",7 × 7 × 7 × ?,,
1,63,Product,intermediate,I,238024,400,400,384,384,193729336,544595968,48,,,,,"I(i_4,i_2,i_1;a_1i_1i_2) * I(i_2,i_1,i_4;a_2i_1i_2) -> I(i_1,i_2;a_1i_1i_2,a_2i_1i_2)","I(i_1,i_2;a_1i_1i_2,a_2i_1i_2)","I(i_4,i_2,i_1;a_1i_1i_2)","I(i_2,i_1,i_4;a_2i_1i_2)","I(i_1,i_2;a_1i_1i_2,a_2i_1i_2)","i,i,a,a",";;i_1,i_2;i_1,i_2","7,7,,",7 × 7 × ? × ?,,
1,63,Constant,constant,_const,1520,,,8,8,193729336,544595968,1,,,,,2,2,,,,,,,scalar,8,1
1,63,Product,residual,R,70555,384,8,384,384,193729336,544595968,48,,,,,"I(i_1,i_2;a_1i_1i_2,a_2i_1i_2) * 2 -> R(i_1,i_2;a_1i_1i_2,a_2i_1i_2)","R(i_1,i_2;a_1i_1i_2,a_2i_1i_2)","I(i_1,i_2;a_1i_1i_2,a_2i_1i_2)",2,"R(i_1,i_2;a_1i_1i_2,a_2i_1i_2)","i,i,a,a",";;i_1,i_2;i_1,i_2","7,7,,",7 × 7 × ? × ?,,
1,63,Permute,residual,R,60285,,,384,384,193729336,544595968,48,,,,,"R(i_1,i_2;a_1i_1i_2,a_2i_1i_2)","R(i_1,i_2;a_1i_1i_2,a_2i_1i_2)",,,,"i,i,a,a",";;i_1,i_2;i_1,i_2","7,7,,",7 × 7 × ? × ?,,
1,64,Product,intermediate,I,30324681,5490816,5490816,5489512,5489512,193729336,546758656,686189,,,,,"I(i_2,i_3,Κ_1;a_3i_2i_3) * I(i_2,i_1,Κ_1;a_1i_1i_2) -> I(i_2,i_1,i_3;a_1i_1i_2,a_3i_2i_3)","I(i_2,i_1,i_3;a_1i_1i_2,a_3i_2i_3)","I(i_2,i_3,Κ_1;a_3i_2i_3)","I(i_2,i_1,Κ_1;a_1i_1i_2)","I(i_2,i_1,i_3;a_1i_1i_2,a_3i_2i_3)","i,i,i,a,a",";;;i_1,i_2;i_2,i_3","7,7,7,,",7 × 7 × 7 × ? × ?,,
1,64,Tensor,leaf,t,3679,,,384,384,193729336,546758656,48,,,,,"t(i_3,i_2;a_4i_2i_3,a_3i_2i_3)","t(i_3,i_2;a_4i_2i_3,a_3i_2i_3)",,,,"i,i,a,a",";;i_2,i_3;i_2,i_3","7,7,,",7 × 7 × ? × ?,,
1,64,Product,intermediate,I,256289,5489512,384,400,400,193729336,546758656,50,,,,,"I(i_2,i_1,i_3;a_1i_1i_2,a_3i_2i_3) * t(i_3,i_2;a_4i_2i_3,a_3i_2i_3) -> I(i_3,i_1,i_2;a_4i_2i_3,a_1i_1i_2)","I(i_3,i_1,i_2;a_4i_2i_3,a_1i_1i_2)","I(i_2,i_1,i_3;a_1i_1i_2,a_3i_2i_3)","t(i_3,i_2;a_4i_2i_3,a_3i_2i_3)","I(i_3,i_1,i_2;a_4i_2i_3,a_1i_1i_2)","i,i,i,a,a",";;;i_2,i_3;i_1,i_2","7,7,7,,",7 × 7 × 7 × ? × ?,,
1,64,Product,intermediate,I,290108,400,5489512,384,384,193729336,546758656,48,,,,,"I(i_3,i_1,i_2;a_4i_2i_3,a_1i_1i_2) * I(i_1,i_3,i_2;a_2i_1i_2,a_4i_2i_3) -> I(i_1,i_2;a_1i_1i_2,a_2i_1i_2)","I(i_1,i_2;a_1i_1i_2,a_2i_1i_2)","I(i_3,i_1,i_2;a_4i_2i_3,a_1i_1i_2)","I(i_1,i_3,i_2;a_2i_1i_2,a_4i_2i_3)","I(i_1,i_2;a_1i_1i_2,a_2i_1i_2)","i,i,a,a",";;i_1,i_2;i_1,i_2","7,7,,",7 × 7 × ? × ?,,
1,64,Constant,constant,_const,1805,,,8,8,193729336,546758656,1,,,,,-2,-2,,,,,,,scalar,8,1
1,64,Product,residual,R,82756,384,8,384,384,193729336,546758656,48,,,,,"I(i_1,i_2;a_1i_1i_2,a_2i_1i_2) * -2 -> R(i_1,i_2;a_1i_1i_2,a_2i_1i_2)","R(i_1,i_2;a_1i_1i_2,a_2i_1i_2)","I(i_1,i_2;a_1i_1i_2,a_2i_1i_2)",-2,"R(i_1,i_2;a_1i_1i_2,a_2i_1i_2)","i,i,a,a",";;i_1,i_2;i_1,i_2","7,7,,",7 × 7 × ? × ?,,
1,64,Permute,residual,R,56865,,,384,384,193729336,546758656,48,,,,,"R(i_1,i_2;a_1i_1i_2,a_2i_1i_2)","R(i_1,i_2;a_1i_1i_2,a_2i_1i_2)",,,,"i,i,a,a",";;i_1,i_2;i_1,i_2","7,7,,",7 × 7 × ? × ?,,
1,65,Tensor,leaf,t,1341,,,384,384,193729336,546758656,48,,,,,"t(i_2,i_3;a_4i_2i_3,a_3i_2i_3)","t(i_2,i_3;a_4i_2i_3,a_3i_2i_3)",,,,"i,i,a,a",";;i_2,i_3;i_2,i_3","7,7,,",7 × 7 × ? × ?,,
1,65,Product,intermediate,I,231642,5489512,384,400,400,193729336,546758656,50,,,,,"I(i_2,i_1,i_3;a_1i_1i_2,a_3i_2i_3) * t(i_2,i_3;a_4i_2i_3,a_3i_2i_3) -> I(i_3,i_1,i_2;a_4i_2i_3,a_1i_1i_2)","I(i_3,i_1,i_2;a_4i_2i_3,a_1i_1i_2)","I(i_2,i_1,i_3;a_1i_1i_2,a_3i_2i_3)","t(i_2,i_3;a_4i_2i_3,a_3i_2i_3)","I(i_3,i_1,i_2;a_4i_2i_3,a_1i_1i_2)","i,i,i,a,a",";;;i_2,i_3;i_1,i_2","7,7,7,,",7 × 7 × 7 × ? × ?,,
1,65,Product,intermediate,I,320281,400,5489512,384,384,193729336,546758656,48,,,,,"I(i_3,i_1,i_2;a_4i_2i_3,a_1i_1i_2) * I(i_1,i_3,i_2;a_2i_1i_2,a_4i_2i_3) -> I(i_1,i_2;a_2i_1i_2,a_1i_1i_2)","I(i_1,i_2;a_2i_1i_2,a_1i_1i_2)","I(i_3,i_1,i_2;a_4i_2i_3,a_1i_1i_2)","I(i_1,i_3,i_2;a_2i_1i_2,a_4i_2i_3)","I(i_1,i_2;a_2i_1i_2,a_1i_1i_2)","i,i,a,a",";;i_1,i_2;i_1,i_2","7,7,,",7 × 7 × ? × ?,,
1,65,Constant,constant,_const,1217,,,8,8,193729336,546758656,1,,,,,4,4,,,,,,,scalar,8,1
1,65,Product,residual,R,80078,384,8,384,384,193729336,546758656,48,,,,,"I(i_1,i_2;a_2i_1i_2,a_1i_1i_2) * 4 -> R(i_1,i_2;a_2i_1i_2,a_1i_1i_2)","R(i_1,i_2;a_2i_1i_2,a_1i_1i_2)","I(i_1,i_2;a_2i_1i_2,a_1i_1i_2)",4,"R(i_1,i_2;a_2i_1i_2,a_1i_1i_2)","i,i,a,a",";;i_1,i_2;i_1,i_2","7,7,,",7 × 7 × ? × ?,,
1,65,Permute,residual,R,64394,,,384,384,193729336,546758656,48,,,,,"R(i_1,i_2;a_2i_1i_2,a_1i_1i_2)","R(i_1,i_2;a_2i_1i_2,a_1i_1i_2)",,,,"i,i,a,a",";;i_1,i_2;i_1,i_2","7,7,,",7 × 7 × ? × ?,,
1,66,Tensor,leaf,t,1487,,,384,384,193729336,546758656,48,,,,,"t(i_1,i_4;a_5i_1i_4,a_4i_1i_4)","t(i_1,i_4;a_5i_1i_4,a_4i_1i_4)",,,,"i,i,a,a",";;i_1,i_4;i_1,i_4","7,7,,",7 × 7 × ? × ?,,
1,66,Product,intermediate,I,203834,432,384,432,432,193729336,546758656,54,,,,,"I(i_1,i_3,i_4,i_2;a_4i_1i_4) * t(i_1,i_4;a_5i_1i_4,a_4i_1i_4) -> I(i_4,i_3,i_2,i_1;a_5i_1i_4)","I(i_4,i_3,i_2,i_1;a_5i_1i_4)","I(i_1,i_3,i_4,i_2;a_4i_1i_4)","t(i_1,i_4;a_5i_1i_4,a_4i_1i_4)","I(i_4,i_3,i_2,i_1;a_5i_1i_4)","i,i,i,i,a",";;;;i_1,i_4","7,7,7,7,",7 × 7 × 7 × 7 × ?,,
1,66,Product,intermediate,I,355333,432,5489512,400,400,193729336,546758656,50,,,,,"I(i_4,i_3,i_2,i_1;a_5i_1i_4) * I(i_4,i_2,i_1;a_5i_1i_4,a_1i_1i_2) -> I(i_3,i_2,i_1;a_1i_1i_2)","I(i_3,i_2,i_1;a_1i_1i_2)","I(i_4,i_3,i_2,i_1;a_5i_1i_4)","I(i_4,i_2,i_1;a_5i_1i_4,a_1i_1i_2)","I(i_3,i_2,i_1;a_1i_1i_2)","i,i,i,a",";;;i_1,i_2","7,7,7,",7 × 7 × 7 × ?,,
1,66,Product,intermediate,I,238088,400,400,384,384,193729336,546758656,48,,,,,"I(i_3,i_2,i_1;a_1i_1i_2) * I(i_2,i_1,i_3;a_2i_1i_2) -> I(i_1,i_2;a_1i_1i_2,a_2i_1i_2)","I(i_1,i_2;a_1i_1i_2,a_2i_1i_2)","I(i_3,i_2,i_1;a_1i_1i_2)","I(i_2,i_1,i_3;a_2i_1i_2)","I(i_1,i_2;a_1i_1i_2,a_2i_1i_2)","i,i,a,a",";;i_1,i_2;i_1,i_2","7,7,,",7 × 7 × ? × ?,,
1,66,Constant,constant,_const,1101,,,8,8,193729336,546758656,1,,,,,-4,-4,,,,,,,scalar,8,1
1,66,Product,residual,R,63692,384,8,384,384,193729336,546758656,48,,,,,"I(i_1,i_2;a_1i_1i_2,a_2i_1i_2) * -4 -> R(i_1,i_2;a_1i_1i_2,a_2i_1i_2)","R(i_1,i_2;a_1i_1i_2,a_2i_1i_2)","I(i_1,i_2;a_1i_1i_2,a_2i_1i_2)",-4,"R(i_1,i_2;a_1i_1i_2,a_2i_1i_2)","i,i,a,a",";;i_1,i_2;i_1,i_2","7,7,,",7 × 7 × ? × ?,,
1,66,Permute,residual,R,59579,,,384,384,193729336,546758656,48,,,,,"R(i_1,i_2;a_1i_1i_2,a_2i_1i_2)","R(i_1,i_2;a_1i_1i_2,a_2i_1i_2)",,,,"i,i,a,a",";;i_1,i_2;i_1,i_2","7,7,,",7 × 7 × ? × ?,,
1,67,Tensor,leaf,C,15629,,,2207664,2207664,193729336,546758656,275958,,,,,"C(i_2,i_1,μ̃_19721;a_4i_1i_2)","C(i_2,i_1,μ̃_19721;a_4i_1i_2)",,,,"i,i,μ̃,a",";;;i_1,i_2","7,7,114,",7 × 7 × 114 × ?,,
1,67,Product,intermediate,I,215905,432,2207664,400,400,193729336,546758656,50,,,,,"I(i_3,μ̃_19721) * C(i_2,i_1,μ̃_19721;a_4i_1i_2) -> I(i_2,i_1,i_3;a_4i_1i_2)","I(i_2,i_1,i_3;a_4i_1i_2)","I(i_3,μ̃_19721)","C(i_2,i_1,μ̃_19721;a_4i_1i_2)","I(i_2,i_1,i_3;a_4i_1i_2)","i,i,i,a",";;;i_1,i_2","7,7,7,",7 × 7 × 7 × ?,,
1,67,Tensor,leaf,t,1616,,,384,384,193729336,546758656,48,,,,,"t(i_2,i_1;a_4i_1i_2,a_1i_1i_2)","t(i_2,i_1;a_4i_1i_2,a_1i_1i_2)",,,,"i,i,a,a",";;i_1,i_2;i_1,i_2","7,7,,",7 × 7 × ? × ?,,
1,67,Product,intermediate,I,196141,400,384,400,400,193729336,546758656,50,,,,,"I(i_2,i_1,i_3;a_4i_1i_2) * t(i_2,i_1;a_4i_1i_2,a_1i_1i_2) -> I(i_3,i_2,i_1;a_1i_1i_2)","I(i_3,i_2,i_1;a_1i_1i_2)","I(i_2,i_1,i_3;a_4i_1i_2)","t(i_2,i_1;a_4i_1i_2,a_1i_1i_2)","I(i_3,i_2,i_1;a_1i_1i_2)","i,i,i,a",";;;i_1,i_2","7,7,7,",7 × 7 × 7 × ?,,
1,67,Product,intermediate,I,299966,400,400,384,384,193729336,546758656,48,,,,,"I(i_3,i_2,i_1;a_1i_1i_2) * I(i_2,i_1,i_3;a_2i_1i_2) -> I(i_1,i_2;a_2i_1i_2,a_1i_1i_2)","I(i_1,i_2;a_2i_1i_2,a_1i_1i_2)","I(i_3,i_2,i_1;a_1i_1i_2)","I(i_2,i_1,i_3;a_2i_1i_2)","I(i_1,i_2;a_2i_1i_2,a_1i_1i_2)","i,i,a,a",";;i_1,i_2;i_1,i_2","7,7,,",7 × 7 × ? × ?,,
1,67,Constant,constant,_const,1116,,,8,8,193729336,546758656,1,,,,,2,2,,,,,,,scalar,8,1
1,67,Product,residual,R,68046,384,8,384,384,193729336,546758656,48,,,,,"I(i_1,i_2;a_2i_1i_2,a_1i_1i_2) * 2 -> R(i_1,i_2;a_2i_1i_2,a_1i_1i_2)","R(i_1,i_2;a_2i_1i_2,a_1i_1i_2)","I(i_1,i_2;a_2i_1i_2,a_1i_1i_2)",2,"R(i_1,i_2;a_2i_1i_2,a_1i_1i_2)","i,i,a,a",";;i_1,i_2;i_1,i_2","7,7,,",7 × 7 × ? × ?,,
1,67,Permute,residual,R,64484,,,384,384,193729336,546758656,48,,,,,"R(i_1,i_2;a_2i_1i_2,a_1i_1i_2)","R(i_1,i_2;a_2i_1i_2,a_1i_1i_2)",,,,"i,i,a,a",";;i_1,i_2;i_1,i_2","7,7,,",7 × 7 × ? × ?,,
1,68,Product,intermediate,I,185329,496,880,624,624,193729336,546758656,78,0,0.0,0.0,0.0,"I(i_3,i_2,Κ_1) * I(μ̃_19748,i_1,Κ_1) -> I(i_3,μ̃_19748,i_1,i_2)","I(i_3,μ̃_19748,i_1,i_2)","I(i_3,i_2,Κ_1)","I(μ̃_19748,i_1,Κ_1)","I(i_3,μ̃_19748,i_1,i_2)","i,μ̃,i,i",;;;,"7,114,7,7",7 × 114 × 7 × 7,312816,0.00199478
1,68,Tensor,leaf,C,13825,,,2207664,2207664,193729336,546758656,275958,,,,,"C(i_2,i_1,μ̃_19748;a_1i_1i_2)","C(i_2,i_1,μ̃_19748;a_1i_1i_2)",,,,"i,i,μ̃,a",";;;i_1,i_2","7,7,114,",7 × 7 × 114 × ?,,
1,68,Product,intermediate,I,484646,624,2207664,400,400,193729336,546758656,50,,,,,"I(i_3,μ̃_19748,i_1,i_2) * C(i_2,i_1,μ̃_19748;a_1i_1i_2) -> I(i_3,i_1,i_2;a_1i_1i_2)","I(i_3,i_1,i_2;a_1i_1i_2)","I(i_3,μ̃_19748,i_1,i_2)","C(i_2,i_1,μ̃_19748;a_1i_1i_2)","I(i_3,i_1,i_2;a_1i_1i_2)","i,i,i,a",";;;i_1,i_2","7,7,7,",7 × 7 × 7 × ?,,
1,68,Product,intermediate,I,242345,400,400,384,384,193729336,546758656,48,,,,,"I(i_3,i_1,i_2;a_1i_1i_2) * I(i_2,i_1,i_3;a_2i_1i_2) -> I(i_1,i_2;a_1i_1i_2,a_2i_1i_2)","I(i_1,i_2;a_1i_1i_2,a_2i_1i_2)","I(i_3,i_1,i_2;a_1i_1i_2)","I(i_2,i_1,i_3;a_2i_1i_2)","I(i_1,i_2;a_1i_1i_2,a_2i_1i_2)","i,i,a,a",";;i_1,i_2;i_1,i_2","7,7,,",7 × 7 × ? × ?,,
1,68,Constant,constant,_const,1136,,,8,8,193729336,546758656,1,,,,,-2,-2,,,,,,,scalar,8,1
1,68,Product,residual,R,74142,384,8,384,384,193729336,546758656,48,,,,,"I(i_1,i_2;a_1i_1i_2,a_2i_1i_2) * -2 -> R(i_1,i_2;a_1i_1i_2,a_2i_1i_2)","R(i_1,i_2;a_1i_1i_2,a_2i_1i_2)","I(i_1,i_2;a_1i_1i_2,a_2i_1i_2)",-2,"R(i_1,i_2;a_1i_1i_2,a_2i_1i_2)","i,i,a,a",";;i_1,i_2;i_1,i_2","7,7,,",7 × 7 × ? × ?,,
1,68,Permute,residual,R,62090,,,384,384,193729336,546758656,48,,,,,"R(i_1,i_2;a_1i_1i_2,a_2i_1i_2)","R(i_1,i_2;a_1i_1i_2,a_2i_1i_2)",,,,"i,i,a,a",";;i_1,i_2;i_1,i_2","7,7,,",7 × 7 × ? × ?,,
1,69,Tensor,leaf,g,11340,,,1843152,1843152,193729336,546758656,230394,225036,-13.713518793894858,9.824790694343461,0.192547847698342,"g(μ̃_19827,i_3,Κ_1)","g(μ̃_19827,i_3,Κ_1)",,,,"μ̃,i,Κ",;;,"114,7,282",114 × 7 × 282,1800288,1.02381
1,69,Product,intermediate,I,329730,880,1843152,624,624,193729336,546758656,78,0,0.0,0.0,0.0,"I(μ̃_19826,i_3,Κ_1) * g(μ̃_19827,i_3,Κ_1) -> I(μ̃_19826,μ̃_19827)","I(μ̃_19826,μ̃_19827)","I(μ̃_19826,i_3,Κ_1)","g(μ̃_19827,i_3,Κ_1)","I(μ̃_19826,μ̃_19827)","μ̃,μ̃",;,"114,114",114 × 114,103968,0.00600185
1,69,Tensor,leaf,C,12543,,,2207664,2207664,193729336,546758656,275958,,,,,"C(i_2,i_1,μ̃_19826;a_2i_1i_2)","C(i_2,i_1,μ̃_19826;a_2i_1i_2)",,,,"i,i,μ̃,a",";;;i_1,i_2","7,7,114,",7 × 7 × 114 × ?,,
1,69,Product,intermediate,I,220740,624,2207664,496,496,193729336,546758656,62,,,,,"I(μ̃_19826,μ̃_19827) * C(i_2,i_1,μ̃_19826;a_2i_1i_2) -> I(i_2,i_1,μ̃_19827;a_2i_1i_2)","I(i_2,i_1,μ̃_19827;a_2i_1i_2)","I(μ̃_19826,μ̃_19827)","C(i_2,i_1,μ̃_19826;a_2i_1i_2)","I(i_2,i_1,μ̃_19827;a_2i_1i_2)","i,i,μ̃,a",";;;i_1,i_2","7,7,114,",7 × 7 × 114 × ?,,
1,69,Tensor,leaf,C,11576,,,2207664,2207664,193729336,546758656,275958,,,,,"C(i_2,i_1,μ̃_19827;a_4i_1i_2)","C(i_2,i_1,μ̃_19827;a_4i_1i_2)",,,,"i,i,μ̃,a",";;;i_1,i_2","7,7,114,",7 × 7 × 114 × ?,,
1,69,Product,intermediate,I,423133,496,2207664,384,384,193729336,546758656,48,,,,,"I(i_2,i_1,μ̃_19827;a_2i_1i_2) * C(i_2,i_1,μ̃_19827;a_4i_1i_2) -> I(i_2,i_1;a_4i_1i_2,a_2i_1i_2)","I(i_2,i_1;a_4i_1i_2,a_2i_1i_2)","I(i_2,i_1,μ̃_19827;a_2i_1i_2)","C(i_2,i_1,μ̃_19827;a_4i_1i_2)","I(i_2,i_1;a_4i_1i_2,a_2i_1i_2)","i,i,a,a",";;i_1,i_2;i_1,i_2","7,7,,",7 × 7 × ? × ?,,
1,69,Tensor,leaf,t,1309,,,384,384,193729336,546758656,48,,,,,"t(i_2,i_1;a_4i_1i_2,a_1i_1i_2)","t(i_2,i_1;a_4i_1i_2,a_1i_1i_2)",,,,"i,i,a,a",";;i_1,i_2;i_1,i_2","7,7,,",7 × 7 × ? × ?,,
1,69,Product,intermediate,I,169295,384,384,384,384,193729336,546758656,48,,,,,"I(i_2,i_1;a_4i_1i_2,a_2i_1i_2) * t(i_2,i_1;a_4i_1i_2,a_1i_1i_2) -> I(i_1,i_2;a_1i_1i_2,a_2i_1i_2)","I(i_1,i_2;a_1i_1i_2,a_2i_1i_2)","I(i_2,i_1;a_4i_1i_2,a_2i_1i_2)","t(i_2,i_1;a_4i_1i_2,a_1i_1i_2)","I(i_1,i_2;a_1i_1i_2,a_2i_1i_2)","i,i,a,a",";;i_1,i_2;i_1,i_2","7,7,,",7 × 7 × ? × ?,,
1,69,Constant,constant,_const,1069,,,8,8,193729336,546758656,1,,,,,-2,-2,,,,,,,scalar,8,1
1,69,Product,residual,R,67575,384,8,384,384,193729336,546758656,48,,,,,"I(i_1,i_2;a_1i_1i_2,a_2i_1i_2) * -2 -> R(i_1,i_2;a_1i_1i_2,a_2i_1i_2)","R(i_1,i_2;a_1i_1i_2,a_2i_1i_2)","I(i_1,i_2;a_1i_1i_2,a_2i_1i_2)",-2,"R(i_1,i_2;a_1i_1i_2,a_2i_1i_2)","i,i,a,a",";;i_1,i_2;i_1,i_2","7,7,,",7 × 7 × ? × ?,,
1,69,Permute,residual,R,59242,,,384,384,193729336,546758656,48,,,,,"R(i_1,i_2;a_1i_1i_2,a_2i_1i_2)","R(i_1,i_2;a_1i_1i_2,a_2i_1i_2)",,,,"i,i,a,a",";;i_1,i_2;i_1,i_2","7,7,,",7 × 7 × ? × ?,,
1,70,Product,intermediate,I,396787,5490816,880,496,496,193729336,546758656,62,,,,,"I(i_2,i_1,Κ_1;a_1i_1i_2) * I(μ̃_19857,i_2,Κ_1) -> I(i_1,μ̃_19857,i_2;a_1i_1i_2)","I(i_1,μ̃_19857,i_2;a_1i_1i_2)","I(i_2,i_1,Κ_1;a_1i_1i_2)","I(μ̃_19857,i_2,Κ_1)","I(i_1,μ̃_19857,i_2;a_1i_1i_2)","i,μ̃,i,a",";;;i_1,i_2","7,114,7,",7 × 114 × 7 × ?,,
1,70,Tensor,leaf,C,12000,,,2207664,2207664,193729336,546758656,275958,,,,,"C(i_2,i_1,μ̃_19857;a_2i_1i_2)","C(i_2,i_1,μ̃_19857;a_2i_1i_2)",,,,"i,i,μ̃,a",";;;i_1,i_2","7,7,114,",7 × 7 × 114 × ?,,
1,70,Product,intermediate,I,402345,496,2207664,384,384,193729336,546758656,48,,,,,"I(i_1,μ̃_19857,i_2;a_1i_1i_2) * C(i_2,i_1,μ̃_19857;a_2i_1i_2) -> I(i_1,i_2;a_2i_1i_2,a_1i_1i_2)","I(i_1,i_2;a_2i_1i_2,a_1i_1i_2)","I(i_1,μ̃_19857,i_2;a_1i_1i_2)","C(i_2,i_1,μ̃_19857;a_2i_1i_2)","I(i_1,i_2;a_2i_1i_2,a_1i_1i_2)","i,i,a,a",";;i_1,i_2;i_1,i_2","7,7,,",7 × 7 × ? × ?,,
1,70,Constant,constant,_const,1175,,,8,8,193729336,546758656,1,,,,,2,2,,,,,,,scalar,8,1
1,70,Product,residual,R,66772,384,8,384,384,193729336,546758656,48,,,,,"I(i_1,i_2;a_2i_1i_2,a_1i_1i_2) * 2 -> R(i_1,i_2;a_2i_1i_2,a_1i_1i_2)","R(i_1,i_2;a_2i_1i_2,a_1i_1i_2)","I(i_1,i_2;a_2i_1i_2,a_1i_1i_2)",2,"R(i_1,i_2;a_2i_1i_2,a_1i_1i_2)","i,i,a,a",";;i_1,i_2;i_1,i_2","7,7,,",7 × 7 × ? × ?,,
1,70,Permute,residual,R,71085,,,384,384,193729336,546758656,48,,,,,"R(i_1,i_2;a_2i_1i_2,a_1i_1i_2)","R(i_1,i_2;a_2i_1i_2,a_1i_1i_2)",,,,"i,i,a,a",";;i_1,i_2;i_1,i_2","7,7,,",7 × 7 × ? × ?,,
1,71,Product,intermediate,I,395537,496,5490816,400,400,193729336,546758656,50,,,,,"I(i_3,i_1,Κ_1) * I(i_1,i_2,Κ_1;a_2i_1i_2) -> I(i_3,i_2,i_1;a_2i_1i_2)","I(i_3,i_2,i_1;a_2i_1i_2)","I(i_3,i_1,Κ_1)","I(i_1,i_2,Κ_1;a_2i_1i_2)","I(i_3,i_2,i_1;a_2i_1i_2)","i,i,i,a",";;;i_1,i_2","7,7,7,",7 × 7 × 7 × ?,,
1,71,Product,intermediate,I,292625,400,400,384,384,193729336,546758656,48,,,,,"I(i_3,i_2,i_1;a_2i_1i_2) * I(i_2,i_1,i_3;a_1i_1i_2) -> I(i_2,i_1;a_1i_1i_2,a_2i_1i_2)","I(i_2,i_1;a_1i_1i_2,a_2i_1i_2)","I(i_3,i_2,i_1;a_2i_1i_2)","I(i_2,i_1,i_3;a_1i_1i_2)","I(i_2,i_1;a_1i_1i_2,a_2i_1i_2)","i,i,a,a",";;i_1,i_2;i_1,i_2","7,7,,",7 × 7 × ? × ?,,
1,71,Constant,constant,_const,904,,,8,8,193729336,546758656,1,,,,,-2,-2,,,,,,,scalar,8,1
1,71,Product,residual,R,141460,384,8,384,384,193729336,546758656,48,,,,,"I(i_2,i_1;a_1i_1i_2,a_2i_1i_2) * -2 -> R(i_2,i_1;a_1i_1i_2,a_2i_1i_2)","R(i_2,i_1;a_1i_1i_2,a_2i_1i_2)","I(i_2,i_1;a_1i_1i_2,a_2i_1i_2)",-2,"R(i_2,i_1;a_1i_1i_2,a_2i_1i_2)","i,i,a,a",";;i_1,i_2;i_1,i_2","7,7,,",7 × 7 × ? × ?,,
1,71,Permute,residual,R,65338,,,384,384,193729336,546758656,48,,,,,"R(i_2,i_1;a_1i_1i_2,a_2i_1i_2)","R(i_2,i_1;a_1i_1i_2,a_2i_1i_2)",,,,"i,i,a,a",";;i_1,i_2;i_1,i_2","7,7,,",7 × 7 × ? × ?,,
1,72,Tensor,leaf,f,20107,,,432,432,193729336,546758656,54,0,0.0,0.0,0.0,"f(μ̃_19689,i_3)","f(μ̃_19689,i_3)",,,,"μ̃,i",;,"114,7",114 × 7,6384,0.0676692
1,72,Tensor,leaf,C,7774,,,2207664,2207664,193729336,546758656,275958,,,,,"C(i_2,i_1,μ̃_19689;a_3i_1i_2)","C(i_2,i_1,μ̃_19689;a_3i_1i_2)",,,,"i,i,μ̃,a",";;;i_1,i_2","7,7,114,",7 × 7 × 114 × ?,,
1,72,Product,intermediate,I,208637,432,2207664,400,400,193729336,546758656,50,,,,,"f(μ̃_19689,i_3) * C(i_2,i_1,μ̃_19689;a_3i_1i_2) -> I(i_2,i_1,i_3;a_3i_1i_2)","I(i_2,i_1,i_3;a_3i_1i_2)","f(μ̃_19689,i_3)","C(i_2,i_1,μ̃_19689;a_3i_1i_2)","I(i_2,i_1,i_3;a_3i_1i_2)","i,i,i,a",";;;i_1,i_2","7,7,7,",7 × 7 × 7 × ?,,
1,72,Tensor,leaf,t,1941,,,384,384,193729336,546758656,48,,,,,"t(i_2,i_1;a_3i_1i_2,a_1i_1i_2)","t(i_2,i_1;a_3i_1i_2,a_1i_1i_2)",,,,"i,i,a,a",";;i_1,i_2;i_1,i_2","7,7,,",7 × 7 × ? × ?,,
1,72,Product,intermediate,I,238079,400,384,400,400,193729336,546758656,50,,,,,"I(i_2,i_1,i_3;a_3i_1i_2) * t(i_2,i_1;a_3i_1i_2,a_1i_1i_2) -> I(i_3,i_2,i_1;a_1i_1i_2)","I(i_3,i_2,i_1;a_1i_1i_2)","I(i_2,i_1,i_3;a_3i_1i_2)","t(i_2,i_1;a_3i_1i_2,a_1i_1i_2)","I(i_3,i_2,i_1;a_1i_1i_2)","i,i,i,a",";;;i_1,i_2","7,7,7,",7 × 7 × 7 × ?,,
1,72,Product,intermediate,I,312227,400,400,384,384,193729336,546758656,48,,,,,"I(i_3,i_2,i_1;a_1i_1i_2) * I(i_2,i_1,i_3;a_2i_1i_2) -> I(i_1,i_2;a_2i_1i_2,a_1i_1i_2)","I(i_1,i_2;a_2i_1i_2,a_1i_1i_2)","I(i_3,i_2,i_1;a_1i_1i_2)","I(i_2,i_1,i_3;a_2i_1i_2)","I(i_1,i_2;a_2i_1i_2,a_1i_1i_2)","i,i,a,a",";;i_1,i_2;i_1,i_2","7,7,,",7 × 7 × ? × ?,,
1,72,Constant,constant,_const,1516,,,8,8,193729336,546758656,1,,,,,-2,-2,,,,,,,scalar,8,1
1,72,Product,residual,R,70658,384,8,384,384,193729336,546758656,48,,,,,"I(i_1,i_2;a_2i_1i_2,a_1i_1i_2) * -2 -> R(i_1,i_2;a_2i_1i_2,a_1i_1i_2)","R(i_1,i_2;a_2i_1i_2,a_1i_1i_2)","I(i_1,i_2;a_2i_1i_2,a_1i_1i_2)",-2,"R(i_1,i_2;a_2i_1i_2,a_1i_1i_2)","i,i,a,a",";;i_1,i_2;i_1,i_2","7,7,,",7 × 7 × ? × ?,,
1,72,Permute,residual,R,78011,,,384,384,193729336,546758656,48,,,,,"R(i_1,i_2;a_2i_1i_2,a_1i_1i_2)","R(i_1,i_2;a_2i_1i_2,a_1i_1i_2)",,,,"i,i,a,a",";;i_1,i_2;i_1,i_2","7,7,,",7 × 7 × ? × ?,,
1,73,Tensor,leaf,g,12935,,,29489328,29489328,204583960,546758656,3686166,3664872,328.03408291046827,123.92989425956779,0.8503952014554771,"g(μ̃_19698,μ̃_19699,Κ_1)","g(μ̃_19698,μ̃_19699,Κ_1)",,,,"μ̃,μ̃,Κ",;;,"114,114,282",114 × 114 × 282,29318976,1.00581
1,73,Product,intermediate,I,376381,400,29489328,624,624,204584984,546758656,78,0,0.0,0.0,0.0,"I(Κ_1) * g(μ̃_19698,μ̃_19699,Κ_1) -> I(μ̃_19699,μ̃_19698)","I(μ̃_19699,μ̃_19698)",I(Κ_1),"g(μ̃_19698,μ̃_19699,Κ_1)","I(μ̃_19699,μ̃_19698)","μ̃,μ̃",;,"114,114",114 × 114,103968,0.00600185
1,73,Tensor,leaf,C,14907,,,2207664,2207664,204584984,546758656,275958,,,,,"C(i_2,i_1,μ̃_19698;a_4i_1i_2)","C(i_2,i_1,μ̃_19698;a_4i_1i_2)",,,,"i,i,μ̃,a",";;;i_1,i_2","7,7,114,",7 × 7 × 114 × ?,,
1,73,Product,intermediate,I,269135,624,2207664,496,496,204584984,546758656,62,,,,,"I(μ̃_19699,μ̃_19698) * C(i_2,i_1,μ̃_19698;a_4i_1i_2) -> I(i_2,i_1,μ̃_19699;a_4i_1i_2)","I(i_2,i_1,μ̃_19699;a_4i_1i_2)","I(μ̃_19699,μ̃_19698)","C(i_2,i_1,μ̃_19698;a_4i_1i_2)","I(i_2,i_1,μ̃_19699;a_4i_1i_2)","i,i,μ̃,a",";;;i_1,i_2","7,7,114,",7 × 7 × 114 × ?,,
1,73,Tensor,leaf,C,12859,,,2207664,2207664,204584984,546758656,275958,,,,,"C(i_2,i_1,μ̃_19699;a_2i_1i_2)","C(i_2,i_1,μ̃_19699;a_2i_1i_2)",,,,"i,i,μ̃,a",";;;i_1,i_2","7,7,114,",7 × 7 × 114 × ?,,
1,73,Product,intermediate,I,431805,496,2207664,384,384,204584984,546758656,48,,,,,"I(i_2,i_1,μ̃_19699;a_4i_1i_2) * C(i_2,i_1,μ̃_19699;a_2i_1i_2) -> I(i_2,i_1;a_2i_1i_2,a_4i_1i_2)","I(i_2,i_1;a_2i_1i_2,a_4i_1i_2)","I(i_2,i_1,μ̃_19699;a_4i_1i_2)","C(i_2,i_1,μ̃_19699;a_2i_1i_2)","I(i_2,i_1;a_2i_1i_2,a_4i_1i_2)","i,i,a,a",";;i_1,i_2;i_1,i_2","7,7,,",7 × 7 × ? × ?,,
1,73,Tensor,leaf,t,2570,,,384,384,204584984,546758656,48,,,,,"t(i_2,i_1;a_4i_1i_2,a_1i_1i_2)","t(i_2,i_1;a_4i_1i_2,a_1i_1i_2)",,,,"i,i,a,a",";;i_1,i_2;i_1,i_2","7,7,,",7 × 7 × ? × ?,,
1,73,Product,intermediate,I,180660,384,384,384,384,204584984,546758656,48,,,,,"I(i_2,i_1;a_2i_1i_2,a_4i_1i_2) * t(i_2,i_1;a_4i_1i_2,a_1i_1i_2) -> I(i_1,i_2;a_2i_1i_2,a_1i_1i_2)","I(i_1,i_2;a_2i_1i_2,a_1i_1i_2)","I(i_2,i_1;a_2i_1i_2,a_4i_1i_2)","t(i_2,i_1;a_4i_1i_2,a_1i_1i_2)","I(i_1,i_2;a_2i_1i_2,a_1i_1i_2)","i,i,a,a",";;i_1,i_2;i_1,i_2","7,7,,",7 × 7 × ? × ?,,
1,73,Constant,constant,_const,1084,,,8,8,204584984,546758656,1,,,,,4,4,,,,,,,scalar,8,1
1,73,Product,residual,R,70551,384,8,384,384,204584984,546758656,48,,,,,"I(i_1,i_2;a_2i_1i_2,a_1i_1i_2) * 4 -> R(i_1,i_2;a_2i_1i_2,a_1i_1i_2)","R(i_1,i_2;a_2i_1i_2,a_1i_1i_2)","I(i_1,i_2;a_2i_1i_2,a_1i_1i_2)",4,"R(i_1,i_2;a_2i_1i_2,a_1i_1i_2)","i,i,a,a",";;i_1,i_2;i_1,i_2","7,7,,",7 × 7 × ? × ?,,
1,73,Permute,residual,R,59096,,,384,384,204584984,546758656,48,,,,,"R(i_1,i_2;a_2i_1i_2,a_1i_1i_2)","R(i_1,i_2;a_2i_1i_2,a_1i_1i_2)",,,,"i,i,a,a",";;i_1,i_2;i_1,i_2","7,7,,",7 × 7 × ? × ?,,
1,74,Tensor,leaf,C,8189,,,2207664,2207664,204584984,546758656,275958,,,,,"C(i_2,i_1,μ̃_19853;a_4i_1i_2)","C(i_2,i_1,μ̃_19853;a_4i_1i_2)",,,,"i,i,μ̃,a",";;;i_1,i_2","7,7,114,",7 × 7 × 114 × ?,,
1,74,Product,intermediate,I,3575953,432,2207664,400,400,204584984,546758656,50,,,,,"I(i_4,μ̃_19853) * C(i_2,i_1,μ̃_19853;a_4i_1i_2) -> I(i_2,i_1,i_4;a_4i_1i_2)","I(i_2,i_1,i_4;a_4i_1i_2)","I(i_4,μ̃_19853)","C(i_2,i_1,μ̃_19853;a_4i_1i_2)","I(i_2,i_1,i_4;a_4i_1i_2)","i,i,i,a",";;;i_1,i_2","7,7,7,",7 × 7 × 7 × ?,,
1,74,Tensor,leaf,t,2101,,,384,384,204584984,546758656,48,,,,,"t(i_2,i_1;a_4i_1i_2,a_1i_1i_2)","t(i_2,i_1;a_4i_1i_2,a_1i_1i_2)",,,,"i,i,a,a",";;i_1,i_2;i_1,i_2","7,7,,",7 × 7 × ? × ?,,
1,74,Product,intermediate,I,222399,400,384,400,400,204584984,546758656,50,,,,,"I(i_2,i_1,i_4;a_4i_1i_2) * t(i_2,i_1;a_4i_1i_2,a_1i_1i_2) -> I(i_4,i_2,i_1;a_1i_1i_2)","I(i_4,i_2,i_1;a_1i_1i_2)","I(i_2,i_1,i_4;a_4i_1i_2)","t(i_2,i_1;a_4i_1i_2,a_1i_1i_2)","I(i_4,i_2,i_1;a_1i_1i_2)","i,i,i,a",";;;i_1,i_2","7,7,7,",7 × 7 × 7 × ?,,
1,74,Product,intermediate,I,329180,400,400,384,384,204584984,546758656,48,,,,,"I(i_4,i_2,i_1;a_1i_1i_2) * I(i_2,i_1,i_4;a_2i_1i_2) -> I(i_1,i_2;a_2i_1i_2,a_1i_1i_2)","I(i_1,i_2;a_2i_1i_2,a_1i_1i_2)","I(i_4,i_2,i_1;a_1i_1i_2)","I(i_2,i_1,i_4;a_2i_1i_2)","I(i_1,i_2;a_2i_1i_2,a_1i_1i_2)","i,i,a,a",";;i_1,i_2;i_1,i_2","7,7,,",7 × 7 × ? × ?,,
1,74,Constant,constant,_const,1200,,,8,8,204584984,546758656,1,,,,,-4,-4,,,,,,,scalar,8,1
1,74,Product,residual,R,69535,384,8,384,384,204584984,546758656,48,,,,,"I(i_1,i_2;a_2i_1i_2,a_1i_1i_2) * -4 -> R(i_1,i_2;a_2i_1i_2,a_1i_1i_2)","R(i_1,i_2;a_2i_1i_2,a_1i_1i_2)","I(i_1,i_2;a_2i_1i_2,a_1i_1i_2)",-4,"R(i_1,i_2;a_2i_1i_2,a_1i_1i_2)","i,i,a,a",";;i_1,i_2;i_1,i_2","7,7,,",7 × 7 × ? × ?,,
1,74,Permute,residual,R,65259,,,384,384,204584984,546758656,48,,,,,"R(i_1,i_2;a_2i_1i_2,a_1i_1i_2)","R(i_1,i_2;a_2i_1i_2,a_1i_1i_2)",,,,"i,i,a,a",";;i_1,i_2;i_1,i_2","7,7,,",7 × 7 × ? × ?,,
1,75,Product,intermediate,I,319687,5179792,432,624,624,204584984,546758656,78,0,0.0,0.0,0.0,"I(i_2,i_3,μ̃_19758,μ̃_19757) * I(μ̃_19758,i_1) -> I(i_2,i_3,μ̃_19757,i_1)","I(i_2,i_3,μ̃_19757,i_1)","I(i_2,i_3,μ̃_19758,μ̃_19757)","I(μ̃_19758,i_1)","I(i_2,i_3,μ̃_19757,i_1)","i,i,μ̃,i",;;;,"7,7,114,7",7 × 7 × 114 × 7,312816,0.00199478
1,75,Tensor,leaf,C,13846,,,2207664,2207664,204584984,546758656,275958,,,,,"C(i_2,i_1,μ̃_19757;a_1i_1i_2)","C(i_2,i_1,μ̃_19757;a_1i_1i_2)",,,,"i,i,μ̃,a",";;;i_1,i_2","7,7,114,",7 × 7 × 114 × ?,,
1,75,Product,intermediate,I,454971,624,2207664,400,400,204584984,546758656,50,,,,,"I(i_2,i_3,μ̃_19757,i_1) * C(i_2,i_1,μ̃_19757;a_1i_1i_2) -> I(i_3,i_2,i_1;a_1i_1i_2)","I(i_3,i_2,i_1;a_1i_1i_2)","I(i_2,i_3,μ̃_19757,i_1)","C(i_2,i_1,μ̃_19757;a_1i_1i_2)","I(i_3,i_2,i_1;a_1i_1i_2)","i,i,i,a",";;;i_1,i_2","7,7,7,",7 × 7 × 7 × ?,,
1,75,Product,intermediate,I,310775,400,400,384,384,204584984,546758656,48,,,,,"I(i_3,i_2,i_1;a_1i_1i_2) * I(i_2,i_1,i_3;a_2i_1i_2) -> I(i_2,i_1;a_2i_1i_2,a_1i_1i_2)","I(i_2,i_1;a_2i_1i_2,a_1i_1i_2)","I(i_3,i_2,i_1;a_1i_1i_2)","I(i_2,i_1,i_3;a_2i_1i_2)","I(i_2,i_1;a_2i_1i_2,a_1i_1i_2)","i,i,a,a",";;i_1,i_2;i_1,i_2","7,7,,",7 × 7 × ? × ?,,
1,75,Constant,constant,_const,1091,,,8,8,204584984,546758656,1,,,,,-2,-2,,,,,,,scalar,8,1
1,75,Product,residual,R,71796,384,8,384,384,204584984,546758656,48,,,,,"I(i_2,i_1;a_2i_1i_2,a_1i_1i_2) * -2 -> R(i_2,i_1;a_2i_1i_2,a_1i_1i_2)","R(i_2,i_1;a_2i_1i_2,a_1i_1i_2)","I(i_2,i_1;a_2i_1i_2,a_1i_1i_2)",-2,"R(i_2,i_1;a_2i_1i_2,a_1i_1i_2)","i,i,a,a",";;i_1,i_2;i_1,i_2","7,7,,",7 × 7 × ? × ?,,
1,75,Permute,residual,R,69845,,,384,384,204584984,546758656,48,,,,,"R(i_2,i_1;a_2i_1i_2,a_1i_1i_2)","R(i_2,i_1;a_2i_1i_2,a_1i_1i_2)",,,,"i,i,a,a",";;i_1,i_2;i_1,i_2","7,7,,",7 × 7 × ? × ?,,
1,76,Product,intermediate,I,342235,24888,400,400,400,204584984,546758656,50,,,,,"I(i_1,i_3,i_2,i_4) * I(i_2,i_1,i_3;a_1i_1i_2) -> I(i_4,i_1,i_2;a_1i_1i_2)","I(i_4,i_1,i_2;a_1i_1i_2)","I(i_1,i_3,i_2,i_4)","I(i_2,i_1,i_3;a_1i_1i_2)","I(i_4,i_1,i_2;a_1i_1i_2)","i,i,i,a",";;;i_1,i_2","7,7,7,",7 × 7 × 7 × ?,,
1,76,Product,residual,R,290511,400,400,384,384,204584984,546758656,48,,,,,"I(i_4,i_1,i_2;a_1i_1i_2) * I(i_2,i_1,i_4;a_2i_1i_2) -> R(i_2,i_1;a_2i_1i_2,a_1i_1i_2)","R(i_2,i_1;a_2i_1i_2,a_1i_1i_2)","I(i_4,i_1,i_2;a_1i_1i_2)","I(i_2,i_1,i_4;a_2i_1i_2)","R(i_2,i_1;a_2i_1i_2,a_1i_1i_2)","i,i,a,a",";;i_1,i_2;i_1,i_2","7,7,,",7 × 7 × ? × ?,,
1,76,Permute,residual,R,86430,,,384,384,204584984,546758656,48,,,,,"R(i_2,i_1;a_2i_1i_2,a_1i_1i_2)","R(i_2,i_1;a_2i_1i_2,a_1i_1i_2)",,,,"i,i,a,a",";;i_1,i_2;i_1,i_2","7,7,,",7 × 7 × ? × ?,,
1,77,Tensor,leaf,g,8745,,,1843152,1843152,204584984,546758656,230394,225036,-13.713518793894858,9.824790694343461,0.192547847698342,"g(μ̃_19717,i_4,Κ_1)","g(μ̃_19717,i_4,Κ_1)",,,,"μ̃,i,Κ",;;,"114,7,282",114 × 7 × 282,1800288,1.02381
1,77,Product,intermediate,I,42462147,5490816,1843152,2226240,2226240,204584984,546758656,278280,,,,,"I(i_4,i_3,Κ_1;a_3i_3i_4) * g(μ̃_19717,i_4,Κ_1) -> I(i_4,i_3,μ̃_19717;a_3i_3i_4)","I(i_4,i_3,μ̃_19717;a_3i_3i_4)","I(i_4,i_3,Κ_1;a_3i_3i_4)","g(μ̃_19717,i_4,Κ_1)","I(i_4,i_3,μ̃_19717;a_3i_3i_4)","i,i,μ̃,a",";;;i_3,i_4","7,7,114,",7 × 7 × 114 × ?,,
1,77,Tensor,leaf,t,2783,,,384,384,204584984,546758656,48,,,,,"t(i_3,i_4;a_5i_3i_4,a_3i_3i_4)","t(i_3,i_4;a_5i_3i_4,a_3i_3i_4)",,,,"i,i,a,a",";;i_3,i_4;i_3,i_4","7,7,,",7 × 7 × ? × ?,,
1,77,Product,intermediate,I,250402,2226240,384,496,496,204584984,546758656,62,,,,,"I(i_4,i_3,μ̃_19717;a_3i_3i_4) * t(i_3,i_4;a_5i_3i_4,a_3i_3i_4) -> I(i_4,i_3,μ̃_19717;a_5i_3i_4)","I(i_4,i_3,μ̃_19717;a_5i_3i_4)","I(i_4,i_3,μ̃_19717;a_3i_3i_4)","t(i_3,i_4;a_5i_3i_4,a_3i_3i_4)","I(i_4,i_3,μ̃_19717;a_5i_3i_4)","i,i,μ̃,a",";;;i_3,i_4","7,7,114,",7 × 7 × 114 × ?,,
1,77,Tensor,leaf,C,14541,,,2207664,2207664,204584984,546758656,275958,,,,,"C(i_4,i_3,μ̃_19719;a_5i_3i_4)","C(i_4,i_3,μ̃_19719;a_5i_3i_4)",,,,"i,i,μ̃,a",";;;i_3,i_4","7,7,114,",7 × 7 × 114 × ?,,
1,77,Product,intermediate,I,346472,496,2207664,624,624,204584984,546758656,78,0,0.0,0.0,0.0,"I(i_4,i_3,μ̃_19717;a_5i_3i_4) * C(i_4,i_3,μ̃_19719;a_5i_3i_4) -> I(μ̃_19717,μ̃_19719)","I(μ̃_19717,μ̃_19719)","I(i_4,i_3,μ̃_19717;a_5i_3i_4)","C(i_4,i_3,μ̃_19719;a_5i_3i_4)","I(μ̃_19717,μ̃_19719)","μ̃,μ̃",;,"114,114",114 × 114,103968,0.00600185
1,77,Tensor,leaf,s,21037,,,125584,125584,204584984,546758656,15698,12996,138.52037144982398,140.24275294876296,0.9820999861813626,"s(μ̃_19718,μ̃_19719)","s(μ̃_19718,μ̃_19719)",,,,"μ̃,μ̃",;,"114,114",114 × 114,103968,1.20791
1,77,Product,intermediate,I,228647,624,125584,624,624,204584984,546758656,78,0,0.0,0.0,0.0,"I(μ̃_19717,μ̃_19719) * s(μ̃_19718,μ̃_19719) -> I(μ̃_19718,μ̃_19717)","I(μ̃_19718,μ̃_19717)","I(μ̃_19717,μ̃_19719)","s(μ̃_19718,μ̃_19719)","I(μ̃_19718,μ̃_19717)","μ̃,μ̃",;,"114,114",114 × 114,103968,0.00600185
1,77,Tensor,leaf,C,10553,,,2207664,2207664,204584984,546758656,275958,,,,,"C(i_2,i_1,μ̃_19717;a_4i_1i_2)","C(i_2,i_1,μ̃_19717;a_4i_1i_2)",,,,"i,i,μ̃,a",";;;i_1,i_2","7,7,114,",7 × 7 × 114 × ?,,
1,77,Product,intermediate,I,275934,624,2207664,496,496,204584984,546758656,62,,,,,"I(μ̃_19718,μ̃_19717) * C(i_2,i_1,μ̃_19717;a_4i_1i_2) -> I(i_2,i_1,μ̃_19718;a_4i_1i_2)","I(i_2,i_1,μ̃_19718;a_4i_1i_2)","I(μ̃_19718,μ̃_19717)","C(i_2,i_1,μ̃_19717;a_4i_1i_2)","I(i_2,i_1,μ̃_19718;a_4i_1i_2)","i,i,μ̃,a",";;;i_1,i_2","7,7,114,",7 × 7 × 114 × ?,,
1,77,Tensor,leaf,C,13668,,,2207664,2207664,204584984,546758656,275958,,,,,"C(i_2,i_1,μ̃_19718;a_1i_1i_2)","C(i_2,i_1,μ̃_19718;a_1i_1i_2)",,,,"i,i,μ̃,a",";;;i_1,i_2","7,7,114,",7 × 7 × 114 × ?,,
1,77,Product,intermediate,I,429927,496,2207664,384,384,204584984,546758656,48,,,,,"I(i_2,i_1,μ̃_19718;a_4i_1i_2) * C(i_2,i_1,μ̃_19718;a_1i_1i_2) -> I(i_2,i_1;a_1i_1i_2,a_4i_1i_2)","I(i_2,i_1;a_1i_1i_2,a_4i_1i_2)","I(i_2,i_1,μ̃_19718;a_4i_1i_2)","C(i_2,i_1,μ̃_19718;a_1i_1i_2)","I(i_2,i_1;a_1i_1i_2,a_4i_1i_2)","i,i,a,a",";;i_1,i_2;i_1,i_2","7,7,,",7 × 7 × ? × ?,,
1,77,Tensor,leaf,t,2065,,,384,384,204584984,546758656,48,,,,,"t(i_1,i_2;a_4i_1i_2,a_2i_1i_2)","t(i_1,i_2;a_4i_1i_2,a_2i_1i_2)",,,,"i,i,a,a",";;i_1,i_2;i_1,i_2","7,7,,",7 × 7 × ? × ?,,
1,77,Product,intermediate,I,142176,384,384,384,384,204584984,546758656,48,,,,,"I(i_2,i_1;a_1i_1i_2,a_4i_1i_2) * t(i_1,i_2;a_4i_1i_2,a_2i_1i_2) -> I(i_2,i_1;a_1i_1i_2,a_2i_1i_2)","I(i_2,i_1;a_1i_1i_2,a_2i_1i_2)","I(i_2,i_1;a_1i_1i_2,a_4i_1i_2)","t(i_1,i_2;a_4i_1i_2,a_2i_1i_2)","I(i_2,i_1;a_1i_1i_2,a_2i_1i_2)","i,i,a,a",";;i_1,i_2;i_1,i_2","7,7,,",7 × 7 × ? × ?,,
1,77,Constant,constant,_const,1760,,,8,8,204584984,546758656,1,,,,,2,2,,,,,,,scalar,8,1
1,77,Product,residual,R,54813,384,8,384,384,204584984,546758656,48,,,,,"I(i_2,i_1;a_1i_1i_2,a_2i_1i_2) * 2 -> R(i_2,i_1;a_1i_1i_2,a_2i_1i_2)","R(i_2,i_1;a_1i_1i_2,a_2i_1i_2)","I(i_2,i_1;a_1i_1i_2,a_2i_1i_2)",2,"R(i_2,i_1;a_1i_1i_2,a_2i_1i_2)","i,i,a,a",";;i_1,i_2;i_1,i_2","7,7,,",7 × 7 × ? × ?,,
1,77,Permute,residual,R,61226,,,384,384,204584984,546758656,48,,,,,"R(i_2,i_1;a_1i_1i_2,a_2i_1i_2)","R(i_2,i_1;a_1i_1i_2,a_2i_1i_2)",,,,"i,i,a,a",";;i_1,i_2;i_1,i_2","7,7,,",7 × 7 × ? × ?,,
1,78,Tensor,leaf,C,10974,,,2207664,2207664,204584984,546758656,275958,,,,,"C(i_2,i_1,μ̃_19870;a_2i_1i_2)","C(i_2,i_1,μ̃_19870;a_2i_1i_2)",,,,"i,i,μ̃,a",";;;i_1,i_2","7,7,114,",7 × 7 × 114 × ?,,
1,78,Product,residual,R,4574185,2226240,2207664,792440,792440,204584984,546758656,99055,,,,,"I(i_2,i_1,μ̃_19870;a_1i_1i_2) * C(i_2,i_1,μ̃_19870;a_2i_1i_2) -> R(i_2,i_1;a_2i_1i_2,a_1i_1i_2)","R(i_2,i_1;a_2i_1i_2,a_1i_1i_2)","I(i_2,i_1,μ̃_19870;a_1i_1i_2)","C(i_2,i_1,μ̃_19870;a_2i_1i_2)","R(i_2,i_1;a_2i_1i_2,a_1i_1i_2)","i,i,a,a",";;i_1,i_2;i_1,i_2","7,7,,",7 × 7 × ? × ?,,
1,78,Permute,residual,R,82674,,,792440,792440,204584984,546758656,99055,,,,,"R(i_2,i_1;a_2i_1i_2,a_1i_1i_2)","R(i_2,i_1;a_2i_1i_2,a_1i_1i_2)",,,,"i,i,a,a",";;i_1,i_2;i_1,i_2","7,7,,",7 × 7 × ? × ?,,
1,79,Tensor,leaf,t,2178,,,384,384,204584984,546758656,48,,,,,"t(i_4,i_3;a_5i_3i_4,a_3i_3i_4)","t(i_4,i_3;a_5i_3i_4,a_3i_3i_4)",,,,"i,i,a,a",";;i_3,i_4;i_3,i_4","7,7,,",7 × 7 × ? × ?,,
1,79,Product,intermediate,I,236911,2226240,384,496,496,204584984,546758656,62,,,,,"I(i_4,i_3,μ̃_19930;a_3i_3i_4) * t(i_4,i_3;a_5i_3i_4,a_3i_3i_4) -> I(i_3,i_4,μ̃_19930;a_5i_3i_4)","I(i_3,i_4,μ̃_19930;a_5i_3i_4)","I(i_4,i_3,μ̃_19930;a_3i_3i_4)","t(i_4,i_3;a_5i_3i_4,a_3i_3i_4)","I(i_3,i_4,μ̃_19930;a_5i_3i_4)","i,i,μ̃,a",";;;i_3,i_4","7,7,114,",7 × 7 × 114 × ?,,
1,79,Tensor,leaf,C,25345,,,2207664,2207664,204584984,546758656,275958,,,,,"C(i_4,i_3,μ̃_19932;a_5i_3i_4)","C(i_4,i_3,μ̃_19932;a_5i_3i_4)",,,,"i,i,μ̃,a",";;;i_3,i_4","7,7,114,",7 × 7 × 114 × ?,,
1,79,Product,intermediate,I,309911,496,2207664,624,624,204584984,546758656,78,0,0.0,0.0,0.0,"I(i_3,i_4,μ̃_19930;a_5i_3i_4) * C(i_4,i_3,μ̃_19932;a_5i_3i_4) -> I(μ̃_19932,μ̃_19930)","I(μ̃_19932,μ̃_19930)","I(i_3,i_4,μ̃_19930;a_5i_3i_4)","C(i_4,i_3,μ̃_19932;a_5i_3i_4)","I(μ̃_19932,μ̃_19930)","μ̃,μ̃",;,"114,114",114 × 114,103968,0.00600185
1,79,Tensor,leaf,s,18906,,,125584,125584,204584984,546758656,15698,12996,138.52037144982398,140.24275294876296,0.9820999861813626,"s(μ̃_19931,μ̃_19932)","s(μ̃_19931,μ̃_19932)",,,,"μ̃,μ̃",;,"114,114",114 × 114,103968,1.20791
1,79,Product,intermediate,I,249275,624,125584,624,624,204584984,546758656,78,0,0.0,0.0,0.0,"I(μ̃_19932,μ̃_19930) * s(μ̃_19931,μ̃_19932) -> I(μ̃_19931,μ̃_19930)","I(μ̃_19931,μ̃_19930)","I(μ̃_19932,μ̃_19930)","s(μ̃_19931,μ̃_19932)","I(μ̃_19931,μ̃_19930)","μ̃,μ̃",;,"114,114",114 × 114,103968,0.00600185
1,79,Tensor,leaf,C,9064,,,2207664,2207664,204584984,546758656,275958,,,,,"C(i_2,i_1,μ̃_19930;a_4i_1i_2)","C(i_2,i_1,μ̃_19930;a_4i_1i_2)",,,,"i,i,μ̃,a",";;;i_1,i_2","7,7,114,",7 × 7 × 114 × ?,,
1,79,Product,intermediate,I,248252,624,2207664,496,496,204584984,546758656,62,,,,,"I(μ̃_19931,μ̃_19930) * C(i_2,i_1,μ̃_19930;a_4i_1i_2) -> I(i_2,i_1,μ̃_19931;a_4i_1i_2)","I(i_2,i_1,μ̃_19931;a_4i_1i_2)","I(μ̃_19931,μ̃_19930)","C(i_2,i_1,μ̃_19930;a_4i_1i_2)","I(i_2,i_1,μ̃_19931;a_4i_1i_2)","i,i,μ̃,a",";;;i_1,i_2","7,7,114,",7 × 7 × 114 × ?,,
1,79,Tensor,leaf,C,12740,,,2207664,2207664,204584984,546758656,275958,,,,,"C(i_2,i_1,μ̃_19931;a_1i_1i_2)","C(i_2,i_1,μ̃_19931;a_1i_1i_2)",,,,"i,i,μ̃,a",";;;i_1,i_2","7,7,114,",7 × 7 × 114 × ?,,
1,79,Product,intermediate,I,387412,496,2207664,384,384,204584984,546758656,48,,,,,"I(i_2,i_1,μ̃_19931;a_4i_1i_2) * C(i_2,i_1,μ̃_19931;a_1i_1i_2) -> I(i_2,i_1;a_1i_1i_2,a_4i_1i_2)","I(i_2,i_1;a_1i_1i_2,a_4i_1i_2)","I(i_2,i_1,μ̃_19931;a_4i_1i_2)","C(i_2,i_1,μ̃_19931;a_1i_1i_2)","I(i_2,i_1;a_1i_1i_2,a_4i_1i_2)","i,i,a,a",";;i_1,i_2;i_1,i_2","7,7,,",7 × 7 × ? × ?,,
1,79,Tensor,leaf,t,1966,,,384,384,204584984,546758656,48,,,,,"t(i_1,i_2;a_4i_1i_2,a_2i_1i_2)","t(i_1,i_2;a_4i_1i_2,a_2i_1i_2)",,,,"i,i,a,a",";;i_1,i_2;i_1,i_2","7,7,,",7 × 7 × ? × ?,,
1,79,Product,intermediate,I,164471,384,384,384,384,204584984,546758656,48,,,,,"I(i_2,i_1;a_1i_1i_2,a_4i_1i_2) * t(i_1,i_2;a_4i_1i_2,a_2i_1i_2) -> I(i_2,i_1;a_1i_1i_2,a_2i_1i_2)","I(i_2,i_1;a_1i_1i_2,a_2i_1i_2)","I(i_2,i_1;a_1i_1i_2,a_4i_1i_2)","t(i_1,i_2;a_4i_1i_2,a_2i_1i_2)","I(i_2,i_1;a_1i_1i_2,a_2i_1i_2)","i,i,a,a",";;i_1,i_2;i_1,i_2","7,7,,",7 × 7 × ? × ?,,
1,79,Constant,constant,_const,1541,,,8,8,204584984,546758656,1,,,,,-4,-4,,,,,,,scalar,8,1
1,79,Product,residual,R,62990,384,8,384,384,204584984,546758656,48,,,,,"I(i_2,i_1;a_1i_1i_2,a_2i_1i_2) * -4 -> R(i_2,i_1;a_1i_1i_2,a_2i_1i_2)","R(i_2,i_1;a_1i_1i_2,a_2i_1i_2)","I(i_2,i_1;a_1i_1i_2,a_2i_1i_2)",-4,"R(i_2,i_1;a_1i_1i_2,a_2i_1i_2)","i,i,a,a",";;i_1,i_2;i_1,i_2","7,7,,",7 × 7 × ? × ?,,
1,79,Permute,residual,R,56437,,,384,384,204584984,546758656,48,,,,,"R(i_2,i_1;a_1i_1i_2,a_2i_1i_2)","R(i_2,i_1;a_1i_1i_2,a_2i_1i_2)",,,,"i,i,a,a",";;i_1,i_2;i_1,i_2","7,7,,",7 × 7 × ? × ?,,
1,80,Tensor,leaf,f,13179,,,125584,125584,204584984,546758656,15698,12996,138.71107103388132,334.03752863922216,4.72676153485664,"f(μ̃_19805,μ̃_19806)","f(μ̃_19805,μ̃_19806)",,,,"μ̃,μ̃",;,"114,114",114 × 114,103968,1.20791
1,80,Tensor,leaf,C,12178,,,2207664,2207664,204584984,546758656,275958,,,,,"C(i_2,i_1,μ̃_19805;a_2i_1i_2)","C(i_2,i_1,μ̃_19805;a_2i_1i_2)",,,,"i,i,μ̃,a",";;;i_1,i_2","7,7,114,",7 × 7 × 114 × ?,,
1,80,Product,intermediate,I,9164798,125584,2207664,2226240,2226240,204584984,546758656,278280,,,,,"f(μ̃_19805,μ̃_19806) * C(i_2,i_1,μ̃_19805;a_2i_1i_2) -> I(i_2,i_1,μ̃_19806;a_2i_1i_2)","I(i_2,i_1,μ̃_19806;a_2i_1i_2)","f(μ̃_19805,μ̃_19806)","C(i_2,i_1,μ̃_19805;a_2i_1i_2)","I(i_2,i_1,μ̃_19806;a_2i_1i_2)","i,i,μ̃,a",";;;i_1,i_2","7,7,114,",7 × 7 × 114 × ?,,
1,80,Tensor,leaf,C,11225,,,2207664,2207664,204584984,546758656,275958,,,,,"C(i_2,i_1,μ̃_19806;a_3i_1i_2)","C(i_2,i_1,μ̃_19806;a_3i_1i_2)",,,,"i,i,μ̃,a",";;;i_1,i_2","7,7,114,",7 × 7 × 114 × ?,,
1,80,Product,intermediate,I,4259711,2226240,2207664,792440,792440,204584984,547028992,99055,,,,,"I(i_2,i_1,μ̃_19806;a_2i_1i_2) * C(i_2,i_1,μ̃_19806;a_3i_1i_2) -> I(i_2,i_1;a_3i_1i_2,a_2i_1i_2)","I(i_2,i_1;a_3i_1i_2,a_2i_1i_2)","I(i_2,i_1,μ̃_19806;a_2i_1i_2)","C(i_2,i_1,μ̃_19806;a_3i_1i_2)","I(i_2,i_1;a_3i_1i_2,a_2i_1i_2)","i,i,a,a",";;i_1,i_2;i_1,i_2","7,7,,",7 × 7 × ? × ?,,
1,80,Tensor,leaf,t,2514,,,384,384,204584984,547028992,48,,,,,"t(i_2,i_1;a_3i_1i_2,a_1i_1i_2)","t(i_2,i_1;a_3i_1i_2,a_1i_1i_2)",,,,"i,i,a,a",";;i_1,i_2;i_1,i_2","7,7,,",7 × 7 × ? × ?,,
1,80,Product,intermediate,I,186992,792440,384,384,384,204584984,547028992,48,,,,,"I(i_2,i_1;a_3i_1i_2,a_2i_1i_2) * t(i_2,i_1;a_3i_1i_2,a_1i_1i_2) -> I(i_1,i_2;a_2i_1i_2,a_1i_1i_2)","I(i_1,i_2;a_2i_1i_2,a_1i_1i_2)","I(i_2,i_1;a_3i_1i_2,a_2i_1i_2)","t(i_2,i_1;a_3i_1i_2,a_1i_1i_2)","I(i_1,i_2;a_2i_1i_2,a_1i_1i_2)","i,i,a,a",";;i_1,i_2;i_1,i_2","7,7,,",7 × 7 × ? × ?,,
1,80,Constant,constant,_const,1404,,,8,8,204584984,547028992,1,,,,,2,2,,,,,,,scalar,8,1
1,80,Product,residual,R,63035,384,8,384,384,204584984,547028992,48,,,,,"I(i_1,i_2;a_2i_1i_2,a_1i_1i_2) * 2 -> R(i_1,i_2;a_2i_1i_2,a_1i_1i_2)","R(i_1,i_2;a_2i_1i_2,a_1i_1i_2)","I(i_1,i_2;a_2i_1i_2,a_1i_1i_2)",2,"R(i_1,i_2;a_2i_1i_2,a_1i_1i_2)","i,i,a,a",";;i_1,i_2;i_1,i_2","7,7,,",7 × 7 × ? × ?,,
1,80,Permute,residual,R,62275,,,384,384,204584984,547028992,48,,,,,"R(i_1,i_2;a_2i_1i_2,a_1i_1i_2)","R(i_1,i_2;a_2i_1i_2,a_1i_1i_2)",,,,"i,i,a,a",";;i_1,i_2;i_1,i_2","7,7,,",7 × 7 × ? × ?,,
1,81,Tensor,leaf,g,13982,,,29489328,29489328,207601376,547028992,3686166,3664872,328.03408291046827,123.92989425956779,0.8503952014554771,"g(μ̃_19865,μ̃_19866,Κ_1)","g(μ̃_19865,μ̃_19866,Κ_1)",,,,"μ̃,μ̃,Κ",;;,"114,114,282",114 × 114 × 282,29318976,1.00581
1,81,Tensor,leaf,C,18052,,,2207664,2207664,207601376,547028992,275958,,,,,"C(i_2,i_1,μ̃_19865;a_1i_1i_2)","C(i_2,i_1,μ̃_19865;a_1i_1i_2)",,,,"i,i,μ̃,a",";;;i_1,i_2","7,7,114,",7 × 7 × 114 × ?,,
1,81,Product,intermediate,I,1861817209,29489328,2207664,624785296,624785296,834594336,1241169920,78098162,,,,,"g(μ̃_19865,μ̃_19866,Κ_1) * C(i_2,i_1,μ̃_19865;a_1i_1i_2) -> I(i_2,i_1,μ̃_19866,Κ_1;a_1i_1i_2)","I(i_2,i_1,μ̃_19866,Κ_1;a_1i_1i_2)","g(μ̃_19865,μ̃_19866,Κ_1)","C(i_2,i_1,μ̃_19865;a_1i_1i_2)","I(i_2,i_1,μ̃_19866,Κ_1;a_1i_1i_2)","i,i,μ̃,Κ,a",";;;;i_1,i_2","7,7,114,282,",7 × 7 × 114 × 282 × ?,,
1,81,Tensor,leaf,C,30524,,,2207664,2207664,834594336,1241169920,275958,,,,,"C(i_2,i_1,μ̃_19866;a_3i_1i_2)","C(i_2,i_1,μ̃_19866;a_3i_1i_2)",,,,"i,i,μ̃,a",";;;i_1,i_2","7,7,114,",7 × 7 × 114 × ?,,
1,81,Product,intermediate,I,1026632415,624785296,2207664,223000800,223000800,1028105808,1563828224,27875100,,,,,"I(i_2,i_1,μ̃_19866,Κ_1;a_1i_1i_2) * C(i_2,i_1,μ̃_19866;a_3i_1i_2) -> I(i_2,i_1,Κ_1;a_3i_1i_2,a_1i_1i_2)","I(i_2,i_1,Κ_1;a_3i_1i_2,a_1i_1i_2)","I(i_2,i_1,μ̃_19866,Κ_1;a_1i_1i_2)","C(i_2,i_1,μ̃_19866;a_3i_1i_2)","I(i_2,i_1,Κ_1;a_3i_1i_2,a_1i_1i_2)","i,i,Κ,a,a",";;;i_1,i_2;i_1,i_2","7,7,282,,",7 × 7 × 282 × ? × ?,,
1,81,Tensor,leaf,t,2973,,,384,384,1028105808,1554702336,48,,,,,"t(i_2,i_1;a_4i_1i_2,a_3i_1i_2)","t(i_2,i_1;a_4i_1i_2,a_3i_1i_2)",,,,"i,i,a,a",";;i_1,i_2;i_1,i_2","7,7,,",7 × 7 × ? × ?,,
1,81,Product,intermediate,I,24786466,223000800,384,496,496,1028105808,1345941504,62,,,,,"I(i_2,i_1,Κ_1;a_3i_1i_2,a_1i_1i_2) * t(i_2,i_1;a_4i_1i_2,a_3i_1i_2) -> I(i_2,i_1,Κ_1;a_1i_1i_2,a_4i_1i_2)","I(i_2,i_1,Κ_1;a_1i_1i_2,a_4i_1i_2)","I(i_2,i_1,Κ_1;a_3i_1i_2,a_1i_1i_2)","t(i_2,i_1;a_4i_1i_2,a_3i_1i_2)","I(i_2,i_1,Κ_1;a_1i_1i_2,a_4i_1i_2)","i,i,Κ,a,a",";;;i_1,i_2;i_1,i_2","7,7,282,,",7 × 7 × 282 × ? × ?,,
1,81,Product,residual,R,457501,496,223000800,384,384,1028105808,1345941504,48,,,,,"I(i_2,i_1,Κ_1;a_1i_1i_2,a_4i_1i_2) * I(i_2,i_1,Κ_1;a_4i_1i_2,a_2i_1i_2) -> R(i_2,i_1;a_2i_1i_2,a_1i_1i_2)","R(i_2,i_1;a_2i_1i_2,a_1i_1i_2)","I(i_2,i_1,Κ_1;a_1i_1i_2,a_4i_1i_2)","I(i_2,i_1,Κ_1;a_4i_1i_2,a_2i_1i_2)","R(i_2,i_1;a_2i_1i_2,a_1i_1i_2)","i,i,a,a",";;i_1,i_2;i_1,i_2","7,7,,",7 × 7 × ? × ?,,
1,81,Permute,residual,R,77773,,,384,384,1028105808,1345941504,48,,,,,"R(i_2,i_1;a_2i_1i_2,a_1i_1i_2)","R(i_2,i_1;a_2i_1i_2,a_1i_1i_2)",,,,"i,i,a,a",";;i_1,i_2;i_1,i_2","7,7,,",7 × 7 × ? × ?,,
1,82,Tensor,leaf,f,40598,,,432,432,432,1345941504,54,0,0.0,0.0,0.0,"f(μ̃_19592,i_1)","f(μ̃_19592,i_1)",,,,"μ̃,i",;,"114,7",114 × 7,6384,0.0676692
1,82,Tensor,leaf,C,10676,,,481264,481264,481264,1345941504,60158,,,,,"C(i_1,μ̃_19592;a_1i_1)","C(i_1,μ̃_19592;a_1i_1)",,,,"i,μ̃,a",;;i_1,"7,114,",7 × 114 × ?,,
1,82,Product,intermediate,I,328138,432,481264,376,376,482072,1345941504,47,,,,,"f(μ̃_19592,i_1) * C(i_1,μ̃_19592;a_1i_1) -> I(i_1;a_1i_1)",I(i_1;a_1i_1),"f(μ̃_19592,i_1)","C(i_1,μ̃_19592;a_1i_1)",I(i_1;a_1i_1),"i,a",;i_1,"7,",7 × ?,,
1,82,Tensor,leaf,t,2152,,,376,376,482072,1345941504,47,,,,,t(i_1;a_1i_1),t(i_1;a_1i_1),,,,"i,a",;i_1,"7,",7 × ?,,
1,82,Product,scalar,Z,62641,376,376,8,8,482072,1345941504,1,,,,,I(i_1;a_1i_1) * t(i_1;a_1i_1) -> Z,Z,I(i_1;a_1i_1),t(i_1;a_1i_1),Z,,,,scalar,8,1
1,82,Constant,constant,_const,1053,,,8,8,482072,1345941504,1,,,,,2,2,,,,,,,scalar,8,1
1,82,Product,scalar,E,759,8,8,8,8,482072,1345941504,1,,,,,Z * 2 -> E,E,Z,2,E,,,,scalar,8,1
1,83,Tensor,leaf,g,14380,,,1843152,1843152,1843152,1345941504,230394,225036,-13.713518793894858,9.824790694343461,0.192547847698342,"g(μ̃_19593,i_1,Κ_1)","g(μ̃_19593,i_1,Κ_1)",,,,"μ̃,i,Κ",;;,"114,7,282",114 × 7 × 282,1800288,1.02381
1,83,Tensor,leaf,C,12217,,,2207664,2207664,2207664,1345941504,275958,,,,,"C(i_2,i_1,μ̃_19593;a_1i_1i_2)","C(i_2,i_1,μ̃_19593;a_1i_1i_2)",,,,"i,i,μ̃,a",";;;i_1,i_2","7,7,114,",7 × 7 × 114 × ?,,
1,83,Product,intermediate,I,19399351,1843152,2207664,5490816,5490816,9541632,1345941504,686352,,,,,"g(μ̃_19593,i_1,Κ_1) * C(i_2,i_1,μ̃_19593;a_1i_1i_2) -> I(i_2,i_1,Κ_1;a_1i_1i_2)","I(i_2,i_1,Κ_1;a_1i_1i_2)","g(μ̃_19593,i_1,Κ_1)","C(i_2,i_1,μ̃_19593;a_1i_1i_2)","I(i_2,i_1,Κ_1;a_1i_1i_2)","i,i,Κ,a",";;;i_1,i_2","7,7,282,",7 × 7 × 282 × ?,,
1,83,Tensor,leaf,g,28920,,,1843152,1843152,9541632,1345941504,230394,225036,-13.713518793894858,9.824790694343461,0.192547847698342,"g(μ̃_19594,i_2,Κ_1)","g(μ̃_19594,i_2,Κ_1)",,,,"μ̃,i,Κ",;;,"114,7,282",114 × 7 × 282,1800288,1.02381
1,83,Product,intermediate,I,16459944,5490816,1843152,2226240,2226240,9560208,1345941504,278280,,,,,"I(i_2,i_1,Κ_1;a_1i_1i_2) * g(μ̃_19594,i_2,Κ_1) -> I(i_2,i_1,μ̃_19594;a_1i_1i_2)","I(i_2,i_1,μ̃_19594;a_1i_1i_2)","I(i_2,i_1,Κ_1;a_1i_1i_2)","g(μ̃_19594,i_2,Κ_1)","I(i_2,i_1,μ̃_19594;a_1i_1i_2)","i,i,μ̃,a",";;;i_1,i_2","7,7,114,",7 × 7 × 114 × ?,,
1,83,Tensor,leaf,C,13180,,,2207664,2207664,9560208,1345941504,275958,,,,,"C(i_2,i_1,μ̃_19594;a_2i_1i_2)","C(i_2,i_1,μ̃_19594;a_2i_1i_2)",,,,"i,i,μ̃,a",";;;i_1,i_2","7,7,114,",7 × 7 × 114 × ?,,
1,83,Product,intermediate,I,4345495,2226240,2207664,792440,792440,9560208,1345941504,99055,,,,,"I(i_2,i_1,μ̃_19594;a_1i_1i_2) * C(i_2,i_1,μ̃_19594;a_2i_1i_2) -> I(i_2,i_1;a_2i_1i_2,a_1i_1i_2)","I(i_2,i_1;a_2i_1i_2,a_1i_1i_2)","I(i_2,i_1,μ̃_19594;a_1i_1i_2)","C(i_2,i_1,μ̃_19594;a_2i_1i_2)","I(i_2,i_1;a_2i_1i_2,a_1i_1i_2)","i,i,a,a",";;i_1,i_2;i_1,i_2","7,7,,",7 × 7 × ? × ?,,
1,83,Tensor,leaf,t,3310,,,792440,792440,9560208,1345941504,99055,,,,,"t(i_1,i_2;a_2i_1i_2,a_1i_1i_2)","t(i_1,i_2;a_2i_1i_2,a_1i_1i_2)",,,,"i,i,a,a",";;i_1,i_2;i_1,i_2","7,7,,",7 × 7 × ? × ?,,
1,83,Product,scalar,Z,245933,792440,792440,8,8,9560208,1345941504,1,,,,,"I(i_2,i_1;a_2i_1i_2,a_1i_1i_2) * t(i_1,i_2;a_2i_1i_2,a_1i_1i_2) -> Z",Z,"I(i_2,i_1;a_2i_1i_2,a_1i_1i_2)","t(i_1,i_2;a_2i_1i_2,a_1i_1i_2)",Z,,,,scalar,8,1
1,83,Constant,constant,_const,1766,,,8,8,9560208,1345941504,1,,,,,-1,-1,,,,,,,scalar,8,1
1,83,Product,scalar,E,734,8,8,8,8,9560208,1345941504,1,,,,,Z * -1 -> E,E,Z,-1,E,,,,scalar,8,1
1,83,SumInplace,scalar,E,341,,,8,0,9560208,1345941504,1,,,,,E,E,,,,,,,scalar,8,1
1,84,Tensor,leaf,g,9549,,,1843152,1843152,9560208,1345941504,230394,225036,-13.713518793894858,9.824790694343461,0.192547847698342,"g(μ̃_19595,i_1,Κ_1)","g(μ̃_19595,i_1,Κ_1)",,,,"μ̃,i,Κ",;;,"114,7,282",114 × 7 × 282,1800288,1.02381
1,84,Tensor,leaf,C,18417,,,2207664,2207664,9560208,1345941504,275958,,,,,"C(i_2,i_1,μ̃_19595;a_1i_1i_2)","C(i_2,i_1,μ̃_19595;a_1i_1i_2)",,,,"i,i,μ̃,a",";;;i_1,i_2","7,7,114,",7 × 7 × 114 × ?,,
1,84,Product,intermediate,I,19125723,1843152,2207664,5490816,5490816,9560208,1345941504,686352,,,,,"g(μ̃_19595,i_1,Κ_1) * C(i_2,i_1,μ̃_19595;a_1i_1i_2) -> I(i_2,i_1,Κ_1;a_1i_1i_2)","I(i_2,i_1,Κ_1;a_1i_1i_2)","g(μ̃_19595,i_1,Κ_1)","C(i_2,i_1,μ̃_19595;a_1i_1i_2)","I(i_2,i_1,Κ_1;a_1i_1i_2)","i,i,Κ,a",";;;i_1,i_2","7,7,282,",7 × 7 × 282 × ?,,
1,84,Tensor,leaf,g,29581,,,1843152,1843152,9560208,1345941504,230394,225036,-13.713518793894858,9.824790694343461,0.192547847698342,"g(μ̃_19596,i_2,Κ_1)","g(μ̃_19596,i_2,Κ_1)",,,,"μ̃,i,Κ",;;,"114,7,282",114 × 7 × 282,1800288,1.02381
1,84,Product,intermediate,I,17435227,5490816,1843152,2226240,2226240,9560208,1345941504,278280,,,,,"I(i_2,i_1,Κ_1;a_1i_1i_2) * g(μ̃_19596,i_2,Κ_1) -> I(i_2,i_1,μ̃_19596;a_1i_1i_2)","I(i_2,i_1,μ̃_19596;a_1i_1i_2)","I(i_2,i_1,Κ_1;a_1i_1i_2)","g(μ̃_19596,i_2,Κ_1)","I(i_2,i_1,μ̃_19596;a_1i_1i_2)","i,i,μ̃,a",";;;i_1,i_2","7,7,114,",7 × 7 × 114 × ?,,
1,84,Tensor,leaf,C,21322,,,2207664,2207664,9560208,1345941504,275958,,,,,"C(i_2,i_1,μ̃_19596;a_2i_1i_2)","C(i_2,i_1,μ̃_19596;a_2i_1i_2)",,,,"i,i,μ̃,a",";;;i_1,i_2","7,7,114,",7 × 7 × 114 × ?,,
1,84,Product,intermediate,I,4473483,2226240,2207664,792440,792440,9560208,1345941504,99055,,,,,"I(i_2,i_1,μ̃_19596;a_1i_1i_2) * C(i_2,i_1,μ̃_19596;a_2i_1i_2) -> I(i_2,i_1;a_2i_1i_2,a_1i_1i_2)","I(i_2,i_1;a_2i_1i_2,a_1i_1i_2)","I(i_2,i_1,μ̃_19596;a_1i_1i_2)","C(i_2,i_1,μ̃_19596;a_2i_1i_2)","I(i_2,i_1;a_2i_1i_2,a_1i_1i_2)","i,i,a,a",";;i_1,i_2;i_1,i_2","7,7,,",7 × 7 × ? × ?,,
1,84,Tensor,leaf,t,4011,,,792440,792440,9560208,1345941504,99055,,,,,"t(i_2,i_1;a_2i_1i_2,a_1i_1i_2)","t(i_2,i_1;a_2i_1i_2,a_1i_1i_2)",,,,"i,i,a,a",";;i_1,i_2;i_1,i_2","7,7,,",7 × 7 × ? × ?,,
1,84,Product,scalar,Z,245196,792440,792440,8,8,9560208,1345941504,1,,,,,"I(i_2,i_1;a_2i_1i_2,a_1i_1i_2) * t(i_2,i_1;a_2i_1i_2,a_1i_1i_2) -> Z",Z,"I(i_2,i_1;a_2i_1i_2,a_1i_1i_2)","t(i_2,i_1;a_2i_1i_2,a_1i_1i_2)",Z,,,,scalar,8,1
1,84,Constant,constant,_const,1540,,,8,8,9560208,1345941504,1,,,,,2,2,,,,,,,scalar,8,1
1,84,Product,scalar,E,686,8,8,8,8,9560208,1345941504,1,,,,,Z * 2 -> E,E,Z,2,E,,,,scalar,8,1
1,84,SumInplace,scalar,E,755,,,8,0,9560208,1345941504,1,,,,,E,E,,,,,,,scalar,8,1
1,85,Tensor,leaf,g,28400,,,1843152,1843152,9560208,1345941504,230394,225036,-13.713518793894858,9.824790694343461,0.192547847698342,"g(μ̃_19597,i_1,Κ_1)","g(μ̃_19597,i_1,Κ_1)",,,,"μ̃,i,Κ",;;,"114,7,282",114 × 7 × 282,1800288,1.02381
1,85,Tensor,leaf,C,32457,,,481264,481264,9560208,1345941504,60158,,,,,"C(i_2,μ̃_19597;a_1i_2)","C(i_2,μ̃_19597;a_1i_2)",,,,"i,μ̃,a",;;i_2,"7,114,",7 × 114 × ?,,
1,85,Tensor,leaf,t,1488,,,376,376,9560208,1345941504,47,,,,,t(i_2;a_1i_2),t(i_2;a_1i_2),,,,"i,a",;i_2,"7,",7 × ?,,
1,85,Product,intermediate,I,325141,481264,376,432,432,9560208,1345941504,54,0,0.0,0.0,0.0,"C(i_2,μ̃_19597;a_1i_2) * t(i_2;a_1i_2) -> I(μ̃_19597,i_2)","I(μ̃_19597,i_2)","C(i_2,μ̃_19597;a_1i_2)",t(i_2;a_1i_2),"I(μ̃_19597,i_2)","μ̃,i",;,"114,7",114 × 7,6384,0.0676692
1,85,Product,intermediate,I,336902,1843152,432,496,496,9560208,1345941504,62,0,0.0,0.0,0.0,"g(μ̃_19597,i_1,Κ_1) * I(μ̃_19597,i_2) -> I(i_1,i_2,Κ_1)","I(i_1,i_2,Κ_1)","g(μ̃_19597,i_1,Κ_1)","I(μ̃_19597,i_2)","I(i_1,i_2,Κ_1)","i,i,Κ",;;,"7,7,282",7 × 7 × 282,110544,0.0044869
1,85,Tensor,leaf,g,12692,,,1843152,1843152,9560208,1345941504,230394,225036,-13.713518793894858,9.824790694343461,0.192547847698342,"g(μ̃_19598,i_2,Κ_1)","g(μ̃_19598,i_2,Κ_1)",,,,"μ̃,i,Κ",;;,"114,7,282",114 × 7 × 282,1800288,1.02381
1,85,Product,intermediate,I,260651,496,1843152,432,432,9560208,1345941504,54,0,0.0,0.0,0.0,"I(i_1,i_2,Κ_1) * g(μ̃_19598,i_2,Κ_1) -> I(i_1,μ̃_19598)","I(i_1,μ̃_19598)","I(i_1,i_2,Κ_1)","g(μ̃_19598,i_2,Κ_1)","I(i_1,μ̃_19598)","i,μ̃",;,"7,114",7 × 114,6384,0.0676692
1,85,Tensor,leaf,C,13354,,,481264,481264,9560208,1345941504,60158,,,,,"C(i_1,μ̃_19598;a_2i_1)","C(i_1,μ̃_19598;a_2i_1)",,,,"i,μ̃,a",;;i_1,"7,114,",7 × 114 × ?,,
1,85,Product,intermediate,I,260691,432,481264,376,376,9560208,1345941504,47,,,,,"I(i_1,μ̃_19598) * C(i_1,μ̃_19598;a_2i_1) -> I(i_1;a_2i_1)",I(i_1;a_2i_1),"I(i_1,μ̃_19598)","C(i_1,μ̃_19598;a_2i_1)",I(i_1;a_2i_1),"i,a",;i_1,"7,",7 × ?,,
1,85,Tensor,leaf,t,1821,,,376,376,9560208,1345941504,47,,,,,t(i_1;a_2i_1),t(i_1;a_2i_1),,,,"i,a",;i_1,"7,",7 × ?,,
1,85,Product,scalar,Z,60505,376,376,8,8,9560208,1345941504,1,,,,,I(i_1;a_2i_1) * t(i_1;a_2i_1) -> Z,Z,I(i_1;a_2i_1),t(i_1;a_2i_1),Z,,,,scalar,8,1
1,85,Constant,constant,_const,1032,,,8,8,9560208,1345941504,1,,,,,-1,-1,,,,,,,scalar,8,1
1,85,Product,scalar,E,659,8,8,8,8,9560208,1345941504,1,,,,,Z * -1 -> E,E,Z,-1,E,,,,scalar,8,1
1,85,SumInplace,scalar,E,455,,,8,0,9560208,1345941504,1,,,,,E,E,,,,,,,scalar,8,1
1,86,Tensor,leaf,g,10462,,,1843152,1843152,9560208,1345941504,230394,225036,-13.713518793894858,9.824790694343461,0.192547847698342,"g(μ̃_19599,i_1,Κ_1)","g(μ̃_19599,i_1,Κ_1)",,,,"μ̃,i,Κ",;;,"114,7,282",114 × 7 × 282,1800288,1.02381
1,86,Tensor,leaf,C,10653,,,481264,481264,9560208,1345941504,60158,,,,,"C(i_1,μ̃_19599;a_1i_1)","C(i_1,μ̃_19599;a_1i_1)",,,,"i,μ̃,a",;;i_1,"7,114,",7 × 114 × ?,,
1,86,Tensor,leaf,t,1253,,,376,376,9560208,1345941504,47,,,,,t(i_1;a_1i_1),t(i_1;a_1i_1),,,,"i,a",;i_1,"7,",7 × ?,,
1,86,Product,intermediate,I,245755,481264,376,432,432,9560208,1345941504,54,0,0.0,0.0,0.0,"C(i_1,μ̃_19599;a_1i_1) * t(i_1;a_1i_1) -> I(μ̃_19599,i_1)","I(μ̃_19599,i_1)","C(i_1,μ̃_19599;a_1i_1)",t(i_1;a_1i_1),"I(μ̃_19599,i_1)","μ̃,i",;,"114,7",114 × 7,6384,0.0676692
1,86,Product,intermediate,I,266861,1843152,432,400,400,9560208,1345941504,50,0,0.0,0.0,0.0,"g(μ̃_19599,i_1,Κ_1) * I(μ̃_19599,i_1) -> I(Κ_1)",I(Κ_1),"g(μ̃_19599,i_1,Κ_1)","I(μ̃_19599,i_1)",I(Κ_1),Κ,,282,282,2256,0.177305
1,86,Tensor,leaf,g,11611,,,1843152,1843152,9560208,1345941504,230394,225036,-13.713518793894858,9.824790694343461,0.192547847698342,"g(μ̃_19600,i_2,Κ_1)","g(μ̃_19600,i_2,Κ_1)",,,,"μ̃,i,Κ",;;,"114,7,282",114 × 7 × 282,1800288,1.02381
1,86,Tensor,leaf,C,13337,,,481264,481264,9560208,1345941504,60158,,,,,"C(i_2,μ̃_19600;a_2i_2)","C(i_2,μ̃_19600;a_2i_2)",,,,"i,μ̃,a",;;i_2,"7,114,",7 × 114 × ?,,
1,86,Tensor,leaf,t,1411,,,376,376,9560208,1345941504,47,,,,,t(i_2;a_2i_2),t(i_2;a_2i_2),,,,"i,a",;i_2,"7,",7 × ?,,
1,86,Product,intermediate,I,289635,481264,376,432,432,9560208,1345941504,54,0,0.0,0.0,0.0,"C(i_2,μ̃_19600;a_2i_2) * t(i_2;a_2i_2) -> I(μ̃_19600,i_2)","I(μ̃_19600,i_2)","C(i_2,μ̃_19600;a_2i_2)",t(i_2;a_2i_2),"I(μ̃_19600,i_2)","μ̃,i",;,"114,7",114 × 7,6384,0.0676692
1,86,Product,intermediate,I,227882,1843152,432,400,400,9560208,1345941504,50,0,0.0,0.0,0.0,"g(μ̃_19600,i_2,Κ_1) * I(μ̃_19600,i_2) -> I(Κ_1)",I(Κ_1),"g(μ̃_19600,i_2,Κ_1)","I(μ̃_19600,i_2)",I(Κ_1),Κ,,282,282,2256,0.177305
1,86,Product,scalar,Z,1495846,400,400,8,8,9560208,1345941504,1,,,,,I(Κ_1) * I(Κ_1) -> Z,Z,I(Κ_1),I(Κ_1),Z,,,,scalar,8,1
1,86,Constant,constant,_const,1269,,,8,8,9560208,1345941504,1,,,,,2,2,,,,,,,scalar,8,1
1,86,Product,scalar,E,594,8,8,8,8,9560208,1345941504,1,,,,,Z * 2 -> E,E,Z,2,E,,,,scalar,8,1
1,86,SumInplace,scalar,E,398,,,8,0,9560208,1345941504,1,,,,,E,E,,,,,,,scalar,8,1
2,1,Tensor,leaf,C,12165,,,481264,481264,22702584,1345941504,60158,,,,,"C(i_2,μ̃_19602;a_2i_2)","C(i_2,μ̃_19602;a_2i_2)",,,,"i,μ̃,a",;;i_2,"7,114,",7 × 114 × ?,,
2,1,Tensor,leaf,t,1273,,,376,376,22702584,1345941504,47,,,,,t(i_2;a_2i_2),t(i_2;a_2i_2),,,,"i,a",;i_2,"7,",7 × ?,,
2,1,Product,intermediate,I,257021,481264,376,432,432,22703392,1345941504,54,0,0.0,0.0,0.0,"C(i_2,μ̃_19602;a_2i_2) * t(i_2;a_2i_2) -> I(μ̃_19602,i_2)","I(μ̃_19602,i_2)","C(i_2,μ̃_19602;a_2i_2)",t(i_2;a_2i_2),"I(μ̃_19602,i_2)","μ̃,i",;,"114,7",114 × 7,6384,0.0676692
2,1,Product,intermediate,I,394919,5179792,432,432,432,22703392,1345941504,54,0,0.0,0.0,0.0,"I(i_1,i_2,μ̃_19602,μ̃_19601) * I(μ̃_19602,i_2) -> I(i_1,μ̃_19601)","I(i_1,μ̃_19601)","I(i_1,i_2,μ̃_19602,μ̃_19601)","I(μ̃_19602,i_2)","I(i_1,μ̃_19601)","i,μ̃",;,"7,114",7 × 114,6384,0.0676692
2,1,Tensor,leaf,C,12826,,,481264,481264,22703392,1345941504,60158,,,,,"C(i_1,μ̃_19601;a_1i_1)","C(i_1,μ̃_19601;a_1i_1)",,,,"i,μ̃,a",;;i_1,"7,114,",7 × 114 × ?,,
2,1,Product,intermediate,I,241881,432,481264,376,376,22703824,1345941504,47,,,,,"I(i_1,μ̃_19601) * C(i_1,μ̃_19601;a_1i_1) -> I(i_1;a_1i_1)",I(i_1;a_1i_1),"I(i_1,μ̃_19601)","C(i_1,μ̃_19601;a_1i_1)",I(i_1;a_1i_1),"i,a",;i_1,"7,",7 × ?,,
2,1,Constant,constant,_const,1150,,,8,8,22703824,1345941504,1,,,,,-1,-1,,,,,,,scalar,8,1
2,1,Product,residual,R,62714,376,8,376,376,22703824,1345941504,47,,,,,I(i_1;a_1i_1) * -1 -> R(i_1;a_1i_1),R(i_1;a_1i_1),I(i_1;a_1i_1),-1,R(i_1;a_1i_1),"i,a",;i_1,"7,",7 × ?,,
2,1,Permute,residual,R,56819,,,376,376,22703824,1345941504,47,,,,,R(i_1;a_1i_1),R(i_1;a_1i_1),,,,"i,a",;i_1,"7,",7 × ?,,
2,2,Tensor,leaf,t,1364,,,792440,792440,23014192,1345941504,99055,,,,,"t(i_2,i_1;a_3i_1i_2,a_2i_1i_2)","t(i_2,i_1;a_3i_1i_2,a_2i_1i_2)",,,,"i,i,a,a",";;i_1,i_2;i_1,i_2","7,7,,",7 × 7 × ? × ?,,
2,2,Product,intermediate,I,1378245,5538232,792440,2088,2088,23016280,1345941504,261,49,-0.20146209177106056,0.005602781347323736,0.02849917073725981,"I(i_1,i_3,i_2;a_3i_1i_2,a_2i_1i_2) * t(i_2,i_1;a_3i_1i_2,a_2i_1i_2) -> I(i_3,i_1)","I(i_3,i_1)","I(i_1,i_3,i_2;a_3i_1i_2,a_2i_1i_2)","t(i_2,i_1;a_3i_1i_2,a_2i_1i_2)","I(i_3,i_1)","i,i",;,"7,7",7 × 7,392,5.32653
2,2,Tensor,leaf,s,19108,,,125584,125584,23016280,1345941504,15698,12996,138.52037144982398,140.24275294876296,0.9820999861813626,"s(μ̃_19611,μ̃_19612)","s(μ̃_19611,μ̃_19612)",,,,"μ̃,μ̃",;,"114,114",114 × 114,103968,1.20791
2,2,Product,intermediate,I,213125,125584,432,432,432,23016280,1345941504,54,0,0.0,0.0,0.0,"s(μ̃_19611,μ̃_19612) * I(μ̃_19611,i_3) -> I(μ̃_19612,i_3)","I(μ̃_19612,i_3)","s(μ̃_19611,μ̃_19612)","I(μ̃_19611,i_3)","I(μ̃_19612,i_3)","μ̃,i",;,"114,7",114 × 7,6384,0.0676692
2,2,Product,intermediate,I,170031,2088,432,432,432,23016280,1345941504,54,0,0.0,0.0,0.0,"I(i_3,i_1) * I(μ̃_19612,i_3) -> I(μ̃_19612,i_1)","I(μ̃_19612,i_1)","I(i_3,i_1)","I(μ̃_19612,i_3)","I(μ̃_19612,i_1)","μ̃,i",;,"114,7",114 × 7,6384,0.0676692
2,2,Tensor,leaf,C,10011,,,481264,481264,23016280,1345941504,60158,,,,,"C(i_1,μ̃_19612;a_1i_1)","C(i_1,μ̃_19612;a_1i_1)",,,,"i,μ̃,a",;;i_1,"7,114,",7 × 114 × ?,,
2,2,Product,residual,R,249959,432,481264,376,376,23016280,1345941504,47,,,,,"I(μ̃_19612,i_1) * C(i_1,μ̃_19612;a_1i_1) -> R(i_1;a_1i_1)",R(i_1;a_1i_1),"I(μ̃_19612,i_1)","C(i_1,μ̃_19612;a_1i_1)",R(i_1;a_1i_1),"i,a",;i_1,"7,",7 × ?,,
2,2,Permute,residual,R,38333,,,376,376,23016280,1345941504,47,,,,,R(i_1;a_1i_1),R(i_1;a_1i_1),,,,"i,a",;i_1,"7,",7 × ?,,
2,3,Tensor,leaf,t,1462,,,792440,792440,23016280,1345941504,99055,,,,,"t(i_3,i_1;a_3i_1i_3,a_2i_1i_3)","t(i_3,i_1;a_3i_1i_3,a_2i_1i_3)",,,,"i,i,a,a",";;i_1,i_3;i_1,i_3","7,7,,",7 × 7 × ? × ?,,
2,3,Product,intermediate,I,14270271,5538232,792440,2088,2088,23016712,1345941504,261,49,-0.278705937393392,0.010200661884176924,0.04220857093395081,"I(i_1,i_2,i_3;a_2i_1i_3,a_3i_1i_3) * t(i_3,i_1;a_3i_1i_3,a_2i_1i_3) -> I(i_2,i_1)","I(i_2,i_1)","I(i_1,i_2,i_3;a_2i_1i_3,a_3i_1i_3)","t(i_3,i_1;a_3i_1i_3,a_2i_1i_3)","I(i_2,i_1)","i,i",;,"7,7",7 × 7,392,5.32653
2,3,Product,intermediate,I,181187,2088,432,432,432,23016712,1345941504,54,0,0.0,0.0,0.0,"I(i_2,i_1) * I(μ̃_19632,i_2) -> I(μ̃_19632,i_1)","I(μ̃_19632,i_1)","I(i_2,i_1)","I(μ̃_19632,i_2)","I(μ̃_19632,i_1)","μ̃,i",;,"114,7",114 × 7,6384,0.0676692
2,3,Tensor,leaf,C,12872,,,481264,481264,23016712,1345941504,60158,,,,,"C(i_1,μ̃_19632;a_1i_1)","C(i_1,μ̃_19632;a_1i_1)",,,,"i,μ̃,a",;;i_1,"7,114,",7 × 114 × ?,,
2,3,Product,intermediate,I,268888,432,481264,376,376,23016712,1345941504,47,,,,,"I(μ̃_19632,i_1) * C(i_1,μ̃_19632;a_1i_1) -> I(i_1;a_1i_1)",I(i_1;a_1i_1),"I(μ̃_19632,i_1)","C(i_1,μ̃_19632;a_1i_1)",I(i_1;a_1i_1),"i,a",;i_1,"7,",7 × ?,,
2,3,Constant,constant,_const,1291,,,8,8,23016712,1345941504,1,,,,,-2,-2,,,,,,,scalar,8,1
2,3,Product,residual,R,61056,376,8,376,376,23016712,1345941504,47,,,,,I(i_1;a_1i_1) * -2 -> R(i_1;a_1i_1),R(i_1;a_1i_1),I(i_1;a_1i_1),-2,R(i_1;a_1i_1),"i,a",;i_1,"7,",7 × ?,,
2,3,Permute,residual,R,54039,,,376,376,23016712,1345941504,47,,,,,R(i_1;a_1i_1),R(i_1;a_1i_1),,,,"i,a",;i_1,"7,",7 × ?,,
2,4,Tensor,leaf,g,11061,,,1843152,1843152,24065336,1345941504,230394,225036,-13.713518793894858,9.824790694343461,0.192547847698342,"g(μ̃_19621,i_2,Κ_1)","g(μ̃_19621,i_2,Κ_1)",,,,"μ̃,i,Κ",;;,"114,7,282",114 × 7 × 282,1800288,1.02381
2,4,Product,intermediate,I,257566,1843152,432,400,400,24065736,1345941504,50,0,0.0,0.0,0.0,"g(μ̃_19621,i_2,Κ_1) * I(μ̃_19621,i_2) -> I(Κ_1)",I(Κ_1),"g(μ̃_19621,i_2,Κ_1)","I(μ̃_19621,i_2)",I(Κ_1),Κ,,282,282,2256,0.177305
2,4,Tensor,leaf,g,11906,,,1843152,1843152,24065736,1345941504,230394,225036,-13.713518793894858,9.824790694343461,0.192547847698342,"g(μ̃_19622,i_3,Κ_1)","g(μ̃_19622,i_3,Κ_1)",,,,"μ̃,i,Κ",;;,"114,7,282",114 × 7 × 282,1800288,1.02381
2,4,Product,intermediate,I,237718,400,1843152,432,432,24066168,1345941504,54,0,0.0,0.0,0.0,"I(Κ_1) * g(μ̃_19622,i_3,Κ_1) -> I(i_3,μ̃_19622)","I(i_3,μ̃_19622)",I(Κ_1),"g(μ̃_19622,i_3,Κ_1)","I(i_3,μ̃_19622)","i,μ̃",;,"7,114",7 × 114,6384,0.0676692
2,4,Product,intermediate,I,111260,432,432,384,384,24066168,1345941504,48,0,0.0,0.0,0.0,"I(i_3,μ̃_19622) * I(μ̃_19622,i_1) -> I(i_3,i_1)","I(i_3,i_1)","I(i_3,μ̃_19622)","I(μ̃_19622,i_1)","I(i_3,i_1)","i,i",;,"7,7",7 × 7,392,0.979592
2,4,Product,intermediate,I,118073,384,432,432,432,24066168,1345941504,54,0,0.0,0.0,0.0,"I(i_3,i_1) * I(μ̃_19624,i_3) -> I(μ̃_19624,i_1)","I(μ̃_19624,i_1)","I(i_3,i_1)","I(μ̃_19624,i_3)","I(μ̃_19624,i_1)","μ̃,i",;,"114,7",114 × 7,6384,0.0676692
2,4,Tensor,leaf,C,13399,,,481264,481264,24066168,1345941504,60158,,,,,"C(i_1,μ̃_19624;a_1i_1)","C(i_1,μ̃_19624;a_1i_1)",,,,"i,μ̃,a",;;i_1,"7,114,",7 × 114 × ?,,
2,4,Product,intermediate,I,280249,432,481264,376,376,24066168,1345941504,47,,,,,"I(μ̃_19624,i_1) * C(i_1,μ̃_19624;a_1i_1) -> I(i_1;a_1i_1)",I(i_1;a_1i_1),"I(μ̃_19624,i_1)","C(i_1,μ̃_19624;a_1i_1)",I(i_1;a_1i_1),"i,a",;i_1,"7,",7 × ?,,
2,4,Constant,constant,_const,1037,,,8,8,24066168,1345941504,1,,,,,-2,-2,,,,,,,scalar,8,1
2,4,Product,residual,R,62114,376,8,376,376,24066168,1345941504,47,,,,,I(i_1;a_1i_1) * -2 -> R(i_1;a_1i_1),R(i_1;a_1i_1),I(i_1;a_1i_1),-2,R(i_1;a_1i_1),"i,a",;i_1,"7,",7 × ?,,
2,4,Permute,residual,R,50365,,,376,376,24066168,1345941504,47,,,,,R(i_1;a_1i_1),R(i_1;a_1i_1),,,,"i,a",;i_1,"7,",7 × ?,,
2,5,Tensor,leaf,g,11332,,,1843152,1843152,24066168,1345941504,230394,225036,-13.713518793894858,9.824790694343461,0.192547847698342,"g(μ̃_19636,i_2,Κ_1)","g(μ̃_19636,i_2,Κ_1)",,,,"μ̃,i,Κ",;;,"114,7,282",114 × 7 × 282,1800288,1.02381
2,5,Product,intermediate,I,11691200,1843152,432,496,496,24066664,1345941504,62,0,0.0,0.0,0.0,"g(μ̃_19636,i_2,Κ_1) * I(μ̃_19636,i_3) -> I(i_2,i_3,Κ_1)","I(i_2,i_3,Κ_1)","g(μ̃_19636,i_2,Κ_1)","I(μ̃_19636,i_3)","I(i_2,i_3,Κ_1)","i,i,Κ",;;,"7,7,282",7 × 7 × 282,110544,0.0044869
2,5,Tensor,leaf,g,8674,,,1843152,1843152,24066664,1345941504,230394,225036,-13.713518793894858,9.824790694343461,0.192547847698342,"g(μ̃_19637,i_3,Κ_1)","g(μ̃_19637,i_3,Κ_1)",,,,"μ̃,i,Κ",;;,"114,7,282",114 × 7 × 282,1800288,1.02381
2,5,Product,intermediate,I,228933,496,1843152,432,432,24067096,1345941504,54,0,0.0,0.0,0.0,"I(i_2,i_3,Κ_1) * g(μ̃_19637,i_3,Κ_1) -> I(i_2,μ̃_19637)","I(i_2,μ̃_19637)","I(i_2,i_3,Κ_1)","g(μ̃_19637,i_3,Κ_1)","I(i_2,μ̃_19637)","i,μ̃",;,"7,114",7 × 114,6384,0.0676692
2,5,Product,intermediate,I,119111,432,432,384,384,24067096,1345941504,48,0,0.0,0.0,0.0,"I(i_2,μ̃_19637) * I(μ̃_19637,i_1) -> I(i_2,i_1)","I(i_2,i_1)","I(i_2,μ̃_19637)","I(μ̃_19637,i_1)","I(i_2,i_1)","i,i",;,"7,7",7 × 7,392,0.979592
2,5,Product,intermediate,I,111188,384,432,432,432,24067096,1345941504,54,0,0.0,0.0,0.0,"I(i_2,i_1) * I(μ̃_19639,i_2) -> I(μ̃_19639,i_1)","I(μ̃_19639,i_1)","I(i_2,i_1)","I(μ̃_19639,i_2)","I(μ̃_19639,i_1)","μ̃,i",;,"114,7",114 × 7,6384,0.0676692
2,5,Tensor,leaf,C,15095,,,481264,481264,24067096,1345941504,60158,,,,,"C(i_1,μ̃_19639;a_1i_1)","C(i_1,μ̃_19639;a_1i_1)",,,,"i,μ̃,a",;;i_1,"7,114,",7 × 114 × ?,,
2,5,Product,residual,R,257482,432,481264,376,376,24067096,1345941504,47,,,,,"I(μ̃_19639,i_1) * C(i_1,μ̃_19639;a_1i_1) -> R(i_1;a_1i_1)",R(i_1;a_1i_1),"I(μ̃_19639,i_1)","C(i_1,μ̃_19639;a_1i_1)",R(i_1;a_1i_1),"i,a",;i_1,"7,",7 × ?,,
2,5,Permute,residual,R,39382,,,376,376,24067096,1345941504,47,,,,,R(i_1;a_1i_1),R(i_1;a_1i_1),,,,"i,a",;i_1,"7,",7 × ?,,
2,6,Product,intermediate,I,229141,334432,432,384,384,24067096,1345941504,48,0,0.0,0.0,0.0,"I(i_2,i_1,i_3,μ̃_19645) * I(μ̃_19645,i_2) -> I(i_3,i_1)","I(i_3,i_1)","I(i_2,i_1,i_3,μ̃_19645)","I(μ̃_19645,i_2)","I(i_3,i_1)","i,i",;,"7,7",7 × 7,392,0.979592
2,6,Product,intermediate,I,120327,384,432,432,432,24067096,1345941504,54,0,0.0,0.0,0.0,"I(i_3,i_1) * I(μ̃_19647,i_3) -> I(i_1,μ̃_19647)","I(i_1,μ̃_19647)","I(i_3,i_1)","I(μ̃_19647,i_3)","I(i_1,μ̃_19647)","i,μ̃",;,"7,114",7 × 114,6384,0.0676692
2,6,Tensor,leaf,C,11226,,,481264,481264,24067096,1345941504,60158,,,,,"C(i_1,μ̃_19647;a_1i_1)","C(i_1,μ̃_19647;a_1i_1)",,,,"i,μ̃,a",;;i_1,"7,114,",7 × 114 × ?,,
2,6,Product,residual,R,269795,432,481264,376,376,24067096,1345941504,47,,,,,"I(i_1,μ̃_19647) * C(i_1,μ̃_19647;a_1i_1) -> R(i_1;a_1i_1)",R(i_1;a_1i_1),"I(i_1,μ̃_19647)","C(i_1,μ̃_19647;a_1i_1)",R(i_1;a_1i_1),"i,a",;i_1,"7,",7 × ?,,
2,6,Permute,residual,R,55400,,,376,376,24067096,1345941504,47,,,,,R(i_1;a_1i_1),R(i_1;a_1i_1),,,,"i,a",;i_1,"7,",7 × ?,,
2,7,Tensor,leaf,g,9380,,,121536,121536,24067096,1345941504,15192,13818,10.313570711989671,5.229066732803717,0.3618052751837755,"g(i_1,i_2,Κ_1)","g(i_1,i_2,Κ_1)",,,,"i,i,Κ",;;,"7,7,282",7 × 7 × 282,110544,1.09944
2,7,Product,intermediate,I,179719,121536,400,384,384,24067096,1345941504,48,0,0.0,0.0,0.0,"g(i_1,i_2,Κ_1) * I(Κ_1) -> I(i_2,i_1)","I(i_2,i_1)","g(i_1,i_2,Κ_1)",I(Κ_1),"I(i_2,i_1)","i,i",;,"7,7",7 × 7,392,0.979592
2,7,Product,intermediate,I,122754,384,432,432,432,24067096,1345941504,54,0,0.0,0.0,0.0,"I(i_2,i_1) * I(μ̃_19656,i_2) -> I(i_1,μ̃_19656)","I(i_1,μ̃_19656)","I(i_2,i_1)","I(μ̃_19656,i_2)","I(i_1,μ̃_19656)","i,μ̃",;,"7,114",7 × 114,6384,0.0676692
2,7,Tensor,leaf,C,11453,,,481264,481264,24067096,1345941504,60158,,,,,"C(i_1,μ̃_19656;a_1i_1)","C(i_1,μ̃_19656;a_1i_1)",,,,"i,μ̃,a",;;i_1,"7,114,",7 × 114 × ?,,
2,7,Product,intermediate,I,295289,432,481264,376,376,24067096,1345941504,47,,,,,"I(i_1,μ̃_19656) * C(i_1,μ̃_19656;a_1i_1) -> I(i_1;a_1i_1)",I(i_1;a_1i_1),"I(i_1,μ̃_19656)","C(i_1,μ̃_19656;a_1i_1)",I(i_1;a_1i_1),"i,a",;i_1,"7,",7 × ?,,
2,7,Constant,constant,_const,1243,,,8,8,24067096,1345941504,1,,,,,-2,-2,,,,,,,scalar,8,1
2,7,Product,residual,R,58357,376,8,376,376,24067096,1345941504,47,,,,,I(i_1;a_1i_1) * -2 -> R(i_1;a_1i_1),R(i_1;a_1i_1),I(i_1;a_1i_1),-2,R(i_1;a_1i_1),"i,a",;i_1,"7,",7 × ?,,
2,7,Permute,residual,R,52011,,,376,376,24067096,1345941504,47,,,,,R(i_1;a_1i_1),R(i_1;a_1i_1),,,,"i,a",;i_1,"7,",7 × ?,,
2,8,Tensor,leaf,t,1913,,,376,376,24067096,1345941504,47,,,,,t(i_1;a_2i_1),t(i_1;a_2i_1),,,,"i,a",;i_1,"7,",7 × ?,,
2,8,Product,intermediate,I,253129,384,376,384,384,24067096,1345941504,48,0,0.0,0.0,0.0,"I(i_1,i_2;a_2i_1) * t(i_1;a_2i_1) -> I(i_2,i_1)","I(i_2,i_1)","I(i_1,i_2;a_2i_1)",t(i_1;a_2i_1),"I(i_2,i_1)","i,i",;,"7,7",7 × 7,392,0.979592
2,8,Product,intermediate,I,150579,384,432,432,432,24067096,1345941504,54,0,0.0,0.0,0.0,"I(i_2,i_1) * I(μ̃_19672,i_2) -> I(μ̃_19672,i_1)","I(μ̃_19672,i_1)","I(i_2,i_1)","I(μ̃_19672,i_2)","I(μ̃_19672,i_1)","μ̃,i",;,"114,7",114 × 7,6384,0.0676692
2,8,Tensor,leaf,C,8472,,,481264,481264,24067096,1345941504,60158,,,,,"C(i_1,μ̃_19672;a_1i_1)","C(i_1,μ̃_19672;a_1i_1)",,,,"i,μ̃,a",;;i_1,"7,114,",7 × 114 × ?,,
2,8,Product,intermediate,I,236052,432,481264,376,376,24067096,1345941504,47,,,,,"I(μ̃_19672,i_1) * C(i_1,μ̃_19672;a_1i_1) -> I(i_1;a_1i_1)",I(i_1;a_1i_1),"I(μ̃_19672,i_1)","C(i_1,μ̃_19672;a_1i_1)",I(i_1;a_1i_1),"i,a",;i_1,"7,",7 × ?,,
2,8,Constant,constant,_const,965,,,8,8,24067096,1345941504,1,,,,,-1,-1,,,,,,,scalar,8,1
2,8,Product,residual,R,58769,376,8,376,376,24067096,1345941504,47,,,,,I(i_1;a_1i_1) * -1 -> R(i_1;a_1i_1),R(i_1;a_1i_1),I(i_1;a_1i_1),-1,R(i_1;a_1i_1),"i,a",;i_1,"7,",7 × ?,,
2,8,Permute,residual,R,53576,,,376,376,24067096,1345941504,47,,,,,R(i_1;a_1i_1),R(i_1;a_1i_1),,,,"i,a",;i_1,"7,",7 × ?,,
2,9,Tensor,leaf,C,9671,,,2207664,2207664,24430744,1345941504,275958,,,,,"C(i_2,i_1,μ̃_19614;a_3i_1i_2)","C(i_2,i_1,μ̃_19614;a_3i_1i_2)",,,,"i,i,μ̃,a",";;;i_1,i_2","7,7,114,",7 × 7 × 114 × ?,,
2,9,Product,intermediate,I,321981,432,2207664,384,384,24431560,1345941504,48,,,,,"I(i_2,μ̃_19614) * C(i_2,i_1,μ̃_19614;a_3i_1i_2) -> I(i_1,i_2;a_3i_1i_2)","I(i_1,i_2;a_3i_1i_2)","I(i_2,μ̃_19614)","C(i_2,i_1,μ̃_19614;a_3i_1i_2)","I(i_1,i_2;a_3i_1i_2)","i,i,a",";;i_1,i_2","7,7,",7 × 7 × ?,,
2,9,Tensor,leaf,t,1253,,,792440,792440,24431560,1345941504,99055,,,,,"t(i_2,i_1;a_4i_1i_2,a_3i_1i_2)","t(i_2,i_1;a_4i_1i_2,a_3i_1i_2)",,,,"i,i,a,a",";;i_1,i_2;i_1,i_2","7,7,,",7 × 7 × ? × ?,,
2,9,Product,intermediate,I,147114,384,792440,384,384,24431560,1345941504,48,,,,,"I(i_1,i_2;a_3i_1i_2) * t(i_2,i_1;a_4i_1i_2,a_3i_1i_2) -> I(i_2,i_1;a_4i_1i_2)","I(i_2,i_1;a_4i_1i_2)","I(i_1,i_2;a_3i_1i_2)","t(i_2,i_1;a_4i_1i_2,a_3i_1i_2)","I(i_2,i_1;a_4i_1i_2)","i,i,a",";;i_1,i_2","7,7,",7 × 7 × ?,,
2,9,Tensor,leaf,C,9619,,,2207664,2207664,24431560,1345941504,275958,,,,,"C(i_2,i_1,μ̃_19615;a_4i_1i_2)","C(i_2,i_1,μ̃_19615;a_4i_1i_2)",,,,"i,i,μ̃,a",";;;i_1,i_2","7,7,114,",7 × 7 × 114 × ?,,
2,9,Product,intermediate,I,404491,384,2207664,432,432,24431944,1345941504,54,0,0.0,0.0,0.0,"I(i_2,i_1;a_4i_1i_2) * C(i_2,i_1,μ̃_19615;a_4i_1i_2) -> I(μ̃_19615,i_1)","I(μ̃_19615,i_1)","I(i_2,i_1;a_4i_1i_2)","C(i_2,i_1,μ̃_19615;a_4i_1i_2)","I(μ̃_19615,i_1)","μ̃,i",;,"114,7",114 × 7,6384,0.0676692
2,9,Tensor,leaf,s,17162,,,125584,125584,24431944,1345941504,15698,12996,138.52037144982398,140.24275294876296,0.9820999861813626,"s(μ̃_19615,μ̃_19616)","s(μ̃_19615,μ̃_19616)",,,,"μ̃,μ̃",;,"114,114",114 × 114,103968,1.20791
2,9,Product,intermediate,I,201678,432,125584,432,432,24431944,1345941504,54,0,0.0,0.0,0.0,"I(μ̃_19615,i_1) * s(μ̃_19615,μ̃_19616) -> I(μ̃_19616,i_1)","I(μ̃_19616,i_1)","I(μ̃_19615,i_1)","s(μ̃_19615,μ̃_19616)","I(μ̃_19616,i_1)","μ̃,i",;,"114,7",114 × 7,6384,0.0676692
2,9,Tensor,leaf,C,11503,,,481264,481264,24431944,1345941504,60158,,,,,"C(i_1,μ̃_19616;a_1i_1)","C(i_1,μ̃_19616;a_1i_1)",,,,"i,μ̃,a",;;i_1,"7,114,",7 × 114 × ?,,
2,9,Product,residual,R,264075,432,481264,376,376,24431944,1345941504,47,,,,,"I(μ̃_19616,i_1) * C(i_1,μ̃_19616;a_1i_1) -> R(i_1;a_1i_1)",R(i_1;a_1i_1),"I(μ̃_19616,i_1)","C(i_1,μ̃_19616;a_1i_1)",R(i_1;a_1i_1),"i,a",;i_1,"7,",7 × ?,,
2,9,Permute,residual,R,37969,,,376,376,24431944,1345941504,47,,,,,R(i_1;a_1i_1),R(i_1;a_1i_1),,,,"i,a",;i_1,"7,",7 × ?,,
2,10,Tensor,leaf,g,11384,,,29489328,29489328,51712792,1345941504,3686166,3664872,328.03408291046827,123.92989425956779,0.8503952014554771,"g(μ̃_19627,μ̃_19628,Κ_1)","g(μ̃_19627,μ̃_19628,Κ_1)",,,,"μ̃,μ̃,Κ",;;,"114,114,282",114 × 114 × 282,29318976,1.00581
2,10,Product,intermediate,I,424541,29489328,432,880,880,51713672,1345941504,110,0,0.0,0.0,0.0,"g(μ̃_19627,μ̃_19628,Κ_1) * I(μ̃_19627,i_2) -> I(μ̃_19628,i_2,Κ_1)","I(μ̃_19628,i_2,Κ_1)","g(μ̃_19627,μ̃_19628,Κ_1)","I(μ̃_19627,i_2)","I(μ̃_19628,i_2,Κ_1)","μ̃,i,Κ",;;,"114,7,282",114 × 7 × 282,1800288,0.000488811
2,10,Product,intermediate,I,193280,496,880,432,432,51713672,1345941504,54,0,0.0,0.0,0.0,"I(i_2,i_1,Κ_1) * I(μ̃_19628,i_2,Κ_1) -> I(μ̃_19628,i_1)","I(μ̃_19628,i_1)","I(i_2,i_1,Κ_1)","I(μ̃_19628,i_2,Κ_1)","I(μ̃_19628,i_1)","μ̃,i",;,"114,7",114 × 7,6384,0.0676692
2,10,Tensor,leaf,C,18666,,,481264,481264,51713672,1345941504,60158,,,,,"C(i_1,μ̃_19628;a_1i_1)","C(i_1,μ̃_19628;a_1i_1)",,,,"i,μ̃,a",;;i_1,"7,114,",7 × 114 × ?,,
2,10,Product,intermediate,I,256997,432,481264,376,376,51713672,1345941504,47,,,,,"I(μ̃_19628,i_1) * C(i_1,μ̃_19628;a_1i_1) -> I(i_1;a_1i_1)",I(i_1;a_1i_1),"I(μ̃_19628,i_1)","C(i_1,μ̃_19628;a_1i_1)",I(i_1;a_1i_1),"i,a",;i_1,"7,",7 × ?,,
2,10,Constant,constant,_const,2017,,,8,8,51713672,1345941504,1,,,,,-1,-1,,,,,,,scalar,8,1
2,10,Product,residual,R,55063,376,8,376,376,51713672,1345941504,47,,,,,I(i_1;a_1i_1) * -1 -> R(i_1;a_1i_1),R(i_1;a_1i_1),I(i_1;a_1i_1),-1,R(i_1;a_1i_1),"i,a",;i_1,"7,",7 × ?,,
2,10,Permute,residual,R,53462,,,376,376,51713672,1345941504,47,,,,,R(i_1;a_1i_1),R(i_1;a_1i_1),,,,"i,a",;i_1,"7,",7 × ?,,
2,11,Product,intermediate,I,386998,496,5490816,400,400,51713672,1345941504,50,,,,,"I(i_2,i_1,Κ_1) * I(i_2,i_3,Κ_1;a_3i_2i_3) -> I(i_3,i_2,i_1;a_3i_2i_3)","I(i_3,i_2,i_1;a_3i_2i_3)","I(i_2,i_1,Κ_1)","I(i_2,i_3,Κ_1;a_3i_2i_3)","I(i_3,i_2,i_1;a_3i_2i_3)","i,i,i,a",";;;i_2,i_3","7,7,7,",7 × 7 × 7 × ?,,
2,11,Tensor,leaf,t,2652,,,792440,792440,51713672,1345941504,99055,,,,,"t(i_2,i_3;a_4i_2i_3,a_3i_2i_3)","t(i_2,i_3;a_4i_2i_3,a_3i_2i_3)",,,,"i,i,a,a",";;i_2,i_3;i_2,i_3","7,7,,",7 × 7 × ? × ?,,
2,11,Product,intermediate,I,213105,400,792440,400,400,51713672,1345941504,50,,,,,"I(i_3,i_2,i_1;a_3i_2i_3) * t(i_2,i_3;a_4i_2i_3,a_3i_2i_3) -> I(i_3,i_2,i_1;a_4i_2i_3)","I(i_3,i_2,i_1;a_4i_2i_3)","I(i_3,i_2,i_1;a_3i_2i_3)","t(i_2,i_3;a_4i_2i_3,a_3i_2i_3)","I(i_3,i_2,i_1;a_4i_2i_3)","i,i,i,a",";;;i_2,i_3","7,7,7,",7 × 7 × 7 × ?,,
2,11,Tensor,leaf,C,19525,,,2207664,2207664,51713672,1345941504,275958,,,,,"C(i_3,i_2,μ̃_19652;a_4i_2i_3)","C(i_3,i_2,μ̃_19652;a_4i_2i_3)",,,,"i,i,μ̃,a",";;;i_2,i_3","7,7,114,",7 × 7 × 114 × ?,,
2,11,Product,intermediate,I,331365,400,2207664,432,432,51713672,1345941504,54,0,0.0,0.0,0.0,"I(i_3,i_2,i_1;a_4i_2i_3) * C(i_3,i_2,μ̃_19652;a_4i_2i_3) -> I(μ̃_19652,i_1)","I(μ̃_19652,i_1)","I(i_3,i_2,i_1;a_4i_2i_3)","C(i_3,i_2,μ̃_19652;a_4i_2i_3)","I(μ̃_19652,i_1)","μ̃,i",;,"114,7",114 × 7,6384,0.0676692
2,11,Tensor,leaf,s,17277,,,125584,125584,51713672,1345941504,15698,12996,138.52037144982398,140.24275294876296,0.9820999861813626,"s(μ̃_19652,μ̃_19653)","s(μ̃_19652,μ̃_19653)",,,,"μ̃,μ̃",;,"114,114",114 × 114,103968,1.20791
2,11,Product,intermediate,I,188871,432,125584,432,432,51713672,1345941504,54,0,0.0,0.0,0.0,"I(μ̃_19652,i_1) * s(μ̃_19652,μ̃_19653) -> I(μ̃_19653,i_1)","I(μ̃_19653,i_1)","I(μ̃_19652,i_1)","s(μ̃_19652,μ̃_19653)","I(μ̃_19653,i_1)","μ̃,i",;,"114,7",114 × 7,6384,0.0676692
2,11,Tensor,leaf,C,9641,,,481264,481264,51713672,1345941504,60158,,,,,"C(i_1,μ̃_19653;a_1i_1)","C(i_1,μ̃_19653;a_1i_1)",,,,"i,μ̃,a",;;i_1,"7,114,",7 × 114 × ?,,
2,11,Product,intermediate,I,268826,432,481264,376,376,51713672,1345941504,47,,,,,"I(μ̃_19653,i_1) * C(i_1,μ̃_19653;a_1i_1) -> I(i_1;a_1i_1)",I(i_1;a_1i_1),"I(μ̃_19653,i_1)","C(i_1,μ̃_19653;a_1i_1)",I(i_1;a_1i_1),"i,a",;i_1,"7,",7 × ?,,
2,11,Constant,constant,_const,1657,,,8,8,51713672,1345941504,1,,,,,-2,-2,,,,,,,scalar,8,1
2,11,Product,residual,R,88122,376,8,376,376,51713672,1345941504,47,,,,,I(i_1;a_1i_1) * -2 -> R(i_1;a_1i_1),R(i_1;a_1i_1),I(i_1;a_1i_1),-2,R(i_1;a_1i_1),"i,a",;i_1,"7,",7 × ?,,
2,11,Permute,residual,R,54624,,,376,376,51713672,1345941504,47,,,,,R(i_1;a_1i_1),R(i_1;a_1i_1),,,,"i,a",;i_1,"7,",7 × ?,,
2,12,Tensor,leaf,t,1997,,,792440,792440,51713672,1345941504,99055,,,,,"t(i_3,i_2;a_4i_2i_3,a_3i_2i_3)","t(i_3,i_2;a_4i_2i_3,a_3i_2i_3)",,,,"i,i,a,a",";;i_2,i_3;i_2,i_3","7,7,,",7 × 7 × ? × ?,,
2,12,Product,intermediate,I,207929,400,792440,400,400,51713672,1345941504,50,,,,,"I(i_3,i_2,i_1;a_3i_2i_3) * t(i_3,i_2;a_4i_2i_3,a_3i_2i_3) -> I(i_3,i_2,i_1;a_4i_2i_3)","I(i_3,i_2,i_1;a_4i_2i_3)","I(i_3,i_2,i_1;a_3i_2i_3)","t(i_3,i_2;a_4i_2i_3,a_3i_2i_3)","I(i_3,i_2,i_1;a_4i_2i_3)","i,i,i,a",";;;i_2,i_3","7,7,7,",7 × 7 × 7 × ?,,
2,12,Tensor,leaf,C,9474,,,2207664,2207664,51713672,1345941504,275958,,,,,"C(i_3,i_2,μ̃_19668;a_4i_2i_3)","C(i_3,i_2,μ̃_19668;a_4i_2i_3)",,,,"i,i,μ̃,a",";;;i_2,i_3","7,7,114,",7 × 7 × 114 × ?,,
2,12,Product,intermediate,I,289947,400,2207664,432,432,51713672,1345941504,54,0,0.0,0.0,0.0,"I(i_3,i_2,i_1;a_4i_2i_3) * C(i_3,i_2,μ̃_19668;a_4i_2i_3) -> I(μ̃_19668,i_1)","I(μ̃_19668,i_1)","I(i_3,i_2,i_1;a_4i_2i_3)","C(i_3,i_2,μ̃_19668;a_4i_2i_3)","I(μ̃_19668,i_1)","μ̃,i",;,"114,7",114 × 7,6384,0.0676692
2,12,Tensor,leaf,s,14753,,,125584,125584,51713672,1345941504,15698,12996,138.52037144982398,140.24275294876296,0.9820999861813626,"s(μ̃_19668,μ̃_19669)","s(μ̃_19668,μ̃_19669)",,,,"μ̃,μ̃",;,"114,114",114 × 114,103968,1.20791
2,12,Product,intermediate,I,171644,432,125584,432,432,51713672,1345941504,54,0,0.0,0.0,0.0,"I(μ̃_19668,i_1) * s(μ̃_19668,μ̃_19669) -> I(μ̃_19669,i_1)","I(μ̃_19669,i_1)","I(μ̃_19668,i_1)","s(μ̃_19668,μ̃_19669)","I(μ̃_19669,i_1)","μ̃,i",;,"114,7",114 × 7,6384,0.0676692
2,12,Tensor,leaf,C,11447,,,481264,481264,51713672,1345941504,60158,,,,,"C(i_1,μ̃_19669;a_1i_1)","C(i_1,μ̃_19669;a_1i_1)",,,,"i,μ̃,a",;;i_1,"7,114,",7 × 114 × ?,,
2,12,Product,residual,R,243720,432,481264,376,376,51713672,1345941504,47,,,,,"I(μ̃_19669,i_1) * C(i_1,μ̃_19669;a_1i_1) -> R(i_1;a_1i_1)",R(i_1;a_1i_1),"I(μ̃_19669,i_1)","C(i_1,μ̃_19669;a_1i_1)",R(i_1;a_1i_1),"i,a",;i_1,"7,",7 × ?,,
2,12,Permute,residual,R,38742,,,376,376,51713672,1345941504,47,,,,,R(i_1;a_1i_1),R(i_1;a_1i_1),,,,"i,a",;i_1,"7,",7 × ?,,
2,13,Tensor,leaf,t,2053,,,792440,792440,51713672,1345941504,99055,,,,,"t(i_1,i_2;a_4i_1i_2,a_3i_1i_2)","t(i_1,i_2;a_4i_1i_2,a_3i_1i_2)",,,,"i,i,a,a",";;i_1,i_2;i_1,i_2","7,7,,",7 × 7 × ? × ?,,
2,13,Product,intermediate,I,155001,384,792440,384,384,51713672,1345941504,48,,,,,"I(i_1,i_2;a_3i_1i_2) * t(i_1,i_2;a_4i_1i_2,a_3i_1i_2) -> I(i_2,i_1;a_4i_1i_2)","I(i_2,i_1;a_4i_1i_2)","I(i_1,i_2;a_3i_1i_2)","t(i_1,i_2;a_4i_1i_2,a_3i_1i_2)","I(i_2,i_1;a_4i_1i_2)","i,i,a",";;i_1,i_2","7,7,",7 × 7 × ?,,
2,13,Tensor,leaf,C,9438,,,2207664,2207664,51713672,1345941504,275958,,,,,"C(i_2,i_1,μ̃_19678;a_4i_1i_2)","C(i_2,i_1,μ̃_19678;a_4i_1i_2)",,,,"i,i,μ̃,a",";;;i_1,i_2","7,7,114,",7 × 7 × 114 × ?,,
2,13,Product,intermediate,I,405575,384,2207664,432,432,51713672,1345941504,54,0,0.0,0.0,0.0,"I(i_2,i_1;a_4i_1i_2) * C(i_2,i_1,μ̃_19678;a_4i_1i_2) -> I(μ̃_19678,i_1)","I(μ̃_19678,i_1)","I(i_2,i_1;a_4i_1i_2)","C(i_2,i_1,μ̃_19678;a_4i_1i_2)","I(μ̃_19678,i_1)","μ̃,i",;,"114,7",114 × 7,6384,0.0676692
2,13,Tensor,leaf,s,17208,,,125584,125584,51713672,1345941504,15698,12996,138.52037144982398,140.24275294876296,0.9820999861813626,"s(μ̃_19678,μ̃_19679)","s(μ̃_19678,μ̃_19679)",,,,"μ̃,μ̃",;,"114,114",114 × 114,103968,1.20791
2,13,Product,intermediate,I,201556,432,125584,432,432,51713672,1345941504,54,0,0.0,0.0,0.0,"I(μ̃_19678,i_1) * s(μ̃_19678,μ̃_19679) -> I(μ̃_19679,i_1)","I(μ̃_19679,i_1)","I(μ̃_19678,i_1)","s(μ̃_19678,μ̃_19679)","I(μ̃_19679,i_1)","μ̃,i",;,"114,7",114 × 7,6384,0.0676692
2,13,Tensor,leaf,C,9787,,,481264,481264,51713672,1345941504,60158,,,,,"C(i_1,μ̃_19679;a_1i_1)","C(i_1,μ̃_19679;a_1i_1)",,,,"i,μ̃,a",;;i_1,"7,114,",7 × 114 × ?,,
2,13,Product,intermediate,I,258676,432,481264,376,376,51713672,1345941504,47,,,,,"I(μ̃_19679,i_1) * C(i_1,μ̃_19679;a_1i_1) -> I(i_1;a_1i_1)",I(i_1;a_1i_1),"I(μ̃_19679,i_1)","C(i_1,μ̃_19679;a_1i_1)",I(i_1;a_1i_1),"i,a",;i_1,"7,",7 × ?,,
2,13,Constant,constant,_const,1401,,,8,8,51713672,1345941504,1,,,,,-2,-2,,,,,,,scalar,8,1
2,13,Product,residual,R,60021,376,8,376,376,51713672,1345941504,47,,,,,I(i_1;a_1i_1) * -2 -> R(i_1;a_1i_1),R(i_1;a_1i_1),I(i_1;a_1i_1),-2,R(i_1;a_1i_1),"i,a",;i_1,"7,",7 × ?,,
2,13,Permute,residual,R,49518,,,376,376,51713672,1345941504,47,,,,,R(i_1;a_1i_1),R(i_1;a_1i_1),,,,"i,a",;i_1,"7,",7 × ?,,
2,14,Tensor,leaf,C,10357,,,2207664,2207664,51713672,1345941504,275958,,,,,"C(i_3,i_1,μ̃_19618;a_3i_1i_3)","C(i_3,i_1,μ̃_19618;a_3i_1i_3)",,,,"i,i,μ̃,a",";;;i_1,i_3","7,7,114,",7 × 7 × 114 × ?,,
2,14,Product,intermediate,I,331385,432,2207664,384,384,51713672,1345941504,48,,,,,"I(i_3,μ̃_19618) * C(i_3,i_1,μ̃_19618;a_3i_1i_3) -> I(i_1,i_3;a_3i_1i_3)","I(i_1,i_3;a_3i_1i_3)","I(i_3,μ̃_19618)","C(i_3,i_1,μ̃_19618;a_3i_1i_3)","I(i_1,i_3;a_3i_1i_3)","i,i,a",";;i_1,i_3","7,7,",7 × 7 × ?,,
2,14,Tensor,leaf,t,1924,,,792440,792440,51713672,1345941504,99055,,,,,"t(i_3,i_1;a_4i_1i_3,a_3i_1i_3)","t(i_3,i_1;a_4i_1i_3,a_3i_1i_3)",,,,"i,i,a,a",";;i_1,i_3;i_1,i_3","7,7,,",7 × 7 × ? × ?,,
2,14,Product,intermediate,I,163354,384,792440,384,384,51713672,1345941504,48,,,,,"I(i_1,i_3;a_3i_1i_3) * t(i_3,i_1;a_4i_1i_3,a_3i_1i_3) -> I(i_3,i_1;a_4i_1i_3)","I(i_3,i_1;a_4i_1i_3)","I(i_1,i_3;a_3i_1i_3)","t(i_3,i_1;a_4i_1i_3,a_3i_1i_3)","I(i_3,i_1;a_4i_1i_3)","i,i,a",";;i_1,i_3","7,7,",7 × 7 × ?,,
2,14,Tensor,leaf,C,9696,,,2207664,2207664,51713672,1345941504,275958,,,,,"C(i_3,i_1,μ̃_19619;a_4i_1i_3)","C(i_3,i_1,μ̃_19619;a_4i_1i_3)",,,,"i,i,μ̃,a",";;;i_1,i_3","7,7,114,",7 × 7 × 114 × ?,,
2,14,Product,intermediate,I,473629,384,2207664,432,432,51713672,1345941504,54,0,0.0,0.0,0.0,"I(i_3,i_1;a_4i_1i_3) * C(i_3,i_1,μ̃_19619;a_4i_1i_3) -> I(μ̃_19619,i_1)","I(μ̃_19619,i_1)","I(i_3,i_1;a_4i_1i_3)","C(i_3,i_1,μ̃_19619;a_4i_1i_3)","I(μ̃_19619,i_1)","μ̃,i",;,"114,7",114 × 7,6384,0.0676692
2,14,Tensor,leaf,s,15112,,,125584,125584,51713672,1345941504,15698,12996,138.52037144982398,140.24275294876296,0.9820999861813626,"s(μ̃_19619,μ̃_19620)","s(μ̃_19619,μ̃_19620)",,,,"μ̃,μ̃",;,"114,114",114 × 114,103968,1.20791
2,14,Product,intermediate,I,194107,432,125584,432,432,51713672,1345941504,54,0,0.0,0.0,0.0,"I(μ̃_19619,i_1) * s(μ̃_19619,μ̃_19620) -> I(μ̃_19620,i_1)","I(μ̃_19620,i_1)","I(μ̃_19619,i_1)","s(μ̃_19619,μ̃_19620)","I(μ̃_19620,i_1)","μ̃,i",;,"114,7",114 × 7,6384,0.0676692
2,14,Tensor,leaf,C,7827,,,481264,481264,51713672,1345941504,60158,,,,,"C(i_1,μ̃_19620;a_1i_1)","C(i_1,μ̃_19620;a_1i_1)",,,,"i,μ̃,a",;;i_1,"7,114,",7 × 114 × ?,,
2,14,Product,intermediate,I,255126,432,481264,376,376,51713672,1345941504,47,,,,,"I(μ̃_19620,i_1) * C(i_1,μ̃_19620;a_1i_1) -> I(i_1;a_1i_1)",I(i_1;a_1i_1),"I(μ̃_19620,i_1)","C(i_1,μ̃_19620;a_1i_1)",I(i_1;a_1i_1),"i,a",;i_1,"7,",7 × ?,,
2,14,Constant,constant,_const,1451,,,8,8,51713672,1345941504,1,,,,,-2,-2,,,,,,,scalar,8,1
2,14,Product,residual,R,60458,376,8,376,376,51713672,1345941504,47,,,,,I(i_1;a_1i_1) * -2 -> R(i_1;a_1i_1),R(i_1;a_1i_1),I(i_1;a_1i_1),-2,R(i_1;a_1i_1),"i,a",;i_1,"7,",7 × ?,,
2,14,Permute,residual,R,51163,,,376,376,51713672,1345941504,47,,,,,R(i_1;a_1i_1),R(i_1;a_1i_1),,,,"i,a",;i_1,"7,",7 × ?,,
2,15,Tensor,leaf,C,9243,,,481264,481264,51713672,1345941504,60158,,,,,"C(i_1,μ̃_19649;a_1i_1)","C(i_1,μ̃_19649;a_1i_1)",,,,"i,μ̃,a",;;i_1,"7,114,",7 × 114 × ?,,
2,15,Product,intermediate,I,258524,432,481264,376,376,51713672,1345941504,47,,,,,"I(i_1,μ̃_19649) * C(i_1,μ̃_19649;a_1i_1) -> I(i_1;a_1i_1)",I(i_1;a_1i_1),"I(i_1,μ̃_19649)","C(i_1,μ̃_19649;a_1i_1)",I(i_1;a_1i_1),"i,a",;i_1,"7,",7 × ?,,
2,15,Constant,constant,_const,924,,,8,8,51713672,1345941504,1,,,,,2,2,,,,,,,scalar,8,1
2,15,Product,residual,R,54856,376,8,376,376,51713672,1345941504,47,,,,,I(i_1;a_1i_1) * 2 -> R(i_1;a_1i_1),R(i_1;a_1i_1),I(i_1;a_1i_1),2,R(i_1;a_1i_1),"i,a",;i_1,"7,",7 × ?,,
2,15,Permute,residual,R,54056,,,376,376,51713672,1345941504,47,,,,,R(i_1;a_1i_1),R(i_1;a_1i_1),,,,"i,a",;i_1,"7,",7 × ?,,
2,16,Tensor,leaf,t,1702,,,792440,792440,51713672,1345941504,99055,,,,,"t(i_1,i_3;a_4i_1i_3,a_3i_1i_3)","t(i_1,i_3;a_4i_1i_3,a_3i_1i_3)",,,,"i,i,a,a",";;i_1,i_3;i_1,i_3","7,7,,",7 × 7 × ? × ?,,
2,16,Product,intermediate,I,151885,384,792440,384,384,51713672,1345941504,48,,,,,"I(i_1,i_3;a_3i_1i_3) * t(i_1,i_3;a_4i_1i_3,a_3i_1i_3) -> I(i_3,i_1;a_4i_1i_3)","I(i_3,i_1;a_4i_1i_3)","I(i_1,i_3;a_3i_1i_3)","t(i_1,i_3;a_4i_1i_3,a_3i_1i_3)","I(i_3,i_1;a_4i_1i_3)","i,i,a",";;i_1,i_3","7,7,",7 × 7 × ?,,
2,16,Tensor,leaf,C,8894,,,2207664,2207664,51713672,1345941504,275958,,,,,"C(i_3,i_1,μ̃_19664;a_4i_1i_3)","C(i_3,i_1,μ̃_19664;a_4i_1i_3)",,,,"i,i,μ̃,a",";;;i_1,i_3","7,7,114,",7 × 7 × 114 × ?,,
2,16,Product,intermediate,I,448158,384,2207664,432,432,51713672,1345941504,54,0,0.0,0.0,0.0,"I(i_3,i_1;a_4i_1i_3) * C(i_3,i_1,μ̃_19664;a_4i_1i_3) -> I(μ̃_19664,i_1)","I(μ̃_19664,i_1)","I(i_3,i_1;a_4i_1i_3)","C(i_3,i_1,μ̃_19664;a_4i_1i_3)","I(μ̃_19664,i_1)","μ̃,i",;,"114,7",114 × 7,6384,0.0676692
2,16,Tensor,leaf,s,15660,,,125584,125584,51713672,1345941504,15698,12996,138.52037144982398,140.24275294876296,0.9820999861813626,"s(μ̃_19664,μ̃_19665)","s(μ̃_19664,μ̃_19665)",,,,"μ̃,μ̃",;,"114,114",114 × 114,103968,1.20791
2,16,Product,intermediate,I,223019,432,125584,432,432,51713672,1345941504,54,0,0.0,0.0,0.0,"I(μ̃_19664,i_1) * s(μ̃_19664,μ̃_19665) -> I(μ̃_19665,i_1)","I(μ̃_19665,i_1)","I(μ̃_19664,i_1)","s(μ̃_19664,μ̃_19665)","I(μ̃_19665,i_1)","μ̃,i",;,"114,7",114 × 7,6384,0.0676692
2,16,Tensor,leaf,C,12002,,,481264,481264,51713672,1345941504,60158,,,,,"C(i_1,μ̃_19665;a_1i_1)","C(i_1,μ̃_19665;a_1i_1)",,,,"i,μ̃,a",;;i_1,"7,114,",7 × 114 × ?,,
2,16,Product,intermediate,I,264437,432,481264,376,376,51713672,1345941504,47,,,,,"I(μ̃_19665,i_1) * C(i_1,μ̃_19665;a_1i_1) -> I(i_1;a_1i_1)",I(i_1;a_1i_1),"I(μ̃_19665,i_1)","C(i_1,μ̃_19665;a_1i_1)",I(i_1;a_1i_1),"i,a",;i_1,"7,",7 × ?,,
2,16,Constant,constant,_const,1166,,,8,8,51713672,1345941504,1,,,,,4,4,,,,,,,scalar,8,1
2,16,Product,residual,R,61279,376,8,376,376,51713672,1345941504,47,,,,,I(i_1;a_1i_1) * 4 -> R(i_1;a_1i_1),R(i_1;a_1i_1),I(i_1;a_1i_1),4,R(i_1;a_1i_1),"i,a",;i_1,"7,",7 × ?,,
2,16,Permute,residual,R,52783,,,376,376,51713672,1345941504,47,,,,,R(i_1;a_1i_1),R(i_1;a_1i_1),,,,"i,a",;i_1,"7,",7 × ?,,
2,17,Tensor,leaf,g,9897,,,29489328,29489328,51713672,1345941504,3686166,3664872,328.03408291046827,123.92989425956779,0.8503952014554771,"g(μ̃_19641,μ̃_19642,Κ_1)","g(μ̃_19641,μ̃_19642,Κ_1)",,,,"μ̃,μ̃,Κ",;;,"114,114,282",114 × 114 × 282,29318976,1.00581
2,17,Product,intermediate,I,400887,400,29489328,624,624,51713672,1345941504,78,0,0.0,0.0,0.0,"I(Κ_1) * g(μ̃_19641,μ̃_19642,Κ_1) -> I(μ̃_19642,μ̃_19641)","I(μ̃_19642,μ̃_19641)",I(Κ_1),"g(μ̃_19641,μ̃_19642,Κ_1)","I(μ̃_19642,μ̃_19641)","μ̃,μ̃",;,"114,114",114 × 114,103968,0.00600185
2,17,Product,intermediate,I,164968,624,432,432,432,51713672,1345941504,54,0,0.0,0.0,0.0,"I(μ̃_19642,μ̃_19641) * I(μ̃_19641,i_1) -> I(μ̃_19642,i_1)","I(μ̃_19642,i_1)","I(μ̃_19642,μ̃_19641)","I(μ̃_19641,i_1)","I(μ̃_19642,i_1)","μ̃,i",;,"114,7",114 × 7,6384,0.0676692
2,17,Tensor,leaf,C,18770,,,481264,481264,51713672,1345941504,60158,,,,,"C(i_1,μ̃_19642;a_1i_1)","C(i_1,μ̃_19642;a_1i_1)",,,,"i,μ̃,a",;;i_1,"7,114,",7 × 114 × ?,,
2,17,Product,intermediate,I,289702,432,481264,376,376,51713672,1345941504,47,,,,,"I(μ̃_19642,i_1) * C(i_1,μ̃_19642;a_1i_1) -> I(i_1;a_1i_1)",I(i_1;a_1i_1),"I(μ̃_19642,i_1)","C(i_1,μ̃_19642;a_1i_1)",I(i_1;a_1i_1),"i,a",;i_1,"7,",7 × ?,,
2,17,Constant,constant,_const,1535,,,8,8,51713672,1345941504,1,,,,,2,2,,,,,,,scalar,8,1
2,17,Product,residual,R,66296,376,8,376,376,51713672,1345941504,47,,,,,I(i_1;a_1i_1) * 2 -> R(i_1;a_1i_1),R(i_1;a_1i_1),I(i_1;a_1i_1),2,R(i_1;a_1i_1),"i,a",;i_1,"7,",7 × ?,,
2,17,Permute,residual,R,75820,,,376,376,51713672,1345941504,47,,,,,R(i_1;a_1i_1),R(i_1;a_1i_1),,,,"i,a",;i_1,"7,",7 × ?,,
2,18,Tensor,leaf,f,21046,,,125584,125584,51713672,1345941504,15698,12996,138.71107103388132,334.03752863922216,4.72676153485664,"f(μ̃_19643,μ̃_19644)","f(μ̃_19643,μ̃_19644)",,,,"μ̃,μ̃",;,"114,114",114 × 114,103968,1.20791
2,18,Product,intermediate,I,205692,125584,432,432,432,51713672,1345941504,54,0,0.0,0.0,0.0,"f(μ̃_19643,μ̃_19644) * I(μ̃_19643,i_1) -> I(μ̃_19644,i_1)","I(μ̃_19644,i_1)","f(μ̃_19643,μ̃_19644)","I(μ̃_19643,i_1)","I(μ̃_19644,i_1)","μ̃,i",;,"114,7",114 × 7,6384,0.0676692
2,18,Tensor,leaf,C,11829,,,481264,481264,51713672,1345941504,60158,,,,,"C(i_1,μ̃_19644;a_1i_1)","C(i_1,μ̃_19644;a_1i_1)",,,,"i,μ̃,a",;;i_1,"7,114,",7 × 114 × ?,,
2,18,Product,residual,R,297497,432,481264,376,376,51713672,1345941504,47,,,,,"I(μ̃_19644,i_1) * C(i_1,μ̃_19644;a_1i_1) -> R(i_1;a_1i_1)",R(i_1;a_1i_1),"I(μ̃_19644,i_1)","C(i_1,μ̃_19644;a_1i_1)",R(i_1;a_1i_1),"i,a",;i_1,"7,",7 × ?,,
2,18,Permute,residual,R,51128,,,376,376,51713672,1345941504,47,,,,,R(i_1;a_1i_1),R(i_1;a_1i_1),,,,"i,a",;i_1,"7,",7 × ?,,
2,19,Tensor,leaf,f,14401,,,2088,2088,51713672,1345941504,261,49,-3.4369802138049423,3.1903508725142036,0.6871376688643174,"f(i_1,i_2)","f(i_1,i_2)",,,,"i,i",;,"7,7",7 × 7,392,5.32653
2,19,Product,intermediate,I,158299,2088,432,432,432,51713672,1345941504,54,0,0.0,0.0,0.0,"f(i_1,i_2) * I(μ̃_19658,i_2) -> I(i_1,μ̃_19658)","I(i_1,μ̃_19658)","f(i_1,i_2)","I(μ̃_19658,i_2)","I(i_1,μ̃_19658)","i,μ̃",;,"7,114",7 × 114,6384,0.0676692
2,19,Tensor,leaf,s,13721,,,125584,125584,51713672,1345941504,15698,12996,138.52037144982398,140.24275294876296,0.9820999861813626,"s(μ̃_19657,μ̃_19658)","s(μ̃_19657,μ̃_19658)",,,,"μ̃,μ̃",;,"114,114",114 × 114,103968,1.20791
2,19,Product,intermediate,I,220250,432,125584,432,432,51713672,1345941504,54,0,0.0,0.0,0.0,"I(i_1,μ̃_19658) * s(μ̃_19657,μ̃_19658) -> I(i_1,μ̃_19657)","I(i_1,μ̃_19657)","I(i_1,μ̃_19658)","s(μ̃_19657,μ̃_19658)","I(i_1,μ̃_19657)","i,μ̃",;,"7,114",7 × 114,6384,0.0676692
2,19,Tensor,leaf,C,9733,,,481264,481264,51713672,1345941504,60158,,,,,"C(i_1,μ̃_19657;a_1i_1)","C(i_1,μ̃_19657;a_1i_1)",,,,"i,μ̃,a",;;i_1,"7,114,",7 × 114 × ?,,
2,19,Product,intermediate,I,324877,432,481264,376,376,51713672,1345941504,47,,,,,"I(i_1,μ̃_19657) * C(i_1,μ̃_19657;a_1i_1) -> I(i_1;a_1i_1)",I(i_1;a_1i_1),"I(i_1,μ̃_19657)","C(i_1,μ̃_19657;a_1i_1)",I(i_1;a_1i_1),"i,a",;i_1,"7,",7 × ?,,
2,19,Constant,constant,_const,1213,,,8,8,51713672,1345941504,1,,,,,-1,-1,,,,,,,scalar,8,1
2,19,Product,residual,R,61223,376,8,376,376,51713672,1345941504,47,,,,,I(i_1;a_1i_1) * -1 -> R(i_1;a_1i_1),R(i_1;a_1i_1),I(i_1;a_1i_1),-1,R(i_1;a_1i_1),"i,a",;i_1,"7,",7 × ?,,
2,19,Permute,residual,R,81462,,,376,376,51713672,1345941504,47,,,,,R(i_1;a_1i_1),R(i_1;a_1i_1),,,,"i,a",;i_1,"7,",7 × ?,,
2,20,Tensor,leaf,C,9067,,,2207664,2207664,51713672,1345941504,275958,,,,,"C(i_2,i_1,μ̃_19604;a_3i_1i_2)","C(i_2,i_1,μ̃_19604;a_3i_1i_2)",,,,"i,i,μ̃,a",";;;i_1,i_2","7,7,114,",7 × 7 × 114 × ?,,
2,20,Tensor,leaf,t,1836,,,792440,792440,51713672,1345941504,99055,,,,,"t(i_1,i_2;a_3i_1i_2,a_2i_1i_2)","t(i_1,i_2;a_3i_1i_2,a_2i_1i_2)",,,,"i,i,a,a",";;i_1,i_2;i_1,i_2","7,7,,",7 × 7 × ? × ?,,
2,20,Product,intermediate,I,4208628,2207664,792440,2207664,2207664,51713672,1345941504,275958,,,,,"C(i_2,i_1,μ̃_19604;a_3i_1i_2) * t(i_1,i_2;a_3i_1i_2,a_2i_1i_2) -> I(μ̃_19604,i_1,i_2;a_2i_1i_2)","I(μ̃_19604,i_1,i_2;a_2i_1i_2)","C(i_2,i_1,μ̃_19604;a_3i_1i_2)","t(i_1,i_2;a_3i_1i_2,a_2i_1i_2)","I(μ̃_19604,i_1,i_2;a_2i_1i_2)","μ̃,i,i,a",";;;i_1,i_2","114,7,7,",114 × 7 × 7 × ?,,
2,20,Product,intermediate,I,140905059,5490816,2207664,1843152,1843152,51713672,1345941504,230394,225036,2.468086418882305,16.659572441593063,0.2520612950217193,"I(i_1,i_2,Κ_1;a_2i_1i_2) * I(μ̃_19604,i_1,i_2;a_2i_1i_2) -> I(μ̃_19604,i_1,Κ_1)","I(μ̃_19604,i_1,Κ_1)","I(i_1,i_2,Κ_1;a_2i_1i_2)","I(μ̃_19604,i_1,i_2;a_2i_1i_2)","I(μ̃_19604,i_1,Κ_1)","μ̃,i,Κ",;;,"114,7,282",114 × 7 × 282,1800288,1.02381
2,20,Tensor,leaf,g,33920,,,29489328,29489328,53918312,1345941504,3686166,3664872,328.03408291046827,123.92989425956779,0.8503952014554771,"g(μ̃_19604,μ̃_19605,Κ_1)","g(μ̃_19604,μ̃_19605,Κ_1)",,,,"μ̃,μ̃,Κ",;;,"114,114,282",114 × 114 × 282,29318976,1.00581
2,20,Product,intermediate,I,27950384,1843152,29489328,12064,12064,55773528,1345941504,1508,798,-0.04768274781357858,0.004429828981234865,0.01165836349732478,"I(μ̃_19604,i_1,Κ_1) * g(μ̃_19604,μ̃_19605,Κ_1) -> I(μ̃_19605,i_1)","I(μ̃_19605,i_1)","I(μ̃_19604,i_1,Κ_1)","g(μ̃_19604,μ̃_19605,Κ_1)","I(μ̃_19605,i_1)","μ̃,i",;,"114,7",114 × 7,6384,1.88972
2,20,Tensor,leaf,C,13676,,,481264,481264,55773528,1345941504,60158,,,,,"C(i_1,μ̃_19605;a_1i_1)","C(i_1,μ̃_19605;a_1i_1)",,,,"i,μ̃,a",;;i_1,"7,114,",7 × 114 × ?,,
2,20,Product,intermediate,I,818974,12064,481264,5488,5488,55773528,1345941504,686,,,,,"I(μ̃_19605,i_1) * C(i_1,μ̃_19605;a_1i_1) -> I(i_1;a_1i_1)",I(i_1;a_1i_1),"I(μ̃_19605,i_1)","C(i_1,μ̃_19605;a_1i_1)",I(i_1;a_1i_1),"i,a",;i_1,"7,",7 × ?,,
2,20,Constant,constant,_const,2348,,,8,8,55773528,1345941504,1,,,,,2,2,,,,,,,scalar,8,1
2,20,Product,residual,R,74251,5488,8,5488,5488,55773528,1345941504,686,,,,,I(i_1;a_1i_1) * 2 -> R(i_1;a_1i_1),R(i_1;a_1i_1),I(i_1;a_1i_1),2,R(i_1;a_1i_1),"i,a",;i_1,"7,",7 × ?,,
2,20,Permute,residual,R,61449,,,5488,5488,55773528,1345941504,686,,,,,R(i_1;a_1i_1),R(i_1;a_1i_1),,,,"i,a",;i_1,"7,",7 × ?,,
2,21,Product,intermediate,I,136770717,5490816,2207664,1843152,1843152,55773528,1345941504,230394,225036,-2.973505340218139,3.781178766679099,0.11018364790986157,"I(i_1,i_2,Κ_1;a_2i_1i_2) * I(μ̃_19607,i_2,i_1;a_2i_1i_2) -> I(μ̃_19607,i_1,Κ_1)","I(μ̃_19607,i_1,Κ_1)","I(i_1,i_2,Κ_1;a_2i_1i_2)","I(μ̃_19607,i_2,i_1;a_2i_1i_2)","I(μ̃_19607,i_1,Κ_1)","μ̃,i,Κ",;;,"114,7,282",114 × 7 × 282,1800288,1.02381
2,21,Tensor,leaf,g,17530,,,29489328,29489328,55773528,1345941504,3686166,3664872,328.03408291046827,123.92989425956779,0.8503952014554771,"g(μ̃_19607,μ̃_19608,Κ_1)","g(μ̃_19607,μ̃_19608,Κ_1)",,,,"μ̃,μ̃,Κ",;;,"114,114,282",114 × 114 × 282,29318976,1.00581
2,21,Product,intermediate,I,54468177,1843152,29489328,12064,12064,55773528,1345941504,1508,798,-0.00983233998369435,0.0014094693086430061,0.005132973674903276,"I(μ̃_19607,i_1,Κ_1) * g(μ̃_19607,μ̃_19608,Κ_1) -> I(μ̃_19608,i_1)","I(μ̃_19608,i_1)","I(μ̃_19607,i_1,Κ_1)","g(μ̃_19607,μ̃_19608,Κ_1)","I(μ̃_19608,i_1)","μ̃,i",;,"114,7",114 × 7,6384,1.88972
2,21,Tensor,leaf,C,18452,,,481264,481264,55773528,1345941504,60158,,,,,"C(i_1,μ̃_19608;a_1i_1)","C(i_1,μ̃_19608;a_1i_1)",,,,"i,μ̃,a",;;i_1,"7,114,",7 × 114 × ?,,
2,21,Product,intermediate,I,774922,12064,481264,5488,5488,55773528,1345941504,686,,,,,"I(μ̃_19608,i_1) * C(i_1,μ̃_19608;a_1i_1) -> I(i_1;a_1i_1)",I(i_1;a_1i_1),"I(μ̃_19608,i_1)","C(i_1,μ̃_19608;a_1i_1)",I(i_1;a_1i_1),"i,a",;i_1,"7,",7 × ?,,
2,21,Constant,constant,_const,1976,,,8,8,55773528,1345941504,1,,,,,-1,-1,,,,,,,scalar,8,1
2,21,Product,residual,R,70521,5488,8,5488,5488,55773528,1345941504,686,,,,,I(i_1;a_1i_1) * -1 -> R(i_1;a_1i_1),R(i_1;a_1i_1),I(i_1;a_1i_1),-1,R(i_1;a_1i_1),"i,a",;i_1,"7,",7 × ?,,
2,21,Permute,residual,R,78606,,,5488,5488,55773528,1345941504,686,,,,,R(i_1;a_1i_1),R(i_1;a_1i_1),,,,"i,a",;i_1,"7,",7 × ?,,
2,22,Tensor,leaf,f,20583,,,432,432,55773528,1345941504,54,0,0.0,0.0,0.0,"f(μ̃_19625,i_1)","f(μ̃_19625,i_1)",,,,"μ̃,i",;,"114,7",114 × 7,6384,0.0676692
2,22,Tensor,leaf,C,10409,,,481264,481264,55773528,1345941504,60158,,,,,"C(i_1,μ̃_19625;a_1i_1)","C(i_1,μ̃_19625;a_1i_1)",,,,"i,μ̃,a",;;i_1,"7,114,",7 × 114 × ?,,
2,22,Product,residual,R,263252,432,481264,376,376,55773528,1345941504,47,,,,,"f(μ̃_19625,i_1) * C(i_1,μ̃_19625;a_1i_1) -> R(i_1;a_1i_1)",R(i_1;a_1i_1),"f(μ̃_19625,i_1)","C(i_1,μ̃_19625;a_1i_1)",R(i_1;a_1i_1),"i,a",;i_1,"7,",7 × ?,,
2,22,Permute,residual,R,43827,,,376,376,55773528,1345941504,47,,,,,R(i_1;a_1i_1),R(i_1;a_1i_1),,,,"i,a",;i_1,"7,",7 × ?,,
2,23,Tensor,leaf,t,1753,,,792440,792440,55773528,1345941504,99055,,,,,"t(i_3,i_2;a_3i_2i_3,a_2i_2i_3)","t(i_3,i_2;a_3i_2i_3,a_2i_2i_3)",,,,"i,i,a,a",";;i_2,i_3;i_2,i_3","7,7,,",7 × 7 × ? × ?,,
2,23,Product,intermediate,I,771342,139048,792440,139048,139048,55773528,1345941504,17381,,,,,"I(i_1,i_3,i_2;a_2i_2i_3) * t(i_3,i_2;a_3i_2i_3,a_2i_2i_3) -> I(i_3,i_2,i_1;a_3i_2i_3)","I(i_3,i_2,i_1;a_3i_2i_3)","I(i_1,i_3,i_2;a_2i_2i_3)","t(i_3,i_2;a_3i_2i_3,a_2i_2i_3)","I(i_3,i_2,i_1;a_3i_2i_3)","i,i,i,a",";;;i_2,i_3","7,7,7,",7 × 7 × 7 × ?,,
2,23,Tensor,leaf,C,9923,,,2207664,2207664,55773528,1345941504,275958,,,,,"C(i_3,i_2,μ̃_19634;a_3i_2i_3)","C(i_3,i_2,μ̃_19634;a_3i_2i_3)",,,,"i,i,μ̃,a",";;;i_2,i_3","7,7,114,",7 × 7 × 114 × ?,,
2,23,Product,intermediate,I,2820106,139048,2207664,12064,12064,55773528,1345941504,1508,798,0.5009509237626033,0.03944329332384455,0.08921187980719032,"I(i_3,i_2,i_1;a_3i_2i_3) * C(i_3,i_2,μ̃_19634;a_3i_2i_3) -> I(i_1,μ̃_19634)","I(i_1,μ̃_19634)","I(i_3,i_2,i_1;a_3i_2i_3)","C(i_3,i_2,μ̃_19634;a_3i_2i_3)","I(i_1,μ̃_19634)","i,μ̃",;,"7,114",7 × 114,6384,1.88972
2,23,Tensor,leaf,s,32178,,,125584,125584,55773528,1345941504,15698,12996,138.52037144982398,140.24275294876296,0.9820999861813626,"s(μ̃_19634,μ̃_19635)","s(μ̃_19634,μ̃_19635)",,,,"μ̃,μ̃",;,"114,114",114 × 114,103968,1.20791
2,23,Product,intermediate,I,1075914,12064,125584,12064,12064,55773528,1345941504,1508,798,-0.01986355637715671,0.0008430490879050614,0.004300135856871569,"I(i_1,μ̃_19634) * s(μ̃_19634,μ̃_19635) -> I(i_1,μ̃_19635)","I(i_1,μ̃_19635)","I(i_1,μ̃_19634)","s(μ̃_19634,μ̃_19635)","I(i_1,μ̃_19635)","i,μ̃",;,"7,114",7 × 114,6384,1.88972
2,23,Tensor,leaf,C,10091,,,481264,481264,55773528,1345941504,60158,,,,,"C(i_1,μ̃_19635;a_1i_1)","C(i_1,μ̃_19635;a_1i_1)",,,,"i,μ̃,a",;;i_1,"7,114,",7 × 114 × ?,,
2,23,Product,residual,R,673083,12064,481264,5488,5488,55773528,1345941504,686,,,,,"I(i_1,μ̃_19635) * C(i_1,μ̃_19635;a_1i_1) -> R(i_1;a_1i_1)",R(i_1;a_1i_1),"I(i_1,μ̃_19635)","C(i_1,μ̃_19635;a_1i_1)",R(i_1;a_1i_1),"i,a",;i_1,"7,",7 × ?,,
2,23,Permute,residual,R,87002,,,5488,5488,55773528,1345941504,686,,,,,R(i_1;a_1i_1),R(i_1;a_1i_1),,,,"i,a",;i_1,"7,",7 × ?,,
2,24,Tensor,leaf,t,1452,,,792440,792440,55773528,1345941504,99055,,,,,"t(i_2,i_3;a_3i_2i_3,a_2i_2i_3)","t(i_2,i_3;a_3i_2i_3,a_2i_2i_3)",,,,"i,i,a,a",";;i_2,i_3;i_2,i_3","7,7,,",7 × 7 × ? × ?,,
2,24,Product,intermediate,I,720886,139048,792440,139048,139048,55773528,1345941504,17381,,,,,"I(i_1,i_3,i_2;a_2i_2i_3) * t(i_2,i_3;a_3i_2i_3,a_2i_2i_3) -> I(i_3,i_2,i_1;a_3i_2i_3)","I(i_3,i_2,i_1;a_3i_2i_3)","I(i_1,i_3,i_2;a_2i_2i_3)","t(i_2,i_3;a_3i_2i_3,a_2i_2i_3)","I(i_3,i_2,i_1;a_3i_2i_3)","i,i,i,a",";;;i_2,i_3","7,7,7,",7 × 7 × 7 × ?,,
2,24,Tensor,leaf,C,12697,,,2207664,2207664,55773528,1345941504,275958,,,,,"C(i_3,i_2,μ̃_19660;a_3i_2i_3)","C(i_3,i_2,μ̃_19660;a_3i_2i_3)",,,,"i,i,μ̃,a",";;;i_2,i_3","7,7,114,",7 × 7 × 114 × ?,,
2,24,Product,intermediate,I,2764263,139048,2207664,12064,12064,55773528,1345941504,1508,798,1.1966222364563754,0.44732252959844804,0.1050956226285368,"I(i_3,i_2,i_1;a_3i_2i_3) * C(i_3,i_2,μ̃_19660;a_3i_2i_3) -> I(i_1,μ̃_19660)","I(i_1,μ̃_19660)","I(i_3,i_2,i_1;a_3i_2i_3)","C(i_3,i_2,μ̃_19660;a_3i_2i_3)","I(i_1,μ̃_19660)","i,μ̃",;,"7,114",7 × 114,6384,1.88972
2,24,Tensor,leaf,s,16916,,,125584,125584,55773528,1345941504,15698,12996,138.52037144982398,140.24275294876296,0.9820999861813626,"s(μ̃_19660,μ̃_19661)","s(μ̃_19660,μ̃_19661)",,,,"μ̃,μ̃",;,"114,114",114 × 114,103968,1.20791
2,24,Product,intermediate,I,1080171,12064,125584,12064,12064,55773528,1345941504,1508,798,-0.033122732137702546,0.002919441567609089,0.007221507149956841,"I(i_1,μ̃_19660) * s(μ̃_19660,μ̃_19661) -> I(i_1,μ̃_19661)","I(i_1,μ̃_19661)","I(i_1,μ̃_19660)","s(μ̃_19660,μ̃_19661)","I(i_1,μ̃_19661)","i,μ̃",;,"7,114",7 × 114,6384,1.88972
2,24,Tensor,leaf,C,12755,,,481264,481264,55773528,1345941504,60158,,,,,"C(i_1,μ̃_19661;a_1i_1)","C(i_1,μ̃_19661;a_1i_1)",,,,"i,μ̃,a",;;i_1,"7,114,",7 × 114 × ?,,
2,24,Product,intermediate,I,703732,12064,481264,5488,5488,55773528,1345941504,686,,,,,"I(i_1,μ̃_19661) * C(i_1,μ̃_19661;a_1i_1) -> I(i_1;a_1i_1)",I(i_1;a_1i_1),"I(i_1,μ̃_19661)","C(i_1,μ̃_19661;a_1i_1)",I(i_1;a_1i_1),"i,a",;i_1,"7,",7 × ?,,
2,24,Constant,constant,_const,1593,,,8,8,55773528,1345941504,1,,,,,-2,-2,,,,,,,scalar,8,1
2,24,Product,residual,R,76501,5488,8,5488,5488,55773528,1345941504,686,,,,,I(i_1;a_1i_1) * -2 -> R(i_1;a_1i_1),R(i_1;a_1i_1),I(i_1;a_1i_1),-2,R(i_1;a_1i_1),"i,a",;i_1,"7,",7 × ?,,
2,24,Permute,residual,R,63594,,,5488,5488,55773528,1345941504,686,,,,,R(i_1;a_1i_1),R(i_1;a_1i_1),,,,"i,a",;i_1,"7,",7 × ?,,
2,25,Tensor,leaf,t,2214,,,792440,792440,55773528,1345941504,99055,,,,,"t(i_1,i_2;a_3i_1i_2,a_2i_1i_2)","t(i_1,i_2;a_3i_1i_2,a_2i_1i_2)",,,,"i,i,a,a",";;i_1,i_2;i_1,i_2","7,7,,",7 × 7 × ? × ?,,
2,25,Product,intermediate,I,181702,384,792440,384,384,55773528,1345941504,48,,,,,"I(i_1,i_2;a_2i_1i_2) * t(i_1,i_2;a_3i_1i_2,a_2i_1i_2) -> I(i_2,i_1;a_3i_1i_2)","I(i_2,i_1;a_3i_1i_2)","I(i_1,i_2;a_2i_1i_2)","t(i_1,i_2;a_3i_1i_2,a_2i_1i_2)","I(i_2,i_1;a_3i_1i_2)","i,i,a",";;i_1,i_2","7,7,",7 × 7 × ?,,
2,25,Tensor,leaf,C,15541,,,2207664,2207664,55773528,1345941504,275958,,,,,"C(i_2,i_1,μ̃_19674;a_3i_1i_2)","C(i_2,i_1,μ̃_19674;a_3i_1i_2)",,,,"i,i,μ̃,a",";;;i_1,i_2","7,7,114,",7 × 7 × 114 × ?,,
2,25,Product,intermediate,I,520543,384,2207664,432,432,55773528,1345941504,54,0,0.0,0.0,0.0,"I(i_2,i_1;a_3i_1i_2) * C(i_2,i_1,μ̃_19674;a_3i_1i_2) -> I(μ̃_19674,i_1)","I(μ̃_19674,i_1)","I(i_2,i_1;a_3i_1i_2)","C(i_2,i_1,μ̃_19674;a_3i_1i_2)","I(μ̃_19674,i_1)","μ̃,i",;,"114,7",114 × 7,6384,0.0676692
2,25,Tensor,leaf,s,17520,,,125584,125584,55773528,1345941504,15698,12996,138.52037144982398,140.24275294876296,0.9820999861813626,"s(μ̃_19674,μ̃_19675)","s(μ̃_19674,μ̃_19675)",,,,"μ̃,μ̃",;,"114,114",114 × 114,103968,1.20791
2,25,Product,intermediate,I,190686,432,125584,432,432,55773528,1345941504,54,0,0.0,0.0,0.0,"I(μ̃_19674,i_1) * s(μ̃_19674,μ̃_19675) -> I(μ̃_19675,i_1)","I(μ̃_19675,i_1)","I(μ̃_19674,i_1)","s(μ̃_19674,μ̃_19675)","I(μ̃_19675,i_1)","μ̃,i",;,"114,7",114 × 7,6384,0.0676692
2,25,Tensor,leaf,C,7952,,,481264,481264,55773528,1345941504,60158,,,,,"C(i_1,μ̃_19675;a_1i_1)","C(i_1,μ̃_19675;a_1i_1)",,,,"i,μ̃,a",;;i_1,"7,114,",7 × 114 × ?,,
2,25,Product,intermediate,I,276245,432,481264,376,376,55773528,1345941504,47,,,,,"I(μ̃_19675,i_1) * C(i_1,μ̃_19675;a_1i_1) -> I(i_1;a_1i_1)",I(i_1;a_1i_1),"I(μ̃_19675,i_1)","C(i_1,μ̃_19675;a_1i_1)",I(i_1;a_1i_1),"i,a",;i_1,"7,",7 × ?,,
2,25,Constant,constant,_const,1021,,,8,8,55773528,1345941504,1,,,,,2,2,,,,,,,scalar,8,1
2,25,Product,residual,R,58002,376,8,376,376,55773528,1345941504,47,,,,,I(i_1;a_1i_1) * 2 -> R(i_1;a_1i_1),R(i_1;a_1i_1),I(i_1;a_1i_1),2,R(i_1;a_1i_1),"i,a",;i_1,"7,",7 × ?,,
2,25,Permute,residual,R,61761,,,376,376,55773528,1345941504,47,,,,,R(i_1;a_1i_1),R(i_1;a_1i_1),,,,"i,a",;i_1,"7,",7 × ?,,
2,26,Tensor,leaf,t,1229,,,792440,792440,55773528,1345941504,99055,,,,,"t(i_2,i_1;a_3i_1i_2,a_2i_1i_2)","t(i_2,i_1;a_3i_1i_2,a_2i_1i_2)",,,,"i,i,a,a",";;i_1,i_2;i_1,i_2","7,7,,",7 × 7 × ? × ?,,
2,26,Product,intermediate,I,147276,384,792440,384,384,55773528,1345941504,48,,,,,"I(i_1,i_2;a_2i_1i_2) * t(i_2,i_1;a_3i_1i_2,a_2i_1i_2) -> I(i_2,i_1;a_3i_1i_2)","I(i_2,i_1;a_3i_1i_2)","I(i_1,i_2;a_2i_1i_2)","t(i_2,i_1;a_3i_1i_2,a_2i_1i_2)","I(i_2,i_1;a_3i_1i_2)","i,i,a",";;i_1,i_2","7,7,",7 × 7 × ?,,
2,26,Tensor,leaf,C,12786,,,2207664,2207664,55773528,1345941504,275958,,,,,"C(i_2,i_1,μ̃_19681;a_3i_1i_2)","C(i_2,i_1,μ̃_19681;a_3i_1i_2)",,,,"i,i,μ̃,a",";;;i_1,i_2","7,7,114,",7 × 7 × 114 × ?,,
2,26,Product,intermediate,I,391417,384,2207664,432,432,55773528,1345941504,54,0,0.0,0.0,0.0,"I(i_2,i_1;a_3i_1i_2) * C(i_2,i_1,μ̃_19681;a_3i_1i_2) -> I(μ̃_19681,i_1)","I(μ̃_19681,i_1)","I(i_2,i_1;a_3i_1i_2)","C(i_2,i_1,μ̃_19681;a_3i_1i_2)","I(μ̃_19681,i_1)","μ̃,i",;,"114,7",114 × 7,6384,0.0676692
2,26,Tensor,leaf,s,11206,,,125584,125584,55773528,1345941504,15698,12996,138.52037144982398,140.24275294876296,0.9820999861813626,"s(μ̃_19681,μ̃_19682)","s(μ̃_19681,μ̃_19682)",,,,"μ̃,μ̃",;,"114,114",114 × 114,103968,1.20791
2,26,Product,intermediate,I,201382,432,125584,432,432,55773528,1345941504,54,0,0.0,0.0,0.0,"I(μ̃_19681,i_1) * s(μ̃_19681,μ̃_19682) -> I(μ̃_19682,i_1)","I(μ̃_19682,i_1)","I(μ̃_19681,i_1)","s(μ̃_19681,μ̃_19682)","I(μ̃_19682,i_1)","μ̃,i",;,"114,7",114 × 7,6384,0.0676692
2,26,Tensor,leaf,C,11468,,,481264,481264,55773528,1345941504,60158,,,,,"C(i_1,μ̃_19682;a_1i_1)","C(i_1,μ̃_19682;a_1i_1)",,,,"i,μ̃,a",;;i_1,"7,114,",7 × 114 × ?,,
2,26,Product,intermediate,I,244376,432,481264,376,376,55773528,1345941504,47,,,,,"I(μ̃_19682,i_1) * C(i_1,μ̃_19682;a_1i_1) -> I(i_1;a_1i_1)",I(i_1;a_1i_1),"I(μ̃_19682,i_1)","C(i_1,μ̃_19682;a_1i_1)",I(i_1;a_1i_1),"i,a",;i_1,"7,",7 × ?,,
2,26,Constant,constant,_const,904,,,8,8,55773528,1345941504,1,,,,,-1,-1,,,,,,,scalar,8,1
2,26,Product,residual,R,57409,376,8,376,376,55773528,1345941504,47,,,,,I(i_1;a_1i_1) * -1 -> R(i_1;a_1i_1),R(i_1;a_1i_1),I(i_1;a_1i_1),-1,R(i_1;a_1i_1),"i,a",;i_1,"7,",7 × ?,,
2,26,Permute,residual,R,53737,,,376,376,55773528,1345941504,47,,,,,R(i_1;a_1i_1),R(i_1;a_1i_1),,,,"i,a",;i_1,"7,",7 × ?,,
2,27,Tensor,leaf,g,11637,,,1843152,1843152,402956000,1345941504,230394,225036,-13.713518793894858,9.824790694343461,0.192547847698342,"g(μ̃_19683,i_3,Κ_1)","g(μ̃_19683,i_3,Κ_1)",,,,"μ̃,i,Κ",;;,"114,7,282",114 × 7 × 282,1800288,1.02381
2,27,Tensor,leaf,C,10283,,,481264,481264,402956000,1345941504,60158,,,,,"C(i_2,μ̃_19683;a_3i_2)","C(i_2,μ̃_19683;a_3i_2)",,,,"i,μ̃,a",;;i_2,"7,114,",7 × 114 × ?,,
2,27,Tensor,leaf,t,1657,,,376,376,402956000,1345941504,47,,,,,t(i_2;a_3i_2),t(i_2;a_3i_2),,,,"i,a",;i_2,"7,",7 × ?,,
2,27,Product,intermediate,I,277975,481264,376,432,432,402956000,1345941504,54,0,0.0,0.0,0.0,"C(i_2,μ̃_19683;a_3i_2) * t(i_2;a_3i_2) -> I(μ̃_19683,i_2)","I(μ̃_19683,i_2)","C(i_2,μ̃_19683;a_3i_2)",t(i_2;a_3i_2),"I(μ̃_19683,i_2)","μ̃,i",;,"114,7",114 × 7,6384,0.0676692
2,27,Product,intermediate,I,318373,1843152,432,496,496,402956928,1345941504,62,0,0.0,0.0,0.0,"g(μ̃_19683,i_3,Κ_1) * I(μ̃_19683,i_2) -> I(i_3,i_2,Κ_1)","I(i_3,i_2,Κ_1)","g(μ̃_19683,i_3,Κ_1)","I(μ̃_19683,i_2)","I(i_3,i_2,Κ_1)","i,i,Κ",;;,"7,7,282",7 × 7 × 282,110544,0.0044869
2,27,Tensor,leaf,g,9008,,,1843152,1843152,402956928,1345941504,230394,225036,-13.713518793894858,9.824790694343461,0.192547847698342,"g(μ̃_19684,i_4,Κ_1)","g(μ̃_19684,i_4,Κ_1)",,,,"μ̃,i,Κ",;;,"114,7,282",114 × 7 × 282,1800288,1.02381
2,27,Product,intermediate,I,265199,496,1843152,624,624,402957552,1345941504,78,0,0.0,0.0,0.0,"I(i_3,i_2,Κ_1) * g(μ̃_19684,i_4,Κ_1) -> I(i_4,i_3,μ̃_19684,i_2)","I(i_4,i_3,μ̃_19684,i_2)","I(i_3,i_2,Κ_1)","g(μ̃_19684,i_4,Κ_1)","I(i_4,i_3,μ̃_19684,i_2)","i,i,μ̃,i",;;;,"7,7,114,7",7 × 7 × 114 × 7,312816,0.00199478
2,27,Tensor,leaf,C,8928,,,2207664,2207664,403322064,1345941504,275958,,,,,"C(i_4,i_1,μ̃_19684;a_4i_1i_4)","C(i_4,i_1,μ̃_19684;a_4i_1i_4)",,,,"i,i,μ̃,a",";;;i_1,i_4","7,7,114,",7 × 7 × 114 × ?,,
2,27,Product,intermediate,I,432167,624,2207664,432,432,403322496,1345941504,54,,,,,"I(i_4,i_3,μ̃_19684,i_2) * C(i_4,i_1,μ̃_19684;a_4i_1i_4) -> I(i_1,i_3,i_4,i_2;a_4i_1i_4)","I(i_1,i_3,i_4,i_2;a_4i_1i_4)","I(i_4,i_3,μ̃_19684,i_2)","C(i_4,i_1,μ̃_19684;a_4i_1i_4)","I(i_1,i_3,i_4,i_2;a_4i_1i_4)","i,i,i,i,a",";;;;i_1,i_4","7,7,7,7,",7 × 7 × 7 × 7 × ?,,
2,27,Tensor,leaf,t,2175,,,792440,792440,403322496,1345941504,99055,,,,,"t(i_4,i_1;a_5i_1i_4,a_4i_1i_4)","t(i_4,i_1;a_5i_1i_4,a_4i_1i_4)",,,,"i,i,a,a",";;i_1,i_4;i_1,i_4","7,7,,",7 × 7 × ? × ?,,
2,27,Product,intermediate,I,261587,432,792440,432,432,403322496,1345941504,54,,,,,"I(i_1,i_3,i_4,i_2;a_4i_1i_4) * t(i_4,i_1;a_5i_1i_4,a_4i_1i_4) -> I(i_4,i_3,i_2,i_1;a_5i_1i_4)","I(i_4,i_3,i_2,i_1;a_5i_1i_4)","I(i_1,i_3,i_4,i_2;a_4i_1i_4)","t(i_4,i_1;a_5i_1i_4,a_4i_1i_4)","I(i_4,i_3,i_2,i_1;a_5i_1i_4)","i,i,i,i,a",";;;;i_1,i_4","7,7,7,7,",7 × 7 × 7 × 7 × ?,,
2,27,Product,intermediate,I,411407,432,5489512,400,400,403322496,1345941504,50,,,,,"I(i_4,i_3,i_2,i_1;a_5i_1i_4) * I(i_4,i_2,i_1;a_5i_1i_4,a_1i_1i_2) -> I(i_3,i_2,i_1;a_1i_1i_2)","I(i_3,i_2,i_1;a_1i_1i_2)","I(i_4,i_3,i_2,i_1;a_5i_1i_4)","I(i_4,i_2,i_1;a_5i_1i_4,a_1i_1i_2)","I(i_3,i_2,i_1;a_1i_1i_2)","i,i,i,a",";;;i_1,i_2","7,7,7,",7 × 7 × 7 × ?,,
2,27,Tensor,leaf,s,16275,,,125584,125584,403322496,1345941504,15698,12996,138.52037144982398,140.24275294876296,0.9820999861813626,"s(μ̃_19687,μ̃_19688)","s(μ̃_19687,μ̃_19688)",,,,"μ̃,μ̃",;,"114,114",114 × 114,103968,1.20791
2,27,Product,intermediate,I,198817,125584,432,432,432,403322496,1345941504,54,0,0.0,0.0,0.0,"s(μ̃_19687,μ̃_19688) * I(μ̃_19688,i_3) -> I(μ̃_19687,i_3)","I(μ̃_19687,i_3)","s(μ̃_19687,μ̃_19688)","I(μ̃_19688,i_3)","I(μ̃_19687,i_3)","μ̃,i",;,"114,7",114 × 7,6384,0.0676692
2,27,Tensor,leaf,C,9268,,,2207664,2207664,403322496,1345941504,275958,,,,,"C(i_2,i_1,μ̃_19687;a_2i_1i_2)","C(i_2,i_1,μ̃_19687;a_2i_1i_2)",,,,"i,i,μ̃,a",";;;i_1,i_2","7,7,114,",7 × 7 × 114 × ?,,
2,27,Product,intermediate,I,189071,432,2207664,400,400,403323328,1345941504,50,,,,,"I(μ̃_19687,i_3) * C(i_2,i_1,μ̃_19687;a_2i_1i_2) -> I(i_2,i_1,i_3;a_2i_1i_2)","I(i_2,i_1,i_3;a_2i_1i_2)","I(μ̃_19687,i_3)","C(i_2,i_1,μ̃_19687;a_2i_1i_2)","I(i_2,i_1,i_3;a_2i_1i_2)","i,i,i,a",";;;i_1,i_2","7,7,7,",7 × 7 × 7 × ?,,
2,27,Product,intermediate,I,229727,400,400,384,384,403323328,1345941504,48,,,,,"I(i_3,i_2,i_1;a_1i_1i_2) * I(i_2,i_1,i_3;a_2i_1i_2) -> I(i_1,i_2;a_1i_1i_2,a_2i_1i_2)","I(i_1,i_2;a_1i_1i_2,a_2i_1i_2)","I(i_3,i_2,i_1;a_1i_1i_2)","I(i_2,i_1,i_3;a_2i_1i_2)","I(i_1,i_2;a_1i_1i_2,a_2i_1i_2)","i,i,a,a",";;i_1,i_2;i_1,i_2","7,7,,",7 × 7 × ? × ?,,
2,27,Constant,constant,_const,1184,,,8,8,403323328,1345941504,1,,,,,2,2,,,,,,,scalar,8,1
2,27,Product,residual,R,69037,384,8,384,384,403323328,1345941504,48,,,,,"I(i_1,i_2;a_1i_1i_2,a_2i_1i_2) * 2 -> R(i_1,i_2;a_1i_1i_2,a_2i_1i_2)","R(i_1,i_2;a_1i_1i_2,a_2i_1i_2)","I(i_1,i_2;a_1i_1i_2,a_2i_1i_2)",2,"R(i_1,i_2;a_1i_1i_2,a_2i_1i_2)","i,i,a,a",";;i_1,i_2;i_1,i_2","7,7,,",7 × 7 × ? × ?,,
2,27,Permute,residual,R,61295,,,384,384,403323328,1345941504,48,,,,,"R(i_1,i_2;a_1i_1i_2,a_2i_1i_2)","R(i_1,i_2;a_1i_1i_2,a_2i_1i_2)",,,,"i,i,a,a",";;i_1,i_2;i_1,i_2","7,7,,",7 × 7 × ? × ?,,
2,28,Tensor,leaf,t,1502,,,792440,792440,403323328,1345941504,99055,,,,,"t(i_1,i_4;a_4i_1i_4,a_3i_1i_4)","t(i_1,i_4;a_4i_1i_4,a_3i_1i_4)",,,,"i,i,a,a",";;i_1,i_4;i_1,i_4","7,7,,",7 × 7 × ? × ?,,
2,28,Product,intermediate,I,3034375,957848,792440,957848,957848,403323328,1345941504,119731,,,,,"I(i_1,i_3,i_2,i_4;a_3i_1i_4) * t(i_1,i_4;a_4i_1i_4,a_3i_1i_4) -> I(i_4,i_3,i_2,i_1;a_4i_1i_4)","I(i_4,i_3,i_2,i_1;a_4i_1i_4)","I(i_1,i_3,i_2,i_4;a_3i_1i_4)","t(i_1,i_4;a_4i_1i_4,a_3i_1i_4)","I(i_4,i_3,i_2,i_1;a_4i_1i_4)","i,i,i,i,a",";;;;i_1,i_4","7,7,7,7,",7 × 7 × 7 × 7 × ?,,
2,28,Product,intermediate,I,2919990,957848,5489512,139048,139048,403323328,1345941504,17381,,,,,"I(i_4,i_3,i_2,i_1;a_4i_1i_4) * I(i_2,i_4,i_1;a_1i_1i_2,a_4i_1i_4) -> I(i_3,i_2,i_1;a_1i_1i_2)","I(i_3,i_2,i_1;a_1i_1i_2)","I(i_4,i_3,i_2,i_1;a_4i_1i_4)","I(i_2,i_4,i_1;a_1i_1i_2,a_4i_1i_4)","I(i_3,i_2,i_1;a_1i_1i_2)","i,i,i,a",";;;i_1,i_2","7,7,7,",7 × 7 × 7 × ?,,
2,28,Product,intermediate,I,404661,139048,400,384,384,403323328,1345941504,48,,,,,"I(i_3,i_2,i_1;a_1i_1i_2) * I(i_2,i_1,i_3;a_2i_1i_2) -> I(i_2,i_1;a_2i_1i_2,a_1i_1i_2)","I(i_2,i_1;a_2i_1i_2,a_1i_1i_2)","I(i_3,i_2,i_1;a_1i_1i_2)","I(i_2,i_1,i_3;a_2i_1i_2)","I(i_2,i_1;a_2i_1i_2,a_1i_1i_2)","i,i,a,a",";;i_1,i_2;i_1,i_2","7,7,,",7 × 7 × ? × ?,,
2,28,Constant,constant,_const,2242,,,8,8,403323328,1345941504,1,,,,,-4,-4,,,,,,,scalar,8,1
2,28,Product,residual,R,118585,384,8,384,384,403323328,1345941504,48,,,,,"I(i_2,i_1;a_2i_1i_2,a_1i_1i_2) * -4 -> R(i_2,i_1;a_2i_1i_2,a_1i_1i_2)","R(i_2,i_1;a_2i_1i_2,a_1i_1i_2)","I(i_2,i_1;a_2i_1i_2,a_1i_1i_2)",-4,"R(i_2,i_1;a_2i_1i_2,a_1i_1i_2)","i,i,a,a",";;i_1,i_2;i_1,i_2","7,7,,",7 × 7 × ? × ?,,
2,28,Permute,residual,R,78733,,,384,384,403323328,1345941504,48,,,,,"R(i_2,i_1;a_2i_1i_2,a_1i_1i_2)","R(i_2,i_1;a_2i_1i_2,a_1i_1i_2)",,,,"i,i,a,a",";;i_1,i_2;i_1,i_2","7,7,,",7 × 7 × ? × ?,,
2,29,Tensor,leaf,t,2337,,,792440,792440,403323328,1345941504,99055,,,,,"t(i_4,i_1;a_4i_1i_4,a_3i_1i_4)","t(i_4,i_1;a_4i_1i_4,a_3i_1i_4)",,,,"i,i,a,a",";;i_1,i_4;i_1,i_4","7,7,,",7 × 7 × ? × ?,,
2,29,Product,intermediate,I,1983459,957848,792440,957848,957848,403323328,1345941504,119731,,,,,"I(i_1,i_3,i_2,i_4;a_3i_1i_4) * t(i_4,i_1;a_4i_1i_4,a_3i_1i_4) -> I(i_4,i_3,i_2,i_1;a_4i_1i_4)","I(i_4,i_3,i_2,i_1;a_4i_1i_4)","I(i_1,i_3,i_2,i_4;a_3i_1i_4)","t(i_4,i_1;a_4i_1i_4,a_3i_1i_4)","I(i_4,i_3,i_2,i_1;a_4i_1i_4)","i,i,i,i,a",";;;;i_1,i_4","7,7,7,7,",7 × 7 × 7 × 7 × ?,,
2,29,Product,intermediate,I,2670434,957848,5489512,139048,139048,403323328,1345941504,17381,,,,,"I(i_4,i_3,i_2,i_1;a_4i_1i_4) * I(i_2,i_4,i_1;a_1i_1i_2,a_4i_1i_4) -> I(i_3,i_2,i_1;a_1i_1i_2)","I(i_3,i_2,i_1;a_1i_1i_2)","I(i_4,i_3,i_2,i_1;a_4i_1i_4)","I(i_2,i_4,i_1;a_1i_1i_2,a_4i_1i_4)","I(i_3,i_2,i_1;a_1i_1i_2)","i,i,i,a",";;;i_1,i_2","7,7,7,",7 × 7 × 7 × ?,,
2,29,Product,intermediate,I,332796,139048,400,384,384,403323328,1345941504,48,,,,,"I(i_3,i_2,i_1;a_1i_1i_2) * I(i_2,i_1,i_3;a_2i_1i_2) -> I(i_2,i_1;a_1i_1i_2,a_2i_1i_2)","I(i_2,i_1;a_1i_1i_2,a_2i_1i_2)","I(i_3,i_2,i_1;a_1i_1i_2)","I(i_2,i_1,i_3;a_2i_1i_2)","I(i_2,i_1;a_1i_1i_2,a_2i_1i_2)","i,i,a,a",";;i_1,i_2;i_1,i_2","7,7,,",7 × 7 × ? × ?,,
2,29,Constant,constant,_const,1433,,,8,8,403323328,1345941504,1,,,,,2,2,,,,,,,scalar,8,1
2,29,Product,residual,R,76538,384,8,384,384,403323328,1345941504,48,,,,,"I(i_2,i_1;a_1i_1i_2,a_2i_1i_2) * 2 -> R(i_2,i_1;a_1i_1i_2,a_2i_1i_2)","R(i_2,i_1;a_1i_1i_2,a_2i_1i_2)","I(i_2,i_1;a_1i_1i_2,a_2i_1i_2)",2,"R(i_2,i_1;a_1i_1i_2,a_2i_1i_2)","i,i,a,a",";;i_1,i_2;i_1,i_2","7,7,,",7 × 7 × ? × ?,,
2,29,Permute,residual,R,69172,,,384,384,403323328,1345941504,48,,,,,"R(i_2,i_1;a_1i_1i_2,a_2i_1i_2)","R(i_2,i_1;a_1i_1i_2,a_2i_1i_2)",,,,"i,i,a,a",";;i_1,i_2;i_1,i_2","7,7,,",7 × 7 × ? × ?,,
2,30,Tensor,leaf,t,1935,,,792440,792440,403323328,1345941504,99055,,,,,"t(i_1,i_3;a_4i_1i_3,a_3i_1i_3)","t(i_1,i_3;a_4i_1i_3,a_3i_1i_3)",,,,"i,i,a,a",";;i_1,i_3;i_1,i_3","7,7,,",7 × 7 × ? × ?,,
2,30,Product,intermediate,I,2990872,957848,792440,957848,957848,403323328,1345941504,119731,,,,,"I(i_1,i_4,i_2,i_3;a_3i_1i_3) * t(i_1,i_3;a_4i_1i_3,a_3i_1i_3) -> I(i_3,i_4,i_2,i_1;a_4i_1i_3)","I(i_3,i_4,i_2,i_1;a_4i_1i_3)","I(i_1,i_4,i_2,i_3;a_3i_1i_3)","t(i_1,i_3;a_4i_1i_3,a_3i_1i_3)","I(i_3,i_4,i_2,i_1;a_4i_1i_3)","i,i,i,i,a",";;;;i_1,i_3","7,7,7,7,",7 × 7 × 7 × 7 × ?,,
2,30,Product,intermediate,I,2844319,957848,5489512,139048,139048,403323328,1345941504,17381,,,,,"I(i_3,i_4,i_2,i_1;a_4i_1i_3) * I(i_2,i_3,i_1;a_1i_1i_2,a_4i_1i_3) -> I(i_4,i_2,i_1;a_1i_1i_2)","I(i_4,i_2,i_1;a_1i_1i_2)","I(i_3,i_4,i_2,i_1;a_4i_1i_3)","I(i_2,i_3,i_1;a_1i_1i_2,a_4i_1i_3)","I(i_4,i_2,i_1;a_1i_1i_2)","i,i,i,a",";;;i_1,i_2","7,7,7,",7 × 7 × 7 × ?,,
2,30,Product,intermediate,I,430926,139048,400,384,384,403323328,1345941504,48,,,,,"I(i_4,i_2,i_1;a_1i_1i_2) * I(i_2,i_1,i_4;a_2i_1i_2) -> I(i_2,i_1;a_2i_1i_2,a_1i_1i_2)","I(i_2,i_1;a_2i_1i_2,a_1i_1i_2)","I(i_4,i_2,i_1;a_1i_1i_2)","I(i_2,i_1,i_4;a_2i_1i_2)","I(i_2,i_1;a_2i_1i_2,a_1i_1i_2)","i,i,a,a",";;i_1,i_2;i_1,i_2","7,7,,",7 × 7 × ? × ?,,
2,30,Constant,constant,_const,2159,,,8,8,403323328,1345941504,1,,,,,2,2,,,,,,,scalar,8,1
2,30,Product,residual,R,70917,384,8,384,384,403323328,1345941504,48,,,,,"I(i_2,i_1;a_2i_1i_2,a_1i_1i_2) * 2 -> R(i_2,i_1;a_2i_1i_2,a_1i_1i_2)","R(i_2,i_1;a_2i_1i_2,a_1i_1i_2)","I(i_2,i_1;a_2i_1i_2,a_1i_1i_2)",2,"R(i_2,i_1;a_2i_1i_2,a_1i_1i_2)","i,i,a,a",";;i_1,i_2;i_1,i_2","7,7,,",7 × 7 × ? × ?,,
2,30,Permute,residual,R,66321,,,384,384,403323328,1345941504,48,,,,,"R(i_2,i_1;a_2i_1i_2,a_1i_1i_2)","R(i_2,i_1;a_2i_1i_2,a_1i_1i_2)",,,,"i,i,a,a",";;i_1,i_2;i_1,i_2","7,7,,",7 × 7 × ? × ?,,
2,31,Tensor,leaf,t,2074,,,792440,792440,403323328,1345941504,99055,,,,,"t(i_3,i_1;a_4i_1i_3,a_3i_1i_3)","t(i_3,i_1;a_4i_1i_3,a_3i_1i_3)",,,,"i,i,a,a",";;i_1,i_3;i_1,i_3","7,7,,",7 × 7 × ? × ?,,
2,31,Product,intermediate,I,3147376,957848,792440,957848,957848,403323328,1345941504,119731,,,,,"I(i_1,i_4,i_2,i_3;a_3i_1i_3) * t(i_3,i_1;a_4i_1i_3,a_3i_1i_3) -> I(i_3,i_4,i_2,i_1;a_4i_1i_3)","I(i_3,i_4,i_2,i_1;a_4i_1i_3)","I(i_1,i_4,i_2,i_3;a_3i_1i_3)","t(i_3,i_1;a_4i_1i_3,a_3i_1i_3)","I(i_3,i_4,i_2,i_1;a_4i_1i_3)","i,i,i,i,a",";;;;i_1,i_3","7,7,7,7,",7 × 7 × 7 × 7 × ?,,
2,31,Product,intermediate,I,2633050,957848,5489512,139048,139048,403323328,1345941504,17381,,,,,"I(i_3,i_4,i_2,i_1;a_4i_1i_3) * I(i_3,i_2,i_1;a_4i_1i_3,a_2i_1i_2) -> I(i_4,i_2,i_1;a_2i_1i_2)","I(i_4,i_2,i_1;a_2i_1i_2)","I(i_3,i_4,i_2,i_1;a_4i_1i_3)","I(i_3,i_2,i_1;a_4i_1i_3,a_2i_1i_2)","I(i_4,i_2,i_1;a_2i_1i_2)","i,i,i,a",";;;i_1,i_2","7,7,7,",7 × 7 × 7 × ?,,
2,31,Product,intermediate,I,330653,139048,400,384,384,403323328,1345941504,48,,,,,"I(i_4,i_2,i_1;a_2i_1i_2) * I(i_2,i_1,i_4;a_1i_1i_2) -> I(i_2,i_1;a_2i_1i_2,a_1i_1i_2)","I(i_2,i_1;a_2i_1i_2,a_1i_1i_2)","I(i_4,i_2,i_1;a_2i_1i_2)","I(i_2,i_1,i_4;a_1i_1i_2)","I(i_2,i_1;a_2i_1i_2,a_1i_1i_2)","i,i,a,a",";;i_1,i_2;i_1,i_2","7,7,,",7 × 7 × ? × ?,,
2,31,Constant,constant,_const,1562,,,8,8,403323328,1345941504,1,,,,,2,2,,,,,,,scalar,8,1
2,31,Product,residual,R,110883,384,8,384,384,403323328,1345941504,48,,,,,"I(i_2,i_1;a_2i_1i_2,a_1i_1i_2) * 2 -> R(i_2,i_1;a_2i_1i_2,a_1i_1i_2)","R(i_2,i_1;a_2i_1i_2,a_1i_1i_2)","I(i_2,i_1;a_2i_1i_2,a_1i_1i_2)",2,"R(i_2,i_1;a_2i_1i_2,a_1i_1i_2)","i,i,a,a",";;i_1,i_2;i_1,i_2","7,7,,",7 × 7 × ? × ?,,
2,31,Permute,residual,R,82142,,,384,384,403323328,1345941504,48,,,,,"R(i_2,i_1;a_2i_1i_2,a_1i_1i_2)","R(i_2,i_1;a_2i_1i_2,a_1i_1i_2)",,,,"i,i,a,a",";;i_1,i_2;i_1,i_2","7,7,,",7 × 7 × ? × ?,,
2,32,Product,intermediate,I,228016,334432,432,432,432,403323328,1345941504,54,0,0.0,0.0,0.0,"I(i_3,i_2,i_4,μ̃_19711) * I(μ̃_19711,i_1) -> I(i_3,i_2,i_4,i_1)","I(i_3,i_2,i_4,i_1)","I(i_3,i_2,i_4,μ̃_19711)","I(μ̃_19711,i_1)","I(i_3,i_2,i_4,i_1)","i,i,i,i",;;;,"7,7,7,7",7 × 7 × 7 × 7,19208,0.0224906
2,32,Product,intermediate,I,333815,432,400,400,400,403323328,1345941504,50,,,,,"I(i_3,i_2,i_4,i_1) * I(i_2,i_1,i_4;a_1i_1i_2) -> I(i_3,i_2,i_1;a_1i_1i_2)","I(i_3,i_2,i_1;a_1i_1i_2)","I(i_3,i_2,i_4,i_1)","I(i_2,i_1,i_4;a_1i_1i_2)","I(i_3,i_2,i_1;a_1i_1i_2)","i,i,i,a",";;;i_1,i_2","7,7,7,",7 × 7 × 7 × ?,,
2,32,Product,intermediate,I,313232,400,400,384,384,403323328,1345941504,48,,,,,"I(i_3,i_2,i_1;a_1i_1i_2) * I(i_2,i_1,i_3;a_2i_1i_2) -> I(i_2,i_1;a_2i_1i_2,a_1i_1i_2)","I(i_2,i_1;a_2i_1i_2,a_1i_1i_2)","I(i_3,i_2,i_1;a_1i_1i_2)","I(i_2,i_1,i_3;a_2i_1i_2)","I(i_2,i_1;a_2i_1i_2,a_1i_1i_2)","i,i,a,a",";;i_1,i_2;i_1,i_2","7,7,,",7 × 7 × ? × ?,,
2,32,Constant,constant,_const,1332,,,8,8,403323328,1345941504,1,,,,,2,2,,,,,,,scalar,8,1
2,32,Product,residual,R,72228,384,8,384,384,403323328,1345941504,48,,,,,"I(i_2,i_1;a_2i_1i_2,a_1i_1i_2) * 2 -> R(i_2,i_1;a_2i_1i_2,a_1i_1i_2)","R(i_2,i_1;a_2i_1i_2,a_1i_1i_2)","I(i_2,i_1;a_2i_1i_2,a_1i_1i_2)",2,"R(i_2,i_1;a_2i_1i_2,a_1i_1i_2)","i,i,a,a",";;i_1,i_2;i_1,i_2","7,7,,",7 × 7 × ? × ?,,
2,32,Permute,residual,R,69532,,,384,384,403323328,1345941504,48,,,,,"R(i_2,i_1;a_2i_1i_2,a_1i_1i_2)","R(i_2,i_1;a_2i_1i_2,a_1i_1i_2)",,,,"i,i,a,a",";;i_1,i_2;i_1,i_2","7,7,,",7 × 7 × ? × ?,,
2,33,Tensor,leaf,C,14271,,,2207664,2207664,403323328,1345941504,275958,,,,,"C(i_4,i_3,μ̃_19902;a_5i_3i_4)","C(i_4,i_3,μ̃_19902;a_5i_3i_4)",,,,"i,i,μ̃,a",";;;i_3,i_4","7,7,114,",7 × 7 × 114 × ?,,
2,33,Tensor,leaf,t,1494,,,792440,792440,403323328,1345941504,99055,,,,,"t(i_4,i_3;a_5i_3i_4,a_4i_3i_4)","t(i_4,i_3;a_5i_3i_4,a_4i_3i_4)",,,,"i,i,a,a",";;i_3,i_4;i_3,i_4","7,7,,",7 × 7 × ? × ?,,
2,33,Product,intermediate,I,3818697,2207664,792440,2207664,2207664,406323000,1345941504,275958,,,,,"C(i_4,i_3,μ̃_19902;a_5i_3i_4) * t(i_4,i_3;a_5i_3i_4,a_4i_3i_4) -> I(μ̃_19902,i_4,i_3;a_4i_3i_4)","I(μ̃_19902,i_4,i_3;a_4i_3i_4)","C(i_4,i_3,μ̃_19902;a_5i_3i_4)","t(i_4,i_3;a_5i_3i_4,a_4i_3i_4)","I(μ̃_19902,i_4,i_3;a_4i_3i_4)","μ̃,i,i,a",";;;i_3,i_4","114,7,7,",114 × 7 × 7 × ?,,
2,33,Tensor,leaf,C,19378,,,2207664,2207664,406323000,1345941504,275958,,,,,"C(i_4,i_3,μ̃_19903;a_4i_3i_4)","C(i_4,i_3,μ̃_19903;a_4i_3i_4)",,,,"i,i,μ̃,a",";;;i_3,i_4","7,7,114,",7 × 7 × 114 × ?,,
2,33,Product,intermediate,I,217538605,2207664,2207664,5179792,5179792,410710352,1345941504,647474,624978,-59211.743744764,45830112.90553997,682.6461360934676,"I(μ̃_19902,i_4,i_3;a_4i_3i_4) * C(i_4,i_3,μ̃_19903;a_4i_3i_4) -> I(μ̃_19903,μ̃_19902,i_3,i_4)","I(μ̃_19903,μ̃_19902,i_3,i_4)","I(μ̃_19902,i_4,i_3;a_4i_3i_4)","C(i_4,i_3,μ̃_19903;a_4i_3i_4)","I(μ̃_19903,μ̃_19902,i_3,i_4)","μ̃,μ̃,i,i",;;;,"114,114,7,7",114 × 114 × 7 × 7,5094432,1.01676
2,33,Product,intermediate,I,381571,432,5179792,1392,1392,410710352,1345941504,174,0,0.0,0.0,0.0,"I(i_3,i_1,i_4,i_2) * I(μ̃_19903,μ̃_19902,i_3,i_4) -> I(i_1,μ̃_19902,μ̃_19903,i_2)","I(i_1,μ̃_19902,μ̃_19903,i_2)","I(i_3,i_1,i_4,i_2)","I(μ̃_19903,μ̃_19902,i_3,i_4)","I(i_1,μ̃_19902,μ̃_19903,i_2)","i,μ̃,μ̃,i",;;;,"7,114,114,7",7 × 114 × 114 × 7,5094432,0.000273239
2,33,Product,intermediate,I,582966,1392,2226240,496,496,410710352,1345941504,62,,,,,"I(i_1,μ̃_19902,μ̃_19903,i_2) * I(i_2,i_1,μ̃_19902;a_2i_1i_2) -> I(i_1,μ̃_19903,i_2;a_2i_1i_2)","I(i_1,μ̃_19903,i_2;a_2i_1i_2)","I(i_1,μ̃_19902,μ̃_19903,i_2)","I(i_2,i_1,μ̃_19902;a_2i_1i_2)","I(i_1,μ̃_19903,i_2;a_2i_1i_2)","i,μ̃,i,a",";;;i_1,i_2","7,114,7,",7 × 114 × 7 × ?,,
2,33,Product,intermediate,I,427230,496,2226240,384,384,410710352,1345941504,48,,,,,"I(i_1,μ̃_19903,i_2;a_2i_1i_2) * I(i_2,i_1,μ̃_19903;a_1i_1i_2) -> I(i_1,i_2;a_2i_1i_2,a_1i_1i_2)","I(i_1,i_2;a_2i_1i_2,a_1i_1i_2)","I(i_1,μ̃_19903,i_2;a_2i_1i_2)","I(i_2,i_1,μ̃_19903;a_1i_1i_2)","I(i_1,i_2;a_2i_1i_2,a_1i_1i_2)","i,i,a,a",";;i_1,i_2;i_1,i_2","7,7,,",7 × 7 × ? × ?,,
2,33,Constant,constant,_const,1819,,,8,8,410710352,1345941504,1,,,,,2,2,,,,,,,scalar,8,1
2,33,Product,residual,R,70540,384,8,384,384,410710352,1345941504,48,,,,,"I(i_1,i_2;a_2i_1i_2,a_1i_1i_2) * 2 -> R(i_1,i_2;a_2i_1i_2,a_1i_1i_2)","R(i_1,i_2;a_2i_1i_2,a_1i_1i_2)","I(i_1,i_2;a_2i_1i_2,a_1i_1i_2)",2,"R(i_1,i_2;a_2i_1i_2,a_1i_1i_2)","i,i,a,a",";;i_1,i_2;i_1,i_2","7,7,,",7 × 7 × ? × ?,,
2,33,Permute,residual,R,69736,,,384,384,410710352,1345941504,48,,,,,"R(i_1,i_2;a_2i_1i_2,a_1i_1i_2)","R(i_1,i_2;a_2i_1i_2,a_1i_1i_2)",,,,"i,i,a,a",";;i_1,i_2;i_1,i_2","7,7,,",7 × 7 × ? × ?,,
2,34,Product,intermediate,I,277707,334432,432,384,384,410710352,1345941504,48,0,0.0,0.0,0.0,"I(i_3,i_2,i_4,μ̃_19767) * I(μ̃_19767,i_3) -> I(i_4,i_2)","I(i_4,i_2)","I(i_3,i_2,i_4,μ̃_19767)","I(μ̃_19767,i_3)","I(i_4,i_2)","i,i",;,"7,7",7 × 7,392,0.979592
2,34,Product,intermediate,I,285283,384,5489512,400,400,410710352,1345941504,50,,,,,"I(i_4,i_2) * I(i_2,i_4,i_1;a_1i_1i_2,a_4i_1i_4) -> I(i_1,i_2,i_4;a_1i_1i_2,a_4i_1i_4)","I(i_1,i_2,i_4;a_1i_1i_2,a_4i_1i_4)","I(i_4,i_2)","I(i_2,i_4,i_1;a_1i_1i_2,a_4i_1i_4)","I(i_1,i_2,i_4;a_1i_1i_2,a_4i_1i_4)","i,i,i,a,a",";;;i_1,i_2;i_1,i_4","7,7,7,,",7 × 7 × 7 × ? × ?,,
2,34,Tensor,leaf,t,2258,,,792440,792440,410710352,1345941504,99055,,,,,"t(i_4,i_1;a_5i_1i_4,a_4i_1i_4)","t(i_4,i_1;a_5i_1i_4,a_4i_1i_4)",,,,"i,i,a,a",";;i_1,i_4;i_1,i_4","7,7,,",7 × 7 × ? × ?,,
2,34,Product,intermediate,I,16759693,5489512,792440,5489512,5489512,414784640,1345941504,686189,,,,,"I(i_4,i_2,i_1;a_5i_1i_4,a_2i_1i_2) * t(i_4,i_1;a_5i_1i_4,a_4i_1i_4) -> I(i_2,i_4,i_1;a_2i_1i_2,a_4i_1i_4)","I(i_2,i_4,i_1;a_2i_1i_2,a_4i_1i_4)","I(i_4,i_2,i_1;a_5i_1i_4,a_2i_1i_2)","t(i_4,i_1;a_5i_1i_4,a_4i_1i_4)","I(i_2,i_4,i_1;a_2i_1i_2,a_4i_1i_4)","i,i,i,a,a",";;;i_1,i_2;i_1,i_4","7,7,7,,",7 × 7 × 7 × ? × ?,,
2,34,Product,intermediate,I,481059,400,5489512,384,384,414784640,1345941504,48,,,,,"I(i_1,i_2,i_4;a_1i_1i_2,a_4i_1i_4) * I(i_2,i_4,i_1;a_2i_1i_2,a_4i_1i_4) -> I(i_2,i_1;a_2i_1i_2,a_1i_1i_2)","I(i_2,i_1;a_2i_1i_2,a_1i_1i_2)","I(i_1,i_2,i_4;a_1i_1i_2,a_4i_1i_4)","I(i_2,i_4,i_1;a_2i_1i_2,a_4i_1i_4)","I(i_2,i_1;a_2i_1i_2,a_1i_1i_2)","i,i,a,a",";;i_1,i_2;i_1,i_2","7,7,,",7 × 7 × ? × ?,,
2,34,Constant,constant,_const,2119,,,8,8,414784640,1345941504,1,,,,,2,2,,,,,,,scalar,8,1
2,34,Product,residual,R,59687,384,8,384,384,414784640,1345941504,48,,,,,"I(i_2,i_1;a_2i_1i_2,a_1i_1i_2) * 2 -> R(i_2,i_1;a_2i_1i_2,a_1i_1i_2)","R(i_2,i_1;a_2i_1i_2,a_1i_1i_2)","I(i_2,i_1;a_2i_1i_2,a_1i_1i_2)",2,"R(i_2,i_1;a_2i_1i_2,a_1i_1i_2)","i,i,a,a",";;i_1,i_2;i_1,i_2","7,7,,",7 × 7 × ? × ?,,
2,34,Permute,residual,R,68702,,,384,384,414784640,1345941504,48,,,,,"R(i_2,i_1;a_2i_1i_2,a_1i_1i_2)","R(i_2,i_1;a_2i_1i_2,a_1i_1i_2)",,,,"i,i,a,a",";;i_1,i_2;i_1,i_2","7,7,,",7 × 7 × ? × ?,,
2,35,Product,intermediate,I,269397,139048,400,384,384,414784640,1345941504,48,,,,,"I(i_3,i_2,i_1;a_2i_1i_2) * I(i_2,i_1,i_3;a_1i_1i_2) -> I(i_2,i_1;a_2i_1i_2,a_1i_1i_2)","I(i_2,i_1;a_2i_1i_2,a_1i_1i_2)","I(i_3,i_2,i_1;a_2i_1i_2)","I(i_2,i_1,i_3;a_1i_1i_2)","I(i_2,i_1;a_2i_1i_2,a_1i_1i_2)","i,i,a,a",";;i_1,i_2;i_1,i_2","7,7,,",7 × 7 × ? × ?,,
2,35,Constant,constant,_const,1158,,,8,8,414784640,1345941504,1,,,,,-2,-2,,,,,,,scalar,8,1
2,35,Product,residual,R,67609,384,8,384,384,414784640,1345941504,48,,,,,"I(i_2,i_1;a_2i_1i_2,a_1i_1i_2) * -2 -> R(i_2,i_1;a_2i_1i_2,a_1i_1i_2)","R(i_2,i_1;a_2i_1i_2,a_1i_1i_2)","I(i_2,i_1;a_2i_1i_2,a_1i_1i_2)",-2,"R(i_2,i_1;a_2i_1i_2,a_1i_1i_2)","i,i,a,a",";;i_1,i_2;i_1,i_2","7,7,,",7 × 7 × ? × ?,,
2,35,Permute,residual,R,63084,,,384,384,414784640,1345941504,48,,,,,"R(i_2,i_1;a_2i_1i_2,a_1i_1i_2)","R(i_2,i_1;a_2i_1i_2,a_1i_1i_2)",,,,"i,i,a,a",";;i_1,i_2;i_1,i_2","7,7,,",7 × 7 × ? × ?,,
2,36,Product,intermediate,I,49307295,5179792,5179792,24888,24888,414784640,1345941504,3111,2401,-0.4034115091377512,0.005206510842177461,0.025456986537300257,"I(i_4,i_3,μ̃_19701,μ̃_19700) * I(μ̃_19701,μ̃_19700,i_2,i_1) -> I(i_4,i_3,i_2,i_1)","I(i_4,i_3,i_2,i_1)","I(i_4,i_3,μ̃_19701,μ̃_19700)","I(μ̃_19701,μ̃_19700,i_2,i_1)","I(i_4,i_3,i_2,i_1)","i,i,i,i",;;;,"7,7,7,7",7 × 7 × 7 × 7,19208,1.29571
2,36,Product,intermediate,I,12267477,24888,5179792,5179792,5179792,419196880,1345941504,647474,636804,1152.7192351296565,26462.728795178216,19.211996898127275,"I(i_4,i_3,i_2,i_1) * I(μ̃_19704,μ̃_19702,i_4,i_3) -> I(μ̃_19704,μ̃_19702,i_2,i_1)","I(μ̃_19704,μ̃_19702,i_2,i_1)","I(i_4,i_3,i_2,i_1)","I(μ̃_19704,μ̃_19702,i_4,i_3)","I(μ̃_19704,μ̃_19702,i_2,i_1)","μ̃,μ̃,i,i",;;;,"114,114,7,7",114 × 114 × 7 × 7,5094432,1.01676
2,36,Product,intermediate,I,13339618,5179792,2226240,2226240,2226240,421423120,1345941504,278280,,,,,"I(μ̃_19704,μ̃_19702,i_2,i_1) * I(i_2,i_1,μ̃_19702;a_1i_1i_2) -> I(μ̃_19704,i_2,i_1;a_1i_1i_2)","I(μ̃_19704,i_2,i_1;a_1i_1i_2)","I(μ̃_19704,μ̃_19702,i_2,i_1)","I(i_2,i_1,μ̃_19702;a_1i_1i_2)","I(μ̃_19704,i_2,i_1;a_1i_1i_2)","μ̃,i,i,a",";;;i_1,i_2","114,7,7,",114 × 7 × 7 × ?,,
2,36,Product,residual,R,4623226,2226240,2226240,792440,792440,421423120,1345941504,99055,,,,,"I(μ̃_19704,i_2,i_1;a_1i_1i_2) * I(i_2,i_1,μ̃_19704;a_2i_1i_2) -> R(i_2,i_1;a_2i_1i_2,a_1i_1i_2)","R(i_2,i_1;a_2i_1i_2,a_1i_1i_2)","I(μ̃_19704,i_2,i_1;a_1i_1i_2)","I(i_2,i_1,μ̃_19704;a_2i_1i_2)","R(i_2,i_1;a_2i_1i_2,a_1i_1i_2)","i,i,a,a",";;i_1,i_2;i_1,i_2","7,7,,",7 × 7 × ? × ?,,
2,36,Permute,residual,R,603680,,,792440,792440,421423120,1345941504,99055,,,,,"R(i_2,i_1;a_2i_1i_2,a_1i_1i_2)","R(i_2,i_1;a_2i_1i_2,a_1i_1i_2)",,,,"i,i,a,a",";;i_1,i_2;i_1,i_2","7,7,,",7 × 7 × ? × ?,,
2,37,Product,intermediate,I,6413724,496,496,432,432,421423120,1345941504,54,0,0.0,0.0,0.0,"I(i_3,i_1,Κ_1) * I(i_4,i_2,Κ_1) -> I(i_4,i_3,i_2,i_1)","I(i_4,i_3,i_2,i_1)","I(i_3,i_1,Κ_1)","I(i_4,i_2,Κ_1)","I(i_4,i_3,i_2,i_1)","i,i,i,i",;;;,"7,7,7,7",7 × 7 × 7 × 7,19208,0.0224906
2,37,Product,intermediate,I,297020,432,5179792,1392,1392,421423120,1345941504,174,0,0.0,0.0,0.0,"I(i_4,i_3,i_2,i_1) * I(μ̃_19734,μ̃_19732,i_4,i_3) -> I(μ̃_19734,μ̃_19732,i_2,i_1)","I(μ̃_19734,μ̃_19732,i_2,i_1)","I(i_4,i_3,i_2,i_1)","I(μ̃_19734,μ̃_19732,i_4,i_3)","I(μ̃_19734,μ̃_19732,i_2,i_1)","μ̃,μ̃,i,i",;;;,"114,114,7,7",114 × 114 × 7 × 7,5094432,0.000273239
2,37,Product,intermediate,I,472103,1392,2226240,496,496,421423120,1345941504,62,,,,,"I(μ̃_19734,μ̃_19732,i_2,i_1) * I(i_2,i_1,μ̃_19732;a_1i_1i_2) -> I(μ̃_19734,i_1,i_2;a_1i_1i_2)","I(μ̃_19734,i_1,i_2;a_1i_1i_2)","I(μ̃_19734,μ̃_19732,i_2,i_1)","I(i_2,i_1,μ̃_19732;a_1i_1i_2)","I(μ̃_19734,i_1,i_2;a_1i_1i_2)","μ̃,i,i,a",";;;i_1,i_2","114,7,7,",114 × 7 × 7 × ?,,
2,37,Product,residual,R,416703,496,2226240,384,384,421423120,1345941504,48,,,,,"I(μ̃_19734,i_1,i_2;a_1i_1i_2) * I(i_2,i_1,μ̃_19734;a_2i_1i_2) -> R(i_2,i_1;a_2i_1i_2,a_1i_1i_2)","R(i_2,i_1;a_2i_1i_2,a_1i_1i_2)","I(μ̃_19734,i_1,i_2;a_1i_1i_2)","I(i_2,i_1,μ̃_19734;a_2i_1i_2)","R(i_2,i_1;a_2i_1i_2,a_1i_1i_2)","i,i,a,a",";;i_1,i_2;i_1,i_2","7,7,,",7 × 7 × ? × ?,,
2,37,Permute,residual,R,92395,,,384,384,421423120,1345941504,48,,,,,"R(i_2,i_1;a_2i_1i_2,a_1i_1i_2)","R(i_2,i_1;a_2i_1i_2,a_1i_1i_2)",,,,"i,i,a,a",";;i_1,i_2;i_1,i_2","7,7,,",7 × 7 × ? × ?,,
2,38,Product,intermediate,I,313888,432,400,400,400,421423120,1345941504,50,,,,,"I(i_4,i_3,i_2,i_1) * I(i_2,i_1,i_3;a_1i_1i_2) -> I(i_4,i_1,i_2;a_1i_1i_2)","I(i_4,i_1,i_2;a_1i_1i_2)","I(i_4,i_3,i_2,i_1)","I(i_2,i_1,i_3;a_1i_1i_2)","I(i_4,i_1,i_2;a_1i_1i_2)","i,i,i,a",";;;i_1,i_2","7,7,7,",7 × 7 × 7 × ?,,
2,38,Product,residual,R,346199,400,400,384,384,421423120,1345941504,48,,,,,"I(i_4,i_1,i_2;a_1i_1i_2) * I(i_2,i_1,i_4;a_2i_1i_2) -> R(i_2,i_1;a_2i_1i_2,a_1i_1i_2)","R(i_2,i_1;a_2i_1i_2,a_1i_1i_2)","I(i_4,i_1,i_2;a_1i_1i_2)","I(i_2,i_1,i_4;a_2i_1i_2)","R(i_2,i_1;a_2i_1i_2,a_1i_1i_2)","i,i,a,a",";;i_1,i_2;i_1,i_2","7,7,,",7 × 7 × ? × ?,,
2,38,Permute,residual,R,105744,,,384,384,421423120,1345941504,48,,,,,"R(i_2,i_1;a_2i_1i_2,a_1i_1i_2)","R(i_2,i_1;a_2i_1i_2,a_1i_1i_2)",,,,"i,i,a,a",";;i_1,i_2;i_1,i_2","7,7,,",7 × 7 × ? × ?,,
2,39,Product,intermediate,I,108589297,83306800,5179792,334432,334432,421423120,1345941504,41804,39102,-0.10198417186162312,0.0041688011151493915,0.005800905353009018,"I(i_3,μ̃_19737,μ̃_19736,μ̃_19735) * I(μ̃_19736,μ̃_19735,i_1,i_2) -> I(i_3,μ̃_19737,i_1,i_2)","I(i_3,μ̃_19737,i_1,i_2)","I(i_3,μ̃_19737,μ̃_19736,μ̃_19735)","I(μ̃_19736,μ̃_19735,i_1,i_2)","I(i_3,μ̃_19737,i_1,i_2)","i,μ̃,i,i",;;;,"7,114,7,7",7 × 114 × 7 × 7,312816,1.0691
2,39,Tensor,leaf,C,17897,,,2207664,2207664,421423120,1345941504,275958,,,,,"C(i_2,i_1,μ̃_19737;a_1i_1i_2)","C(i_2,i_1,μ̃_19737;a_1i_1i_2)",,,,"i,i,μ̃,a",";;;i_1,i_2","7,7,114,",7 × 7 × 114 × ?,,
2,39,Product,intermediate,I,2695361,334432,2207664,139048,139048,421423120,1345941504,17381,,,,,"I(i_3,μ̃_19737,i_1,i_2) * C(i_2,i_1,μ̃_19737;a_1i_1i_2) -> I(i_3,i_1,i_2;a_1i_1i_2)","I(i_3,i_1,i_2;a_1i_1i_2)","I(i_3,μ̃_19737,i_1,i_2)","C(i_2,i_1,μ̃_19737;a_1i_1i_2)","I(i_3,i_1,i_2;a_1i_1i_2)","i,i,i,a",";;;i_1,i_2","7,7,7,",7 × 7 × 7 × ?,,
2,39,Product,intermediate,I,360970,139048,400,384,384,421423120,1345941504,48,,,,,"I(i_3,i_1,i_2;a_1i_1i_2) * I(i_2,i_1,i_3;a_2i_1i_2) -> I(i_1,i_2;a_1i_1i_2,a_2i_1i_2)","I(i_1,i_2;a_1i_1i_2,a_2i_1i_2)","I(i_3,i_1,i_2;a_1i_1i_2)","I(i_2,i_1,i_3;a_2i_1i_2)","I(i_1,i_2;a_1i_1i_2,a_2i_1i_2)","i,i,a,a",";;i_1,i_2;i_1,i_2","7,7,,",7 × 7 × ? × ?,,
2,39,Constant,constant,_const,2745,,,8,8,421423120,1345941504,1,,,,,-2,-2,,,,,,,scalar,8,1
2,39,Product,residual,R,72086,384,8,384,384,421423120,1345941504,48,,,,,"I(i_1,i_2;a_1i_1i_2,a_2i_1i_2) * -2 -> R(i_1,i_2;a_1i_1i_2,a_2i_1i_2)","R(i_1,i_2;a_1i_1i_2,a_2i_1i_2)","I(i_1,i_2;a_1i_1i_2,a_2i_1i_2)",-2,"R(i_1,i_2;a_1i_1i_2,a_2i_1i_2)","i,i,a,a",";;i_1,i_2;i_1,i_2","7,7,,",7 × 7 × ? × ?,,
2,39,Permute,residual,R,56785,,,384,384,421423120,1345941504,48,,,,,"R(i_1,i_2;a_1i_1i_2,a_2i_1i_2)","R(i_1,i_2;a_1i_1i_2,a_2i_1i_2)",,,,"i,i,a,a",";;i_1,i_2;i_1,i_2","7,7,,",7 × 7 × ? × ?,,
2,40,Product,intermediate,I,347664,24888,400,400,400,421423120,1345941504,50,,,,,"I(i_4,i_3,i_2,i_1) * I(i_2,i_1,i_3;a_1i_1i_2) -> I(i_4,i_1,i_2;a_1i_1i_2)","I(i_4,i_1,i_2;a_1i_1i_2)","I(i_4,i_3,i_2,i_1)","I(i_2,i_1,i_3;a_1i_1i_2)","I(i_4,i_1,i_2;a_1i_1i_2)","i,i,i,a",";;;i_1,i_2","7,7,7,",7 × 7 × 7 × ?,,
2,40,Product,residual,R,304234,400,400,384,384,421423120,1345941504,48,,,,,"I(i_4,i_1,i_2;a_1i_1i_2) * I(i_2,i_1,i_4;a_2i_1i_2) -> R(i_2,i_1;a_2i_1i_2,a_1i_1i_2)","R(i_2,i_1;a_2i_1i_2,a_1i_1i_2)","I(i_4,i_1,i_2;a_1i_1i_2)","I(i_2,i_1,i_4;a_2i_1i_2)","R(i_2,i_1;a_2i_1i_2,a_1i_1i_2)","i,i,a,a",";;i_1,i_2;i_1,i_2","7,7,,",7 × 7 × ? × ?,,
2,40,Permute,residual,R,92760,,,384,384,421423120,1345941504,48,,,,,"R(i_2,i_1;a_2i_1i_2,a_1i_1i_2)","R(i_2,i_1;a_2i_1i_2,a_1i_1i_2)",,,,"i,i,a,a",";;i_1,i_2;i_1,i_2","7,7,,",7 × 7 × ? × ?,,
2,41,Product,intermediate,I,155111549,5490816,2207664,1843152,1843152,421423120,1345941504,230394,225036,-2.9735053402180913,3.781178766679103,0.11018364790986156,"I(i_1,i_3,Κ_1;a_3i_1i_3) * I(μ̃_19779,i_3,i_1;a_3i_1i_3) -> I(μ̃_19779,i_1,Κ_1)","I(μ̃_19779,i_1,Κ_1)","I(i_1,i_3,Κ_1;a_3i_1i_3)","I(μ̃_19779,i_3,i_1;a_3i_1i_3)","I(μ̃_19779,i_1,Κ_1)","μ̃,i,Κ",;;,"114,7,282",114 × 7 × 282,1800288,1.02381
2,41,Product,intermediate,I,36310282,1843152,2226240,5490816,5490816,421423120,1345941504,686352,,,,,"I(μ̃_19779,i_1,Κ_1) * I(i_2,i_1,μ̃_19779;a_1i_1i_2) -> I(i_2,i_1,Κ_1;a_1i_1i_2)","I(i_2,i_1,Κ_1;a_1i_1i_2)","I(μ̃_19779,i_1,Κ_1)","I(i_2,i_1,μ̃_19779;a_1i_1i_2)","I(i_2,i_1,Κ_1;a_1i_1i_2)","i,i,Κ,a",";;;i_1,i_2","7,7,282,",7 × 7 × 282 × ?,,
2,41,Product,intermediate,I,140076860,5490816,2207664,1843152,1843152,423169320,1345941504,230394,225036,2.468086418882379,16.659572441593067,0.2520612950217195,"I(i_2,i_4,Κ_1;a_4i_2i_4) * I(μ̃_19781,i_2,i_4;a_4i_2i_4) -> I(μ̃_19781,i_2,Κ_1)","I(μ̃_19781,i_2,Κ_1)","I(i_2,i_4,Κ_1;a_4i_2i_4)","I(μ̃_19781,i_2,i_4;a_4i_2i_4)","I(μ̃_19781,i_2,Κ_1)","μ̃,i,Κ",;;,"114,7,282",114 × 7 × 282,1800288,1.02381
2,41,Product,intermediate,I,47233958,5490816,1843152,2226240,2226240,425395560,1345941504,278280,,,,,"I(i_2,i_1,Κ_1;a_1i_1i_2) * I(μ̃_19781,i_2,Κ_1) -> I(μ̃_19781,i_1,i_2;a_1i_1i_2)","I(μ̃_19781,i_1,i_2;a_1i_1i_2)","I(i_2,i_1,Κ_1;a_1i_1i_2)","I(μ̃_19781,i_2,Κ_1)","I(μ̃_19781,i_1,i_2;a_1i_1i_2)","μ̃,i,i,a",";;;i_1,i_2","114,7,7,",114 × 7 × 7 × ?,,
2,41,Product,intermediate,I,4362554,2226240,2226240,792440,792440,426188000,1345941504,99055,,,,,"I(μ̃_19781,i_1,i_2;a_1i_1i_2) * I(i_2,i_1,μ̃_19781;a_2i_1i_2) -> I(i_2,i_1;a_1i_1i_2,a_2i_1i_2)","I(i_2,i_1;a_1i_1i_2,a_2i_1i_2)","I(μ̃_19781,i_1,i_2;a_1i_1i_2)","I(i_2,i_1,μ̃_19781;a_2i_1i_2)","I(i_2,i_1;a_1i_1i_2,a_2i_1i_2)","i,i,a,a",";;i_1,i_2;i_1,i_2","7,7,,",7 × 7 × ? × ?,,
2,41,Constant,constant,_const,17410,,,8,8,426188000,1345941504,1,,,,,-4,-4,,,,,,,scalar,8,1
2,41,Product,residual,R,145741,792440,8,792440,792440,426188000,1345941504,99055,,,,,"I(i_2,i_1;a_1i_1i_2,a_2i_1i_2) * -4 -> R(i_2,i_1;a_1i_1i_2,a_2i_1i_2)","R(i_2,i_1;a_1i_1i_2,a_2i_1i_2)","I(i_2,i_1;a_1i_1i_2,a_2i_1i_2)",-4,"R(i_2,i_1;a_1i_1i_2,a_2i_1i_2)","i,i,a,a",";;i_1,i_2;i_1,i_2","7,7,,",7 × 7 × ? × ?,,
2,41,Permute,residual,R,152133,,,792440,792440,426188000,1345941504,99055,,,,,"R(i_2,i_1;a_1i_1i_2,a_2i_1i_2)","R(i_2,i_1;a_1i_1i_2,a_2i_1i_2)",,,,"i,i,a,a",";;i_1,i_2;i_1,i_2","7,7,,",7 × 7 × ? × ?,,
2,42,Tensor,leaf,g,13417,,,29489328,29489328,452658648,1345941504,3686166,3664872,328.03408291046827,123.92989425956779,0.8503952014554771,"g(μ̃_19895,μ̃_19896,Κ_1)","g(μ̃_19895,μ̃_19896,Κ_1)",,,,"μ̃,μ̃,Κ",;;,"114,114,282",114 × 114 × 282,29318976,1.00581
2,42,Product,intermediate,I,397645,29489328,432,880,880,452659528,1345941504,110,0,0.0,0.0,0.0,"g(μ̃_19895,μ̃_19896,Κ_1) * I(μ̃_19895,i_2) -> I(μ̃_19896,i_2,Κ_1)","I(μ̃_19896,i_2,Κ_1)","g(μ̃_19895,μ̃_19896,Κ_1)","I(μ̃_19895,i_2)","I(μ̃_19896,i_2,Κ_1)","μ̃,i,Κ",;;,"114,7,282",114 × 7 × 282,1800288,0.000488811
2,42,Tensor,leaf,C,14701,,,2207664,2207664,452659528,1345941504,275958,,,,,"C(i_2,i_1,μ̃_19896;a_2i_1i_2)","C(i_2,i_1,μ̃_19896;a_2i_1i_2)",,,,"i,i,μ̃,a",";;;i_1,i_2","7,7,114,",7 × 7 × 114 × ?,,
2,42,Product,intermediate,I,392385,880,2207664,496,496,452659528,1345941504,62,,,,,"I(μ̃_19896,i_2,Κ_1) * C(i_2,i_1,μ̃_19896;a_2i_1i_2) -> I(i_1,i_2,Κ_1;a_2i_1i_2)","I(i_1,i_2,Κ_1;a_2i_1i_2)","I(μ̃_19896,i_2,Κ_1)","C(i_2,i_1,μ̃_19896;a_2i_1i_2)","I(i_1,i_2,Κ_1;a_2i_1i_2)","i,i,Κ,a",";;;i_1,i_2","7,7,282,",7 × 7 × 282 × ?,,
2,42,Product,intermediate,I,453147,496,1843152,496,496,452659528,1345941504,62,,,,,"I(i_1,i_2,Κ_1;a_2i_1i_2) * I(μ̃_19898,i_1,Κ_1) -> I(μ̃_19898,i_2,i_1;a_2i_1i_2)","I(μ̃_19898,i_2,i_1;a_2i_1i_2)","I(i_1,i_2,Κ_1;a_2i_1i_2)","I(μ̃_19898,i_1,Κ_1)","I(μ̃_19898,i_2,i_1;a_2i_1i_2)","μ̃,i,i,a",";;;i_1,i_2","114,7,7,",114 × 7 × 7 × ?,,
2,42,Product,intermediate,I,418107,496,2226240,384,384,452659528,1345941504,48,,,,,"I(μ̃_19898,i_2,i_1;a_2i_1i_2) * I(i_2,i_1,μ̃_19898;a_1i_1i_2) -> I(i_1,i_2;a_1i_1i_2,a_2i_1i_2)","I(i_1,i_2;a_1i_1i_2,a_2i_1i_2)","I(μ̃_19898,i_2,i_1;a_2i_1i_2)","I(i_2,i_1,μ̃_19898;a_1i_1i_2)","I(i_1,i_2;a_1i_1i_2,a_2i_1i_2)","i,i,a,a",";;i_1,i_2;i_1,i_2","7,7,,",7 × 7 × ? × ?,,
2,42,Constant,constant,_const,1332,,,8,8,452659528,1345941504,1,,,,,-2,-2,,,,,,,scalar,8,1
2,42,Product,residual,R,88220,384,8,384,384,452659528,1345941504,48,,,,,"I(i_1,i_2;a_1i_1i_2,a_2i_1i_2) * -2 -> R(i_1,i_2;a_1i_1i_2,a_2i_1i_2)","R(i_1,i_2;a_1i_1i_2,a_2i_1i_2)","I(i_1,i_2;a_1i_1i_2,a_2i_1i_2)",-2,"R(i_1,i_2;a_1i_1i_2,a_2i_1i_2)","i,i,a,a",";;i_1,i_2;i_1,i_2","7,7,,",7 × 7 × ? × ?,,
2,42,Permute,residual,R,75222,,,384,384,452659528,1345941504,48,,,,,"R(i_1,i_2;a_1i_1i_2,a_2i_1i_2)","R(i_1,i_2;a_1i_1i_2,a_2i_1i_2)",,,,"i,i,a,a",";;i_1,i_2;i_1,i_2","7,7,,",7 × 7 × ? × ?,,
2,43,Product,intermediate,I,16608491,5490816,1843152,2226240,2226240,452659528,1345941504,278280,,,,,"I(i_2,i_1,Κ_1;a_1i_1i_2) * I(μ̃_19944,i_2,Κ_1) -> I(μ̃_19944,i_1,i_2;a_1i_1i_2)","I(μ̃_19944,i_1,i_2;a_1i_1i_2)","I(i_2,i_1,Κ_1;a_1i_1i_2)","I(μ̃_19944,i_2,Κ_1)","I(μ̃_19944,i_1,i_2;a_1i_1i_2)","μ̃,i,i,a",";;;i_1,i_2","114,7,7,",114 × 7 × 7 × ?,,
2,43,Product,residual,R,5042515,2226240,2226240,792440,792440,452659528,1345941504,99055,,,,,"I(μ̃_19944,i_1,i_2;a_1i_1i_2) * I(i_2,i_1,μ̃_19944;a_2i_1i_2) -> R(i_2,i_1;a_2i_1i_2,a_1i_1i_2)","R(i_2,i_1;a_2i_1i_2,a_1i_1i_2)","I(μ̃_19944,i_1,i_2;a_1i_1i_2)","I(i_2,i_1,μ̃_19944;a_2i_1i_2)","R(i_2,i_1;a_2i_1i_2,a_1i_1i_2)","i,i,a,a",";;i_1,i_2;i_1,i_2","7,7,,",7 × 7 × ? × ?,,
2,43,Permute,residual,R,634239,,,792440,792440,452659528,1345941504,99055,,,,,"R(i_2,i_1;a_2i_1i_2,a_1i_1i_2)","R(i_2,i_1;a_2i_1i_2,a_1i_1i_2)",,,,"i,i,a,a",";;i_1,i_2;i_1,i_2","7,7,,",7 × 7 × ? × ?,,
2,44,Product,intermediate,I,456686,496,1843152,496,496,452659528,1345941504,62,,,,,"I(i_1,i_2,Κ_1;a_2i_1i_2) * I(μ̃_19836,i_1,Κ_1) -> I(μ̃_19836,i_2,i_1;a_2i_1i_2)","I(μ̃_19836,i_2,i_1;a_2i_1i_2)","I(i_1,i_2,Κ_1;a_2i_1i_2)","I(μ̃_19836,i_1,Κ_1)","I(μ̃_19836,i_2,i_1;a_2i_1i_2)","μ̃,i,i,a",";;;i_1,i_2","114,7,7,",114 × 7 × 7 × ?,,
2,44,Product,intermediate,I,447891,496,2226240,384,384,452659528,1345941504,48,,,,,"I(μ̃_19836,i_2,i_1;a_2i_1i_2) * I(i_2,i_1,μ̃_19836;a_1i_1i_2) -> I(i_1,i_2;a_1i_1i_2,a_2i_1i_2)","I(i_1,i_2;a_1i_1i_2,a_2i_1i_2)","I(μ̃_19836,i_2,i_1;a_2i_1i_2)","I(i_2,i_1,μ̃_19836;a_1i_1i_2)","I(i_1,i_2;a_1i_1i_2,a_2i_1i_2)","i,i,a,a",";;i_1,i_2;i_1,i_2","7,7,,",7 × 7 × ? × ?,,
2,44,Constant,constant,_const,1655,,,8,8,452659528,1345941504,1,,,,,4,4,,,,,,,scalar,8,1
2,44,Product,residual,R,72780,384,8,384,384,452659528,1345941504,48,,,,,"I(i_1,i_2;a_1i_1i_2,a_2i_1i_2) * 4 -> R(i_1,i_2;a_1i_1i_2,a_2i_1i_2)","R(i_1,i_2;a_1i_1i_2,a_2i_1i_2)","I(i_1,i_2;a_1i_1i_2,a_2i_1i_2)",4,"R(i_1,i_2;a_1i_1i_2,a_2i_1i_2)","i,i,a,a",";;i_1,i_2;i_1,i_2","7,7,,",7 × 7 × ? × ?,,
2,44,Permute,residual,R,59597,,,384,384,452659528,1345941504,48,,,,,"R(i_1,i_2;a_1i_1i_2,a_2i_1i_2)","R(i_1,i_2;a_1i_1i_2,a_2i_1i_2)",,,,"i,i,a,a",";;i_1,i_2;i_1,i_2","7,7,,",7 × 7 × ? × ?,,
2,45,Product,intermediate,I,391261,496,880,496,496,452659528,1345941504,62,,,,,"I(i_2,i_1,Κ_1;a_1i_1i_2) * I(μ̃_19917,i_2,Κ_1) -> I(μ̃_19917,i_2,i_1;a_1i_1i_2)","I(μ̃_19917,i_2,i_1;a_1i_1i_2)","I(i_2,i_1,Κ_1;a_1i_1i_2)","I(μ̃_19917,i_2,Κ_1)","I(μ̃_19917,i_2,i_1;a_1i_1i_2)","μ̃,i,i,a",";;;i_1,i_2","114,7,7,",114 × 7 × 7 × ?,,
2,45,Tensor,leaf,C,18792,,,2207664,2207664,452659528,1345941504,275958,,,,,"C(i_2,i_1,μ̃_19917;a_2i_1i_2)","C(i_2,i_1,μ̃_19917;a_2i_1i_2)",,,,"i,i,μ̃,a",";;;i_1,i_2","7,7,114,",7 × 7 × 114 × ?,,
2,45,Product,residual,R,422712,496,2207664,384,384,452659528,1345941504,48,,,,,"I(μ̃_19917,i_2,i_1;a_1i_1i_2) * C(i_2,i_1,μ̃_19917;a_2i_1i_2) -> R(i_2,i_1;a_2i_1i_2,a_1i_1i_2)","R(i_2,i_1;a_2i_1i_2,a_1i_1i_2)","I(μ̃_19917,i_2,i_1;a_1i_1i_2)","C(i_2,i_1,μ̃_19917;a_2i_1i_2)","R(i_2,i_1;a_2i_1i_2,a_1i_1i_2)","i,i,a,a",";;i_1,i_2;i_1,i_2","7,7,,",7 × 7 × ? × ?,,
2,45,Permute,residual,R,71298,,,384,384,452659528,1345941504,48,,,,,"R(i_2,i_1;a_2i_1i_2,a_1i_1i_2)","R(i_2,i_1;a_2i_1i_2,a_1i_1i_2)",,,,"i,i,a,a",";;i_1,i_2;i_1,i_2","7,7,,",7 × 7 × ? × ?,,
2,46,Product,intermediate,I,18423279,1843152,2226240,5490816,5490816,452659528,1345941504,686352,,,,,"I(μ̃_19862,i_1,Κ_1) * I(i_2,i_1,μ̃_19862;a_1i_1i_2) -> I(i_2,i_1,Κ_1;a_1i_1i_2)","I(i_2,i_1,Κ_1;a_1i_1i_2)","I(μ̃_19862,i_1,Κ_1)","I(i_2,i_1,μ̃_19862;a_1i_1i_2)","I(i_2,i_1,Κ_1;a_1i_1i_2)","i,i,Κ,a",";;;i_1,i_2","7,7,282,",7 × 7 × 282 × ?,,
2,46,Product,intermediate,I,18374038,5490816,1843152,2226240,2226240,452659528,1345941504,278280,,,,,"I(i_2,i_1,Κ_1;a_1i_1i_2) * I(μ̃_19864,i_2,Κ_1) -> I(μ̃_19864,i_1,i_2;a_1i_1i_2)","I(μ̃_19864,i_1,i_2;a_1i_1i_2)","I(i_2,i_1,Κ_1;a_1i_1i_2)","I(μ̃_19864,i_2,Κ_1)","I(μ̃_19864,i_1,i_2;a_1i_1i_2)","μ̃,i,i,a",";;;i_1,i_2","114,7,7,",114 × 7 × 7 × ?,,
2,46,Product,intermediate,I,4758051,2226240,2226240,792440,792440,452659528,1345941504,99055,,,,,"I(μ̃_19864,i_1,i_2;a_1i_1i_2) * I(i_2,i_1,μ̃_19864;a_2i_1i_2) -> I(i_2,i_1;a_2i_1i_2,a_1i_1i_2)","I(i_2,i_1;a_2i_1i_2,a_1i_1i_2)","I(μ̃_19864,i_1,i_2;a_1i_1i_2)","I(i_2,i_1,μ̃_19864;a_2i_1i_2)","I(i_2,i_1;a_2i_1i_2,a_1i_1i_2)","i,i,a,a",";;i_1,i_2;i_1,i_2","7,7,,",7 × 7 × ? × ?,,
2,46,Constant,constant,_const,2277,,,8,8,452659528,1345941504,1,,,,,4,4,,,,,,,scalar,8,1
2,46,Product,residual,R,341376,792440,8,792440,792440,452659528,1345941504,99055,,,,,"I(i_2,i_1;a_2i_1i_2,a_1i_1i_2) * 4 -> R(i_2,i_1;a_2i_1i_2,a_1i_1i_2)","R(i_2,i_1;a_2i_1i_2,a_1i_1i_2)","I(i_2,i_1;a_2i_1i_2,a_1i_1i_2)",4,"R(i_2,i_1;a_2i_1i_2,a_1i_1i_2)","i,i,a,a",";;i_1,i_2;i_1,i_2","7,7,,",7 × 7 × ? × ?,,
2,46,Permute,residual,R,86035,,,792440,792440,452659528,1345941504,99055,,,,,"R(i_2,i_1;a_2i_1i_2,a_1i_1i_2)","R(i_2,i_1;a_2i_1i_2,a_1i_1i_2)",,,,"i,i,a,a",";;i_1,i_2;i_1,i_2","7,7,,",7 × 7 × ? × ?,,
2,47,Tensor,leaf,g,9513,,,29489328,29489328,452659528,1345941504,3686166,3664872,328.03408291046827,123.92989425956779,0.8503952014554771,"g(μ̃_19829,μ̃_19830,Κ_1)","g(μ̃_19829,μ̃_19830,Κ_1)",,,,"μ̃,μ̃,Κ",;;,"114,114,282",114 × 114 × 282,29318976,1.00581
2,47,Product,intermediate,I,457363,496,29489328,1392,1392,452659528,1345941504,174,0,0.0,0.0,0.0,"I(i_3,i_1,Κ_1) * g(μ̃_19829,μ̃_19830,Κ_1) -> I(i_3,μ̃_19830,μ̃_19829,i_1)","I(i_3,μ̃_19830,μ̃_19829,i_1)","I(i_3,i_1,Κ_1)","g(μ̃_19829,μ̃_19830,Κ_1)","I(i_3,μ̃_19830,μ̃_19829,i_1)","i,μ̃,μ̃,i",;;;,"7,114,114,7",7 × 114 × 114 × 7,5094432,0.000273239
2,47,Product,intermediate,I,21369535,2207664,5489512,15384928,15384928,452659528,1345941504,1923116,,,,,"I(μ̃_19829,i_2,i_3;a_5i_2i_3) * I(i_3,i_1,i_2;a_5i_2i_3,a_1i_1i_2) -> I(i_1,μ̃_19829,i_3,i_2;a_1i_1i_2)","I(i_1,μ̃_19829,i_3,i_2;a_1i_1i_2)","I(μ̃_19829,i_2,i_3;a_5i_2i_3)","I(i_3,i_1,i_2;a_5i_2i_3,a_1i_1i_2)","I(i_1,μ̃_19829,i_3,i_2;a_1i_1i_2)","i,μ̃,i,i,a",";;;;i_1,i_2","7,114,7,7,",7 × 114 × 7 × 7 × ?,,
2,47,Product,intermediate,I,539861,1392,15384928,496,496,452659528,1345941504,62,,,,,"I(i_3,μ̃_19830,μ̃_19829,i_1) * I(i_1,μ̃_19829,i_3,i_2;a_1i_1i_2) -> I(μ̃_19830,i_1,i_2;a_1i_1i_2)","I(μ̃_19830,i_1,i_2;a_1i_1i_2)","I(i_3,μ̃_19830,μ̃_19829,i_1)","I(i_1,μ̃_19829,i_3,i_2;a_1i_1i_2)","I(μ̃_19830,i_1,i_2;a_1i_1i_2)","μ̃,i,i,a",";;;i_1,i_2","114,7,7,",114 × 7 × 7 × ?,,
2,47,Tensor,leaf,C,36163,,,2207664,2207664,452659528,1345941504,275958,,,,,"C(i_2,i_1,μ̃_19830;a_2i_1i_2)","C(i_2,i_1,μ̃_19830;a_2i_1i_2)",,,,"i,i,μ̃,a",";;;i_1,i_2","7,7,114,",7 × 7 × 114 × ?,,
2,47,Product,intermediate,I,519097,496,2207664,384,384,452659528,1345941504,48,,,,,"I(μ̃_19830,i_1,i_2;a_1i_1i_2) * C(i_2,i_1,μ̃_19830;a_2i_1i_2) -> I(i_1,i_2;a_2i_1i_2,a_1i_1i_2)","I(i_1,i_2;a_2i_1i_2,a_1i_1i_2)","I(μ̃_19830,i_1,i_2;a_1i_1i_2)","C(i_2,i_1,μ̃_19830;a_2i_1i_2)","I(i_1,i_2;a_2i_1i_2,a_1i_1i_2)","i,i,a,a",";;i_1,i_2;i_1,i_2","7,7,,",7 × 7 × ? × ?,,
2,47,Constant,constant,_const,1647,,,8,8,452659528,1345941504,1,,,,,-2,-2,,,,,,,scalar,8,1
2,47,Product,residual,R,52784,384,8,384,384,452659528,1345941504,48,,,,,"I(i_1,i_2;a_2i_1i_2,a_1i_1i_2) * -2 -> R(i_1,i_2;a_2i_1i_2,a_1i_1i_2)","R(i_1,i_2;a_2i_1i_2,a_1i_1i_2)","I(i_1,i_2;a_2i_1i_2,a_1i_1i_2)",-2,"R(i_1,i_2;a_2i_1i_2,a_1i_1i_2)","i,i,a,a",";;i_1,i_2;i_1,i_2","7,7,,",7 × 7 × ? × ?,,
2,47,Permute,residual,R,61701,,,384,384,452659528,1345941504,48,,,,,"R(i_1,i_2;a_2i_1i_2,a_1i_1i_2)","R(i_1,i_2;a_2i_1i_2,a_1i_1i_2)",,,,"i,i,a,a",";;i_1,i_2;i_1,i_2","7,7,,",7 × 7 × ? × ?,,
2,48,Product,intermediate,I,21371286,2207664,5489512,15384928,15384928,452659528,1345941504,1923116,,,,,"I(μ̃_19880,i_3,i_2;a_5i_2i_3) * I(i_1,i_3,i_2;a_2i_1i_2,a_5i_2i_3) -> I(i_1,μ̃_19880,i_3,i_2;a_2i_1i_2)","I(i_1,μ̃_19880,i_3,i_2;a_2i_1i_2)","I(μ̃_19880,i_3,i_2;a_5i_2i_3)","I(i_1,i_3,i_2;a_2i_1i_2,a_5i_2i_3)","I(i_1,μ̃_19880,i_3,i_2;a_2i_1i_2)","i,μ̃,i,i,a",";;;;i_1,i_2","7,114,7,7,",7 × 114 × 7 × 7 × ?,,
2,48,Product,intermediate,I,772011,1392,15384928,496,496,452659528,1345941504,62,,,,,"I(i_3,μ̃_19881,μ̃_19880,i_1) * I(i_1,μ̃_19880,i_3,i_2;a_2i_1i_2) -> I(μ̃_19881,i_1,i_2;a_2i_1i_2)","I(μ̃_19881,i_1,i_2;a_2i_1i_2)","I(i_3,μ̃_19881,μ̃_19880,i_1)","I(i_1,μ̃_19880,i_3,i_2;a_2i_1i_2)","I(μ̃_19881,i_1,i_2;a_2i_1i_2)","μ̃,i,i,a",";;;i_1,i_2","114,7,7,",114 × 7 × 7 × ?,,
2,48,Tensor,leaf,C,20099,,,2207664,2207664,452659528,1345941504,275958,,,,,"C(i_2,i_1,μ̃_19881;a_1i_1i_2)","C(i_2,i_1,μ̃_19881;a_1i_1i_2)",,,,"i,i,μ̃,a",";;;i_1,i_2","7,7,114,",7 × 7 × 114 × ?,,
2,48,Product,intermediate,I,485086,496,2207664,384,384,452659528,1345941504,48,,,,,"I(μ̃_19881,i_1,i_2;a_2i_1i_2) * C(i_2,i_1,μ̃_19881;a_1i_1i_2) -> I(i_1,i_2;a_1i_1i_2,a_2i_1i_2)","I(i_1,i_2;a_1i_1i_2,a_2i_1i_2)","I(μ̃_19881,i_1,i_2;a_2i_1i_2)","C(i_2,i_1,μ̃_19881;a_1i_1i_2)","I(i_1,i_2;a_1i_1i_2,a_2i_1i_2)","i,i,a,a",";;i_1,i_2;i_1,i_2","7,7,,",7 × 7 × ? × ?,,
2,48,Constant,constant,_const,17006,,,8,8,452659528,1345941504,1,,,,,-2,-2,,,,,,,scalar,8,1
2,48,Product,residual,R,69673,384,8,384,384,452659528,1345941504,48,,,,,"I(i_1,i_2;a_1i_1i_2,a_2i_1i_2) * -2 -> R(i_1,i_2;a_1i_1i_2,a_2i_1i_2)","R(i_1,i_2;a_1i_1i_2,a_2i_1i_2)","I(i_1,i_2;a_1i_1i_2,a_2i_1i_2)",-2,"R(i_1,i_2;a_1i_1i_2,a_2i_1i_2)","i,i,a,a",";;i_1,i_2;i_1,i_2","7,7,,",7 × 7 × ? × ?,,
2,48,Permute,residual,R,85873,,,384,384,452659528,1345941504,48,,,,,"R(i_1,i_2;a_1i_1i_2,a_2i_1i_2)","R(i_1,i_2;a_1i_1i_2,a_2i_1i_2)",,,,"i,i,a,a",";;i_1,i_2;i_1,i_2","7,7,,",7 × 7 × ? × ?,,
2,49,Product,intermediate,I,12113194,24888,5179792,5179792,5179792,452659528,1345941504,647474,636804,-26632.30542750869,16884214.678153954,482.52133598858774,"I(i_3,i_1,i_4,i_2) * I(μ̃_19841,μ̃_19839,i_4,i_3) -> I(i_2,i_1,μ̃_19841,μ̃_19839)","I(i_2,i_1,μ̃_19841,μ̃_19839)","I(i_3,i_1,i_4,i_2)","I(μ̃_19841,μ̃_19839,i_4,i_3)","I(i_2,i_1,μ̃_19841,μ̃_19839)","i,i,μ̃,μ̃",;;;,"7,7,114,114",7 × 7 × 114 × 114,5094432,1.01676
2,49,Product,intermediate,I,13814716,5179792,2226240,2226240,2226240,452659528,1345941504,278280,,,,,"I(i_2,i_1,μ̃_19841,μ̃_19839) * I(i_2,i_1,μ̃_19839;a_1i_1i_2) -> I(i_1,i_2,μ̃_19841;a_1i_1i_2)","I(i_1,i_2,μ̃_19841;a_1i_1i_2)","I(i_2,i_1,μ̃_19841,μ̃_19839)","I(i_2,i_1,μ̃_19839;a_1i_1i_2)","I(i_1,i_2,μ̃_19841;a_1i_1i_2)","i,i,μ̃,a",";;;i_1,i_2","7,7,114,",7 × 7 × 114 × ?,,
2,49,Product,residual,R,4646323,2226240,2226240,792440,792440,452659528,1345941504,99055,,,,,"I(i_1,i_2,μ̃_19841;a_1i_1i_2) * I(i_2,i_1,μ̃_19841;a_2i_1i_2) -> R(i_2,i_1;a_2i_1i_2,a_1i_1i_2)","R(i_2,i_1;a_2i_1i_2,a_1i_1i_2)","I(i_1,i_2,μ̃_19841;a_1i_1i_2)","I(i_2,i_1,μ̃_19841;a_2i_1i_2)","R(i_2,i_1;a_2i_1i_2,a_1i_1i_2)","i,i,a,a",";;i_1,i_2;i_1,i_2","7,7,,",7 × 7 × ? × ?,,
2,49,Permute,residual,R,179481,,,792440,792440,452659528,1345941504,99055,,,,,"R(i_2,i_1;a_2i_1i_2,a_1i_1i_2)","R(i_2,i_1;a_2i_1i_2,a_1i_1i_2)",,,,"i,i,a,a",";;i_1,i_2;i_1,i_2","7,7,,",7 × 7 × ? × ?,,
2,50,Tensor,leaf,t,2388,,,792440,792440,452659528,1345941504,99055,,,,,"t(i_2,i_4;a_6i_2i_4,a_3i_2i_4)","t(i_2,i_4;a_6i_2i_4,a_3i_2i_4)",,,,"i,i,a,a",";;i_2,i_4;i_2,i_4","7,7,,",7 × 7 × ? × ?,,
2,50,Product,intermediate,I,5254479,5489512,792440,5489512,5489512,452659528,1345941504,686189,,,,,"I(i_4,i_1,i_2;a_6i_2i_4,a_2i_1i_2) * t(i_2,i_4;a_6i_2i_4,a_3i_2i_4) -> I(i_1,i_4,i_2;a_2i_1i_2,a_3i_2i_4)","I(i_1,i_4,i_2;a_2i_1i_2,a_3i_2i_4)","I(i_4,i_1,i_2;a_6i_2i_4,a_2i_1i_2)","t(i_2,i_4;a_6i_2i_4,a_3i_2i_4)","I(i_1,i_4,i_2;a_2i_1i_2,a_3i_2i_4)","i,i,i,a,a",";;;i_1,i_2;i_2,i_4","7,7,7,,",7 × 7 × 7 × ? × ?,,
2,50,Product,intermediate,I,37885372,38260568,5489512,5489512,5489512,452659528,1345941504,686189,,,,,"I(i_2,i_1,i_4,i_3;a_3i_2i_4,a_4i_1i_3) * I(i_1,i_4,i_2;a_2i_1i_2,a_3i_2i_4) -> I(i_1,i_3,i_2;a_4i_1i_3,a_2i_1i_2)","I(i_1,i_3,i_2;a_4i_1i_3,a_2i_1i_2)","I(i_2,i_1,i_4,i_3;a_3i_2i_4,a_4i_1i_3)","I(i_1,i_4,i_2;a_2i_1i_2,a_3i_2i_4)","I(i_1,i_3,i_2;a_4i_1i_3,a_2i_1i_2)","i,i,i,a,a",";;;i_1,i_3;i_1,i_2","7,7,7,,",7 × 7 × 7 × ? × ?,,
2,50,Product,intermediate,I,6568591,5489512,5489512,792440,792440,452659528,1345941504,99055,,,,,"I(i_1,i_3,i_2;a_4i_1i_3,a_2i_1i_2) * I(i_2,i_3,i_1;a_1i_1i_2,a_4i_1i_3) -> I(i_1,i_2;a_1i_1i_2,a_2i_1i_2)","I(i_1,i_2;a_1i_1i_2,a_2i_1i_2)","I(i_1,i_3,i_2;a_4i_1i_3,a_2i_1i_2)","I(i_2,i_3,i_1;a_1i_1i_2,a_4i_1i_3)","I(i_1,i_2;a_1i_1i_2,a_2i_1i_2)","i,i,a,a",";;i_1,i_2;i_1,i_2","7,7,,",7 × 7 × ? × ?,,
2,50,Constant,constant,_const,17596,,,8,8,452659528,1345941504,1,,,,,-2,-2,,,,,,,scalar,8,1
2,50,Product,residual,R,92039,792440,8,792440,792440,452659528,1345941504,99055,,,,,"I(i_1,i_2;a_1i_1i_2,a_2i_1i_2) * -2 -> R(i_1,i_2;a_1i_1i_2,a_2i_1i_2)","R(i_1,i_2;a_1i_1i_2,a_2i_1i_2)","I(i_1,i_2;a_1i_1i_2,a_2i_1i_2)",-2,"R(i_1,i_2;a_1i_1i_2,a_2i_1i_2)","i,i,a,a",";;i_1,i_2;i_1,i_2","7,7,,",7 × 7 × ? × ?,,
2,50,Permute,residual,R,99746,,,792440,792440,452659528,1345941504,99055,,,,,"R(i_1,i_2;a_1i_1i_2,a_2i_1i_2)","R(i_1,i_2;a_1i_1i_2,a_2i_1i_2)",,,,"i,i,a,a",";;i_1,i_2;i_1,i_2","7,7,,",7 × 7 × ? × ?,,
2,51,Tensor,leaf,t,1546,,,792440,792440,452659528,1345941504,99055,,,,,"t(i_4,i_1;a_4i_1i_4,a_3i_1i_4)","t(i_4,i_1;a_4i_1i_4,a_3i_1i_4)",,,,"i,i,a,a",";;i_1,i_4;i_1,i_4","7,7,,",7 × 7 × ? × ?,,
2,51,Product,intermediate,I,4172205,5538232,792440,2088,2088,452659528,1345941504,261,49,-0.278705937393393,0.010200661884176997,0.04220857093395089,"I(i_1,i_3,i_4;a_3i_1i_4,a_4i_1i_4) * t(i_4,i_1;a_4i_1i_4,a_3i_1i_4) -> I(i_3,i_1)","I(i_3,i_1)","I(i_1,i_3,i_4;a_3i_1i_4,a_4i_1i_4)","t(i_4,i_1;a_4i_1i_4,a_3i_1i_4)","I(i_3,i_1)","i,i",;,"7,7",7 × 7,392,5.32653
2,51,Product,intermediate,I,2317930,2088,5489512,5489512,5489512,452659528,1345941504,686189,,,,,"I(i_3,i_1) * I(i_3,i_1,i_2;a_6i_2i_3,a_2i_1i_2) -> I(i_2,i_3,i_1;a_6i_2i_3,a_2i_1i_2)","I(i_2,i_3,i_1;a_6i_2i_3,a_2i_1i_2)","I(i_3,i_1)","I(i_3,i_1,i_2;a_6i_2i_3,a_2i_1i_2)","I(i_2,i_3,i_1;a_6i_2i_3,a_2i_1i_2)","i,i,i,a,a",";;;i_2,i_3;i_1,i_2","7,7,7,,",7 × 7 × 7 × ? × ?,,
2,51,Product,intermediate,I,6299850,5489512,5489512,792440,792440,452659528,1345941504,99055,,,,,"I(i_2,i_3,i_1;a_6i_2i_3,a_2i_1i_2) * I(i_1,i_3,i_2;a_1i_1i_2,a_6i_2i_3) -> I(i_2,i_1;a_1i_1i_2,a_2i_1i_2)","I(i_2,i_1;a_1i_1i_2,a_2i_1i_2)","I(i_2,i_3,i_1;a_6i_2i_3,a_2i_1i_2)","I(i_1,i_3,i_2;a_1i_1i_2,a_6i_2i_3)","I(i_2,i_1;a_1i_1i_2,a_2i_1i_2)","i,i,a,a",";;i_1,i_2;i_1,i_2","7,7,,",7 × 7 × ? × ?,,
2,51,Constant,constant,_const,2391,,,8,8,452659528,1345941504,1,,,,,-4,-4,,,,,,,scalar,8,1
2,51,Product,residual,R,97120,792440,8,792440,792440,452659528,1345941504,99055,,,,,"I(i_2,i_1;a_1i_1i_2,a_2i_1i_2) * -4 -> R(i_2,i_1;a_1i_1i_2,a_2i_1i_2)","R(i_2,i_1;a_1i_1i_2,a_2i_1i_2)","I(i_2,i_1;a_1i_1i_2,a_2i_1i_2)",-4,"R(i_2,i_1;a_1i_1i_2,a_2i_1i_2)","i,i,a,a",";;i_1,i_2;i_1,i_2","7,7,,",7 × 7 × ? × ?,,
2,51,Permute,residual,R,94931,,,792440,792440,452659528,1345941504,99055,,,,,"R(i_2,i_1;a_1i_1i_2,a_2i_1i_2)","R(i_2,i_1;a_1i_1i_2,a_2i_1i_2)",,,,"i,i,a,a",";;i_1,i_2;i_1,i_2","7,7,,",7 × 7 × ? × ?,,
2,52,Tensor,leaf,t,2093,,,376,376,452659528,1345941504,47,,,,,t(i_1;a_3i_1),t(i_1;a_3i_1),,,,"i,a",;i_1,"7,",7 × ?,,
2,52,Product,intermediate,I,250017,384,376,384,384,452659528,1345941504,48,0,0.0,0.0,0.0,"I(i_1,i_3;a_3i_1) * t(i_1;a_3i_1) -> I(i_3,i_1)","I(i_3,i_1)","I(i_1,i_3;a_3i_1)",t(i_1;a_3i_1),"I(i_3,i_1)","i,i",;,"7,7",7 × 7,392,0.979592
2,52,Product,intermediate,I,303500,384,5489512,400,400,452659528,1345941504,50,,,,,"I(i_3,i_1) * I(i_1,i_3,i_2;a_2i_1i_2,a_5i_2i_3) -> I(i_2,i_3,i_1;a_5i_2i_3,a_2i_1i_2)","I(i_2,i_3,i_1;a_5i_2i_3,a_2i_1i_2)","I(i_3,i_1)","I(i_1,i_3,i_2;a_2i_1i_2,a_5i_2i_3)","I(i_2,i_3,i_1;a_5i_2i_3,a_2i_1i_2)","i,i,i,a,a",";;;i_2,i_3;i_1,i_2","7,7,7,,",7 × 7 × 7 × ? × ?,,
2,52,Product,intermediate,I,289247,400,5489512,384,384,452659528,1345941504,48,,,,,"I(i_2,i_3,i_1;a_5i_2i_3,a_2i_1i_2) * I(i_1,i_3,i_2;a_1i_1i_2,a_5i_2i_3) -> I(i_1,i_2;a_2i_1i_2,a_1i_1i_2)","I(i_1,i_2;a_2i_1i_2,a_1i_1i_2)","I(i_2,i_3,i_1;a_5i_2i_3,a_2i_1i_2)","I(i_1,i_3,i_2;a_1i_1i_2,a_5i_2i_3)","I(i_1,i_2;a_2i_1i_2,a_1i_1i_2)","i,i,a,a",";;i_1,i_2;i_1,i_2","7,7,,",7 × 7 × ? × ?,,
2,52,Constant,constant,_const,1338,,,8,8,452659528,1345941504,1,,,,,-2,-2,,,,,,,scalar,8,1
2,52,Product,residual,R,72587,384,8,384,384,452659528,1345941504,48,,,,,"I(i_1,i_2;a_2i_1i_2,a_1i_1i_2) * -2 -> R(i_1,i_2;a_2i_1i_2,a_1i_1i_2)","R(i_1,i_2;a_2i_1i_2,a_1i_1i_2)","I(i_1,i_2;a_2i_1i_2,a_1i_1i_2)",-2,"R(i_1,i_2;a_2i_1i_2,a_1i_1i_2)","i,i,a,a",";;i_1,i_2;i_1,i_2","7,7,,",7 × 7 × ? × ?,,
2,52,Permute,residual,R,82145,,,384,384,452659528,1345941504,48,,,,,"R(i_1,i_2;a_2i_1i_2,a_1i_1i_2)","R(i_1,i_2;a_2i_1i_2,a_1i_1i_2)",,,,"i,i,a,a",";;i_1,i_2;i_1,i_2","7,7,,",7 × 7 × ? × ?,,
2,53,Product,intermediate,I,37967392,38260568,5489512,5489512,5489512,452659528,1345941504,686189,,,,,"I(i_2,i_1,i_4,i_3;a_3i_2i_4,a_4i_1i_3) * I(i_1,i_4,i_2;a_1i_1i_2,a_3i_2i_4) -> I(i_1,i_3,i_2;a_4i_1i_3,a_1i_1i_2)","I(i_1,i_3,i_2;a_4i_1i_3,a_1i_1i_2)","I(i_2,i_1,i_4,i_3;a_3i_2i_4,a_4i_1i_3)","I(i_1,i_4,i_2;a_1i_1i_2,a_3i_2i_4)","I(i_1,i_3,i_2;a_4i_1i_3,a_1i_1i_2)","i,i,i,a,a",";;;i_1,i_3;i_1,i_2","7,7,7,,",7 × 7 × 7 × ? × ?,,
2,53,Product,residual,R,7904112,5489512,5489512,792440,792440,452659528,1345941504,99055,,,,,"I(i_1,i_3,i_2;a_4i_1i_3,a_1i_1i_2) * I(i_2,i_3,i_1;a_2i_1i_2,a_4i_1i_3) -> R(i_1,i_2;a_2i_1i_2,a_1i_1i_2)","R(i_1,i_2;a_2i_1i_2,a_1i_1i_2)","I(i_1,i_3,i_2;a_4i_1i_3,a_1i_1i_2)","I(i_2,i_3,i_1;a_2i_1i_2,a_4i_1i_3)","R(i_1,i_2;a_2i_1i_2,a_1i_1i_2)","i,i,a,a",";;i_1,i_2;i_1,i_2","7,7,,",7 × 7 × ? × ?,,
2,53,Permute,residual,R,79806,,,792440,792440,452659528,1345941504,99055,,,,,"R(i_1,i_2;a_2i_1i_2,a_1i_1i_2)","R(i_1,i_2;a_2i_1i_2,a_1i_1i_2)",,,,"i,i,a,a",";;i_1,i_2;i_1,i_2","7,7,,",7 × 7 × ? × ?,,
2,54,Product,intermediate,I,6050893,5489512,5489512,792440,792440,452659528,1345941504,99055,,,,,"I(i_2,i_3,i_1;a_4i_2i_3,a_1i_1i_2) * I(i_1,i_3,i_2;a_2i_1i_2,a_4i_2i_3) -> I(i_2,i_1;a_1i_1i_2,a_2i_1i_2)","I(i_2,i_1;a_1i_1i_2,a_2i_1i_2)","I(i_2,i_3,i_1;a_4i_2i_3,a_1i_1i_2)","I(i_1,i_3,i_2;a_2i_1i_2,a_4i_2i_3)","I(i_2,i_1;a_1i_1i_2,a_2i_1i_2)","i,i,a,a",";;i_1,i_2;i_1,i_2","7,7,,",7 × 7 × ? × ?,,
2,54,Constant,constant,_const,1770,,,8,8,452659528,1345941504,1,,,,,2,2,,,,,,,scalar,8,1
2,54,Product,residual,R,110235,792440,8,792440,792440,452659528,1345941504,99055,,,,,"I(i_2,i_1;a_1i_1i_2,a_2i_1i_2) * 2 -> R(i_2,i_1;a_1i_1i_2,a_2i_1i_2)","R(i_2,i_1;a_1i_1i_2,a_2i_1i_2)","I(i_2,i_1;a_1i_1i_2,a_2i_1i_2)",2,"R(i_2,i_1;a_1i_1i_2,a_2i_1i_2)","i,i,a,a",";;i_1,i_2;i_1,i_2","7,7,,",7 × 7 × ? × ?,,
2,54,Permute,residual,R,117907,,,792440,792440,452659528,1345941504,99055,,,,,"R(i_2,i_1;a_1i_1i_2,a_2i_1i_2)","R(i_2,i_1;a_1i_1i_2,a_2i_1i_2)",,,,"i,i,a,a",";;i_1,i_2;i_1,i_2","7,7,,",7 × 7 × ? × ?,,
2,55,Tensor,leaf,t,2174,,,792440,792440,452659528,1345941504,99055,,,,,"t(i_3,i_1;a_4i_1i_3,a_3i_1i_3)","t(i_3,i_1;a_4i_1i_3,a_3i_1i_3)",,,,"i,i,a,a",";;i_1,i_3;i_1,i_3","7,7,,",7 × 7 × ? × ?,,
2,55,Product,intermediate,I,1423425,5538232,792440,2088,2088,452659528,1345941504,261,49,-0.2014620917710613,0.005602781347323777,0.02849917073725979,"I(i_1,i_4,i_3;a_4i_1i_3,a_3i_1i_3) * t(i_3,i_1;a_4i_1i_3,a_3i_1i_3) -> I(i_4,i_1)","I(i_4,i_1)","I(i_1,i_4,i_3;a_4i_1i_3,a_3i_1i_3)","t(i_3,i_1;a_4i_1i_3,a_3i_1i_3)","I(i_4,i_1)","i,i",;,"7,7",7 × 7,392,5.32653
2,55,Product,intermediate,I,2539896,2088,5489512,5489512,5489512,452659528,1345941504,686189,,,,,"I(i_4,i_1) * I(i_4,i_1,i_2;a_6i_2i_4,a_2i_1i_2) -> I(i_2,i_4,i_1;a_6i_2i_4,a_2i_1i_2)","I(i_2,i_4,i_1;a_6i_2i_4,a_2i_1i_2)","I(i_4,i_1)","I(i_4,i_1,i_2;a_6i_2i_4,a_2i_1i_2)","I(i_2,i_4,i_1;a_6i_2i_4,a_2i_1i_2)","i,i,i,a,a",";;;i_2,i_4;i_1,i_2","7,7,7,,",7 × 7 × 7 × ? × ?,,
2,55,Product,intermediate,I,7459492,5489512,5489512,792440,792440,452659528,1345941504,99055,,,,,"I(i_2,i_4,i_1;a_6i_2i_4,a_2i_1i_2) * I(i_1,i_4,i_2;a_1i_1i_2,a_6i_2i_4) -> I(i_2,i_1;a_1i_1i_2,a_2i_1i_2)","I(i_2,i_1;a_1i_1i_2,a_2i_1i_2)","I(i_2,i_4,i_1;a_6i_2i_4,a_2i_1i_2)","I(i_1,i_4,i_2;a_1i_1i_2,a_6i_2i_4)","I(i_2,i_1;a_1i_1i_2,a_2i_1i_2)","i,i,a,a",";;i_1,i_2;i_1,i_2","7,7,,",7 × 7 × ? × ?,,
2,55,Constant,constant,_const,2507,,,8,8,452659528,1345941504,1,,,,,2,2,,,,,,,scalar,8,1
2,55,Product,residual,R,183774,792440,8,792440,792440,452659528,1345941504,99055,,,,,"I(i_2,i_1;a_1i_1i_2,a_2i_1i_2) * 2 -> R(i_2,i_1;a_1i_1i_2,a_2i_1i_2)","R(i_2,i_1;a_1i_1i_2,a_2i_1i_2)","I(i_2,i_1;a_1i_1i_2,a_2i_1i_2)",2,"R(i_2,i_1;a_1i_1i_2,a_2i_1i_2)","i,i,a,a",";;i_1,i_2;i_1,i_2","7,7,,",7 × 7 × ? × ?,,
2,55,Permute,residual,R,114915,,,792440,792440,452659528,1345941504,99055,,,,,"R(i_2,i_1;a_1i_1i_2,a_2i_1i_2)","R(i_2,i_1;a_1i_1i_2,a_2i_1i_2)",,,,"i,i,a,a",";;i_1,i_2;i_1,i_2","7,7,,",7 × 7 × ? × ?,,
2,56,Tensor,leaf,g,10190,,,1843152,1843152,452659528,1345941504,230394,225036,-13.713518793894858,9.824790694343461,0.192547847698342,"g(μ̃_19885,i_4,Κ_1)","g(μ̃_19885,i_4,Κ_1)",,,,"μ̃,i,Κ",;;,"114,7,282",114 × 7 × 282,1800288,1.02381
2,56,Product,intermediate,I,322936,496,1843152,432,432,452659528,1345941504,54,0,0.0,0.0,0.0,"I(i_3,i_4,Κ_1) * g(μ̃_19885,i_4,Κ_1) -> I(i_3,μ̃_19885)","I(i_3,μ̃_19885)","I(i_3,i_4,Κ_1)","g(μ̃_19885,i_4,Κ_1)","I(i_3,μ̃_19885)","i,μ̃",;,"7,114",7 × 114,6384,0.0676692
2,56,Product,intermediate,I,115636,432,432,384,384,452659528,1345941504,48,0,0.0,0.0,0.0,"I(i_3,μ̃_19885) * I(μ̃_19885,i_2) -> I(i_3,i_2)","I(i_3,i_2)","I(i_3,μ̃_19885)","I(μ̃_19885,i_2)","I(i_3,i_2)","i,i",;,"7,7",7 × 7,392,0.979592
2,56,Product,intermediate,I,319356,384,5489512,400,400,452659528,1345941504,50,,,,,"I(i_3,i_2) * I(i_2,i_3,i_1;a_2i_1i_2,a_6i_1i_3) -> I(i_1,i_3,i_2;a_6i_1i_3,a_2i_1i_2)","I(i_1,i_3,i_2;a_6i_1i_3,a_2i_1i_2)","I(i_3,i_2)","I(i_2,i_3,i_1;a_2i_1i_2,a_6i_1i_3)","I(i_1,i_3,i_2;a_6i_1i_3,a_2i_1i_2)","i,i,i,a,a",";;;i_1,i_3;i_1,i_2","7,7,7,,",7 × 7 × 7 × ? × ?,,
2,56,Product,intermediate,I,410830,400,5489512,384,384,452659528,1345941504,48,,,,,"I(i_1,i_3,i_2;a_6i_1i_3,a_2i_1i_2) * I(i_2,i_3,i_1;a_1i_1i_2,a_6i_1i_3) -> I(i_1,i_2;a_1i_1i_2,a_2i_1i_2)","I(i_1,i_2;a_1i_1i_2,a_2i_1i_2)","I(i_1,i_3,i_2;a_6i_1i_3,a_2i_1i_2)","I(i_2,i_3,i_1;a_1i_1i_2,a_6i_1i_3)","I(i_1,i_2;a_1i_1i_2,a_2i_1i_2)","i,i,a,a",";;i_1,i_2;i_1,i_2","7,7,,",7 × 7 × ? × ?,,
2,56,Constant,constant,_const,1106,,,8,8,452659528,1345941504,1,,,,,2,2,,,,,,,scalar,8,1
2,56,Product,residual,R,73453,384,8,384,384,452659528,1345941504,48,,,,,"I(i_1,i_2;a_1i_1i_2,a_2i_1i_2) * 2 -> R(i_1,i_2;a_1i_1i_2,a_2i_1i_2)","R(i_1,i_2;a_1i_1i_2,a_2i_1i_2)","I(i_1,i_2;a_1i_1i_2,a_2i_1i_2)",2,"R(i_1,i_2;a_1i_1i_2,a_2i_1i_2)","i,i,a,a",";;i_1,i_2;i_1,i_2","7,7,,",7 × 7 × ? × ?,,
2,56,Permute,residual,R,60955,,,384,384,452659528,1345941504,48,,,,,"R(i_1,i_2;a_1i_1i_2,a_2i_1i_2)","R(i_1,i_2;a_1i_1i_2,a_2i_1i_2)",,,,"i,i,a,a",";;i_1,i_2;i_1,i_2","7,7,,",7 × 7 × ? × ?,,
2,57,Tensor,leaf,g,7350,,,121536,121536,452659528,1345941504,15192,13818,10.313570711989671,5.229066732803717,0.3618052751837755,"g(i_2,i_3,Κ_1)","g(i_2,i_3,Κ_1)",,,,"i,i,Κ",;;,"7,7,282",7 × 7 × 282,110544,1.09944
2,57,Tensor,leaf,g,8896,,,1843152,1843152,452659528,1345941504,230394,225036,-13.713518793894858,9.824790694343461,0.192547847698342,"g(μ̃_19890,i_4,Κ_1)","g(μ̃_19890,i_4,Κ_1)",,,,"μ̃,i,Κ",;;,"114,7,282",114 × 7 × 282,1800288,1.02381
2,57,Product,intermediate,I,289740,1843152,432,400,400,452659528,1345941504,50,0,0.0,0.0,0.0,"g(μ̃_19890,i_4,Κ_1) * I(μ̃_19890,i_4) -> I(Κ_1)",I(Κ_1),"g(μ̃_19890,i_4,Κ_1)","I(μ̃_19890,i_4)",I(Κ_1),Κ,,282,282,2256,0.177305
2,57,Product,intermediate,I,186877,121536,400,384,384,452659528,1345941504,48,0,0.0,0.0,0.0,"g(i_2,i_3,Κ_1) * I(Κ_1) -> I(i_3,i_2)","I(i_3,i_2)","g(i_2,i_3,Κ_1)",I(Κ_1),"I(i_3,i_2)","i,i",;,"7,7",7 × 7,392,0.979592
2,57,Product,intermediate,I,244382,384,5489512,400,400,452659528,1345941504,50,,,,,"I(i_3,i_2) * I(i_2,i_3,i_1;a_2i_1i_2,a_5i_1i_3) -> I(i_1,i_2,i_3;a_2i_1i_2,a_5i_1i_3)","I(i_1,i_2,i_3;a_2i_1i_2,a_5i_1i_3)","I(i_3,i_2)","I(i_2,i_3,i_1;a_2i_1i_2,a_5i_1i_3)","I(i_1,i_2,i_3;a_2i_1i_2,a_5i_1i_3)","i,i,i,a,a",";;;i_1,i_2;i_1,i_3","7,7,7,,",7 × 7 × 7 × ? × ?,,
2,57,Product,intermediate,I,297878,400,5489512,384,384,452659528,1345941504,48,,,,,"I(i_1,i_2,i_3;a_2i_1i_2,a_5i_1i_3) * I(i_2,i_3,i_1;a_1i_1i_2,a_5i_1i_3) -> I(i_2,i_1;a_2i_1i_2,a_1i_1i_2)","I(i_2,i_1;a_2i_1i_2,a_1i_1i_2)","I(i_1,i_2,i_3;a_2i_1i_2,a_5i_1i_3)","I(i_2,i_3,i_1;a_1i_1i_2,a_5i_1i_3)","I(i_2,i_1;a_2i_1i_2,a_1i_1i_2)","i,i,a,a",";;i_1,i_2;i_1,i_2","7,7,,",7 × 7 × ? × ?,,
2,57,Constant,constant,_const,1145,,,8,8,452659528,1345941504,1,,,,,-4,-4,,,,,,,scalar,8,1
2,57,Product,residual,R,74679,384,8,384,384,452659528,1345941504,48,,,,,"I(i_2,i_1;a_2i_1i_2,a_1i_1i_2) * -4 -> R(i_2,i_1;a_2i_1i_2,a_1i_1i_2)","R(i_2,i_1;a_2i_1i_2,a_1i_1i_2)","I(i_2,i_1;a_2i_1i_2,a_1i_1i_2)",-4,"R(i_2,i_1;a_2i_1i_2,a_1i_1i_2)","i,i,a,a",";;i_1,i_2;i_1,i_2","7,7,,",7 × 7 × ? × ?,,
2,57,Permute,residual,R,66716,,,384,384,452659528,1345941504,48,,,,,"R(i_2,i_1;a_2i_1i_2,a_1i_1i_2)","R(i_2,i_1;a_2i_1i_2,a_1i_1i_2)",,,,"i,i,a,a",";;i_1,i_2;i_1,i_2","7,7,,",7 × 7 × ? × ?,,
2,58,Product,intermediate,I,7581892,5489512,5489512,792440,792440,452659528,1345941504,99055,,,,,"I(i_2,i_1,i_3;a_1i_1i_2,a_4i_2i_3) * I(i_1,i_3,i_2;a_2i_1i_2,a_4i_2i_3) -> I(i_1,i_2;a_1i_1i_2,a_2i_1i_2)","I(i_1,i_2;a_1i_1i_2,a_2i_1i_2)","I(i_2,i_1,i_3;a_1i_1i_2,a_4i_2i_3)","I(i_1,i_3,i_2;a_2i_1i_2,a_4i_2i_3)","I(i_1,i_2;a_1i_1i_2,a_2i_1i_2)","i,i,a,a",";;i_1,i_2;i_1,i_2","7,7,,",7 × 7 × ? × ?,,
2,58,Constant,constant,_const,2379,,,8,8,452659528,1345941504,1,,,,,-2,-2,,,,,,,scalar,8,1
2,58,Product,residual,R,89569,792440,8,792440,792440,452659528,1345941504,99055,,,,,"I(i_1,i_2;a_1i_1i_2,a_2i_1i_2) * -2 -> R(i_1,i_2;a_1i_1i_2,a_2i_1i_2)","R(i_1,i_2;a_1i_1i_2,a_2i_1i_2)","I(i_1,i_2;a_1i_1i_2,a_2i_1i_2)",-2,"R(i_1,i_2;a_1i_1i_2,a_2i_1i_2)","i,i,a,a",";;i_1,i_2;i_1,i_2","7,7,,",7 × 7 × ? × ?,,
2,58,Permute,residual,R,97749,,,792440,792440,452659528,1345941504,99055,,,,,"R(i_1,i_2;a_1i_1i_2,a_2i_1i_2)","R(i_1,i_2;a_1i_1i_2,a_2i_1i_2)",,,,"i,i,a,a",";;i_1,i_2;i_1,i_2","7,7,,",7 × 7 × ? × ?,,
2,59,Tensor,leaf,g,24351,,,1843152,1843152,452659528,1345941504,230394,225036,-13.713518793894858,9.824790694343461,0.192547847698342,"g(μ̃_19934,i_4,Κ_1)","g(μ̃_19934,i_4,Κ_1)",,,,"μ̃,i,Κ",;;,"114,7,282",114 × 7 × 282,1800288,1.02381
2,59,Product,intermediate,I,248315,400,1843152,432,432,452659528,1345941504,54,0,0.0,0.0,0.0,"I(Κ_1) * g(μ̃_19934,i_4,Κ_1) -> I(i_4,μ̃_19934)","I(i_4,μ̃_19934)",I(Κ_1),"g(μ̃_19934,i_4,Κ_1)","I(i_4,μ̃_19934)","i,μ̃",;,"7,114",7 × 114,6384,0.0676692
2,59,Product,intermediate,I,123560,432,432,384,384,452659528,1345941504,48,0,0.0,0.0,0.0,"I(i_4,μ̃_19934) * I(μ̃_19934,i_2) -> I(i_4,i_2)","I(i_4,i_2)","I(i_4,μ̃_19934)","I(μ̃_19934,i_2)","I(i_4,i_2)","i,i",;,"7,7",7 × 7,392,0.979592
2,59,Product,intermediate,I,301091,384,5489512,400,400,452659528,1345941504,50,,,,,"I(i_4,i_2) * I(i_2,i_4,i_1;a_2i_1i_2,a_6i_1i_4) -> I(i_1,i_4,i_2;a_6i_1i_4,a_2i_1i_2)","I(i_1,i_4,i_2;a_6i_1i_4,a_2i_1i_2)","I(i_4,i_2)","I(i_2,i_4,i_1;a_2i_1i_2,a_6i_1i_4)","I(i_1,i_4,i_2;a_6i_1i_4,a_2i_1i_2)","i,i,i,a,a",";;;i_1,i_4;i_1,i_2","7,7,7,,",7 × 7 × 7 × ? × ?,,
2,59,Product,intermediate,I,384699,400,5489512,384,384,452659528,1345941504,48,,,,,"I(i_1,i_4,i_2;a_6i_1i_4,a_2i_1i_2) * I(i_2,i_4,i_1;a_1i_1i_2,a_6i_1i_4) -> I(i_1,i_2;a_1i_1i_2,a_2i_1i_2)","I(i_1,i_2;a_1i_1i_2,a_2i_1i_2)","I(i_1,i_4,i_2;a_6i_1i_4,a_2i_1i_2)","I(i_2,i_4,i_1;a_1i_1i_2,a_6i_1i_4)","I(i_1,i_2;a_1i_1i_2,a_2i_1i_2)","i,i,a,a",";;i_1,i_2;i_1,i_2","7,7,,",7 × 7 × ? × ?,,
2,59,Constant,constant,_const,1225,,,8,8,452659528,1345941504,1,,,,,-4,-4,,,,,,,scalar,8,1
2,59,Product,residual,R,71999,384,8,384,384,452659528,1345941504,48,,,,,"I(i_1,i_2;a_1i_1i_2,a_2i_1i_2) * -4 -> R(i_1,i_2;a_1i_1i_2,a_2i_1i_2)","R(i_1,i_2;a_1i_1i_2,a_2i_1i_2)","I(i_1,i_2;a_1i_1i_2,a_2i_1i_2)",-4,"R(i_1,i_2;a_1i_1i_2,a_2i_1i_2)","i,i,a,a",";;i_1,i_2;i_1,i_2","7,7,,",7 × 7 × ? × ?,,
2,59,Permute,residual,R,74331,,,384,384,452659528,1345941504,48,,,,,"R(i_1,i_2;a_1i_1i_2,a_2i_1i_2)","R(i_1,i_2;a_1i_1i_2,a_2i_1i_2)",,,,"i,i,a,a",";;i_1,i_2;i_1,i_2","7,7,,",7 × 7 × ? × ?,,
2,60,Tensor,leaf,t,3268,,,792440,792440,452659528,1345941504,99055,,,,,"t(i_2,i_3;a_4i_2i_3,a_3i_2i_3)","t(i_2,i_3;a_4i_2i_3,a_3i_2i_3)",,,,"i,i,a,a",";;i_2,i_3;i_2,i_3","7,7,,",7 × 7 × ? × ?,,
2,60,Product,intermediate,I,6626022,5489512,792440,5489512,5489512,452659528,1345941504,686189,,,,,"I(i_2,i_3,i_1;a_3i_2i_3,a_1i_1i_2) * t(i_2,i_3;a_4i_2i_3,a_3i_2i_3) -> I(i_3,i_1,i_2;a_1i_1i_2,a_4i_2i_3)","I(i_3,i_1,i_2;a_1i_1i_2,a_4i_2i_3)","I(i_2,i_3,i_1;a_3i_2i_3,a_1i_1i_2)","t(i_2,i_3;a_4i_2i_3,a_3i_2i_3)","I(i_3,i_1,i_2;a_1i_1i_2,a_4i_2i_3)","i,i,i,a,a",";;;i_1,i_2;i_2,i_3","7,7,7,,",7 × 7 × 7 × ? × ?,,
2,60,Product,intermediate,I,6156638,5489512,5489512,792440,792440,452659528,1345941504,99055,,,,,"I(i_3,i_1,i_2;a_1i_1i_2,a_4i_2i_3) * I(i_1,i_3,i_2;a_2i_1i_2,a_4i_2i_3) -> I(i_1,i_2;a_1i_1i_2,a_2i_1i_2)","I(i_1,i_2;a_1i_1i_2,a_2i_1i_2)","I(i_3,i_1,i_2;a_1i_1i_2,a_4i_2i_3)","I(i_1,i_3,i_2;a_2i_1i_2,a_4i_2i_3)","I(i_1,i_2;a_1i_1i_2,a_2i_1i_2)","i,i,a,a",";;i_1,i_2;i_1,i_2","7,7,,",7 × 7 × ? × ?,,
2,60,Constant,constant,_const,1919,,,8,8,452659528,1345941504,1,,,,,-2,-2,,,,,,,scalar,8,1
2,60,Product,residual,R,100357,792440,8,792440,792440,452659528,1345941504,99055,,,,,"I(i_1,i_2;a_1i_1i_2,a_2i_1i_2) * -2 -> R(i_1,i_2;a_1i_1i_2,a_2i_1i_2)","R(i_1,i_2;a_1i_1i_2,a_2i_1i_2)","I(i_1,i_2;a_1i_1i_2,a_2i_1i_2)",-2,"R(i_1,i_2;a_1i_1i_2,a_2i_1i_2)","i,i,a,a",";;i_1,i_2;i_1,i_2","7,7,,",7 × 7 × ? × ?,,
2,60,Permute,residual,R,74576,,,792440,792440,452659528,1345941504,99055,,,,,"R(i_1,i_2;a_1i_1i_2,a_2i_1i_2)","R(i_1,i_2;a_1i_1i_2,a_2i_1i_2)",,,,"i,i,a,a",";;i_1,i_2;i_1,i_2","7,7,,",7 × 7 × ? × ?,,
2,61,Tensor,leaf,t,2102,,,792440,792440,452659528,1345941504,99055,,,,,"t(i_3,i_2;a_4i_2i_3,a_3i_2i_3)","t(i_3,i_2;a_4i_2i_3,a_3i_2i_3)",,,,"i,i,a,a",";;i_2,i_3;i_2,i_3","7,7,,",7 × 7 × ? × ?,,
2,61,Product,intermediate,I,5886834,5489512,792440,5489512,5489512,452659528,1345941504,686189,,,,,"I(i_2,i_3,i_1;a_3i_2i_3,a_2i_1i_2) * t(i_3,i_2;a_4i_2i_3,a_3i_2i_3) -> I(i_3,i_1,i_2;a_2i_1i_2,a_4i_2i_3)","I(i_3,i_1,i_2;a_2i_1i_2,a_4i_2i_3)","I(i_2,i_3,i_1;a_3i_2i_3,a_2i_1i_2)","t(i_3,i_2;a_4i_2i_3,a_3i_2i_3)","I(i_3,i_1,i_2;a_2i_1i_2,a_4i_2i_3)","i,i,i,a,a",";;;i_1,i_2;i_2,i_3","7,7,7,,",7 × 7 × 7 × ? × ?,,
2,61,Product,intermediate,I,7778010,5489512,5489512,792440,792440,452659528,1345941504,99055,,,,,"I(i_3,i_1,i_2;a_2i_1i_2,a_4i_2i_3) * I(i_1,i_3,i_2;a_1i_1i_2,a_4i_2i_3) -> I(i_1,i_2;a_1i_1i_2,a_2i_1i_2)","I(i_1,i_2;a_1i_1i_2,a_2i_1i_2)","I(i_3,i_1,i_2;a_2i_1i_2,a_4i_2i_3)","I(i_1,i_3,i_2;a_1i_1i_2,a_4i_2i_3)","I(i_1,i_2;a_1i_1i_2,a_2i_1i_2)","i,i,a,a",";;i_1,i_2;i_1,i_2","7,7,,",7 × 7 × ? × ?,,
2,61,Constant,constant,_const,1736,,,8,8,452659528,1345941504,1,,,,,-2,-2,,,,,,,scalar,8,1
2,61,Product,residual,R,91168,792440,8,792440,792440,452659528,1345941504,99055,,,,,"I(i_1,i_2;a_1i_1i_2,a_2i_1i_2) * -2 -> R(i_1,i_2;a_1i_1i_2,a_2i_1i_2)","R(i_1,i_2;a_1i_1i_2,a_2i_1i_2)","I(i_1,i_2;a_1i_1i_2,a_2i_1i_2)",-2,"R(i_1,i_2;a_1i_1i_2,a_2i_1i_2)","i,i,a,a",";;i_1,i_2;i_1,i_2","7,7,,",7 × 7 × ? × ?,,
2,61,Permute,residual,R,108561,,,792440,792440,452659528,1345941504,99055,,,,,"R(i_1,i_2;a_1i_1i_2,a_2i_1i_2)","R(i_1,i_2;a_1i_1i_2,a_2i_1i_2)",,,,"i,i,a,a",";;i_1,i_2;i_1,i_2","7,7,,",7 × 7 × ? × ?,,
2,62,Tensor,leaf,C,18551,,,2207664,2207664,452659528,1345941504,275958,,,,,"C(i_3,i_1,μ̃_19783;a_4i_1i_3)","C(i_3,i_1,μ̃_19783;a_4i_1i_3)",,,,"i,i,μ̃,a",";;;i_1,i_3","7,7,114,",7 × 7 × 114 × ?,,
2,62,Product,intermediate,I,477083,624,2207664,432,432,452659528,1345941504,54,,,,,"I(i_4,i_3,μ̃_19783,i_2) * C(i_3,i_1,μ̃_19783;a_4i_1i_3) -> I(i_1,i_4,i_3,i_2;a_4i_1i_3)","I(i_1,i_4,i_3,i_2;a_4i_1i_3)","I(i_4,i_3,μ̃_19783,i_2)","C(i_3,i_1,μ̃_19783;a_4i_1i_3)","I(i_1,i_4,i_3,i_2;a_4i_1i_3)","i,i,i,i,a",";;;;i_1,i_3","7,7,7,7,",7 × 7 × 7 × 7 × ?,,
2,62,Tensor,leaf,t,2658,,,792440,792440,452659528,1345941504,99055,,,,,"t(i_3,i_1;a_6i_1i_3,a_4i_1i_3)","t(i_3,i_1;a_6i_1i_3,a_4i_1i_3)",,,,"i,i,a,a",";;i_1,i_3;i_1,i_3","7,7,,",7 × 7 × ? × ?,,
2,62,Product,intermediate,I,320167,432,792440,432,432,452659528,1345941504,54,,,,,"I(i_1,i_4,i_3,i_2;a_4i_1i_3) * t(i_3,i_1;a_6i_1i_3,a_4i_1i_3) -> I(i_3,i_4,i_2,i_1;a_6i_1i_3)","I(i_3,i_4,i_2,i_1;a_6i_1i_3)","I(i_1,i_4,i_3,i_2;a_4i_1i_3)","t(i_3,i_1;a_6i_1i_3,a_4i_1i_3)","I(i_3,i_4,i_2,i_1;a_6i_1i_3)","i,i,i,i,a",";;;;i_1,i_3","7,7,7,7,",7 × 7 × 7 × 7 × ?,,
2,62,Product,intermediate,I,376633,432,5489512,400,400,452659528,1345941504,50,,,,,"I(i_3,i_4,i_2,i_1;a_6i_1i_3) * I(i_2,i_3,i_1;a_2i_1i_2,a_6i_1i_3) -> I(i_4,i_2,i_1;a_2i_1i_2)","I(i_4,i_2,i_1;a_2i_1i_2)","I(i_3,i_4,i_2,i_1;a_6i_1i_3)","I(i_2,i_3,i_1;a_2i_1i_2,a_6i_1i_3)","I(i_4,i_2,i_1;a_2i_1i_2)","i,i,i,a",";;;i_1,i_2","7,7,7,",7 × 7 × 7 × ?,,
2,62,Product,intermediate,I,242683,400,400,384,384,452659528,1345941504,48,,,,,"I(i_4,i_2,i_1;a_2i_1i_2) * I(i_2,i_1,i_4;a_1i_1i_2) -> I(i_1,i_2;a_2i_1i_2,a_1i_1i_2)","I(i_1,i_2;a_2i_1i_2,a_1i_1i_2)","I(i_4,i_2,i_1;a_2i_1i_2)","I(i_2,i_1,i_4;a_1i_1i_2)","I(i_1,i_2;a_2i_1i_2,a_1i_1i_2)","i,i,a,a",";;i_1,i_2;i_1,i_2","7,7,,",7 × 7 × ? × ?,,
2,62,Constant,constant,_const,1084,,,8,8,452659528,1345941504,1,,,,,2,2,,,,,,,scalar,8,1
2,62,Product,residual,R,68200,384,8,384,384,452659528,1345941504,48,,,,,"I(i_1,i_2;a_2i_1i_2,a_1i_1i_2) * 2 -> R(i_1,i_2;a_2i_1i_2,a_1i_1i_2)","R(i_1,i_2;a_2i_1i_2,a_1i_1i_2)","I(i_1,i_2;a_2i_1i_2,a_1i_1i_2)",2,"R(i_1,i_2;a_2i_1i_2,a_1i_1i_2)","i,i,a,a",";;i_1,i_2;i_1,i_2","7,7,,",7 × 7 × ? × ?,,
2,62,Permute,residual,R,67643,,,384,384,452659528,1345941504,48,,,,,"R(i_1,i_2;a_2i_1i_2,a_1i_1i_2)","R(i_1,i_2;a_2i_1i_2,a_1i_1i_2)",,,,"i,i,a,a",";;i_1,i_2;i_1,i_2","7,7,,",7 × 7 × ? × ?,,
2,63,Tensor,leaf,t,1303,,,792440,792440,452659528,1345941504,99055,,,,,"t(i_1,i_3;a_5i_1i_3,a_4i_1i_3)","t(i_1,i_3;a_5i_1i_3,a_4i_1i_3)",,,,"i,i,a,a",";;i_1,i_3;i_1,i_3","7,7,,",7 × 7 × ? × ?,,
2,63,Product,intermediate,I,226578,432,792440,432,432,452659528,1345941504,54,,,,,"I(i_1,i_4,i_3,i_2;a_4i_1i_3) * t(i_1,i_3;a_5i_1i_3,a_4i_1i_3) -> I(i_3,i_4,i_2,i_1;a_5i_1i_3)","I(i_3,i_4,i_2,i_1;a_5i_1i_3)","I(i_1,i_4,i_3,i_2;a_4i_1i_3)","t(i_1,i_3;a_5i_1i_3,a_4i_1i_3)","I(i_3,i_4,i_2,i_1;a_5i_1i_3)","i,i,i,i,a",";;;;i_1,i_3","7,7,7,7,",7 × 7 × 7 × 7 × ?,,
2,63,Product,intermediate,I,370641,432,5489512,400,400,452659528,1345941504,50,,,,,"I(i_3,i_4,i_2,i_1;a_5i_1i_3) * I(i_3,i_2,i_1;a_5i_1i_3,a_1i_1i_2) -> I(i_4,i_2,i_1;a_1i_1i_2)","I(i_4,i_2,i_1;a_1i_1i_2)","I(i_3,i_4,i_2,i_1;a_5i_1i_3)","I(i_3,i_2,i_1;a_5i_1i_3,a_1i_1i_2)","I(i_4,i_2,i_1;a_1i_1i_2)","i,i,i,a",";;;i_1,i_2","7,7,7,",7 × 7 × 7 × ?,,
2,63,Product,intermediate,I,275482,400,400,384,384,452659528,1345941504,48,,,,,"I(i_4,i_2,i_1;a_1i_1i_2) * I(i_2,i_1,i_4;a_2i_1i_2) -> I(i_1,i_2;a_1i_1i_2,a_2i_1i_2)","I(i_1,i_2;a_1i_1i_2,a_2i_1i_2)","I(i_4,i_2,i_1;a_1i_1i_2)","I(i_2,i_1,i_4;a_2i_1i_2)","I(i_1,i_2;a_1i_1i_2,a_2i_1i_2)","i,i,a,a",";;i_1,i_2;i_1,i_2","7,7,,",7 × 7 × ? × ?,,
2,63,Constant,constant,_const,893,,,8,8,452659528,1345941504,1,,,,,2,2,,,,,,,scalar,8,1
2,63,Product,residual,R,71722,384,8,384,384,452659528,1345941504,48,,,,,"I(i_1,i_2;a_1i_1i_2,a_2i_1i_2) * 2 -> R(i_1,i_2;a_1i_1i_2,a_2i_1i_2)","R(i_1,i_2;a_1i_1i_2,a_2i_1i_2)","I(i_1,i_2;a_1i_1i_2,a_2i_1i_2)",2,"R(i_1,i_2;a_1i_1i_2,a_2i_1i_2)","i,i,a,a",";;i_1,i_2;i_1,i_2","7,7,,",7 × 7 × ? × ?,,
2,63,Permute,residual,R,62858,,,384,384,452659528,1345941504,48,,,,,"R(i_1,i_2;a_1i_1i_2,a_2i_1i_2)","R(i_1,i_2;a_1i_1i_2,a_2i_1i_2)",,,,"i,i,a,a",";;i_1,i_2;i_1,i_2","7,7,,",7 × 7 × ? × ?,,
2,64,Tensor,leaf,t,1598,,,792440,792440,452659528,1345941504,99055,,,,,"t(i_3,i_2;a_4i_2i_3,a_3i_2i_3)","t(i_3,i_2;a_4i_2i_3,a_3i_2i_3)",,,,"i,i,a,a",";;i_2,i_3;i_2,i_3","7,7,,",7 × 7 × ? × ?,,
2,64,Product,intermediate,I,6625525,5489512,792440,5489512,5489512,452659528,1345941504,686189,,,,,"I(i_2,i_1,i_3;a_1i_1i_2,a_3i_2i_3) * t(i_3,i_2;a_4i_2i_3,a_3i_2i_3) -> I(i_3,i_1,i_2;a_4i_2i_3,a_1i_1i_2)","I(i_3,i_1,i_2;a_4i_2i_3,a_1i_1i_2)","I(i_2,i_1,i_3;a_1i_1i_2,a_3i_2i_3)","t(i_3,i_2;a_4i_2i_3,a_3i_2i_3)","I(i_3,i_1,i_2;a_4i_2i_3,a_1i_1i_2)","i,i,i,a,a",";;;i_2,i_3;i_1,i_2","7,7,7,,",7 × 7 × 7 × ? × ?,,
2,64,Product,intermediate,I,8019650,5489512,5489512,792440,792440,452659528,1345941504,99055,,,,,"I(i_3,i_1,i_2;a_4i_2i_3,a_1i_1i_2) * I(i_1,i_3,i_2;a_2i_1i_2,a_4i_2i_3) -> I(i_1,i_2;a_1i_1i_2,a_2i_1i_2)","I(i_1,i_2;a_1i_1i_2,a_2i_1i_2)","I(i_3,i_1,i_2;a_4i_2i_3,a_1i_1i_2)","I(i_1,i_3,i_2;a_2i_1i_2,a_4i_2i_3)","I(i_1,i_2;a_1i_1i_2,a_2i_1i_2)","i,i,a,a",";;i_1,i_2;i_1,i_2","7,7,,",7 × 7 × ? × ?,,
2,64,Constant,constant,_const,2159,,,8,8,452659528,1345941504,1,,,,,-2,-2,,,,,,,scalar,8,1
2,64,Product,residual,R,129128,792440,8,792440,792440,452659528,1345941504,99055,,,,,"I(i_1,i_2;a_1i_1i_2,a_2i_1i_2) * -2 -> R(i_1,i_2;a_1i_1i_2,a_2i_1i_2)","R(i_1,i_2;a_1i_1i_2,a_2i_1i_2)","I(i_1,i_2;a_1i_1i_2,a_2i_1i_2)",-2,"R(i_1,i_2;a_1i_1i_2,a_2i_1i_2)","i,i,a,a",";;i_1,i_2;i_1,i_2","7,7,,",7 × 7 × ? × ?,,
2,64,Permute,residual,R,101305,,,792440,792440,452659528,1345941504,99055,,,,,"R(i_1,i_2;a_1i_1i_2,a_2i_1i_2)","R(i_1,i_2;a_1i_1i_2,a_2i_1i_2)",,,,"i,i,a,a",";;i_1,i_2;i_1,i_2","7,7,,",7 × 7 × ? × ?,,
2,65,Tensor,leaf,t,1801,,,792440,792440,452659528,1345941504,99055,,,,,"t(i_2,i_3;a_4i_2i_3,a_3i_2i_3)","t(i_2,i_3;a_4i_2i_3,a_3i_2i_3)",,,,"i,i,a,a",";;i_2,i_3;i_2,i_3","7,7,,",7 × 7 × ? × ?,,
2,65,Product,intermediate,I,5132472,5489512,792440,5489512,5489512,452659528,1345941504,686189,,,,,"I(i_2,i_1,i_3;a_1i_1i_2,a_3i_2i_3) * t(i_2,i_3;a_4i_2i_3,a_3i_2i_3) -> I(i_3,i_1,i_2;a_4i_2i_3,a_1i_1i_2)","I(i_3,i_1,i_2;a_4i_2i_3,a_1i_1i_2)","I(i_2,i_1,i_3;a_1i_1i_2,a_3i_2i_3)","t(i_2,i_3;a_4i_2i_3,a_3i_2i_3)","I(i_3,i_1,i_2;a_4i_2i_3,a_1i_1i_2)","i,i,i,a,a",";;;i_2,i_3;i_1,i_2","7,7,7,,",7 × 7 × 7 × ? × ?,,
2,65,Product,intermediate,I,5963098,5489512,5489512,792440,792440,452659528,1345941504,99055,,,,,"I(i_3,i_1,i_2;a_4i_2i_3,a_1i_1i_2) * I(i_1,i_3,i_2;a_2i_1i_2,a_4i_2i_3) -> I(i_1,i_2;a_2i_1i_2,a_1i_1i_2)","I(i_1,i_2;a_2i_1i_2,a_1i_1i_2)","I(i_3,i_1,i_2;a_4i_2i_3,a_1i_1i_2)","I(i_1,i_3,i_2;a_2i_1i_2,a_4i_2i_3)","I(i_1,i_2;a_2i_1i_2,a_1i_1i_2)","i,i,a,a",";;i_1,i_2;i_1,i_2","7,7,,",7 × 7 × ? × ?,,
2,65,Constant,constant,_const,2225,,,8,8,452659528,1345941504,1,,,,,4,4,,,,,,,scalar,8,1
2,65,Product,residual,R,131126,792440,8,792440,792440,452659528,1345941504,99055,,,,,"I(i_1,i_2;a_2i_1i_2,a_1i_1i_2) * 4 -> R(i_1,i_2;a_2i_1i_2,a_1i_1i_2)","R(i_1,i_2;a_2i_1i_2,a_1i_1i_2)","I(i_1,i_2;a_2i_1i_2,a_1i_1i_2)",4,"R(i_1,i_2;a_2i_1i_2,a_1i_1i_2)","i,i,a,a",";;i_1,i_2;i_1,i_2","7,7,,",7 × 7 × ? × ?,,
2,65,Permute,residual,R,98111,,,792440,792440,452659528,1345941504,99055,,,,,"R(i_1,i_2;a_2i_1i_2,a_1i_1i_2)","R(i_1,i_2;a_2i_1i_2,a_1i_1i_2)",,,,"i,i,a,a",";;i_1,i_2;i_1,i_2","7,7,,",7 × 7 × ? × ?,,
2,66,Tensor,leaf,t,2553,,,792440,792440,452659528,1345941504,99055,,,,,"t(i_1,i_4;a_5i_1i_4,a_4i_1i_4)","t(i_1,i_4;a_5i_1i_4,a_4i_1i_4)",,,,"i,i,a,a",";;i_1,i_4;i_1,i_4","7,7,,",7 × 7 × ? × ?,,
2,66,Product,intermediate,I,252820,432,792440,432,432,452659528,1345941504,54,,,,,"I(i_1,i_3,i_4,i_2;a_4i_1i_4) * t(i_1,i_4;a_5i_1i_4,a_4i_1i_4) -> I(i_4,i_3,i_2,i_1;a_5i_1i_4)","I(i_4,i_3,i_2,i_1;a_5i_1i_4)","I(i_1,i_3,i_4,i_2;a_4i_1i_4)","t(i_1,i_4;a_5i_1i_4,a_4i_1i_4)","I(i_4,i_3,i_2,i_1;a_5i_1i_4)","i,i,i,i,a",";;;;i_1,i_4","7,7,7,7,",7 × 7 × 7 × 7 × ?,,
2,66,Product,intermediate,I,414665,432,5489512,400,400,452659528,1345941504,50,,,,,"I(i_4,i_3,i_2,i_1;a_5i_1i_4) * I(i_4,i_2,i_1;a_5i_1i_4,a_1i_1i_2) -> I(i_3,i_2,i_1;a_1i_1i_2)","I(i_3,i_2,i_1;a_1i_1i_2)","I(i_4,i_3,i_2,i_1;a_5i_1i_4)","I(i_4,i_2,i_1;a_5i_1i_4,a_1i_1i_2)","I(i_3,i_2,i_1;a_1i_1i_2)","i,i,i,a",";;;i_1,i_2","7,7,7,",7 × 7 × 7 × ?,,
2,66,Product,intermediate,I,246613,400,400,384,384,452659528,1345941504,48,,,,,"I(i_3,i_2,i_1;a_1i_1i_2) * I(i_2,i_1,i_3;a_2i_1i_2) -> I(i_1,i_2;a_1i_1i_2,a_2i_1i_2)","I(i_1,i_2;a_1i_1i_2,a_2i_1i_2)","I(i_3,i_2,i_1;a_1i_1i_2)","I(i_2,i_1,i_3;a_2i_1i_2)","I(i_1,i_2;a_1i_1i_2,a_2i_1i_2)","i,i,a,a",";;i_1,i_2;i_1,i_2","7,7,,",7 × 7 × ? × ?,,
2,66,Constant,constant,_const,1274,,,8,8,452659528,1345941504,1,,,,,-4,-4,,,,,,,scalar,8,1
2,66,Product,residual,R,66327,384,8,384,384,452659528,1345941504,48,,,,,"I(i_1,i_2;a_1i_1i_2,a_2i_1i_2) * -4 -> R(i_1,i_2;a_1i_1i_2,a_2i_1i_2)","R(i_1,i_2;a_1i_1i_2,a_2i_1i_2)","I(i_1,i_2;a_1i_1i_2,a_2i_1i_2)",-4,"R(i_1,i_2;a_1i_1i_2,a_2i_1i_2)","i,i,a,a",";;i_1,i_2;i_1,i_2","7,7,,",7 × 7 × ? × ?,,
2,66,Permute,residual,R,73854,,,384,384,452659528,1345941504,48,,,,,"R(i_1,i_2;a_1i_1i_2,a_2i_1i_2)","R(i_1,i_2;a_1i_1i_2,a_2i_1i_2)",,,,"i,i,a,a",";;i_1,i_2;i_1,i_2","7,7,,",7 × 7 × ? × ?,,
2,67,Tensor,leaf,C,16759,,,2207664,2207664,452659528,1345941504,275958,,,,,"C(i_2,i_1,μ̃_19721;a_4i_1i_2)","C(i_2,i_1,μ̃_19721;a_4i_1i_2)",,,,"i,i,μ̃,a",";;;i_1,i_2","7,7,114,",7 × 7 × 114 × ?,,
2,67,Product,intermediate,I,238534,432,2207664,400,400,452659528,1345941504,50,,,,,"I(i_3,μ̃_19721) * C(i_2,i_1,μ̃_19721;a_4i_1i_2) -> I(i_2,i_1,i_3;a_4i_1i_2)","I(i_2,i_1,i_3;a_4i_1i_2)","I(i_3,μ̃_19721)","C(i_2,i_1,μ̃_19721;a_4i_1i_2)","I(i_2,i_1,i_3;a_4i_1i_2)","i,i,i,a",";;;i_1,i_2","7,7,7,",7 × 7 × 7 × ?,,
2,67,Tensor,leaf,t,1638,,,792440,792440,452659528,1345941504,99055,,,,,"t(i_2,i_1;a_4i_1i_2,a_1i_1i_2)","t(i_2,i_1;a_4i_1i_2,a_1i_1i_2)",,,,"i,i,a,a",";;i_1,i_2;i_1,i_2","7,7,,",7 × 7 × ? × ?,,
2,67,Product,intermediate,I,237384,400,792440,400,400,452659528,1345941504,50,,,,,"I(i_2,i_1,i_3;a_4i_1i_2) * t(i_2,i_1;a_4i_1i_2,a_1i_1i_2) -> I(i_3,i_2,i_1;a_1i_1i_2)","I(i_3,i_2,i_1;a_1i_1i_2)","I(i_2,i_1,i_3;a_4i_1i_2)","t(i_2,i_1;a_4i_1i_2,a_1i_1i_2)","I(i_3,i_2,i_1;a_1i_1i_2)","i,i,i,a",";;;i_1,i_2","7,7,7,",7 × 7 × 7 × ?,,
2,67,Product,intermediate,I,348092,400,400,384,384,452659528,1345941504,48,,,,,"I(i_3,i_2,i_1;a_1i_1i_2) * I(i_2,i_1,i_3;a_2i_1i_2) -> I(i_1,i_2;a_2i_1i_2,a_1i_1i_2)","I(i_1,i_2;a_2i_1i_2,a_1i_1i_2)","I(i_3,i_2,i_1;a_1i_1i_2)","I(i_2,i_1,i_3;a_2i_1i_2)","I(i_1,i_2;a_2i_1i_2,a_1i_1i_2)","i,i,a,a",";;i_1,i_2;i_1,i_2","7,7,,",7 × 7 × ? × ?,,
2,67,Constant,constant,_const,977,,,8,8,452659528,1345941504,1,,,,,2,2,,,,,,,scalar,8,1
2,67,Product,residual,R,97467,384,8,384,384,452659528,1345941504,48,,,,,"I(i_1,i_2;a_2i_1i_2,a_1i_1i_2) * 2 -> R(i_1,i_2;a_2i_1i_2,a_1i_1i_2)","R(i_1,i_2;a_2i_1i_2,a_1i_1i_2)","I(i_1,i_2;a_2i_1i_2,a_1i_1i_2)",2,"R(i_1,i_2;a_2i_1i_2,a_1i_1i_2)","i,i,a,a",";;i_1,i_2;i_1,i_2","7,7,,",7 × 7 × ? × ?,,
2,67,Permute,residual,R,82467,,,384,384,452659528,1345941504,48,,,,,"R(i_1,i_2;a_2i_1i_2,a_1i_1i_2)","R(i_1,i_2;a_2i_1i_2,a_1i_1i_2)",,,,"i,i,a,a",";;i_1,i_2;i_1,i_2","7,7,,",7 × 7 × ? × ?,,
2,68,Product,intermediate,I,196682,496,880,624,624,452659528,1345941504,78,0,0.0,0.0,0.0,"I(i_3,i_2,Κ_1) * I(μ̃_19748,i_1,Κ_1) -> I(i_3,μ̃_19748,i_1,i_2)","I(i_3,μ̃_19748,i_1,i_2)","I(i_3,i_2,Κ_1)","I(μ̃_19748,i_1,Κ_1)","I(i_3,μ̃_19748,i_1,i_2)","i,μ̃,i,i",;;;,"7,114,7,7",7 × 114 × 7 × 7,312816,0.00199478
2,68,Tensor,leaf,C,10034,,,2207664,2207664,452659528,1345941504,275958,,,,,"C(i_2,i_1,μ̃_19748;a_1i_1i_2)","C(i_2,i_1,μ̃_19748;a_1i_1i_2)",,,,"i,i,μ̃,a",";;;i_1,i_2","7,7,114,",7 × 7 × 114 × ?,,
2,68,Product,intermediate,I,412719,624,2207664,400,400,452659528,1345941504,50,,,,,"I(i_3,μ̃_19748,i_1,i_2) * C(i_2,i_1,μ̃_19748;a_1i_1i_2) -> I(i_3,i_1,i_2;a_1i_1i_2)","I(i_3,i_1,i_2;a_1i_1i_2)","I(i_3,μ̃_19748,i_1,i_2)","C(i_2,i_1,μ̃_19748;a_1i_1i_2)","I(i_3,i_1,i_2;a_1i_1i_2)","i,i,i,a",";;;i_1,i_2","7,7,7,",7 × 7 × 7 × ?,,
2,68,Product,intermediate,I,262059,400,400,384,384,452659528,1345941504,48,,,,,"I(i_3,i_1,i_2;a_1i_1i_2) * I(i_2,i_1,i_3;a_2i_1i_2) -> I(i_1,i_2;a_1i_1i_2,a_2i_1i_2)","I(i_1,i_2;a_1i_1i_2,a_2i_1i_2)","I(i_3,i_1,i_2;a_1i_1i_2)","I(i_2,i_1,i_3;a_2i_1i_2)","I(i_1,i_2;a_1i_1i_2,a_2i_1i_2)","i,i,a,a",";;i_1,i_2;i_1,i_2","7,7,,",7 × 7 × ? × ?,,
2,68,Constant,constant,_const,1477,,,8,8,452659528,1345941504,1,,,,,-2,-2,,,,,,,scalar,8,1
2,68,Product,residual,R,79923,384,8,384,384,452659528,1345941504,48,,,,,"I(i_1,i_2;a_1i_1i_2,a_2i_1i_2) * -2 -> R(i_1,i_2;a_1i_1i_2,a_2i_1i_2)","R(i_1,i_2;a_1i_1i_2,a_2i_1i_2)","I(i_1,i_2;a_1i_1i_2,a_2i_1i_2)",-2,"R(i_1,i_2;a_1i_1i_2,a_2i_1i_2)","i,i,a,a",";;i_1,i_2;i_1,i_2","7,7,,",7 × 7 × ? × ?,,
2,68,Permute,residual,R,100073,,,384,384,452659528,1345941504,48,,,,,"R(i_1,i_2;a_1i_1i_2,a_2i_1i_2)","R(i_1,i_2;a_1i_1i_2,a_2i_1i_2)",,,,"i,i,a,a",";;i_1,i_2;i_1,i_2","7,7,,",7 × 7 × ? × ?,,
2,69,Tensor,leaf,g,11226,,,1843152,1843152,452659528,1345941504,230394,225036,-13.713518793894858,9.824790694343461,0.192547847698342,"g(μ̃_19827,i_3,Κ_1)","g(μ̃_19827,i_3,Κ_1)",,,,"μ̃,i,Κ",;;,"114,7,282",114 × 7 × 282,1800288,1.02381
2,69,Product,intermediate,I,339581,880,1843152,624,624,452659528,1345941504,78,0,0.0,0.0,0.0,"I(μ̃_19826,i_3,Κ_1) * g(μ̃_19827,i_3,Κ_1) -> I(μ̃_19826,μ̃_19827)","I(μ̃_19826,μ̃_19827)","I(μ̃_19826,i_3,Κ_1)","g(μ̃_19827,i_3,Κ_1)","I(μ̃_19826,μ̃_19827)","μ̃,μ̃",;,"114,114",114 × 114,103968,0.00600185
2,69,Tensor,leaf,C,12372,,,2207664,2207664,452659528,1345941504,275958,,,,,"C(i_2,i_1,μ̃_19826;a_2i_1i_2)","C(i_2,i_1,μ̃_19826;a_2i_1i_2)",,,,"i,i,μ̃,a",";;;i_1,i_2","7,7,114,",7 × 7 × 114 × ?,,
2,69,Product,intermediate,I,231246,624,2207664,496,496,452659528,1345941504,62,,,,,"I(μ̃_19826,μ̃_19827) * C(i_2,i_1,μ̃_19826;a_2i_1i_2) -> I(i_2,i_1,μ̃_19827;a_2i_1i_2)","I(i_2,i_1,μ̃_19827;a_2i_1i_2)","I(μ̃_19826,μ̃_19827)","C(i_2,i_1,μ̃_19826;a_2i_1i_2)","I(i_2,i_1,μ̃_19827;a_2i_1i_2)","i,i,μ̃,a",";;;i_1,i_2","7,7,114,",7 × 7 × 114 × ?,,
2,69,Tensor,leaf,C,8990,,,2207664,2207664,452659528,1345941504,275958,,,,,"C(i_2,i_1,μ̃_19827;a_4i_1i_2)","C(i_2,i_1,μ̃_19827;a_4i_1i_2)",,,,"i,i,μ̃,a",";;;i_1,i_2","7,7,114,",7 × 7 × 114 × ?,,
2,69,Product,intermediate,I,416384,496,2207664,384,384,452659528,1345941504,48,,,,,"I(i_2,i_1,μ̃_19827;a_2i_1i_2) * C(i_2,i_1,μ̃_19827;a_4i_1i_2) -> I(i_2,i_1;a_4i_1i_2,a_2i_1i_2)","I(i_2,i_1;a_4i_1i_2,a_2i_1i_2)","I(i_2,i_1,μ̃_19827;a_2i_1i_2)","C(i_2,i_1,μ̃_19827;a_4i_1i_2)","I(i_2,i_1;a_4i_1i_2,a_2i_1i_2)","i,i,a,a",";;i_1,i_2;i_1,i_2","7,7,,",7 × 7 × ? × ?,,
2,69,Tensor,leaf,t,2166,,,792440,792440,452659528,1345941504,99055,,,,,"t(i_2,i_1;a_4i_1i_2,a_1i_1i_2)","t(i_2,i_1;a_4i_1i_2,a_1i_1i_2)",,,,"i,i,a,a",";;i_1,i_2;i_1,i_2","7,7,,",7 × 7 × ? × ?,,
2,69,Product,intermediate,I,175246,384,792440,384,384,452659528,1345941504,48,,,,,"I(i_2,i_1;a_4i_1i_2,a_2i_1i_2) * t(i_2,i_1;a_4i_1i_2,a_1i_1i_2) -> I(i_1,i_2;a_1i_1i_2,a_2i_1i_2)","I(i_1,i_2;a_1i_1i_2,a_2i_1i_2)","I(i_2,i_1;a_4i_1i_2,a_2i_1i_2)","t(i_2,i_1;a_4i_1i_2,a_1i_1i_2)","I(i_1,i_2;a_1i_1i_2,a_2i_1i_2)","i,i,a,a",";;i_1,i_2;i_1,i_2","7,7,,",7 × 7 × ? × ?,,
2,69,Constant,constant,_const,1248,,,8,8,452659528,1345941504,1,,,,,-2,-2,,,,,,,scalar,8,1
2,69,Product,residual,R,68521,384,8,384,384,452659528,1345941504,48,,,,,"I(i_1,i_2;a_1i_1i_2,a_2i_1i_2) * -2 -> R(i_1,i_2;a_1i_1i_2,a_2i_1i_2)","R(i_1,i_2;a_1i_1i_2,a_2i_1i_2)","I(i_1,i_2;a_1i_1i_2,a_2i_1i_2)",-2,"R(i_1,i_2;a_1i_1i_2,a_2i_1i_2)","i,i,a,a",";;i_1,i_2;i_1,i_2","7,7,,",7 × 7 × ? × ?,,
2,69,Permute,residual,R,67940,,,384,384,452659528,1345941504,48,,,,,"R(i_1,i_2;a_1i_1i_2,a_2i_1i_2)","R(i_1,i_2;a_1i_1i_2,a_2i_1i_2)",,,,"i,i,a,a",";;i_1,i_2;i_1,i_2","7,7,,",7 × 7 × ? × ?,,
2,70,Product,intermediate,I,435474,5490816,880,496,496,452659528,1345941504,62,,,,,"I(i_2,i_1,Κ_1;a_1i_1i_2) * I(μ̃_19857,i_2,Κ_1) -> I(i_1,μ̃_19857,i_2;a_1i_1i_2)","I(i_1,μ̃_19857,i_2;a_1i_1i_2)","I(i_2,i_1,Κ_1;a_1i_1i_2)","I(μ̃_19857,i_2,Κ_1)","I(i_1,μ̃_19857,i_2;a_1i_1i_2)","i,μ̃,i,a",";;;i_1,i_2","7,114,7,",7 × 114 × 7 × ?,,
2,70,Tensor,leaf,C,14700,,,2207664,2207664,452659528,1345941504,275958,,,,,"C(i_2,i_1,μ̃_19857;a_2i_1i_2)","C(i_2,i_1,μ̃_19857;a_2i_1i_2)",,,,"i,i,μ̃,a",";;;i_1,i_2","7,7,114,",7 × 7 × 114 × ?,,
2,70,Product,intermediate,I,411690,496,2207664,384,384,452659528,1345941504,48,,,,,"I(i_1,μ̃_19857,i_2;a_1i_1i_2) * C(i_2,i_1,μ̃_19857;a_2i_1i_2) -> I(i_1,i_2;a_2i_1i_2,a_1i_1i_2)","I(i_1,i_2;a_2i_1i_2,a_1i_1i_2)","I(i_1,μ̃_19857,i_2;a_1i_1i_2)","C(i_2,i_1,μ̃_19857;a_2i_1i_2)","I(i_1,i_2;a_2i_1i_2,a_1i_1i_2)","i,i,a,a",";;i_1,i_2;i_1,i_2","7,7,,",7 × 7 × ? × ?,,
2,70,Constant,constant,_const,925,,,8,8,452659528,1345941504,1,,,,,2,2,,,,,,,scalar,8,1
2,70,Product,residual,R,64526,384,8,384,384,452659528,1345941504,48,,,,,"I(i_1,i_2;a_2i_1i_2,a_1i_1i_2) * 2 -> R(i_1,i_2;a_2i_1i_2,a_1i_1i_2)","R(i_1,i_2;a_2i_1i_2,a_1i_1i_2)","I(i_1,i_2;a_2i_1i_2,a_1i_1i_2)",2,"R(i_1,i_2;a_2i_1i_2,a_1i_1i_2)","i,i,a,a",";;i_1,i_2;i_1,i_2","7,7,,",7 × 7 × ? × ?,,
2,70,Permute,residual,R,65092,,,384,384,452659528,1345941504,48,,,,,"R(i_1,i_2;a_2i_1i_2,a_1i_1i_2)","R(i_1,i_2;a_2i_1i_2,a_1i_1i_2)",,,,"i,i,a,a",";;i_1,i_2;i_1,i_2","7,7,,",7 × 7 × ? × ?,,
2,71,Product,intermediate,I,419731,496,5490816,400,400,452659528,1345941504,50,,,,,"I(i_3,i_1,Κ_1) * I(i_1,i_2,Κ_1;a_2i_1i_2) -> I(i_3,i_2,i_1;a_2i_1i_2)","I(i_3,i_2,i_1;a_2i_1i_2)","I(i_3,i_1,Κ_1)","I(i_1,i_2,Κ_1;a_2i_1i_2)","I(i_3,i_2,i_1;a_2i_1i_2)","i,i,i,a",";;;i_1,i_2","7,7,7,",7 × 7 × 7 × ?,,
2,71,Product,intermediate,I,323662,400,400,384,384,452659528,1345941504,48,,,,,"I(i_3,i_2,i_1;a_2i_1i_2) * I(i_2,i_1,i_3;a_1i_1i_2) -> I(i_2,i_1;a_1i_1i_2,a_2i_1i_2)","I(i_2,i_1;a_1i_1i_2,a_2i_1i_2)","I(i_3,i_2,i_1;a_2i_1i_2)","I(i_2,i_1,i_3;a_1i_1i_2)","I(i_2,i_1;a_1i_1i_2,a_2i_1i_2)","i,i,a,a",";;i_1,i_2;i_1,i_2","7,7,,",7 × 7 × ? × ?,,
2,71,Constant,constant,_const,1032,,,8,8,452659528,1345941504,1,,,,,-2,-2,,,,,,,scalar,8,1
2,71,Product,residual,R,66735,384,8,384,384,452659528,1345941504,48,,,,,"I(i_2,i_1;a_1i_1i_2,a_2i_1i_2) * -2 -> R(i_2,i_1;a_1i_1i_2,a_2i_1i_2)","R(i_2,i_1;a_1i_1i_2,a_2i_1i_2)","I(i_2,i_1;a_1i_1i_2,a_2i_1i_2)",-2,"R(i_2,i_1;a_1i_1i_2,a_2i_1i_2)","i,i,a,a",";;i_1,i_2;i_1,i_2","7,7,,",7 × 7 × ? × ?,,
2,71,Permute,residual,R,68077,,,384,384,452659528,1345941504,48,,,,,"R(i_2,i_1;a_1i_1i_2,a_2i_1i_2)","R(i_2,i_1;a_1i_1i_2,a_2i_1i_2)",,,,"i,i,a,a",";;i_1,i_2;i_1,i_2","7,7,,",7 × 7 × ? × ?,,
2,72,Tensor,leaf,t,2236,,,792440,792440,452659528,1345941504,99055,,,,,"t(i_2,i_1;a_3i_1i_2,a_1i_1i_2)","t(i_2,i_1;a_3i_1i_2,a_1i_1i_2)",,,,"i,i,a,a",";;i_1,i_2;i_1,i_2","7,7,,",7 × 7 × ? × ?,,
2,72,Product,intermediate,I,215677,400,792440,400,400,452659528,1345941504,50,,,,,"I(i_2,i_1,i_3;a_3i_1i_2) * t(i_2,i_1;a_3i_1i_2,a_1i_1i_2) -> I(i_3,i_2,i_1;a_1i_1i_2)","I(i_3,i_2,i_1;a_1i_1i_2)","I(i_2,i_1,i_3;a_3i_1i_2)","t(i_2,i_1;a_3i_1i_2,a_1i_1i_2)","I(i_3,i_2,i_1;a_1i_1i_2)","i,i,i,a",";;;i_1,i_2","7,7,7,",7 × 7 × 7 × ?,,
2,72,Product,intermediate,I,321369,400,400,384,384,452659528,1345941504,48,,,,,"I(i_3,i_2,i_1;a_1i_1i_2) * I(i_2,i_1,i_3;a_2i_1i_2) -> I(i_1,i_2;a_2i_1i_2,a_1i_1i_2)","I(i_1,i_2;a_2i_1i_2,a_1i_1i_2)","I(i_3,i_2,i_1;a_1i_1i_2)","I(i_2,i_1,i_3;a_2i_1i_2)","I(i_1,i_2;a_2i_1i_2,a_1i_1i_2)","i,i,a,a",";;i_1,i_2;i_1,i_2","7,7,,",7 × 7 × ? × ?,,
2,72,Constant,constant,_const,1283,,,8,8,452659528,1345941504,1,,,,,-2,-2,,,,,,,scalar,8,1
2,72,Product,residual,R,80618,384,8,384,384,452659528,1345941504,48,,,,,"I(i_1,i_2;a_2i_1i_2,a_1i_1i_2) * -2 -> R(i_1,i_2;a_2i_1i_2,a_1i_1i_2)","R(i_1,i_2;a_2i_1i_2,a_1i_1i_2)","I(i_1,i_2;a_2i_1i_2,a_1i_1i_2)",-2,"R(i_1,i_2;a_2i_1i_2,a_1i_1i_2)","i,i,a,a",";;i_1,i_2;i_1,i_2","7,7,,",7 × 7 × ? × ?,,
2,72,Permute,residual,R,63081,,,384,384,452659528,1345941504,48,,,,,"R(i_1,i_2;a_2i_1i_2,a_1i_1i_2)","R(i_1,i_2;a_2i_1i_2,a_1i_1i_2)",,,,"i,i,a,a",";;i_1,i_2;i_1,i_2","7,7,,",7 × 7 × ? × ?,,
2,73,Tensor,leaf,g,10540,,,29489328,29489328,452659528,1345941504,3686166,3664872,328.03408291046827,123.92989425956779,0.8503952014554771,"g(μ̃_19698,μ̃_19699,Κ_1)","g(μ̃_19698,μ̃_19699,Κ_1)",,,,"μ̃,μ̃,Κ",;;,"114,114,282",114 × 114 × 282,29318976,1.00581
2,73,Product,intermediate,I,402655,400,29489328,624,624,452659528,1345941504,78,0,0.0,0.0,0.0,"I(Κ_1) * g(μ̃_19698,μ̃_19699,Κ_1) -> I(μ̃_19699,μ̃_19698)","I(μ̃_19699,μ̃_19698)",I(Κ_1),"g(μ̃_19698,μ̃_19699,Κ_1)","I(μ̃_19699,μ̃_19698)","μ̃,μ̃",;,"114,114",114 × 114,103968,0.00600185
2,73,Tensor,leaf,C,21367,,,2207664,2207664,452659528,1345941504,275958,,,,,"C(i_2,i_1,μ̃_19698;a_4i_1i_2)","C(i_2,i_1,μ̃_19698;a_4i_1i_2)",,,,"i,i,μ̃,a",";;;i_1,i_2","7,7,114,",7 × 7 × 114 × ?,,
2,73,Product,intermediate,I,248422,624,2207664,496,496,452659528,1345941504,62,,,,,"I(μ̃_19699,μ̃_19698) * C(i_2,i_1,μ̃_19698;a_4i_1i_2) -> I(i_2,i_1,μ̃_19699;a_4i_1i_2)","I(i_2,i_1,μ̃_19699;a_4i_1i_2)","I(μ̃_19699,μ̃_19698)","C(i_2,i_1,μ̃_19698;a_4i_1i_2)","I(i_2,i_1,μ̃_19699;a_4i_1i_2)","i,i,μ̃,a",";;;i_1,i_2","7,7,114,",7 × 7 × 114 × ?,,
2,73,Tensor,leaf,C,9465,,,2207664,2207664,452659528,1345941504,275958,,,,,"C(i_2,i_1,μ̃_19699;a_2i_1i_2)","C(i_2,i_1,μ̃_19699;a_2i_1i_2)",,,,"i,i,μ̃,a",";;;i_1,i_2","7,7,114,",7 × 7 × 114 × ?,,
2,73,Product,intermediate,I,430051,496,2207664,384,384,452659528,1345941504,48,,,,,"I(i_2,i_1,μ̃_19699;a_4i_1i_2) * C(i_2,i_1,μ̃_19699;a_2i_1i_2) -> I(i_2,i_1;a_2i_1i_2,a_4i_1i_2)","I(i_2,i_1;a_2i_1i_2,a_4i_1i_2)","I(i_2,i_1,μ̃_19699;a_4i_1i_2)","C(i_2,i_1,μ̃_19699;a_2i_1i_2)","I(i_2,i_1;a_2i_1i_2,a_4i_1i_2)","i,i,a,a",";;i_1,i_2;i_1,i_2","7,7,,",7 × 7 × ? × ?,,
2,73,Tensor,leaf,t,2191,,,792440,792440,452659528,1345941504,99055,,,,,"t(i_2,i_1;a_4i_1i_2,a_1i_1i_2)","t(i_2,i_1;a_4i_1i_2,a_1i_1i_2)",,,,"i,i,a,a",";;i_1,i_2;i_1,i_2","7,7,,",7 × 7 × ? × ?,,
2,73,Product,intermediate,I,154649,384,792440,384,384,452659528,1345941504,48,,,,,"I(i_2,i_1;a_2i_1i_2,a_4i_1i_2) * t(i_2,i_1;a_4i_1i_2,a_1i_1i_2) -> I(i_1,i_2;a_2i_1i_2,a_1i_1i_2)","I(i_1,i_2;a_2i_1i_2,a_1i_1i_2)","I(i_2,i_1;a_2i_1i_2,a_4i_1i_2)","t(i_2,i_1;a_4i_1i_2,a_1i_1i_2)","I(i_1,i_2;a_2i_1i_2,a_1i_1i_2)","i,i,a,a",";;i_1,i_2;i_1,i_2","7,7,,",7 × 7 × ? × ?,,
2,73,Constant,constant,_const,1360,,,8,8,452659528,1345941504,1,,,,,4,4,,,,,,,scalar,8,1
2,73,Product,residual,R,57777,384,8,384,384,452659528,1345941504,48,,,,,"I(i_1,i_2;a_2i_1i_2,a_1i_1i_2) * 4 -> R(i_1,i_2;a_2i_1i_2,a_1i_1i_2)","R(i_1,i_2;a_2i_1i_2,a_1i_1i_2)","I(i_1,i_2;a_2i_1i_2,a_1i_1i_2)",4,"R(i_1,i_2;a_2i_1i_2,a_1i_1i_2)","i,i,a,a",";;i_1,i_2;i_1,i_2","7,7,,",7 × 7 × ? × ?,,
2,73,Permute,residual,R,73003,,,384,384,452659528,1345941504,48,,,,,"R(i_1,i_2;a_2i_1i_2,a_1i_1i_2)","R(i_1,i_2;a_2i_1i_2,a_1i_1i_2)",,,,"i,i,a,a",";;i_1,i_2;i_1,i_2","7,7,,",7 × 7 × ? × ?,,
2,74,Tensor,leaf,C,11249,,,2207664,2207664,452659528,1345941504,275958,,,,,"C(i_2,i_1,μ̃_19853;a_4i_1i_2)","C(i_2,i_1,μ̃_19853;a_4i_1i_2)",,,,"i,i,μ̃,a",";;;i_1,i_2","7,7,114,",7 × 7 × 114 × ?,,
2,74,Product,intermediate,I,226618,432,2207664,400,400,452659528,1345941504,50,,,,,"I(i_4,μ̃_19853) * C(i_2,i_1,μ̃_19853;a_4i_1i_2) -> I(i_2,i_1,i_4;a_4i_1i_2)","I(i_2,i_1,i_4;a_4i_1i_2)","I(i_4,μ̃_19853)","C(i_2,i_1,μ̃_19853;a_4i_1i_2)","I(i_2,i_1,i_4;a_4i_1i_2)","i,i,i,a",";;;i_1,i_2","7,7,7,",7 × 7 × 7 × ?,,
2,74,Tensor,leaf,t,1451,,,792440,792440,452659528,1345941504,99055,,,,,"t(i_2,i_1;a_4i_1i_2,a_1i_1i_2)","t(i_2,i_1;a_4i_1i_2,a_1i_1i_2)",,,,"i,i,a,a",";;i_1,i_2;i_1,i_2","7,7,,",7 × 7 × ? × ?,,
2,74,Product,intermediate,I,228363,400,792440,400,400,452659528,1345941504,50,,,,,"I(i_2,i_1,i_4;a_4i_1i_2) * t(i_2,i_1;a_4i_1i_2,a_1i_1i_2) -> I(i_4,i_2,i_1;a_1i_1i_2)","I(i_4,i_2,i_1;a_1i_1i_2)","I(i_2,i_1,i_4;a_4i_1i_2)","t(i_2,i_1;a_4i_1i_2,a_1i_1i_2)","I(i_4,i_2,i_1;a_1i_1i_2)","i,i,i,a",";;;i_1,i_2","7,7,7,",7 × 7 × 7 × ?,,
2,74,Product,intermediate,I,322598,400,400,384,384,452659528,1345941504,48,,,,,"I(i_4,i_2,i_1;a_1i_1i_2) * I(i_2,i_1,i_4;a_2i_1i_2) -> I(i_1,i_2;a_2i_1i_2,a_1i_1i_2)","I(i_1,i_2;a_2i_1i_2,a_1i_1i_2)","I(i_4,i_2,i_1;a_1i_1i_2)","I(i_2,i_1,i_4;a_2i_1i_2)","I(i_1,i_2;a_2i_1i_2,a_1i_1i_2)","i,i,a,a",";;i_1,i_2;i_1,i_2","7,7,,",7 × 7 × ? × ?,,
2,74,Constant,constant,_const,928,,,8,8,452659528,1345941504,1,,,,,-4,-4,,,,,,,scalar,8,1
2,74,Product,residual,R,67779,384,8,384,384,452659528,1345941504,48,,,,,"I(i_1,i_2;a_2i_1i_2,a_1i_1i_2) * -4 -> R(i_1,i_2;a_2i_1i_2,a_1i_1i_2)","R(i_1,i_2;a_2i_1i_2,a_1i_1i_2)","I(i_1,i_2;a_2i_1i_2,a_1i_1i_2)",-4,"R(i_1,i_2;a_2i_1i_2,a_1i_1i_2)","i,i,a,a",";;i_1,i_2;i_1,i_2","7,7,,",7 × 7 × ? × ?,,
2,74,Permute,residual,R,64932,,,384,384,452659528,1345941504,48,,,,,"R(i_1,i_2;a_2i_1i_2,a_1i_1i_2)","R(i_1,i_2;a_2i_1i_2,a_1i_1i_2)",,,,"i,i,a,a",";;i_1,i_2;i_1,i_2","7,7,,",7 × 7 × ? × ?,,
2,75,Product,intermediate,I,306735,5179792,432,624,624,452659528,1345941504,78,0,0.0,0.0,0.0,"I(i_2,i_3,μ̃_19758,μ̃_19757) * I(μ̃_19758,i_1) -> I(i_2,i_3,μ̃_19757,i_1)","I(i_2,i_3,μ̃_19757,i_1)","I(i_2,i_3,μ̃_19758,μ̃_19757)","I(μ̃_19758,i_1)","I(i_2,i_3,μ̃_19757,i_1)","i,i,μ̃,i",;;;,"7,7,114,7",7 × 7 × 114 × 7,312816,0.00199478
2,75,Tensor,leaf,C,9095,,,2207664,2207664,452659528,1345941504,275958,,,,,"C(i_2,i_1,μ̃_19757;a_1i_1i_2)","C(i_2,i_1,μ̃_19757;a_1i_1i_2)",,,,"i,i,μ̃,a",";;;i_1,i_2","7,7,114,",7 × 7 × 114 × ?,,
2,75,Product,intermediate,I,477122,624,2207664,400,400,452659528,1345941504,50,,,,,"I(i_2,i_3,μ̃_19757,i_1) * C(i_2,i_1,μ̃_19757;a_1i_1i_2) -> I(i_3,i_2,i_1;a_1i_1i_2)","I(i_3,i_2,i_1;a_1i_1i_2)","I(i_2,i_3,μ̃_19757,i_1)","C(i_2,i_1,μ̃_19757;a_1i_1i_2)","I(i_3,i_2,i_1;a_1i_1i_2)","i,i,i,a",";;;i_1,i_2","7,7,7,",7 × 7 × 7 × ?,,
2,75,Product,intermediate,I,294594,400,400,384,384,452659528,1345941504,48,,,,,"I(i_3,i_2,i_1;a_1i_1i_2) * I(i_2,i_1,i_3;a_2i_1i_2) -> I(i_2,i_1;a_2i_1i_2,a_1i_1i_2)","I(i_2,i_1;a_2i_1i_2,a_1i_1i_2)","I(i_3,i_2,i_1;a_1i_1i_2)","I(i_2,i_1,i_3;a_2i_1i_2)","I(i_2,i_1;a_2i_1i_2,a_1i_1i_2)","i,i,a,a",";;i_1,i_2;i_1,i_2","7,7,,",7 × 7 × ? × ?,,
2,75,Constant,constant,_const,1062,,,8,8,452659528,1345941504,1,,,,,-2,-2,,,,,,,scalar,8,1
2,75,Product,residual,R,76319,384,8,384,384,452659528,1345941504,48,,,,,"I(i_2,i_1;a_2i_1i_2,a_1i_1i_2) * -2 -> R(i_2,i_1;a_2i_1i_2,a_1i_1i_2)","R(i_2,i_1;a_2i_1i_2,a_1i_1i_2)","I(i_2,i_1;a_2i_1i_2,a_1i_1i_2)",-2,"R(i_2,i_1;a_2i_1i_2,a_1i_1i_2)","i,i,a,a",";;i_1,i_2;i_1,i_2","7,7,,",7 × 7 × ? × ?,,
2,75,Permute,residual,R,80469,,,384,384,452659528,1345941504,48,,,,,"R(i_2,i_1;a_2i_1i_2,a_1i_1i_2)","R(i_2,i_1;a_2i_1i_2,a_1i_1i_2)",,,,"i,i,a,a",";;i_1,i_2;i_1,i_2","7,7,,",7 × 7 × ? × ?,,
2,76,Product,intermediate,I,387927,24888,400,400,400,452659528,1345941504,50,,,,,"I(i_1,i_3,i_2,i_4) * I(i_2,i_1,i_3;a_1i_1i_2) -> I(i_4,i_1,i_2;a_1i_1i_2)","I(i_4,i_1,i_2;a_1i_1i_2)","I(i_1,i_3,i_2,i_4)","I(i_2,i_1,i_3;a_1i_1i_2)","I(i_4,i_1,i_2;a_1i_1i_2)","i,i,i,a",";;;i_1,i_2","7,7,7,",7 × 7 × 7 × ?,,
2,76,Product,residual,R,296679,400,400,384,384,452659528,1345941504,48,,,,,"I(i_4,i_1,i_2;a_1i_1i_2) * I(i_2,i_1,i_4;a_2i_1i_2) -> R(i_2,i_1;a_2i_1i_2,a_1i_1i_2)","R(i_2,i_1;a_2i_1i_2,a_1i_1i_2)","I(i_4,i_1,i_2;a_1i_1i_2)","I(i_2,i_1,i_4;a_2i_1i_2)","R(i_2,i_1;a_2i_1i_2,a_1i_1i_2)","i,i,a,a",";;i_1,i_2;i_1,i_2","7,7,,",7 × 7 × ? × ?,,
2,76,Permute,residual,R,72571,,,384,384,452659528,1345941504,48,,,,,"R(i_2,i_1;a_2i_1i_2,a_1i_1i_2)","R(i_2,i_1;a_2i_1i_2,a_1i_1i_2)",,,,"i,i,a,a",";;i_1,i_2;i_1,i_2","7,7,,",7 × 7 × ? × ?,,
2,77,Tensor,leaf,t,1639,,,792440,792440,452659528,1345941504,99055,,,,,"t(i_3,i_4;a_5i_3i_4,a_3i_3i_4)","t(i_3,i_4;a_5i_3i_4,a_3i_3i_4)",,,,"i,i,a,a",";;i_3,i_4;i_3,i_4","7,7,,",7 × 7 × ? × ?,,
2,77,Product,intermediate,I,3230820,2226240,792440,2226240,2226240,452659528,1345941504,278280,,,,,"I(i_4,i_3,μ̃_19717;a_3i_3i_4) * t(i_3,i_4;a_5i_3i_4,a_3i_3i_4) -> I(i_4,i_3,μ̃_19717;a_5i_3i_4)","I(i_4,i_3,μ̃_19717;a_5i_3i_4)","I(i_4,i_3,μ̃_19717;a_3i_3i_4)","t(i_3,i_4;a_5i_3i_4,a_3i_3i_4)","I(i_4,i_3,μ̃_19717;a_5i_3i_4)","i,i,μ̃,a",";;;i_3,i_4","7,7,114,",7 × 7 × 114 × ?,,
2,77,Tensor,leaf,C,30239,,,2207664,2207664,452659528,1345941504,275958,,,,,"C(i_4,i_3,μ̃_19719;a_5i_3i_4)","C(i_4,i_3,μ̃_19719;a_5i_3i_4)",,,,"i,i,μ̃,a",";;;i_3,i_4","7,7,114,",7 × 7 × 114 × ?,,
2,77,Product,intermediate,I,31153070,2226240,2207664,125584,125584,452659528,1345941504,15698,12996,-2.6584695617420104,0.3757998643577791,0.09653601874071037,"I(i_4,i_3,μ̃_19717;a_5i_3i_4) * C(i_4,i_3,μ̃_19719;a_5i_3i_4) -> I(μ̃_19717,μ̃_19719)","I(μ̃_19717,μ̃_19719)","I(i_4,i_3,μ̃_19717;a_5i_3i_4)","C(i_4,i_3,μ̃_19719;a_5i_3i_4)","I(μ̃_19717,μ̃_19719)","μ̃,μ̃",;,"114,114",114 × 114,103968,1.20791
2,77,Tensor,leaf,s,22479,,,125584,125584,452659528,1345941504,15698,12996,138.52037144982398,140.24275294876296,0.9820999861813626,"s(μ̃_19718,μ̃_19719)","s(μ̃_19718,μ̃_19719)",,,,"μ̃,μ̃",;,"114,114",114 × 114,103968,1.20791
2,77,Product,intermediate,I,2858064,125584,125584,125584,125584,452659528,1345941504,15698,12996,-0.867888509814144,0.007401001113964852,0.006904588302942872,"I(μ̃_19717,μ̃_19719) * s(μ̃_19718,μ̃_19719) -> I(μ̃_19718,μ̃_19717)","I(μ̃_19718,μ̃_19717)","I(μ̃_19717,μ̃_19719)","s(μ̃_19718,μ̃_19719)","I(μ̃_19718,μ̃_19717)","μ̃,μ̃",;,"114,114",114 × 114,103968,1.20791
2,77,Tensor,leaf,C,14990,,,2207664,2207664,452659528,1345941504,275958,,,,,"C(i_2,i_1,μ̃_19717;a_4i_1i_2)","C(i_2,i_1,μ̃_19717;a_4i_1i_2)",,,,"i,i,μ̃,a",";;;i_1,i_2","7,7,114,",7 × 7 × 114 × ?,,
2,77,Product,intermediate,I,38322923,125584,2207664,2226240,2226240,452659528,1345941504,278280,,,,,"I(μ̃_19718,μ̃_19717) * C(i_2,i_1,μ̃_19717;a_4i_1i_2) -> I(i_2,i_1,μ̃_19718;a_4i_1i_2)","I(i_2,i_1,μ̃_19718;a_4i_1i_2)","I(μ̃_19718,μ̃_19717)","C(i_2,i_1,μ̃_19717;a_4i_1i_2)","I(i_2,i_1,μ̃_19718;a_4i_1i_2)","i,i,μ̃,a",";;;i_1,i_2","7,7,114,",7 × 7 × 114 × ?,,
2,77,Tensor,leaf,C,14410,,,2207664,2207664,452659528,1345941504,275958,,,,,"C(i_2,i_1,μ̃_19718;a_1i_1i_2)","C(i_2,i_1,μ̃_19718;a_1i_1i_2)",,,,"i,i,μ̃,a",";;;i_1,i_2","7,7,114,",7 × 7 × 114 × ?,,
2,77,Product,intermediate,I,4744919,2226240,2207664,792440,792440,452659528,1345941504,99055,,,,,"I(i_2,i_1,μ̃_19718;a_4i_1i_2) * C(i_2,i_1,μ̃_19718;a_1i_1i_2) -> I(i_2,i_1;a_1i_1i_2,a_4i_1i_2)","I(i_2,i_1;a_1i_1i_2,a_4i_1i_2)","I(i_2,i_1,μ̃_19718;a_4i_1i_2)","C(i_2,i_1,μ̃_19718;a_1i_1i_2)","I(i_2,i_1;a_1i_1i_2,a_4i_1i_2)","i,i,a,a",";;i_1,i_2;i_1,i_2","7,7,,",7 × 7 × ? × ?,,
2,77,Tensor,leaf,t,3880,,,792440,792440,452659528,1345941504,99055,,,,,"t(i_1,i_2;a_4i_1i_2,a_2i_1i_2)","t(i_1,i_2;a_4i_1i_2,a_2i_1i_2)",,,,"i,i,a,a",";;i_1,i_2;i_1,i_2","7,7,,",7 × 7 × ? × ?,,
2,77,Product,intermediate,I,5864733,792440,792440,792440,792440,452659528,1345941504,99055,,,,,"I(i_2,i_1;a_1i_1i_2,a_4i_1i_2) * t(i_1,i_2;a_4i_1i_2,a_2i_1i_2) -> I(i_2,i_1;a_1i_1i_2,a_2i_1i_2)","I(i_2,i_1;a_1i_1i_2,a_2i_1i_2)","I(i_2,i_1;a_1i_1i_2,a_4i_1i_2)","t(i_1,i_2;a_4i_1i_2,a_2i_1i_2)","I(i_2,i_1;a_1i_1i_2,a_2i_1i_2)","i,i,a,a",";;i_1,i_2;i_1,i_2","7,7,,",7 × 7 × ? × ?,,
2,77,Constant,constant,_const,1988,,,8,8,452659528,1345941504,1,,,,,2,2,,,,,,,scalar,8,1
2,77,Product,residual,R,105467,792440,8,792440,792440,452659528,1345941504,99055,,,,,"I(i_2,i_1;a_1i_1i_2,a_2i_1i_2) * 2 -> R(i_2,i_1;a_1i_1i_2,a_2i_1i_2)","R(i_2,i_1;a_1i_1i_2,a_2i_1i_2)","I(i_2,i_1;a_1i_1i_2,a_2i_1i_2)",2,"R(i_2,i_1;a_1i_1i_2,a_2i_1i_2)","i,i,a,a",";;i_1,i_2;i_1,i_2","7,7,,",7 × 7 × ? × ?,,
2,77,Permute,residual,R,78466,,,792440,792440,452659528,1345941504,99055,,,,,"R(i_2,i_1;a_1i_1i_2,a_2i_1i_2)","R(i_2,i_1;a_1i_1i_2,a_2i_1i_2)",,,,"i,i,a,a",";;i_1,i_2;i_1,i_2","7,7,,",7 × 7 × ? × ?,,
2,78,Tensor,leaf,C,14011,,,2207664,2207664,452659528,1345941504,275958,,,,,"C(i_2,i_1,μ̃_19870;a_2i_1i_2)","C(i_2,i_1,μ̃_19870;a_2i_1i_2)",,,,"i,i,μ̃,a",";;;i_1,i_2","7,7,114,",7 × 7 × 114 × ?,,
2,78,Product,residual,R,5134491,2226240,2207664,792440,792440,452659528,1345941504,99055,,,,,"I(i_2,i_1,μ̃_19870;a_1i_1i_2) * C(i_2,i_1,μ̃_19870;a_2i_1i_2) -> R(i_2,i_1;a_2i_1i_2,a_1i_1i_2)","R(i_2,i_1;a_2i_1i_2,a_1i_1i_2)","I(i_2,i_1,μ̃_19870;a_1i_1i_2)","C(i_2,i_1,μ̃_19870;a_2i_1i_2)","R(i_2,i_1;a_2i_1i_2,a_1i_1i_2)","i,i,a,a",";;i_1,i_2;i_1,i_2","7,7,,",7 × 7 × ? × ?,,
2,78,Permute,residual,R,84912,,,792440,792440,452659528,1345941504,99055,,,,,"R(i_2,i_1;a_2i_1i_2,a_1i_1i_2)","R(i_2,i_1;a_2i_1i_2,a_1i_1i_2)",,,,"i,i,a,a",";;i_1,i_2;i_1,i_2","7,7,,",7 × 7 × ? × ?,,
2,79,Tensor,leaf,t,3227,,,792440,792440,452659528,1345941504,99055,,,,,"t(i_4,i_3;a_5i_3i_4,a_3i_3i_4)","t(i_4,i_3;a_5i_3i_4,a_3i_3i_4)",,,,"i,i,a,a",";;i_3,i_4;i_3,i_4","7,7,,",7 × 7 × ? × ?,,
2,79,Product,intermediate,I,3789320,2226240,792440,2226240,2226240,452659528,1345941504,278280,,,,,"I(i_4,i_3,μ̃_19930;a_3i_3i_4) * t(i_4,i_3;a_5i_3i_4,a_3i_3i_4) -> I(i_3,i_4,μ̃_19930;a_5i_3i_4)","I(i_3,i_4,μ̃_19930;a_5i_3i_4)","I(i_4,i_3,μ̃_19930;a_3i_3i_4)","t(i_4,i_3;a_5i_3i_4,a_3i_3i_4)","I(i_3,i_4,μ̃_19930;a_5i_3i_4)","i,i,μ̃,a",";;;i_3,i_4","7,7,114,",7 × 7 × 114 × ?,,
2,79,Tensor,leaf,C,34863,,,2207664,2207664,452659528,1345941504,275958,,,,,"C(i_4,i_3,μ̃_19932;a_5i_3i_4)","C(i_4,i_3,μ̃_19932;a_5i_3i_4)",,,,"i,i,μ̃,a",";;;i_3,i_4","7,7,114,",7 × 7 × 114 × ?,,
2,79,Product,intermediate,I,35337325,2226240,2207664,125584,125584,452659528,1345941504,15698,12996,-0.7420184239315587,0.803222454664414,0.14064060347427135,"I(i_3,i_4,μ̃_19930;a_5i_3i_4) * C(i_4,i_3,μ̃_19932;a_5i_3i_4) -> I(μ̃_19932,μ̃_19930)","I(μ̃_19932,μ̃_19930)","I(i_3,i_4,μ̃_19930;a_5i_3i_4)","C(i_4,i_3,μ̃_19932;a_5i_3i_4)","I(μ̃_19932,μ̃_19930)","μ̃,μ̃",;,"114,114",114 × 114,103968,1.20791
2,79,Tensor,leaf,s,49216,,,125584,125584,452659528,1345941504,15698,12996,138.52037144982398,140.24275294876296,0.9820999861813626,"s(μ̃_19931,μ̃_19932)","s(μ̃_19931,μ̃_19932)",,,,"μ̃,μ̃",;,"114,114",114 × 114,103968,1.20791
2,79,Product,intermediate,I,2876533,125584,125584,125584,125584,452659528,1345941504,15698,12996,-1.2186024195797442,0.014482449079187183,0.009843945785637577,"I(μ̃_19932,μ̃_19930) * s(μ̃_19931,μ̃_19932) -> I(μ̃_19931,μ̃_19930)","I(μ̃_19931,μ̃_19930)","I(μ̃_19932,μ̃_19930)","s(μ̃_19931,μ̃_19932)","I(μ̃_19931,μ̃_19930)","μ̃,μ̃",;,"114,114",114 × 114,103968,1.20791
2,79,Tensor,leaf,C,15665,,,2207664,2207664,452659528,1345941504,275958,,,,,"C(i_2,i_1,μ̃_19930;a_4i_1i_2)","C(i_2,i_1,μ̃_19930;a_4i_1i_2)",,,,"i,i,μ̃,a",";;;i_1,i_2","7,7,114,",7 × 7 × 114 × ?,,
2,79,Product,intermediate,I,46824714,125584,2207664,2226240,2226240,452659528,1345941504,278280,,,,,"I(μ̃_19931,μ̃_19930) * C(i_2,i_1,μ̃_19930;a_4i_1i_2) -> I(i_2,i_1,μ̃_19931;a_4i_1i_2)","I(i_2,i_1,μ̃_19931;a_4i_1i_2)","I(μ̃_19931,μ̃_19930)","C(i_2,i_1,μ̃_19930;a_4i_1i_2)","I(i_2,i_1,μ̃_19931;a_4i_1i_2)","i,i,μ̃,a",";;;i_1,i_2","7,7,114,",7 × 7 × 114 × ?,,
2,79,Tensor,leaf,C,19108,,,2207664,2207664,452659528,1345941504,275958,,,,,"C(i_2,i_1,μ̃_19931;a_1i_1i_2)","C(i_2,i_1,μ̃_19931;a_1i_1i_2)",,,,"i,i,μ̃,a",";;;i_1,i_2","7,7,114,",7 × 7 × 114 × ?,,
2,79,Product,intermediate,I,4383813,2226240,2207664,792440,792440,452659528,1345941504,99055,,,,,"I(i_2,i_1,μ̃_19931;a_4i_1i_2) * C(i_2,i_1,μ̃_19931;a_1i_1i_2) -> I(i_2,i_1;a_1i_1i_2,a_4i_1i_2)","I(i_2,i_1;a_1i_1i_2,a_4i_1i_2)","I(i_2,i_1,μ̃_19931;a_4i_1i_2)","C(i_2,i_1,μ̃_19931;a_1i_1i_2)","I(i_2,i_1;a_1i_1i_2,a_4i_1i_2)","i,i,a,a",";;i_1,i_2;i_1,i_2","7,7,,",7 × 7 × ? × ?,,
2,79,Tensor,leaf,t,3240,,,792440,792440,452659528,1345941504,99055,,,,,"t(i_1,i_2;a_4i_1i_2,a_2i_1i_2)","t(i_1,i_2;a_4i_1i_2,a_2i_1i_2)",,,,"i,i,a,a",";;i_1,i_2;i_1,i_2","7,7,,",7 × 7 × ? × ?,,
2,79,Product,intermediate,I,1078065,792440,792440,792440,792440,452659528,1345941504,99055,,,,,"I(i_2,i_1;a_1i_1i_2,a_4i_1i_2) * t(i_1,i_2;a_4i_1i_2,a_2i_1i_2) -> I(i_2,i_1;a_1i_1i_2,a_2i_1i_2)","I(i_2,i_1;a_1i_1i_2,a_2i_1i_2)","I(i_2,i_1;a_1i_1i_2,a_4i_1i_2)","t(i_1,i_2;a_4i_1i_2,a_2i_1i_2)","I(i_2,i_1;a_1i_1i_2,a_2i_1i_2)","i,i,a,a",";;i_1,i_2;i_1,i_2","7,7,,",7 × 7 × ? × ?,,
2,79,Constant,constant,_const,1497,,,8,8,452659528,1345941504,1,,,,,-4,-4,,,,,,,scalar,8,1
2,79,Product,residual,R,109052,792440,8,792440,792440,452659528,1345941504,99055,,,,,"I(i_2,i_1;a_1i_1i_2,a_2i_1i_2) * -4 -> R(i_2,i_1;a_1i_1i_2,a_2i_1i_2)","R(i_2,i_1;a_1i_1i_2,a_2i_1i_2)","I(i_2,i_1;a_1i_1i_2,a_2i_1i_2)",-4,"R(i_2,i_1;a_1i_1i_2,a_2i_1i_2)","i,i,a,a",";;i_1,i_2;i_1,i_2","7,7,,",7 × 7 × ? × ?,,
2,79,Permute,residual,R,89355,,,792440,792440,452659528,1345941504,99055,,,,,"R(i_2,i_1;a_1i_1i_2,a_2i_1i_2)","R(i_2,i_1;a_1i_1i_2,a_2i_1i_2)",,,,"i,i,a,a",";;i_1,i_2;i_1,i_2","7,7,,",7 × 7 × ? × ?,,
2,80,Tensor,leaf,t,2468,,,792440,792440,452659528,1345941504,99055,,,,,"t(i_2,i_1;a_3i_1i_2,a_1i_1i_2)","t(i_2,i_1;a_3i_1i_2,a_1i_1i_2)",,,,"i,i,a,a",";;i_1,i_2;i_1,i_2","7,7,,",7 × 7 × ? × ?,,
2,80,Product,intermediate,I,1010576,792440,792440,792440,792440,452659528,1345941504,99055,,,,,"I(i_2,i_1;a_3i_1i_2,a_2i_1i_2) * t(i_2,i_1;a_3i_1i_2,a_1i_1i_2) -> I(i_1,i_2;a_2i_1i_2,a_1i_1i_2)","I(i_1,i_2;a_2i_1i_2,a_1i_1i_2)","I(i_2,i_1;a_3i_1i_2,a_2i_1i_2)","t(i_2,i_1;a_3i_1i_2,a_1i_1i_2)","I(i_1,i_2;a_2i_1i_2,a_1i_1i_2)","i,i,a,a",";;i_1,i_2;i_1,i_2","7,7,,",7 × 7 × ? × ?,,
2,80,Constant,constant,_const,1204,,,8,8,452659528,1345941504,1,,,,,2,2,,,,,,,scalar,8,1
2,80,Product,residual,R,89606,792440,8,792440,792440,452659528,1345941504,99055,,,,,"I(i_1,i_2;a_2i_1i_2,a_1i_1i_2) * 2 -> R(i_1,i_2;a_2i_1i_2,a_1i_1i_2)","R(i_1,i_2;a_2i_1i_2,a_1i_1i_2)","I(i_1,i_2;a_2i_1i_2,a_1i_1i_2)",2,"R(i_1,i_2;a_2i_1i_2,a_1i_1i_2)","i,i,a,a",";;i_1,i_2;i_1,i_2","7,7,,",7 × 7 × ? × ?,,
2,80,Permute,residual,R,109054,,,792440,792440,452659528,1345941504,99055,,,,,"R(i_1,i_2;a_2i_1i_2,a_1i_1i_2)","R(i_1,i_2;a_2i_1i_2,a_1i_1i_2)",,,,"i,i,a,a",";;i_1,i_2;i_1,i_2","7,7,,",7 × 7 × ? × ?,,
2,81,Tensor,leaf,t,1801,,,792440,792440,452659528,1345941504,99055,,,,,"t(i_2,i_1;a_4i_1i_2,a_3i_1i_2)","t(i_2,i_1;a_4i_1i_2,a_3i_1i_2)",,,,"i,i,a,a",";;i_1,i_2;i_1,i_2","7,7,,",7 × 7 × ? × ?,,
2,81,Product,intermediate,I,216164404,223000800,792440,223000800,223000800,624906088,1382752256,27875100,,,,,"I(i_2,i_1,Κ_1;a_3i_1i_2,a_1i_1i_2) * t(i_2,i_1;a_4i_1i_2,a_3i_1i_2) -> I(i_2,i_1,Κ_1;a_1i_1i_2,a_4i_1i_2)","I(i_2,i_1,Κ_1;a_1i_1i_2,a_4i_1i_2)","I(i_2,i_1,Κ_1;a_3i_1i_2,a_1i_1i_2)","t(i_2,i_1;a_4i_1i_2,a_3i_1i_2)","I(i_2,i_1,Κ_1;a_1i_1i_2,a_4i_1i_2)","i,i,Κ,a,a",";;;i_1,i_2;i_1,i_2","7,7,282,,",7 × 7 × 282 × ? × ?,,
2,81,Product,residual,R,278249921,223000800,223000800,792440,792440,624906088,1382752256,99055,,,,,"I(i_2,i_1,Κ_1;a_1i_1i_2,a_4i_1i_2) * I(i_2,i_1,Κ_1;a_4i_1i_2,a_2i_1i_2) -> R(i_2,i_1;a_2i_1i_2,a_1i_1i_2)","R(i_2,i_1;a_2i_1i_2,a_1i_1i_2)","I(i_2,i_1,Κ_1;a_1i_1i_2,a_4i_1i_2)","I(i_2,i_1,Κ_1;a_4i_1i_2,a_2i_1i_2)","R(i_2,i_1;a_2i_1i_2,a_1i_1i_2)","i,i,a,a",";;i_1,i_2;i_1,i_2","7,7,,",7 × 7 × ? × ?,,
2,81,Permute,residual,R,1164649,,,792440,792440,624906088,1370120192,99055,,,,,"R(i_2,i_1;a_2i_1i_2,a_1i_1i_2)","R(i_2,i_1;a_2i_1i_2,a_1i_1i_2)",,,,"i,i,a,a",";;i_1,i_2;i_1,i_2","7,7,,",7 × 7 × ? × ?,,
2,82,Tensor,leaf,f,41233,,,432,432,432,1370120192,54,0,0.0,0.0,0.0,"f(μ̃_19592,i_1)","f(μ̃_19592,i_1)",,,,"μ̃,i",;,"114,7",114 × 7,6384,0.0676692
2,82,Tensor,leaf,C,10787,,,481264,481264,481264,1370120192,60158,,,,,"C(i_1,μ̃_19592;a_1i_1)","C(i_1,μ̃_19592;a_1i_1)",,,,"i,μ̃,a",;;i_1,"7,114,",7 × 114 × ?,,
2,82,Product,intermediate,I,364179,432,481264,376,376,482072,1370120192,47,,,,,"f(μ̃_19592,i_1) * C(i_1,μ̃_19592;a_1i_1) -> I(i_1;a_1i_1)",I(i_1;a_1i_1),"f(μ̃_19592,i_1)","C(i_1,μ̃_19592;a_1i_1)",I(i_1;a_1i_1),"i,a",;i_1,"7,",7 × ?,,
2,82,Tensor,leaf,t,2448,,,5488,5488,482072,1370120192,686,,,,,t(i_1;a_1i_1),t(i_1;a_1i_1),,,,"i,a",;i_1,"7,",7 × ?,,
2,82,Product,scalar,Z,62547,376,5488,8,8,482072,1370120192,1,,,,,I(i_1;a_1i_1) * t(i_1;a_1i_1) -> Z,Z,I(i_1;a_1i_1),t(i_1;a_1i_1),Z,,,,scalar,8,1
2,82,Constant,constant,_const,1294,,,8,8,482072,1370120192,1,,,,,2,2,,,,,,,scalar,8,1
2,82,Product,scalar,E,704,8,8,8,8,482072,1370120192,1,,,,,Z * 2 -> E,E,Z,2,E,,,,scalar,8,1
2,83,Tensor,leaf,g,12997,,,1843152,1843152,1843152,1370120192,230394,225036,-13.713518793894858,9.824790694343461,0.192547847698342,"g(μ̃_19593,i_1,Κ_1)","g(μ̃_19593,i_1,Κ_1)",,,,"μ̃,i,Κ",;;,"114,7,282",114 × 7 × 282,1800288,1.02381
2,83,Tensor,leaf,C,13797,,,2207664,2207664,2207664,1370120192,275958,,,,,"C(i_2,i_1,μ̃_19593;a_1i_1i_2)","C(i_2,i_1,μ̃_19593;a_1i_1i_2)",,,,"i,i,μ̃,a",";;;i_1,i_2","7,7,114,",7 × 7 × 114 × ?,,
2,83,Product,intermediate,I,18007873,1843152,2207664,5490816,5490816,9541632,1370120192,686352,,,,,"g(μ̃_19593,i_1,Κ_1) * C(i_2,i_1,μ̃_19593;a_1i_1i_2) -> I(i_2,i_1,Κ_1;a_1i_1i_2)","I(i_2,i_1,Κ_1;a_1i_1i_2)","g(μ̃_19593,i_1,Κ_1)","C(i_2,i_1,μ̃_19593;a_1i_1i_2)","I(i_2,i_1,Κ_1;a_1i_1i_2)","i,i,Κ,a",";;;i_1,i_2","7,7,282,",7 × 7 × 282 × ?,,
2,83,Tensor,leaf,g,26891,,,1843152,1843152,9541632,1370120192,230394,225036,-13.713518793894858,9.824790694343461,0.192547847698342,"g(μ̃_19594,i_2,Κ_1)","g(μ̃_19594,i_2,Κ_1)",,,,"μ̃,i,Κ",;;,"114,7,282",114 × 7 × 282,1800288,1.02381
2,83,Product,intermediate,I,41201335,5490816,1843152,2226240,2226240,9560208,1370120192,278280,,,,,"I(i_2,i_1,Κ_1;a_1i_1i_2) * g(μ̃_19594,i_2,Κ_1) -> I(i_2,i_1,μ̃_19594;a_1i_1i_2)","I(i_2,i_1,μ̃_19594;a_1i_1i_2)","I(i_2,i_1,Κ_1;a_1i_1i_2)","g(μ̃_19594,i_2,Κ_1)","I(i_2,i_1,μ̃_19594;a_1i_1i_2)","i,i,μ̃,a",";;;i_1,i_2","7,7,114,",7 × 7 × 114 × ?,,
2,83,Tensor,leaf,C,36017,,,2207664,2207664,9560208,1370120192,275958,,,,,"C(i_2,i_1,μ̃_19594;a_2i_1i_2)","C(i_2,i_1,μ̃_19594;a_2i_1i_2)",,,,"i,i,μ̃,a",";;;i_1,i_2","7,7,114,",7 × 7 × 114 × ?,,
2,83,Product,intermediate,I,4084781,2226240,2207664,792440,792440,9560208,1370120192,99055,,,,,"I(i_2,i_1,μ̃_19594;a_1i_1i_2) * C(i_2,i_1,μ̃_19594;a_2i_1i_2) -> I(i_2,i_1;a_2i_1i_2,a_1i_1i_2)","I(i_2,i_1;a_2i_1i_2,a_1i_1i_2)","I(i_2,i_1,μ̃_19594;a_1i_1i_2)","C(i_2,i_1,μ̃_19594;a_2i_1i_2)","I(i_2,i_1;a_2i_1i_2,a_1i_1i_2)","i,i,a,a",";;i_1,i_2;i_1,i_2","7,7,,",7 × 7 × ? × ?,,
2,83,Tensor,leaf,t,3304,,,792440,792440,9560208,1370120192,99055,,,,,"t(i_1,i_2;a_2i_1i_2,a_1i_1i_2)","t(i_1,i_2;a_2i_1i_2,a_1i_1i_2)",,,,"i,i,a,a",";;i_1,i_2;i_1,i_2","7,7,,",7 × 7 × ? × ?,,
2,83,Product,scalar,Z,275797,792440,792440,8,8,9560208,1370120192,1,,,,,"I(i_2,i_1;a_2i_1i_2,a_1i_1i_2) * t(i_1,i_2;a_2i_1i_2,a_1i_1i_2) -> Z",Z,"I(i_2,i_1;a_2i_1i_2,a_1i_1i_2)","t(i_1,i_2;a_2i_1i_2,a_1i_1i_2)",Z,,,,scalar,8,1
2,83,Constant,constant,_const,1534,,,8,8,9560208,1370120192,1,,,,,-1,-1,,,,,,,scalar,8,1
2,83,Product,scalar,E,714,8,8,8,8,9560208,1370120192,1,,,,,Z * -1 -> E,E,Z,-1,E,,,,scalar,8,1
2,83,SumInplace,scalar,E,375,,,8,0,9560208,1370120192,1,,,,,E,E,,,,,,,scalar,8,1
2,84,Tensor,leaf,g,12374,,,1843152,1843152,9560208,1370120192,230394,225036,-13.713518793894858,9.824790694343461,0.192547847698342,"g(μ̃_19595,i_1,Κ_1)","g(μ̃_19595,i_1,Κ_1)",,,,"μ̃,i,Κ",;;,"114,7,282",114 × 7 × 282,1800288,1.02381
2,84,Tensor,leaf,C,32154,,,2207664,2207664,9560208,1370120192,275958,,,,,"C(i_2,i_1,μ̃_19595;a_1i_1i_2)","C(i_2,i_1,μ̃_19595;a_1i_1i_2)",,,,"i,i,μ̃,a",";;;i_1,i_2","7,7,114,",7 × 7 × 114 × ?,,
2,84,Product,intermediate,I,19096310,1843152,2207664,5490816,5490816,9560208,1370120192,686352,,,,,"g(μ̃_19595,i_1,Κ_1) * C(i_2,i_1,μ̃_19595;a_1i_1i_2) -> I(i_2,i_1,Κ_1;a_1i_1i_2)","I(i_2,i_1,Κ_1;a_1i_1i_2)","g(μ̃_19595,i_1,Κ_1)","C(i_2,i_1,μ̃_19595;a_1i_1i_2)","I(i_2,i_1,Κ_1;a_1i_1i_2)","i,i,Κ,a",";;;i_1,i_2","7,7,282,",7 × 7 × 282 × ?,,
2,84,Tensor,leaf,g,32754,,,1843152,1843152,9560208,1370120192,230394,225036,-13.713518793894858,9.824790694343461,0.192547847698342,"g(μ̃_19596,i_2,Κ_1)","g(μ̃_19596,i_2,Κ_1)",,,,"μ̃,i,Κ",;;,"114,7,282",114 × 7 × 282,1800288,1.02381
2,84,Product,intermediate,I,37407224,5490816,1843152,2226240,2226240,9560208,1370120192,278280,,,,,"I(i_2,i_1,Κ_1;a_1i_1i_2) * g(μ̃_19596,i_2,Κ_1) -> I(i_2,i_1,μ̃_19596;a_1i_1i_2)","I(i_2,i_1,μ̃_19596;a_1i_1i_2)","I(i_2,i_1,Κ_1;a_1i_1i_2)","g(μ̃_19596,i_2,Κ_1)","I(i_2,i_1,μ̃_19596;a_1i_1i_2)","i,i,μ̃,a",";;;i_1,i_2","7,7,114,",7 × 7 × 114 × ?,,
2,84,Tensor,leaf,C,19429,,,2207664,2207664,9560208,1370120192,275958,,,,,"C(i_2,i_1,μ̃_19596;a_2i_1i_2)","C(i_2,i_1,μ̃_19596;a_2i_1i_2)",,,,"i,i,μ̃,a",";;;i_1,i_2","7,7,114,",7 × 7 × 114 × ?,,
2,84,Product,intermediate,I,4159646,2226240,2207664,792440,792440,9560208,1370120192,99055,,,,,"I(i_2,i_1,μ̃_19596;a_1i_1i_2) * C(i_2,i_1,μ̃_19596;a_2i_1i_2) -> I(i_2,i_1;a_2i_1i_2,a_1i_1i_2)","I(i_2,i_1;a_2i_1i_2,a_1i_1i_2)","I(i_2,i_1,μ̃_19596;a_1i_1i_2)","C(i_2,i_1,μ̃_19596;a_2i_1i_2)","I(i_2,i_1;a_2i_1i_2,a_1i_1i_2)","i,i,a,a",";;i_1,i_2;i_1,i_2","7,7,,",7 × 7 × ? × ?,,
2,84,Tensor,leaf,t,18720,,,792440,792440,9560208,1370120192,99055,,,,,"t(i_2,i_1;a_2i_1i_2,a_1i_1i_2)","t(i_2,i_1;a_2i_1i_2,a_1i_1i_2)",,,,"i,i,a,a",";;i_1,i_2;i_1,i_2","7,7,,",7 × 7 × ? × ?,,
2,84,Product,scalar,Z,265942,792440,792440,8,8,9560208,1370120192,1,,,,,"I(i_2,i_1;a_2i_1i_2,a_1i_1i_2) * t(i_2,i_1;a_2i_1i_2,a_1i_1i_2) -> Z",Z,"I(i_2,i_1;a_2i_1i_2,a_1i_1i_2)","t(i_2,i_1;a_2i_1i_2,a_1i_1i_2)",Z,,,,scalar,8,1
2,84,Constant,constant,_const,1658,,,8,8,9560208,1370120192,1,,,,,2,2,,,,,,,scalar,8,1
2,84,Product,scalar,E,1047,8,8,8,8,9560208,1370120192,1,,,,,Z * 2 -> E,E,Z,2,E,,,,scalar,8,1
2,84,SumInplace,scalar,E,409,,,8,0,9560208,1370120192,1,,,,,E,E,,,,,,,scalar,8,1
2,85,Tensor,leaf,g,9030,,,1843152,1843152,9560208,1370120192,230394,225036,-13.713518793894858,9.824790694343461,0.192547847698342,"g(μ̃_19597,i_1,Κ_1)","g(μ̃_19597,i_1,Κ_1)",,,,"μ̃,i,Κ",;;,"114,7,282",114 × 7 × 282,1800288,1.02381
2,85,Tensor,leaf,C,28970,,,481264,481264,9560208,1370120192,60158,,,,,"C(i_2,μ̃_19597;a_1i_2)","C(i_2,μ̃_19597;a_1i_2)",,,,"i,μ̃,a",;;i_2,"7,114,",7 × 114 × ?,,
2,85,Tensor,leaf,t,1715,,,5488,5488,9560208,1370120192,686,,,,,t(i_2;a_1i_2),t(i_2;a_1i_2),,,,"i,a",;i_2,"7,",7 × ?,,
2,85,Product,intermediate,I,872588,481264,5488,12064,12064,9560208,1370120192,1508,744,-0.44298651625768726,0.060726536882105574,0.07563151335821779,"C(i_2,μ̃_19597;a_1i_2) * t(i_2;a_1i_2) -> I(μ̃_19597,i_2)","I(μ̃_19597,i_2)","C(i_2,μ̃_19597;a_1i_2)",t(i_2;a_1i_2),"I(μ̃_19597,i_2)","μ̃,i",;,"114,7",114 × 7,6384,1.88972
2,85,Product,intermediate,I,2270043,1843152,12064,121536,121536,9560208,1370120192,15192,13818,0.0021452560990451943,9.196935134659795e-05,0.0012951626543692605,"g(μ̃_19597,i_1,Κ_1) * I(μ̃_19597,i_2) -> I(i_1,i_2,Κ_1)","I(i_1,i_2,Κ_1)","g(μ̃_19597,i_1,Κ_1)","I(μ̃_19597,i_2)","I(i_1,i_2,Κ_1)","i,i,Κ",;;,"7,7,282",7 × 7 × 282,110544,1.09944
2,85,Tensor,leaf,g,12549,,,1843152,1843152,9560208,1370120192,230394,225036,-13.713518793894858,9.824790694343461,0.192547847698342,"g(μ̃_19598,i_2,Κ_1)","g(μ̃_19598,i_2,Κ_1)",,,,"μ̃,i,Κ",;;,"114,7,282",114 × 7 × 282,1800288,1.02381
2,85,Product,intermediate,I,1993360,121536,1843152,12064,12064,9560208,1370120192,1508,798,0.0062089487060846835,1.973169045981289e-05,0.0007761347783891492,"I(i_1,i_2,Κ_1) * g(μ̃_19598,i_2,Κ_1) -> I(i_1,μ̃_19598)","I(i_1,μ̃_19598)","I(i_1,i_2,Κ_1)","g(μ̃_19598,i_2,Κ_1)","I(i_1,μ̃_19598)","i,μ̃",;,"7,114",7 × 114,6384,1.88972
2,85,Tensor,leaf,C,25836,,,481264,481264,9560208,1370120192,60158,,,,,"C(i_1,μ̃_19598;a_2i_1)","C(i_1,μ̃_19598;a_2i_1)",,,,"i,μ̃,a",;;i_1,"7,114,",7 × 114 × ?,,
2,85,Product,intermediate,I,650502,12064,481264,5488,5488,9560208,1370120192,686,,,,,"I(i_1,μ̃_19598) * C(i_1,μ̃_19598;a_2i_1) -> I(i_1;a_2i_1)",I(i_1;a_2i_1),"I(i_1,μ̃_19598)","C(i_1,μ̃_19598;a_2i_1)",I(i_1;a_2i_1),"i,a",;i_1,"7,",7 × ?,,
2,85,Tensor,leaf,t,1719,,,5488,5488,9560208,1370120192,686,,,,,t(i_1;a_2i_1),t(i_1;a_2i_1),,,,"i,a",;i_1,"7,",7 × ?,,
2,85,Product,scalar,Z,69076,5488,5488,8,8,9560208,1370120192,1,,,,,I(i_1;a_2i_1) * t(i_1;a_2i_1) -> Z,Z,I(i_1;a_2i_1),t(i_1;a_2i_1),Z,,,,scalar,8,1
2,85,Constant,constant,_const,1086,,,8,8,9560208,1370120192,1,,,,,-1,-1,,,,,,,scalar,8,1
2,85,Product,scalar,E,661,8,8,8,8,9560208,1370120192,1,,,,,Z * -1 -> E,E,Z,-1,E,,,,scalar,8,1
2,85,SumInplace,scalar,E,663,,,8,0,9560208,1370120192,1,,,,,E,E,,,,,,,scalar,8,1
2,86,Tensor,leaf,g,25789,,,1843152,1843152,9560208,1370120192,230394,225036,-13.713518793894858,9.824790694343461,0.192547847698342,"g(μ̃_19599,i_1,Κ_1)","g(μ̃_19599,i_1,Κ_1)",,,,"μ̃,i,Κ",;;,"114,7,282",114 × 7 × 282,1800288,1.02381
2,86,Tensor,leaf,C,8351,,,481264,481264,9560208,1370120192,60158,,,,,"C(i_1,μ̃_19599;a_1i_1)","C(i_1,μ̃_19599;a_1i_1)",,,,"i,μ̃,a",;;i_1,"7,114,",7 × 114 × ?,,
2,86,Tensor,leaf,t,1286,,,5488,5488,9560208,1370120192,686,,,,,t(i_1;a_1i_1),t(i_1;a_1i_1),,,,"i,a",;i_1,"7,",7 × ?,,
2,86,Product,intermediate,I,792462,481264,5488,12064,12064,9560208,1370120192,1508,744,-0.44298651625768726,0.060726536882105574,0.07563151335821779,"C(i_1,μ̃_19599;a_1i_1) * t(i_1;a_1i_1) -> I(μ̃_19599,i_1)","I(μ̃_19599,i_1)","C(i_1,μ̃_19599;a_1i_1)",t(i_1;a_1i_1),"I(μ̃_19599,i_1)","μ̃,i",;,"114,7",114 × 7,6384,1.88972
2,86,Product,intermediate,I,1467230,1843152,12064,5280,5280,9560208,1370120192,660,282,0.01586428988736126,8.090936327522493e-05,0.0031736275885165597,"g(μ̃_19599,i_1,Κ_1) * I(μ̃_19599,i_1) -> I(Κ_1)",I(Κ_1),"g(μ̃_19599,i_1,Κ_1)","I(μ̃_19599,i_1)",I(Κ_1),Κ,,282,282,2256,2.34043
2,86,Tensor,leaf,g,10922,,,1843152,1843152,9560208,1370120192,230394,225036,-13.713518793894858,9.824790694343461,0.192547847698342,"g(μ̃_19600,i_2,Κ_1)","g(μ̃_19600,i_2,Κ_1)",,,,"μ̃,i,Κ",;;,"114,7,282",114 × 7 × 282,1800288,1.02381
2,86,Tensor,leaf,C,7205,,,481264,481264,9560208,1370120192,60158,,,,,"C(i_2,μ̃_19600;a_2i_2)","C(i_2,μ̃_19600;a_2i_2)",,,,"i,μ̃,a",;;i_2,"7,114,",7 × 114 × ?,,
2,86,Tensor,leaf,t,1405,,,5488,5488,9560208,1370120192,686,,,,,t(i_2;a_2i_2),t(i_2;a_2i_2),,,,"i,a",;i_2,"7,",7 × ?,,
2,86,Product,intermediate,I,855708,481264,5488,12064,12064,9560208,1370120192,1508,744,-0.44298651625768726,0.060726536882105574,0.07563151335821779,"C(i_2,μ̃_19600;a_2i_2) * t(i_2;a_2i_2) -> I(μ̃_19600,i_2)","I(μ̃_19600,i_2)","C(i_2,μ̃_19600;a_2i_2)",t(i_2;a_2i_2),"I(μ̃_19600,i_2)","μ̃,i",;,"114,7",114 × 7,6384,1.88972
2,86,Product,intermediate,I,1484667,1843152,12064,5280,5280,9560208,1370120192,660,282,0.01586428988736126,8.090936327522495e-05,0.00317362758851656,"g(μ̃_19600,i_2,Κ_1) * I(μ̃_19600,i_2) -> I(Κ_1)",I(Κ_1),"g(μ̃_19600,i_2,Κ_1)","I(μ̃_19600,i_2)",I(Κ_1),Κ,,282,282,2256,2.34043
2,86,Product,scalar,Z,111783,5280,5280,8,8,9560208,1370120192,1,,,,,I(Κ_1) * I(Κ_1) -> Z,Z,I(Κ_1),I(Κ_1),Z,,,,scalar,8,1
2,86,Constant,constant,_const,1149,,,8,8,9560208,1370120192,1,,,,,2,2,,,,,,,scalar,8,1
2,86,Product,scalar,E,484,8,8,8,8,9560208,1370120192,1,,,,,Z * 2 -> E,E,Z,2,E,,,,scalar,8,1
2,86,SumInplace,scalar,E,322,,,8,0,9560208,1370120192,1,,,,,E,E,,,,,,,scalar,8,1
3,1,Tensor,leaf,C,11650,,,481264,481264,22702584,1370120192,60158,,,,,"C(i_2,μ̃_19602;a_2i_2)","C(i_2,μ̃_19602;a_2i_2)",,,,"i,μ̃,a",;;i_2,"7,114,",7 × 114 × ?,,
3,1,Tensor,leaf,t,1250,,,5488,5488,22702584,1370120192,686,,,,,t(i_2;a_2i_2),t(i_2;a_2i_2),,,,"i,a",;i_2,"7,",7 × ?,,
3,1,Product,intermediate,I,807412,481264,5488,12064,12064,22720136,1370120192,1508,744,-0.44298651625768726,0.060726536882105574,0.07563151335821779,"C(i_2,μ̃_19602;a_2i_2) * t(i_2;a_2i_2) -> I(μ̃_19602,i_2)","I(μ̃_19602,i_2)","C(i_2,μ̃_19602;a_2i_2)",t(i_2;a_2i_2),"I(μ̃_19602,i_2)","μ̃,i",;,"114,7",114 × 7,6384,1.88972
3,1,Product,intermediate,I,5332030,5179792,12064,12064,12064,22720136,1370120192,1508,798,0.01968924672501085,0.00028471210452942744,0.00297899009884198,"I(i_1,i_2,μ̃_19602,μ̃_19601) * I(μ̃_19602,i_2) -> I(i_1,μ̃_19601)","I(i_1,μ̃_19601)","I(i_1,i_2,μ̃_19602,μ̃_19601)","I(μ̃_19602,i_2)","I(i_1,μ̃_19601)","i,μ̃",;,"7,114",7 × 114,6384,1.88972
3,1,Tensor,leaf,C,29643,,,481264,481264,22720136,1370120192,60158,,,,,"C(i_1,μ̃_19601;a_1i_1)","C(i_1,μ̃_19601;a_1i_1)",,,,"i,μ̃,a",;;i_1,"7,114,",7 × 114 × ?,,
3,1,Product,intermediate,I,741607,12064,481264,5488,5488,22732200,1370120192,686,,,,,"I(i_1,μ̃_19601) * C(i_1,μ̃_19601;a_1i_1) -> I(i_1;a_1i_1)",I(i_1;a_1i_1),"I(i_1,μ̃_19601)","C(i_1,μ̃_19601;a_1i_1)",I(i_1;a_1i_1),"i,a",;i_1,"7,",7 × ?,,
3,1,Constant,constant,_const,1694,,,8,8,22732200,1370120192,1,,,,,-1,-1,,,,,,,scalar,8,1
3,1,Product,residual,R,85617,5488,8,5488,5488,22732200,1370120192,686,,,,,I(i_1;a_1i_1) * -1 -> R(i_1;a_1i_1),R(i_1;a_1i_1),I(i_1;a_1i_1),-1,R(i_1;a_1i_1),"i,a",;i_1,"7,",7 × ?,,
3,1,Permute,residual,R,59672,,,5488,5488,22732200,1370120192,686,,,,,R(i_1;a_1i_1),R(i_1;a_1i_1),,,,"i,a",;i_1,"7,",7 × ?,,
3,2,Tensor,leaf,t,2596,,,792440,792440,23025824,1370120192,99055,,,,,"t(i_2,i_1;a_3i_1i_2,a_2i_1i_2)","t(i_2,i_1;a_3i_1i_2,a_2i_1i_2)",,,,"i,i,a,a",";;i_1,i_2;i_1,i_2","7,7,,",7 × 7 × ? × ?,,
3,2,Product,intermediate,I,14026324,5538232,792440,2088,2088,23027912,1370120192,261,49,-0.24054162173784763,0.007467484992974744,0.03296723045387966,"I(i_1,i_3,i_2;a_3i_1i_2,a_2i_1i_2) * t(i_2,i_1;a_3i_1i_2,a_2i_1i_2) -> I(i_3,i_1)","I(i_3,i_1)","I(i_1,i_3,i_2;a_3i_1i_2,a_2i_1i_2)","t(i_2,i_1;a_3i_1i_2,a_2i_1i_2)","I(i_3,i_1)","i,i",;,"7,7",7 × 7,392,5.32653
3,2,Tensor,leaf,s,22829,,,125584,125584,23027912,1370120192,15698,12996,138.52037144982398,140.24275294876296,0.9820999861813626,"s(μ̃_19611,μ̃_19612)","s(μ̃_19611,μ̃_19612)",,,,"μ̃,μ̃",;,"114,114",114 × 114,103968,1.20791
3,2,Product,intermediate,I,1034130,125584,12064,12064,12064,23027912,1370120192,1508,798,0.03719480414915298,0.0008519529503253234,0.004141455131574337,"s(μ̃_19611,μ̃_19612) * I(μ̃_19611,i_3) -> I(μ̃_19612,i_3)","I(μ̃_19612,i_3)","s(μ̃_19611,μ̃_19612)","I(μ̃_19611,i_3)","I(μ̃_19612,i_3)","μ̃,i",;,"114,7",114 × 7,6384,1.88972
3,2,Product,intermediate,I,464416,2088,12064,12064,12064,23027912,1370120192,1508,798,-0.0012990571228648762,9.191240531042928e-07,0.00013914412389965527,"I(i_3,i_1) * I(μ̃_19612,i_3) -> I(μ̃_19612,i_1)","I(μ̃_19612,i_1)","I(i_3,i_1)","I(μ̃_19612,i_3)","I(μ̃_19612,i_1)","μ̃,i",;,"114,7",114 × 7,6384,1.88972
3,2,Tensor,leaf,C,12386,,,481264,481264,23027912,1370120192,60158,,,,,"C(i_1,μ̃_19612;a_1i_1)","C(i_1,μ̃_19612;a_1i_1)",,,,"i,μ̃,a",;;i_1,"7,114,",7 × 114 × ?,,
3,2,Product,residual,R,680300,12064,481264,5488,5488,23027912,1370120192,686,,,,,"I(μ̃_19612,i_1) * C(i_1,μ̃_19612;a_1i_1) -> R(i_1;a_1i_1)",R(i_1;a_1i_1),"I(μ̃_19612,i_1)","C(i_1,μ̃_19612;a_1i_1)",R(i_1;a_1i_1),"i,a",;i_1,"7,",7 × ?,,
3,2,Permute,residual,R,62432,,,5488,5488,23027912,1370120192,686,,,,,R(i_1;a_1i_1),R(i_1;a_1i_1),,,,"i,a",;i_1,"7,",7 × ?,,
3,3,Tensor,leaf,t,1789,,,792440,792440,23037888,1370120192,99055,,,,,"t(i_3,i_1;a_3i_1i_3,a_2i_1i_3)","t(i_3,i_1;a_3i_1i_3,a_2i_1i_3)",,,,"i,i,a,a",";;i_1,i_3;i_1,i_3","7,7,,",7 × 7 × ? × ?,,
3,3,Product,intermediate,I,4127748,5538232,792440,2088,2088,23039976,1370120192,261,49,-0.3197583173388397,0.012689281931308485,0.04554500892641756,"I(i_1,i_2,i_3;a_2i_1i_3,a_3i_1i_3) * t(i_3,i_1;a_3i_1i_3,a_2i_1i_3) -> I(i_2,i_1)","I(i_2,i_1)","I(i_1,i_2,i_3;a_2i_1i_3,a_3i_1i_3)","t(i_3,i_1;a_3i_1i_3,a_2i_1i_3)","I(i_2,i_1)","i,i",;,"7,7",7 × 7,392,5.32653
3,3,Product,intermediate,I,515928,2088,12064,12064,12064,23039976,1370120192,1508,798,-0.0016650635249301313,1.6560045543241878e-06,0.0001830059754874954,"I(i_2,i_1) * I(μ̃_19632,i_2) -> I(μ̃_19632,i_1)","I(μ̃_19632,i_1)","I(i_2,i_1)","I(μ̃_19632,i_2)","I(μ̃_19632,i_1)","μ̃,i",;,"114,7",114 × 7,6384,1.88972
3,3,Tensor,leaf,C,33166,,,481264,481264,23039976,1370120192,60158,,,,,"C(i_1,μ̃_19632;a_1i_1)","C(i_1,μ̃_19632;a_1i_1)",,,,"i,μ̃,a",;;i_1,"7,114,",7 × 114 × ?,,
3,3,Product,intermediate,I,728628,12064,481264,5488,5488,23039976,1370120192,686,,,,,"I(μ̃_19632,i_1) * C(i_1,μ̃_19632;a_1i_1) -> I(i_1;a_1i_1)",I(i_1;a_1i_1),"I(μ̃_19632,i_1)","C(i_1,μ̃_19632;a_1i_1)",I(i_1;a_1i_1),"i,a",;i_1,"7,",7 × ?,,
3,3,Constant,constant,_const,1403,,,8,8,23039976,1370120192,1,,,,,-2,-2,,,,,,,scalar,8,1
3,3,Product,residual,R,78222,5488,8,5488,5488,23039976,1370120192,686,,,,,I(i_1;a_1i_1) * -2 -> R(i_1;a_1i_1),R(i_1;a_1i_1),I(i_1;a_1i_1),-2,R(i_1;a_1i_1),"i,a",;i_1,"7,",7 × ?,,
3,3,Permute,residual,R,76497,,,5488,5488,23039976,1370120192,686,,,,,R(i_1;a_1i_1),R(i_1;a_1i_1),,,,"i,a",;i_1,"7,",7 × ?,,
3,4,Tensor,leaf,g,13752,,,1843152,1843152,24088600,1370120192,230394,225036,-13.713518793894858,9.824790694343461,0.192547847698342,"g(μ̃_19621,i_2,Κ_1)","g(μ̃_19621,i_2,Κ_1)",,,,"μ̃,i,Κ",;;,"114,7,282",114 × 7 × 282,1800288,1.02381
3,4,Product,intermediate,I,7193810,1843152,12064,5280,5280,24093880,1370120192,660,282,0.01586428988736126,8.090936327522493e-05,0.0031736275885165597,"g(μ̃_19621,i_2,Κ_1) * I(μ̃_19621,i_2) -> I(Κ_1)",I(Κ_1),"g(μ̃_19621,i_2,Κ_1)","I(μ̃_19621,i_2)",I(Κ_1),Κ,,282,282,2256,2.34043
3,4,Tensor,leaf,g,10940,,,1843152,1843152,24093880,1370120192,230394,225036,-13.713518793894858,9.824790694343461,0.192547847698342,"g(μ̃_19622,i_3,Κ_1)","g(μ̃_19622,i_3,Κ_1)",,,,"μ̃,i,Κ",;;,"114,7,282",114 × 7 × 282,1800288,1.02381
3,4,Product,intermediate,I,1330730,5280,1843152,12064,12064,24105944,1370120192,1508,798,0.004910072559888428,3.984967995022149e-05,0.0011615754918746677,"I(Κ_1) * g(μ̃_19622,i_3,Κ_1) -> I(i_3,μ̃_19622)","I(i_3,μ̃_19622)",I(Κ_1),"g(μ̃_19622,i_3,Κ_1)","I(i_3,μ̃_19622)","i,μ̃",;,"7,114",7 × 114,6384,1.88972
3,4,Product,intermediate,I,462357,12064,12064,2088,2088,24105944,1370120192,261,49,7.68187727654512e-05,1.0191090482310667e-09,1.2678741179726085e-05,"I(i_3,μ̃_19622) * I(μ̃_19622,i_1) -> I(i_3,i_1)","I(i_3,i_1)","I(i_3,μ̃_19622)","I(μ̃_19622,i_1)","I(i_3,i_1)","i,i",;,"7,7",7 × 7,392,5.32653
3,4,Product,intermediate,I,388756,2088,12064,12064,12064,24105944,1370120192,1508,798,4.4439803450888204e-07,1.4703209540696386e-13,5.6292984560630536e-08,"I(i_3,i_1) * I(μ̃_19624,i_3) -> I(μ̃_19624,i_1)","I(μ̃_19624,i_1)","I(i_3,i_1)","I(μ̃_19624,i_3)","I(μ̃_19624,i_1)","μ̃,i",;,"114,7",114 × 7,6384,1.88972
3,4,Tensor,leaf,C,10424,,,481264,481264,24105944,1370120192,60158,,,,,"C(i_1,μ̃_19624;a_1i_1)","C(i_1,μ̃_19624;a_1i_1)",,,,"i,μ̃,a",;;i_1,"7,114,",7 × 114 × ?,,
3,4,Product,intermediate,I,778432,12064,481264,5488,5488,24105944,1370120192,686,,,,,"I(μ̃_19624,i_1) * C(i_1,μ̃_19624;a_1i_1) -> I(i_1;a_1i_1)",I(i_1;a_1i_1),"I(μ̃_19624,i_1)","C(i_1,μ̃_19624;a_1i_1)",I(i_1;a_1i_1),"i,a",;i_1,"7,",7 × ?,,
3,4,Constant,constant,_const,1269,,,8,8,24105944,1370120192,1,,,,,-2,-2,,,,,,,scalar,8,1
3,4,Product,residual,R,82774,5488,8,5488,5488,24105944,1370120192,686,,,,,I(i_1;a_1i_1) * -2 -> R(i_1;a_1i_1),R(i_1;a_1i_1),I(i_1;a_1i_1),-2,R(i_1;a_1i_1),"i,a",;i_1,"7,",7 × ?,,
3,4,Permute,residual,R,59003,,,5488,5488,24105944,1370120192,686,,,,,R(i_1;a_1i_1),R(i_1;a_1i_1),,,,"i,a",;i_1,"7,",7 × ?,,
3,5,Tensor,leaf,g,9978,,,1843152,1843152,24105944,1370120192,230394,225036,-13.713518793894858,9.824790694343461,0.192547847698342,"g(μ̃_19636,i_2,Κ_1)","g(μ̃_19636,i_2,Κ_1)",,,,"μ̃,i,Κ",;;,"114,7,282",114 × 7 × 282,1800288,1.02381
3,5,Product,intermediate,I,7141952,1843152,12064,121536,121536,24227480,1370120192,15192,13818,0.002145256099045195,9.196935134659793e-05,0.0012951626543692605,"g(μ̃_19636,i_2,Κ_1) * I(μ̃_19636,i_3) -> I(i_2,i_3,Κ_1)","I(i_2,i_3,Κ_1)","g(μ̃_19636,i_2,Κ_1)","I(μ̃_19636,i_3)","I(i_2,i_3,Κ_1)","i,i,Κ",;;,"7,7,282",7 × 7 × 282,110544,1.09944
3,5,Tensor,leaf,g,7420,,,1843152,1843152,24227480,1370120192,230394,225036,-13.713518793894858,9.824790694343461,0.192547847698342,"g(μ̃_19637,i_3,Κ_1)","g(μ̃_19637,i_3,Κ_1)",,,,"μ̃,i,Κ",;;,"114,7,282",114 × 7 × 282,1800288,1.02381
3,5,Product,intermediate,I,2118330,121536,1843152,12064,12064,24239544,1370120192,1508,798,0.006208948706084687,1.9731690459812888e-05,0.0007761347783891493,"I(i_2,i_3,Κ_1) * g(μ̃_19637,i_3,Κ_1) -> I(i_2,μ̃_19637)","I(i_2,μ̃_19637)","I(i_2,i_3,Κ_1)","g(μ̃_19637,i_3,Κ_1)","I(i_2,μ̃_19637)","i,μ̃",;,"7,114",7 × 114,6384,1.88972
3,5,Product,intermediate,I,448666,12064,12064,2088,2088,24239544,1370120192,261,49,6.433813934020178e-05,7.035978902097251e-10,9.909437942363732e-06,"I(i_2,μ̃_19637) * I(μ̃_19637,i_1) -> I(i_2,i_1)","I(i_2,i_1)","I(i_2,μ̃_19637)","I(μ̃_19637,i_1)","I(i_2,i_1)","i,i",;,"7,7",7 × 7,392,5.32653
3,5,Product,intermediate,I,15077398,2088,12064,12064,12064,24239544,1370120192,1508,798,3.372324435883327e-07,1.1231708283970857e-13,4.659004297189342e-08,"I(i_2,i_1) * I(μ̃_19639,i_2) -> I(μ̃_19639,i_1)","I(μ̃_19639,i_1)","I(i_2,i_1)","I(μ̃_19639,i_2)","I(μ̃_19639,i_1)","μ̃,i",;,"114,7",114 × 7,6384,1.88972
3,5,Tensor,leaf,C,9830,,,481264,481264,24239544,1370120192,60158,,,,,"C(i_1,μ̃_19639;a_1i_1)","C(i_1,μ̃_19639;a_1i_1)",,,,"i,μ̃,a",;;i_1,"7,114,",7 × 114 × ?,,
3,5,Product,residual,R,713606,12064,481264,5488,5488,24239544,1370120192,686,,,,,"I(μ̃_19639,i_1) * C(i_1,μ̃_19639;a_1i_1) -> R(i_1;a_1i_1)",R(i_1;a_1i_1),"I(μ̃_19639,i_1)","C(i_1,μ̃_19639;a_1i_1)",R(i_1;a_1i_1),"i,a",;i_1,"7,",7 × ?,,
3,5,Permute,residual,R,79686,,,5488,5488,24239544,1370120192,686,,,,,R(i_1;a_1i_1),R(i_1;a_1i_1),,,,"i,a",;i_1,"7,",7 × ?,,
3,6,Product,intermediate,I,1029736,334432,12064,2088,2088,24239544,1370120192,261,49,-0.0037576086948700642,9.666814841631756e-07,0.00021682229035767492,"I(i_2,i_1,i_3,μ̃_19645) * I(μ̃_19645,i_2) -> I(i_3,i_1)","I(i_3,i_1)","I(i_2,i_1,i_3,μ̃_19645)","I(μ̃_19645,i_2)","I(i_3,i_1)","i,i",;,"7,7",7 × 7,392,5.32653
3,6,Product,intermediate,I,440503,2088,12064,12064,12064,24239544,1370120192,1508,798,-2.1044210396820744e-05,9.928043527469368e-11,1.2140679386905386e-06,"I(i_3,i_1) * I(μ̃_19647,i_3) -> I(i_1,μ̃_19647)","I(i_1,μ̃_19647)","I(i_3,i_1)","I(μ̃_19647,i_3)","I(i_1,μ̃_19647)","i,μ̃",;,"7,114",7 × 114,6384,1.88972
3,6,Tensor,leaf,C,8850,,,481264,481264,24239544,1370120192,60158,,,,,"C(i_1,μ̃_19647;a_1i_1)","C(i_1,μ̃_19647;a_1i_1)",,,,"i,μ̃,a",;;i_1,"7,114,",7 × 114 × ?,,
3,6,Product,residual,R,619079,12064,481264,5488,5488,24239544,1370120192,686,,,,,"I(i_1,μ̃_19647) * C(i_1,μ̃_19647;a_1i_1) -> R(i_1;a_1i_1)",R(i_1;a_1i_1),"I(i_1,μ̃_19647)","C(i_1,μ̃_19647;a_1i_1)",R(i_1;a_1i_1),"i,a",;i_1,"7,",7 × ?,,
3,6,Permute,residual,R,96626,,,5488,5488,24239544,1370120192,686,,,,,R(i_1;a_1i_1),R(i_1;a_1i_1),,,,"i,a",;i_1,"7,",7 × ?,,
3,7,Tensor,leaf,g,9345,,,121536,121536,24239544,1370120192,15192,13818,10.313570711989671,5.229066732803717,0.3618052751837755,"g(i_1,i_2,Κ_1)","g(i_1,i_2,Κ_1)",,,,"i,i,Κ",;;,"7,7,282",7 × 7 × 282,110544,1.09944
3,7,Product,intermediate,I,687872,121536,5280,2088,2088,24239544,1370120192,261,49,0.007750040077165401,1.4155868060960226e-05,0.0026564775573997917,"g(i_1,i_2,Κ_1) * I(Κ_1) -> I(i_2,i_1)","I(i_2,i_1)","g(i_1,i_2,Κ_1)",I(Κ_1),"I(i_2,i_1)","i,i",;,"7,7",7 × 7,392,5.32653
3,7,Product,intermediate,I,389745,2088,12064,12064,12064,24239544,1370120192,1508,798,3.090496562904806e-05,1.6710670387205567e-09,9.961686199679591e-06,"I(i_2,i_1) * I(μ̃_19656,i_2) -> I(i_1,μ̃_19656)","I(i_1,μ̃_19656)","I(i_2,i_1)","I(μ̃_19656,i_2)","I(i_1,μ̃_19656)","i,μ̃",;,"7,114",7 × 114,6384,1.88972
3,7,Tensor,leaf,C,11578,,,481264,481264,24239544,1370120192,60158,,,,,"C(i_1,μ̃_19656;a_1i_1)","C(i_1,μ̃_19656;a_1i_1)",,,,"i,μ̃,a",;;i_1,"7,114,",7 × 114 × ?,,
3,7,Product,intermediate,I,618244,12064,481264,5488,5488,24239544,1370120192,686,,,,,"I(i_1,μ̃_19656) * C(i_1,μ̃_19656;a_1i_1) -> I(i_1;a_1i_1)",I(i_1;a_1i_1),"I(i_1,μ̃_19656)","C(i_1,μ̃_19656;a_1i_1)",I(i_1;a_1i_1),"i,a",;i_1,"7,",7 × ?,,
3,7,Constant,constant,_const,1129,,,8,8,24239544,1370120192,1,,,,,-2,-2,,,,,,,scalar,8,1
3,7,Product,residual,R,80230,5488,8,5488,5488,24239544,1370120192,686,,,,,I(i_1;a_1i_1) * -2 -> R(i_1;a_1i_1),R(i_1;a_1i_1),I(i_1;a_1i_1),-2,R(i_1;a_1i_1),"i,a",;i_1,"7,",7 × ?,,
3,7,Permute,residual,R,58581,,,5488,5488,24239544,1370120192,686,,,,,R(i_1;a_1i_1),R(i_1;a_1i_1),,,,"i,a",;i_1,"7,",7 × ?,,
3,8,Tensor,leaf,t,2053,,,5488,5488,24239544,1370120192,686,,,,,t(i_1;a_2i_1),t(i_1;a_2i_1),,,,"i,a",;i_1,"7,",7 × ?,,
3,8,Product,intermediate,I,275410,384,5488,384,384,24239544,1370120192,48,0,0.0,0.0,0.0,"I(i_1,i_2;a_2i_1) * t(i_1;a_2i_1) -> I(i_2,i_1)","I(i_2,i_1)","I(i_1,i_2;a_2i_1)",t(i_1;a_2i_1),"I(i_2,i_1)","i,i",;,"7,7",7 × 7,392,0.979592
3,8,Product,intermediate,I,153588,384,12064,432,432,24239544,1370120192,54,0,0.0,0.0,0.0,"I(i_2,i_1) * I(μ̃_19672,i_2) -> I(μ̃_19672,i_1)","I(μ̃_19672,i_1)","I(i_2,i_1)","I(μ̃_19672,i_2)","I(μ̃_19672,i_1)","μ̃,i",;,"114,7",114 × 7,6384,0.0676692
3,8,Tensor,leaf,C,8435,,,481264,481264,24239544,1370120192,60158,,,,,"C(i_1,μ̃_19672;a_1i_1)","C(i_1,μ̃_19672;a_1i_1)",,,,"i,μ̃,a",;;i_1,"7,114,",7 × 114 × ?,,
3,8,Product,intermediate,I,250032,432,481264,376,376,24239544,1370120192,47,,,,,"I(μ̃_19672,i_1) * C(i_1,μ̃_19672;a_1i_1) -> I(i_1;a_1i_1)",I(i_1;a_1i_1),"I(μ̃_19672,i_1)","C(i_1,μ̃_19672;a_1i_1)",I(i_1;a_1i_1),"i,a",;i_1,"7,",7 × ?,,
3,8,Constant,constant,_const,1371,,,8,8,24239544,1370120192,1,,,,,-1,-1,,,,,,,scalar,8,1
3,8,Product,residual,R,55747,376,8,376,376,24239544,1370120192,47,,,,,I(i_1;a_1i_1) * -1 -> R(i_1;a_1i_1),R(i_1;a_1i_1),I(i_1;a_1i_1),-1,R(i_1;a_1i_1),"i,a",;i_1,"7,",7 × ?,,
3,8,Permute,residual,R,60990,,,376,376,24239544,1370120192,47,,,,,R(i_1;a_1i_1),R(i_1;a_1i_1),,,,"i,a",;i_1,"7,",7 × ?,,
3,9,Tensor,leaf,C,10030,,,2207664,2207664,24579928,1370120192,275958,,,,,"C(i_2,i_1,μ̃_19614;a_3i_1i_2)","C(i_2,i_1,μ̃_19614;a_3i_1i_2)",,,,"i,i,μ̃,a",";;;i_1,i_2","7,7,114,",7 × 7 × 114 × ?,,
3,9,Product,intermediate,I,1178216,12064,2207664,21128,21128,24613120,1370120192,2641,,,,,"I(i_2,μ̃_19614) * C(i_2,i_1,μ̃_19614;a_3i_1i_2) -> I(i_1,i_2;a_3i_1i_2)","I(i_1,i_2;a_3i_1i_2)","I(i_2,μ̃_19614)","C(i_2,i_1,μ̃_19614;a_3i_1i_2)","I(i_1,i_2;a_3i_1i_2)","i,i,a",";;i_1,i_2","7,7,",7 × 7 × ?,,
3,9,Tensor,leaf,t,2140,,,792440,792440,24613120,1370120192,99055,,,,,"t(i_2,i_1;a_4i_1i_2,a_3i_1i_2)","t(i_2,i_1;a_4i_1i_2,a_3i_1i_2)",,,,"i,i,a,a",";;i_1,i_2;i_1,i_2","7,7,,",7 × 7 × ? × ?,,
3,9,Product,intermediate,I,457244,21128,792440,21128,21128,24613120,1370120192,2641,,,,,"I(i_1,i_2;a_3i_1i_2) * t(i_2,i_1;a_4i_1i_2,a_3i_1i_2) -> I(i_2,i_1;a_4i_1i_2)","I(i_2,i_1;a_4i_1i_2)","I(i_1,i_2;a_3i_1i_2)","t(i_2,i_1;a_4i_1i_2,a_3i_1i_2)","I(i_2,i_1;a_4i_1i_2)","i,i,a",";;i_1,i_2","7,7,",7 × 7 × ?,,
3,9,Tensor,leaf,C,13899,,,2207664,2207664,24613120,1370120192,275958,,,,,"C(i_2,i_1,μ̃_19615;a_4i_1i_2)","C(i_2,i_1,μ̃_19615;a_4i_1i_2)",,,,"i,i,μ̃,a",";;;i_1,i_2","7,7,114,",7 × 7 × 114 × ?,,
3,9,Product,intermediate,I,1837814,21128,2207664,12064,12064,24634248,1370120192,1508,798,0.003958927390593369,4.688998017239107e-06,0.00040614261754950656,"I(i_2,i_1;a_4i_1i_2) * C(i_2,i_1,μ̃_19615;a_4i_1i_2) -> I(μ̃_19615,i_1)","I(μ̃_19615,i_1)","I(i_2,i_1;a_4i_1i_2)","C(i_2,i_1,μ̃_19615;a_4i_1i_2)","I(μ̃_19615,i_1)","μ̃,i",;,"114,7",114 × 7,6384,1.88972
3,9,Tensor,leaf,s,19347,,,125584,125584,24634248,1370120192,15698,12996,138.52037144982398,140.24275294876296,0.9820999861813626,"s(μ̃_19615,μ̃_19616)","s(μ̃_19615,μ̃_19616)",,,,"μ̃,μ̃",;,"114,114",114 × 114,103968,1.20791
3,9,Product,intermediate,I,1027632,12064,125584,12064,12064,24634248,1370120192,1508,798,-0.0006958667278479761,1.540410994139205e-07,6.147969436176352e-05,"I(μ̃_19615,i_1) * s(μ̃_19615,μ̃_19616) -> I(μ̃_19616,i_1)","I(μ̃_19616,i_1)","I(μ̃_19615,i_1)","s(μ̃_19615,μ̃_19616)","I(μ̃_19616,i_1)","μ̃,i",;,"114,7",114 × 7,6384,1.88972
3,9,Tensor,leaf,C,9263,,,481264,481264,24634248,1370120192,60158,,,,,"C(i_1,μ̃_19616;a_1i_1)","C(i_1,μ̃_19616;a_1i_1)",,,,"i,μ̃,a",;;i_1,"7,114,",7 × 114 × ?,,
3,9,Product,residual,R,689262,12064,481264,5488,5488,24634248,1370120192,686,,,,,"I(μ̃_19616,i_1) * C(i_1,μ̃_19616;a_1i_1) -> R(i_1;a_1i_1)",R(i_1;a_1i_1),"I(μ̃_19616,i_1)","C(i_1,μ̃_19616;a_1i_1)",R(i_1;a_1i_1),"i,a",;i_1,"7,",7 × ?,,
3,9,Permute,residual,R,101166,,,5488,5488,24634248,1370120192,686,,,,,R(i_1;a_1i_1),R(i_1;a_1i_1),,,,"i,a",;i_1,"7,",7 × ?,,
3,10,Tensor,leaf,g,13813,,,29489328,29489328,51882720,1370120192,3686166,3664872,328.03408291046827,123.92989425956779,0.8503952014554771,"g(μ̃_19627,μ̃_19628,Κ_1)","g(μ̃_19627,μ̃_19628,Κ_1)",,,,"μ̃,μ̃,Κ",;;,"114,114,282",114 × 114 × 282,29318976,1.00581
3,10,Product,intermediate,I,16730329,29489328,12064,1843152,1843152,53725872,1370120192,230394,225036,0.08059735860479017,0.0009800115556987841,0.0032421543104498734,"g(μ̃_19627,μ̃_19628,Κ_1) * I(μ̃_19627,i_2) -> I(μ̃_19628,i_2,Κ_1)","I(μ̃_19628,i_2,Κ_1)","g(μ̃_19627,μ̃_19628,Κ_1)","I(μ̃_19627,i_2)","I(μ̃_19628,i_2,Κ_1)","μ̃,i,Κ",;;,"114,7,282",114 × 7 × 282,1800288,1.02381
3,10,Product,intermediate,I,2319809,121536,1843152,12064,12064,53725872,1370120192,1508,798,3.865414277203122e-05,1.1864010104729547e-09,8.27264339457576e-06,"I(i_2,i_1,Κ_1) * I(μ̃_19628,i_2,Κ_1) -> I(μ̃_19628,i_1)","I(μ̃_19628,i_1)","I(i_2,i_1,Κ_1)","I(μ̃_19628,i_2,Κ_1)","I(μ̃_19628,i_1)","μ̃,i",;,"114,7",114 × 7,6384,1.88972
3,10,Tensor,leaf,C,19107,,,481264,481264,53725872,1370120192,60158,,,,,"C(i_1,μ̃_19628;a_1i_1)","C(i_1,μ̃_19628;a_1i_1)",,,,"i,μ̃,a",;;i_1,"7,114,",7 × 114 × ?,,
3,10,Product,intermediate,I,792642,12064,481264,5488,5488,53725872,1370120192,686,,,,,"I(μ̃_19628,i_1) * C(i_1,μ̃_19628;a_1i_1) -> I(i_1;a_1i_1)",I(i_1;a_1i_1),"I(μ̃_19628,i_1)","C(i_1,μ̃_19628;a_1i_1)",I(i_1;a_1i_1),"i,a",;i_1,"7,",7 × ?,,
3,10,Constant,constant,_const,2183,,,8,8,53725872,1370120192,1,,,,,-1,-1,,,,,,,scalar,8,1
3,10,Product,residual,R,76488,5488,8,5488,5488,53725872,1370120192,686,,,,,I(i_1;a_1i_1) * -1 -> R(i_1;a_1i_1),R(i_1;a_1i_1),I(i_1;a_1i_1),-1,R(i_1;a_1i_1),"i,a",;i_1,"7,",7 × ?,,
3,10,Permute,residual,R,62620,,,5488,5488,53725872,1370120192,686,,,,,R(i_1;a_1i_1),R(i_1;a_1i_1),,,,"i,a",;i_1,"7,",7 × ?,,
3,11,Product,intermediate,I,3600022,121536,5490816,139048,139048,53725872,1370120192,17381,,,,,"I(i_2,i_1,Κ_1) * I(i_2,i_3,Κ_1;a_3i_2i_3) -> I(i_3,i_2,i_1;a_3i_2i_3)","I(i_3,i_2,i_1;a_3i_2i_3)","I(i_2,i_1,Κ_1)","I(i_2,i_3,Κ_1;a_3i_2i_3)","I(i_3,i_2,i_1;a_3i_2i_3)","i,i,i,a",";;;i_2,i_3","7,7,7,",7 × 7 × 7 × ?,,
3,11,Tensor,leaf,t,2770,,,792440,792440,53725872,1370120192,99055,,,,,"t(i_2,i_3;a_4i_2i_3,a_3i_2i_3)","t(i_2,i_3;a_4i_2i_3,a_3i_2i_3)",,,,"i,i,a,a",";;i_2,i_3;i_2,i_3","7,7,,",7 × 7 × ? × ?,,
3,11,Product,intermediate,I,806910,139048,792440,139048,139048,53725872,1370120192,17381,,,,,"I(i_3,i_2,i_1;a_3i_2i_3) * t(i_2,i_3;a_4i_2i_3,a_3i_2i_3) -> I(i_3,i_2,i_1;a_4i_2i_3)","I(i_3,i_2,i_1;a_4i_2i_3)","I(i_3,i_2,i_1;a_3i_2i_3)","t(i_2,i_3;a_4i_2i_3,a_3i_2i_3)","I(i_3,i_2,i_1;a_4i_2i_3)","i,i,i,a",";;;i_2,i_3","7,7,7,",7 × 7 × 7 × ?,,
3,11,Tensor,leaf,C,21184,,,2207664,2207664,53725872,1370120192,275958,,,,,"C(i_3,i_2,μ̃_19652;a_4i_2i_3)","C(i_3,i_2,μ̃_19652;a_4i_2i_3)",,,,"i,i,μ̃,a",";;;i_2,i_3","7,7,114,",7 × 7 × 114 × ?,,
3,11,Product,intermediate,I,2920409,139048,2207664,12064,12064,53725872,1370120192,1508,798,0.00776411863419764,6.87486050440546e-06,0.000792309761384578,"I(i_3,i_2,i_1;a_4i_2i_3) * C(i_3,i_2,μ̃_19652;a_4i_2i_3) -> I(μ̃_19652,i_1)","I(μ̃_19652,i_1)","I(i_3,i_2,i_1;a_4i_2i_3)","C(i_3,i_2,μ̃_19652;a_4i_2i_3)","I(μ̃_19652,i_1)","μ̃,i",;,"114,7",114 × 7,6384,1.88972
3,11,Tensor,leaf,s,79448,,,125584,125584,53725872,1370120192,15698,12996,138.52037144982398,140.24275294876296,0.9820999861813626,"s(μ̃_19652,μ̃_19653)","s(μ̃_19652,μ̃_19653)",,,,"μ̃,μ̃",;,"114,114",114 × 114,103968,1.20791
3,11,Product,intermediate,I,1009378,12064,125584,12064,12064,53725872,1370120192,1508,798,-0.0007554763445921534,2.610438762594552e-07,7.179228243060154e-05,"I(μ̃_19652,i_1) * s(μ̃_19652,μ̃_19653) -> I(μ̃_19653,i_1)","I(μ̃_19653,i_1)","I(μ̃_19652,i_1)","s(μ̃_19652,μ̃_19653)","I(μ̃_19653,i_1)","μ̃,i",;,"114,7",114 × 7,6384,1.88972
3,11,Tensor,leaf,C,12740,,,481264,481264,53725872,1370120192,60158,,,,,"C(i_1,μ̃_19653;a_1i_1)","C(i_1,μ̃_19653;a_1i_1)",,,,"i,μ̃,a",;;i_1,"7,114,",7 × 114 × ?,,
3,11,Product,intermediate,I,673564,12064,481264,5488,5488,53725872,1370120192,686,,,,,"I(μ̃_19653,i_1) * C(i_1,μ̃_19653;a_1i_1) -> I(i_1;a_1i_1)",I(i_1;a_1i_1),"I(μ̃_19653,i_1)","C(i_1,μ̃_19653;a_1i_1)",I(i_1;a_1i_1),"i,a",;i_1,"7,",7 × ?,,
3,11,Constant,constant,_const,1072,,,8,8,53725872,1370120192,1,,,,,-2,-2,,,,,,,scalar,8,1
3,11,Product,residual,R,89772,5488,8,5488,5488,53725872,1370120192,686,,,,,I(i_1;a_1i_1) * -2 -> R(i_1;a_1i_1),R(i_1;a_1i_1),I(i_1;a_1i_1),-2,R(i_1;a_1i_1),"i,a",;i_1,"7,",7 × ?,,
3,11,Permute,residual,R,91860,,,5488,5488,53725872,1370120192,686,,,,,R(i_1;a_1i_1),R(i_1;a_1i_1),,,,"i,a",;i_1,"7,",7 × ?,,
3,12,Tensor,leaf,t,2478,,,792440,792440,53725872,1370120192,99055,,,,,"t(i_3,i_2;a_4i_2i_3,a_3i_2i_3)","t(i_3,i_2;a_4i_2i_3,a_3i_2i_3)",,,,"i,i,a,a",";;i_2,i_3;i_2,i_3","7,7,,",7 × 7 × ? × ?,,
3,12,Product,intermediate,I,745228,139048,792440,139048,139048,53725872,1370120192,17381,,,,,"I(i_3,i_2,i_1;a_3i_2i_3) * t(i_3,i_2;a_4i_2i_3,a_3i_2i_3) -> I(i_3,i_2,i_1;a_4i_2i_3)","I(i_3,i_2,i_1;a_4i_2i_3)","I(i_3,i_2,i_1;a_3i_2i_3)","t(i_3,i_2;a_4i_2i_3,a_3i_2i_3)","I(i_3,i_2,i_1;a_4i_2i_3)","i,i,i,a",";;;i_2,i_3","7,7,7,",7 × 7 × 7 × ?,,
3,12,Tensor,leaf,C,10383,,,2207664,2207664,53725872,1370120192,275958,,,,,"C(i_3,i_2,μ̃_19668;a_4i_2i_3)","C(i_3,i_2,μ̃_19668;a_4i_2i_3)",,,,"i,i,μ̃,a",";;;i_2,i_3","7,7,114,",7 × 7 × 114 × ?,,
3,12,Product,intermediate,I,2955122,139048,2207664,12064,12064,53725872,1370120192,1508,798,0.0048074958178489285,5.473667975826881e-06,0.0005124698046326449,"I(i_3,i_2,i_1;a_4i_2i_3) * C(i_3,i_2,μ̃_19668;a_4i_2i_3) -> I(μ̃_19668,i_1)","I(μ̃_19668,i_1)","I(i_3,i_2,i_1;a_4i_2i_3)","C(i_3,i_2,μ̃_19668;a_4i_2i_3)","I(μ̃_19668,i_1)","μ̃,i",;,"114,7",114 × 7,6384,1.88972
3,12,Tensor,leaf,s,15163,,,125584,125584,53725872,1370120192,15698,12996,138.52037144982398,140.24275294876296,0.9820999861813626,"s(μ̃_19668,μ̃_19669)","s(μ̃_19668,μ̃_19669)",,,,"μ̃,μ̃",;,"114,114",114 × 114,103968,1.20791
3,12,Product,intermediate,I,1037310,12064,125584,12064,12064,53725872,1370120192,1508,798,-0.0005867389255386508,1.528816883562248e-07,5.529160996576095e-05,"I(μ̃_19668,i_1) * s(μ̃_19668,μ̃_19669) -> I(μ̃_19669,i_1)","I(μ̃_19669,i_1)","I(μ̃_19668,i_1)","s(μ̃_19668,μ̃_19669)","I(μ̃_19669,i_1)","μ̃,i",;,"114,7",114 × 7,6384,1.88972
3,12,Tensor,leaf,C,30653,,,481264,481264,53725872,1370120192,60158,,,,,"C(i_1,μ̃_19669;a_1i_1)","C(i_1,μ̃_19669;a_1i_1)",,,,"i,μ̃,a",;;i_1,"7,114,",7 × 114 × ?,,
3,12,Product,residual,R,668446,12064,481264,5488,5488,53725872,1370120192,686,,,,,"I(μ̃_19669,i_1) * C(i_1,μ̃_19669;a_1i_1) -> R(i_1;a_1i_1)",R(i_1;a_1i_1),"I(μ̃_19669,i_1)","C(i_1,μ̃_19669;a_1i_1)",R(i_1;a_1i_1),"i,a",;i_1,"7,",7 × ?,,
3,12,Permute,residual,R,69239,,,5488,5488,53725872,1370120192,686,,,,,R(i_1;a_1i_1),R(i_1;a_1i_1),,,,"i,a",;i_1,"7,",7 × ?,,
3,13,Tensor,leaf,t,1910,,,792440,792440,53725872,1370120192,99055,,,,,"t(i_1,i_2;a_4i_1i_2,a_3i_1i_2)","t(i_1,i_2;a_4i_1i_2,a_3i_1i_2)",,,,"i,i,a,a",";;i_1,i_2;i_1,i_2","7,7,,",7 × 7 × ? × ?,,
3,13,Product,intermediate,I,6589780,21128,792440,21128,21128,53725872,1370120192,2641,,,,,"I(i_1,i_2;a_3i_1i_2) * t(i_1,i_2;a_4i_1i_2,a_3i_1i_2) -> I(i_2,i_1;a_4i_1i_2)","I(i_2,i_1;a_4i_1i_2)","I(i_1,i_2;a_3i_1i_2)","t(i_1,i_2;a_4i_1i_2,a_3i_1i_2)","I(i_2,i_1;a_4i_1i_2)","i,i,a",";;i_1,i_2","7,7,",7 × 7 × ?,,
3,13,Tensor,leaf,C,18773,,,2207664,2207664,53725872,1370120192,275958,,,,,"C(i_2,i_1,μ̃_19678;a_4i_1i_2)","C(i_2,i_1,μ̃_19678;a_4i_1i_2)",,,,"i,i,μ̃,a",";;;i_1,i_2","7,7,114,",7 × 7 × 114 × ?,,
3,13,Product,intermediate,I,1949911,21128,2207664,12064,12064,53725872,1370120192,1508,798,0.006123775279652364,6.439689924177647e-05,0.0016013533213556105,"I(i_2,i_1;a_4i_1i_2) * C(i_2,i_1,μ̃_19678;a_4i_1i_2) -> I(μ̃_19678,i_1)","I(μ̃_19678,i_1)","I(i_2,i_1;a_4i_1i_2)","C(i_2,i_1,μ̃_19678;a_4i_1i_2)","I(μ̃_19678,i_1)","μ̃,i",;,"114,7",114 × 7,6384,1.88972
3,13,Tensor,leaf,s,24357,,,125584,125584,53725872,1370120192,15698,12996,138.52037144982398,140.24275294876296,0.9820999861813626,"s(μ̃_19678,μ̃_19679)","s(μ̃_19678,μ̃_19679)",,,,"μ̃,μ̃",;,"114,114",114 × 114,103968,1.20791
3,13,Product,intermediate,I,1375405,12064,125584,12064,12064,53725872,1370120192,1508,798,-0.0006078068721482753,2.3651048806964783e-07,8.13816780697566e-05,"I(μ̃_19678,i_1) * s(μ̃_19678,μ̃_19679) -> I(μ̃_19679,i_1)","I(μ̃_19679,i_1)","I(μ̃_19678,i_1)","s(μ̃_19678,μ̃_19679)","I(μ̃_19679,i_1)","μ̃,i",;,"114,7",114 × 7,6384,1.88972
3,13,Tensor,leaf,C,12672,,,481264,481264,53725872,1370120192,60158,,,,,"C(i_1,μ̃_19679;a_1i_1)","C(i_1,μ̃_19679;a_1i_1)",,,,"i,μ̃,a",;;i_1,"7,114,",7 × 114 × ?,,
3,13,Product,intermediate,I,774732,12064,481264,5488,5488,53725872,1370120192,686,,,,,"I(μ̃_19679,i_1) * C(i_1,μ̃_19679;a_1i_1) -> I(i_1;a_1i_1)",I(i_1;a_1i_1),"I(μ̃_19679,i_1)","C(i_1,μ̃_19679;a_1i_1)",I(i_1;a_1i_1),"i,a",;i_1,"7,",7 × ?,,
3,13,Constant,constant,_const,1174,,,8,8,53725872,1370120192,1,,,,,-2,-2,,,,,,,scalar,8,1
3,13,Product,residual,R,89258,5488,8,5488,5488,53725872,1370120192,686,,,,,I(i_1;a_1i_1) * -2 -> R(i_1;a_1i_1),R(i_1;a_1i_1),I(i_1;a_1i_1),-2,R(i_1;a_1i_1),"i,a",;i_1,"7,",7 × ?,,
3,13,Permute,residual,R,81569,,,5488,5488,53725872,1370120192,686,,,,,R(i_1;a_1i_1),R(i_1;a_1i_1),,,,"i,a",;i_1,"7,",7 × ?,,
3,14,Tensor,leaf,C,10006,,,2207664,2207664,53725872,1370120192,275958,,,,,"C(i_3,i_1,μ̃_19618;a_3i_1i_3)","C(i_3,i_1,μ̃_19618;a_3i_1i_3)",,,,"i,i,μ̃,a",";;;i_1,i_3","7,7,114,",7 × 7 × 114 × ?,,
3,14,Product,intermediate,I,4126480,12064,2207664,21128,21128,53725872,1370120192,2641,,,,,"I(i_3,μ̃_19618) * C(i_3,i_1,μ̃_19618;a_3i_1i_3) -> I(i_1,i_3;a_3i_1i_3)","I(i_1,i_3;a_3i_1i_3)","I(i_3,μ̃_19618)","C(i_3,i_1,μ̃_19618;a_3i_1i_3)","I(i_1,i_3;a_3i_1i_3)","i,i,a",";;i_1,i_3","7,7,",7 × 7 × ?,,
3,14,Tensor,leaf,t,2171,,,792440,792440,53725872,1370120192,99055,,,,,"t(i_3,i_1;a_4i_1i_3,a_3i_1i_3)","t(i_3,i_1;a_4i_1i_3,a_3i_1i_3)",,,,"i,i,a,a",";;i_1,i_3;i_1,i_3","7,7,,",7 × 7 × ? × ?,,
3,14,Product,intermediate,I,357984,21128,792440,21128,21128,53725872,1370120192,2641,,,,,"I(i_1,i_3;a_3i_1i_3) * t(i_3,i_1;a_4i_1i_3,a_3i_1i_3) -> I(i_3,i_1;a_4i_1i_3)","I(i_3,i_1;a_4i_1i_3)","I(i_1,i_3;a_3i_1i_3)","t(i_3,i_1;a_4i_1i_3,a_3i_1i_3)","I(i_3,i_1;a_4i_1i_3)","i,i,a",";;i_1,i_3","7,7,",7 × 7 × ?,,
3,14,Tensor,leaf,C,11113,,,2207664,2207664,53725872,1370120192,275958,,,,,"C(i_3,i_1,μ̃_19619;a_4i_1i_3)","C(i_3,i_1,μ̃_19619;a_4i_1i_3)",,,,"i,i,μ̃,a",";;;i_1,i_3","7,7,114,",7 × 7 × 114 × ?,,
3,14,Product,intermediate,I,1794769,21128,2207664,12064,12064,53725872,1370120192,1508,798,0.0016737175679522938,2.058155868732336e-06,0.0005232681566593719,"I(i_3,i_1;a_4i_1i_3) * C(i_3,i_1,μ̃_19619;a_4i_1i_3) -> I(μ̃_19619,i_1)","I(μ̃_19619,i_1)","I(i_3,i_1;a_4i_1i_3)","C(i_3,i_1,μ̃_19619;a_4i_1i_3)","I(μ̃_19619,i_1)","μ̃,i",;,"114,7",114 × 7,6384,1.88972
3,14,Tensor,leaf,s,16782,,,125584,125584,53725872,1370120192,15698,12996,138.52037144982398,140.24275294876296,0.9820999861813626,"s(μ̃_19619,μ̃_19620)","s(μ̃_19619,μ̃_19620)",,,,"μ̃,μ̃",;,"114,114",114 × 114,103968,1.20791
3,14,Product,intermediate,I,978204,12064,125584,12064,12064,53725872,1370120192,1508,798,-0.0007951121097196602,2.6808391654043907e-07,8.49391106898089e-05,"I(μ̃_19619,i_1) * s(μ̃_19619,μ̃_19620) -> I(μ̃_19620,i_1)","I(μ̃_19620,i_1)","I(μ̃_19619,i_1)","s(μ̃_19619,μ̃_19620)","I(μ̃_19620,i_1)","μ̃,i",;,"114,7",114 × 7,6384,1.88972
3,14,Tensor,leaf,C,12416,,,481264,481264,53725872,1370120192,60158,,,,,"C(i_1,μ̃_19620;a_1i_1)","C(i_1,μ̃_19620;a_1i_1)",,,,"i,μ̃,a",;;i_1,"7,114,",7 × 114 × ?,,
3,14,Product,intermediate,I,795520,12064,481264,5488,5488,53725872,1370120192,686,,,,,"I(μ̃_19620,i_1) * C(i_1,μ̃_19620;a_1i_1) -> I(i_1;a_1i_1)",I(i_1;a_1i_1),"I(μ̃_19620,i_1)","C(i_1,μ̃_19620;a_1i_1)",I(i_1;a_1i_1),"i,a",;i_1,"7,",7 × ?,,
3,14,Constant,constant,_const,1476,,,8,8,53725872,1370120192,1,,,,,-2,-2,,,,,,,scalar,8,1
3,14,Product,residual,R,71724,5488,8,5488,5488,53725872,1370120192,686,,,,,I(i_1;a_1i_1) * -2 -> R(i_1;a_1i_1),R(i_1;a_1i_1),I(i_1;a_1i_1),-2,R(i_1;a_1i_1),"i,a",;i_1,"7,",7 × ?,,
3,14,Permute,residual,R,64323,,,5488,5488,53725872,1370120192,686,,,,,R(i_1;a_1i_1),R(i_1;a_1i_1),,,,"i,a",;i_1,"7,",7 × ?,,
3,15,Tensor,leaf,C,13388,,,481264,481264,53725872,1370120192,60158,,,,,"C(i_1,μ̃_19649;a_1i_1)","C(i_1,μ̃_19649;a_1i_1)",,,,"i,μ̃,a",;;i_1,"7,114,",7 × 114 × ?,,
3,15,Product,intermediate,I,704136,12064,481264,5488,5488,53725872,1370120192,686,,,,,"I(i_1,μ̃_19649) * C(i_1,μ̃_19649;a_1i_1) -> I(i_1;a_1i_1)",I(i_1;a_1i_1),"I(i_1,μ̃_19649)","C(i_1,μ̃_19649;a_1i_1)",I(i_1;a_1i_1),"i,a",;i_1,"7,",7 × ?,,
3,15,Constant,constant,_const,859,,,8,8,53725872,1370120192,1,,,,,2,2,,,,,,,scalar,8,1
3,15,Product,residual,R,69883,5488,8,5488,5488,53725872,1370120192,686,,,,,I(i_1;a_1i_1) * 2 -> R(i_1;a_1i_1),R(i_1;a_1i_1),I(i_1;a_1i_1),2,R(i_1;a_1i_1),"i,a",;i_1,"7,",7 × ?,,
3,15,Permute,residual,R,75434,,,5488,5488,53725872,1370120192,686,,,,,R(i_1;a_1i_1),R(i_1;a_1i_1),,,,"i,a",;i_1,"7,",7 × ?,,
3,16,Tensor,leaf,t,1537,,,792440,792440,53725872,1370120192,99055,,,,,"t(i_1,i_3;a_4i_1i_3,a_3i_1i_3)","t(i_1,i_3;a_4i_1i_3,a_3i_1i_3)",,,,"i,i,a,a",";;i_1,i_3;i_1,i_3","7,7,,",7 × 7 × ? × ?,,
3,16,Product,intermediate,I,461562,21128,792440,21128,21128,53725872,1370120192,2641,,,,,"I(i_1,i_3;a_3i_1i_3) * t(i_1,i_3;a_4i_1i_3,a_3i_1i_3) -> I(i_3,i_1;a_4i_1i_3)","I(i_3,i_1;a_4i_1i_3)","I(i_1,i_3;a_3i_1i_3)","t(i_1,i_3;a_4i_1i_3,a_3i_1i_3)","I(i_3,i_1;a_4i_1i_3)","i,i,a",";;i_1,i_3","7,7,",7 × 7 × ?,,
3,16,Tensor,leaf,C,15018,,,2207664,2207664,53725872,1370120192,275958,,,,,"C(i_3,i_1,μ̃_19664;a_4i_1i_3)","C(i_3,i_1,μ̃_19664;a_4i_1i_3)",,,,"i,i,μ̃,a",";;;i_1,i_3","7,7,114,",7 × 7 × 114 × ?,,
3,16,Product,intermediate,I,1839266,21128,2207664,12064,12064,53725872,1370120192,1508,798,0.0099709296145277,0.0001643971075024228,0.002462685260092613,"I(i_3,i_1;a_4i_1i_3) * C(i_3,i_1,μ̃_19664;a_4i_1i_3) -> I(μ̃_19664,i_1)","I(μ̃_19664,i_1)","I(i_3,i_1;a_4i_1i_3)","C(i_3,i_1,μ̃_19664;a_4i_1i_3)","I(μ̃_19664,i_1)","μ̃,i",;,"114,7",114 × 7,6384,1.88972
3,16,Tensor,leaf,s,14945,,,125584,125584,53725872,1370120192,15698,12996,138.52037144982398,140.24275294876296,0.9820999861813626,"s(μ̃_19664,μ̃_19665)","s(μ̃_19664,μ̃_19665)",,,,"μ̃,μ̃",;,"114,114",114 × 114,103968,1.20791
3,16,Product,intermediate,I,1044752,12064,125584,12064,12064,53725872,1370120192,1508,798,-0.0009124023099217872,7.426945419085102e-07,0.00014302477510691846,"I(μ̃_19664,i_1) * s(μ̃_19664,μ̃_19665) -> I(μ̃_19665,i_1)","I(μ̃_19665,i_1)","I(μ̃_19664,i_1)","s(μ̃_19664,μ̃_19665)","I(μ̃_19665,i_1)","μ̃,i",;,"114,7",114 × 7,6384,1.88972
3,16,Tensor,leaf,C,9216,,,481264,481264,53725872,1370120192,60158,,,,,"C(i_1,μ̃_19665;a_1i_1)","C(i_1,μ̃_19665;a_1i_1)",,,,"i,μ̃,a",;;i_1,"7,114,",7 × 114 × ?,,
3,16,Product,intermediate,I,757139,12064,481264,5488,5488,53725872,1370120192,686,,,,,"I(μ̃_19665,i_1) * C(i_1,μ̃_19665;a_1i_1) -> I(i_1;a_1i_1)",I(i_1;a_1i_1),"I(μ̃_19665,i_1)","C(i_1,μ̃_19665;a_1i_1)",I(i_1;a_1i_1),"i,a",;i_1,"7,",7 × ?,,
3,16,Constant,constant,_const,1041,,,8,8,53725872,1370120192,1,,,,,4,4,,,,,,,scalar,8,1
3,16,Product,residual,R,87142,5488,8,5488,5488,53725872,1370120192,686,,,,,I(i_1;a_1i_1) * 4 -> R(i_1;a_1i_1),R(i_1;a_1i_1),I(i_1;a_1i_1),4,R(i_1;a_1i_1),"i,a",;i_1,"7,",7 × ?,,
3,16,Permute,residual,R,66673,,,5488,5488,53725872,1370120192,686,,,,,R(i_1;a_1i_1),R(i_1;a_1i_1),,,,"i,a",;i_1,"7,",7 × ?,,
3,17,Tensor,leaf,g,8513,,,29489328,29489328,53725872,1370120192,3686166,3664872,328.03408291046827,123.92989425956779,0.8503952014554771,"g(μ̃_19641,μ̃_19642,Κ_1)","g(μ̃_19641,μ̃_19642,Κ_1)",,,,"μ̃,μ̃,Κ",;;,"114,114,282",114 × 114 × 282,29318976,1.00581
3,17,Product,intermediate,I,15274960,5280,29489328,125584,125584,53725872,1370120192,15698,12996,0.11826675247514237,0.000486280853143889,0.005729657582544865,"I(Κ_1) * g(μ̃_19641,μ̃_19642,Κ_1) -> I(μ̃_19642,μ̃_19641)","I(μ̃_19642,μ̃_19641)",I(Κ_1),"g(μ̃_19641,μ̃_19642,Κ_1)","I(μ̃_19642,μ̃_19641)","μ̃,μ̃",;,"114,114",114 × 114,103968,1.20791
3,17,Product,intermediate,I,1088930,125584,12064,12064,12064,53725872,1370120192,1508,798,7.42504736405315e-05,7.88142734471206e-09,2.2642179015117933e-05,"I(μ̃_19642,μ̃_19641) * I(μ̃_19641,i_1) -> I(μ̃_19642,i_1)","I(μ̃_19642,i_1)","I(μ̃_19642,μ̃_19641)","I(μ̃_19641,i_1)","I(μ̃_19642,i_1)","μ̃,i",;,"114,7",114 × 7,6384,1.88972
3,17,Tensor,leaf,C,18638,,,481264,481264,53725872,1370120192,60158,,,,,"C(i_1,μ̃_19642;a_1i_1)","C(i_1,μ̃_19642;a_1i_1)",,,,"i,μ̃,a",;;i_1,"7,114,",7 × 114 × ?,,
3,17,Product,intermediate,I,715733,12064,481264,5488,5488,53725872,1370120192,686,,,,,"I(μ̃_19642,i_1) * C(i_1,μ̃_19642;a_1i_1) -> I(i_1;a_1i_1)",I(i_1;a_1i_1),"I(μ̃_19642,i_1)","C(i_1,μ̃_19642;a_1i_1)",I(i_1;a_1i_1),"i,a",;i_1,"7,",7 × ?,,
3,17,Constant,constant,_const,1871,,,8,8,53725872,1370120192,1,,,,,2,2,,,,,,,scalar,8,1
3,17,Product,residual,R,77597,5488,8,5488,5488,53725872,1370120192,686,,,,,I(i_1;a_1i_1) * 2 -> R(i_1;a_1i_1),R(i_1;a_1i_1),I(i_1;a_1i_1),2,R(i_1;a_1i_1),"i,a",;i_1,"7,",7 × ?,,
3,17,Permute,residual,R,101217,,,5488,5488,53725872,1370120192,686,,,,,R(i_1;a_1i_1),R(i_1;a_1i_1),,,,"i,a",;i_1,"7,",7 × ?,,
3,18,Tensor,leaf,f,24019,,,125584,125584,53725872,1370120192,15698,12996,138.71107103388132,334.03752863922216,4.72676153485664,"f(μ̃_19643,μ̃_19644)","f(μ̃_19643,μ̃_19644)",,,,"μ̃,μ̃",;,"114,114",114 × 114,103968,1.20791
3,18,Product,intermediate,I,1473027,125584,12064,12064,12064,53725872,1370120192,1508,798,0.017917108849775893,0.0017196617989197892,0.009540588268356126,"f(μ̃_19643,μ̃_19644) * I(μ̃_19643,i_1) -> I(μ̃_19644,i_1)","I(μ̃_19644,i_1)","f(μ̃_19643,μ̃_19644)","I(μ̃_19643,i_1)","I(μ̃_19644,i_1)","μ̃,i",;,"114,7",114 × 7,6384,1.88972
3,18,Tensor,leaf,C,11009,,,481264,481264,53725872,1370120192,60158,,,,,"C(i_1,μ̃_19644;a_1i_1)","C(i_1,μ̃_19644;a_1i_1)",,,,"i,μ̃,a",;;i_1,"7,114,",7 × 114 × ?,,
3,18,Product,residual,R,727834,12064,481264,5488,5488,53725872,1370120192,686,,,,,"I(μ̃_19644,i_1) * C(i_1,μ̃_19644;a_1i_1) -> R(i_1;a_1i_1)",R(i_1;a_1i_1),"I(μ̃_19644,i_1)","C(i_1,μ̃_19644;a_1i_1)",R(i_1;a_1i_1),"i,a",;i_1,"7,",7 × ?,,
3,18,Permute,residual,R,60731,,,5488,5488,53725872,1370120192,686,,,,,R(i_1;a_1i_1),R(i_1;a_1i_1),,,,"i,a",;i_1,"7,",7 × ?,,
3,19,Tensor,leaf,f,35763,,,2088,2088,53725872,1370120192,261,49,-3.4369802138049423,3.1903508725142036,0.6871376688643174,"f(i_1,i_2)","f(i_1,i_2)",,,,"i,i",;,"7,7",7 × 7,392,5.32653
3,19,Product,intermediate,I,389989,2088,12064,12064,12064,53725872,1370120192,1508,798,0.24163048533306059,0.04346584007917213,0.06341046088416655,"f(i_1,i_2) * I(μ̃_19658,i_2) -> I(i_1,μ̃_19658)","I(i_1,μ̃_19658)","f(i_1,i_2)","I(μ̃_19658,i_2)","I(i_1,μ̃_19658)","i,μ̃",;,"7,114",7 × 114,6384,1.88972
3,19,Tensor,leaf,s,13894,,,125584,125584,53725872,1370120192,15698,12996,138.52037144982398,140.24275294876296,0.9820999861813626,"s(μ̃_19657,μ̃_19658)","s(μ̃_19657,μ̃_19658)",,,,"μ̃,μ̃",;,"114,114",114 × 114,103968,1.20791
3,19,Product,intermediate,I,935487,12064,125584,12064,12064,53725872,1370120192,1508,798,-0.018188848311385196,0.00029365641663616615,0.0023145523940200996,"I(i_1,μ̃_19658) * s(μ̃_19657,μ̃_19658) -> I(i_1,μ̃_19657)","I(i_1,μ̃_19657)","I(i_1,μ̃_19658)","s(μ̃_19657,μ̃_19658)","I(i_1,μ̃_19657)","i,μ̃",;,"7,114",7 × 114,6384,1.88972
3,19,Tensor,leaf,C,11452,,,481264,481264,53725872,1370120192,60158,,,,,"C(i_1,μ̃_19657;a_1i_1)","C(i_1,μ̃_19657;a_1i_1)",,,,"i,μ̃,a",;;i_1,"7,114,",7 × 114 × ?,,
3,19,Product,intermediate,I,770556,12064,481264,5488,5488,53725872,1370120192,686,,,,,"I(i_1,μ̃_19657) * C(i_1,μ̃_19657;a_1i_1) -> I(i_1;a_1i_1)",I(i_1;a_1i_1),"I(i_1,μ̃_19657)","C(i_1,μ̃_19657;a_1i_1)",I(i_1;a_1i_1),"i,a",;i_1,"7,",7 × ?,,
3,19,Constant,constant,_const,1696,,,8,8,53725872,1370120192,1,,,,,-1,-1,,,,,,,scalar,8,1
3,19,Product,residual,R,93813,5488,8,5488,5488,53725872,1370120192,686,,,,,I(i_1;a_1i_1) * -1 -> R(i_1;a_1i_1),R(i_1;a_1i_1),I(i_1;a_1i_1),-1,R(i_1;a_1i_1),"i,a",;i_1,"7,",7 × ?,,
3,19,Permute,residual,R,67574,,,5488,5488,53725872,1370120192,686,,,,,R(i_1;a_1i_1),R(i_1;a_1i_1),,,,"i,a",;i_1,"7,",7 × ?,,
3,20,Tensor,leaf,C,14717,,,2207664,2207664,53725872,1370120192,275958,,,,,"C(i_2,i_1,μ̃_19604;a_3i_1i_2)","C(i_2,i_1,μ̃_19604;a_3i_1i_2)",,,,"i,i,μ̃,a",";;;i_1,i_2","7,7,114,",7 × 7 × 114 × ?,,
3,20,Tensor,leaf,t,1851,,,792440,792440,53725872,1370120192,99055,,,,,"t(i_1,i_2;a_3i_1i_2,a_2i_1i_2)","t(i_1,i_2;a_3i_1i_2,a_2i_1i_2)",,,,"i,i,a,a",";;i_1,i_2;i_1,i_2","7,7,,",7 × 7 × ? × ?,,
3,20,Product,intermediate,I,4189328,2207664,792440,2207664,2207664,53725872,1370120192,275958,,,,,"C(i_2,i_1,μ̃_19604;a_3i_1i_2) * t(i_1,i_2;a_3i_1i_2,a_2i_1i_2) -> I(μ̃_19604,i_1,i_2;a_2i_1i_2)","I(μ̃_19604,i_1,i_2;a_2i_1i_2)","C(i_2,i_1,μ̃_19604;a_3i_1i_2)","t(i_1,i_2;a_3i_1i_2,a_2i_1i_2)","I(μ̃_19604,i_1,i_2;a_2i_1i_2)","μ̃,i,i,a",";;;i_1,i_2","114,7,7,",114 × 7 × 7 × ?,,
3,20,Product,intermediate,I,144106725,5490816,2207664,1843152,1843152,53725872,1370120192,230394,225036,0.7055801855425956,19.220483128768205,0.27000065355592395,"I(i_1,i_2,Κ_1;a_2i_1i_2) * I(μ̃_19604,i_1,i_2;a_2i_1i_2) -> I(μ̃_19604,i_1,Κ_1)","I(μ̃_19604,i_1,Κ_1)","I(i_1,i_2,Κ_1;a_2i_1i_2)","I(μ̃_19604,i_1,i_2;a_2i_1i_2)","I(μ̃_19604,i_1,Κ_1)","μ̃,i,Κ",;;,"114,7,282",114 × 7 × 282,1800288,1.02381
3,20,Tensor,leaf,g,12635,,,29489328,29489328,53918312,1370120192,3686166,3664872,328.03408291046827,123.92989425956779,0.8503952014554771,"g(μ̃_19604,μ̃_19605,Κ_1)","g(μ̃_19604,μ̃_19605,Κ_1)",,,,"μ̃,μ̃,Κ",;;,"114,114,282",114 × 114 × 282,29318976,1.00581
3,20,Product,intermediate,I,42314380,1843152,29489328,12064,12064,55773528,1370120192,1508,798,-0.04978140456397988,0.004599204249819564,0.011487392043356538,"I(μ̃_19604,i_1,Κ_1) * g(μ̃_19604,μ̃_19605,Κ_1) -> I(μ̃_19605,i_1)","I(μ̃_19605,i_1)","I(μ̃_19604,i_1,Κ_1)","g(μ̃_19604,μ̃_19605,Κ_1)","I(μ̃_19605,i_1)","μ̃,i",;,"114,7",114 × 7,6384,1.88972
3,20,Tensor,leaf,C,18217,,,481264,481264,55773528,1370120192,60158,,,,,"C(i_1,μ̃_19605;a_1i_1)","C(i_1,μ̃_19605;a_1i_1)",,,,"i,μ̃,a",;;i_1,"7,114,",7 × 114 × ?,,
3,20,Product,intermediate,I,782848,12064,481264,5488,5488,55773528,1370120192,686,,,,,"I(μ̃_19605,i_1) * C(i_1,μ̃_19605;a_1i_1) -> I(i_1;a_1i_1)",I(i_1;a_1i_1),"I(μ̃_19605,i_1)","C(i_1,μ̃_19605;a_1i_1)",I(i_1;a_1i_1),"i,a",;i_1,"7,",7 × ?,,
3,20,Constant,constant,_const,1901,,,8,8,55773528,1370120192,1,,,,,2,2,,,,,,,scalar,8,1
3,20,Product,residual,R,66591,5488,8,5488,5488,55773528,1370120192,686,,,,,I(i_1;a_1i_1) * 2 -> R(i_1;a_1i_1),R(i_1;a_1i_1),I(i_1;a_1i_1),2,R(i_1;a_1i_1),"i,a",;i_1,"7,",7 × ?,,
3,20,Permute,residual,R,98721,,,5488,5488,55773528,1370120192,686,,,,,R(i_1;a_1i_1),R(i_1;a_1i_1),,,,"i,a",;i_1,"7,",7 × ?,,
3,21,Product,intermediate,I,138519916,5490816,2207664,1843152,1843152,55773528,1370120192,230394,225036,-4.401562522864138,5.629449024981644,0.1365561554003788,"I(i_1,i_2,Κ_1;a_2i_1i_2) * I(μ̃_19607,i_2,i_1;a_2i_1i_2) -> I(μ̃_19607,i_1,Κ_1)","I(μ̃_19607,i_1,Κ_1)","I(i_1,i_2,Κ_1;a_2i_1i_2)","I(μ̃_19607,i_2,i_1;a_2i_1i_2)","I(μ̃_19607,i_1,Κ_1)","μ̃,i,Κ",;;,"114,7,282",114 × 7 × 282,1800288,1.02381
3,21,Tensor,leaf,g,15696,,,29489328,29489328,55773528,1370120192,3686166,3664872,328.03408291046827,123.92989425956779,0.8503952014554771,"g(μ̃_19607,μ̃_19608,Κ_1)","g(μ̃_19607,μ̃_19608,Κ_1)",,,,"μ̃,μ̃,Κ",;;,"114,114,282",114 × 114 × 282,29318976,1.00581
3,21,Product,intermediate,I,28675412,1843152,29489328,12064,12064,55773528,1370120192,1508,798,-0.012212454232110884,0.001822230515575461,0.005856244215139755,"I(μ̃_19607,i_1,Κ_1) * g(μ̃_19607,μ̃_19608,Κ_1) -> I(μ̃_19608,i_1)","I(μ̃_19608,i_1)","I(μ̃_19607,i_1,Κ_1)","g(μ̃_19607,μ̃_19608,Κ_1)","I(μ̃_19608,i_1)","μ̃,i",;,"114,7",114 × 7,6384,1.88972
3,21,Tensor,leaf,C,41892,,,481264,481264,55773528,1370120192,60158,,,,,"C(i_1,μ̃_19608;a_1i_1)","C(i_1,μ̃_19608;a_1i_1)",,,,"i,μ̃,a",;;i_1,"7,114,",7 × 114 × ?,,
3,21,Product,intermediate,I,762862,12064,481264,5488,5488,55773528,1370120192,686,,,,,"I(μ̃_19608,i_1) * C(i_1,μ̃_19608;a_1i_1) -> I(i_1;a_1i_1)",I(i_1;a_1i_1),"I(μ̃_19608,i_1)","C(i_1,μ̃_19608;a_1i_1)",I(i_1;a_1i_1),"i,a",;i_1,"7,",7 × ?,,
3,21,Constant,constant,_const,1829,,,8,8,55773528,1370120192,1,,,,,-1,-1,,,,,,,scalar,8,1
3,21,Product,residual,R,75355,5488,8,5488,5488,55773528,1370120192,686,,,,,I(i_1;a_1i_1) * -1 -> R(i_1;a_1i_1),R(i_1;a_1i_1),I(i_1;a_1i_1),-1,R(i_1;a_1i_1),"i,a",;i_1,"7,",7 × ?,,
3,21,Permute,residual,R,76147,,,5488,5488,55773528,1370120192,686,,,,,R(i_1;a_1i_1),R(i_1;a_1i_1),,,,"i,a",;i_1,"7,",7 × ?,,
3,22,Tensor,leaf,f,20676,,,432,432,55773528,1370120192,54,0,0.0,0.0,0.0,"f(μ̃_19625,i_1)","f(μ̃_19625,i_1)",,,,"μ̃,i",;,"114,7",114 × 7,6384,0.0676692
3,22,Tensor,leaf,C,9830,,,481264,481264,55773528,1370120192,60158,,,,,"C(i_1,μ̃_19625;a_1i_1)","C(i_1,μ̃_19625;a_1i_1)",,,,"i,μ̃,a",;;i_1,"7,114,",7 × 114 × ?,,
3,22,Product,residual,R,300052,432,481264,376,376,55773528,1370120192,47,,,,,"f(μ̃_19625,i_1) * C(i_1,μ̃_19625;a_1i_1) -> R(i_1;a_1i_1)",R(i_1;a_1i_1),"f(μ̃_19625,i_1)","C(i_1,μ̃_19625;a_1i_1)",R(i_1;a_1i_1),"i,a",;i_1,"7,",7 × ?,,
3,22,Permute,residual,R,52186,,,376,376,55773528,1370120192,47,,,,,R(i_1;a_1i_1),R(i_1;a_1i_1),,,,"i,a",;i_1,"7,",7 × ?,,
3,23,Tensor,leaf,t,1799,,,792440,792440,55773528,1370120192,99055,,,,,"t(i_3,i_2;a_3i_2i_3,a_2i_2i_3)","t(i_3,i_2;a_3i_2i_3,a_2i_2i_3)",,,,"i,i,a,a",";;i_2,i_3;i_2,i_3","7,7,,",7 × 7 × ? × ?,,
3,23,Product,intermediate,I,807426,139048,792440,139048,139048,55773528,1370120192,17381,,,,,"I(i_1,i_3,i_2;a_2i_2i_3) * t(i_3,i_2;a_3i_2i_3,a_2i_2i_3) -> I(i_3,i_2,i_1;a_3i_2i_3)","I(i_3,i_2,i_1;a_3i_2i_3)","I(i_1,i_3,i_2;a_2i_2i_3)","t(i_3,i_2;a_3i_2i_3,a_2i_2i_3)","I(i_3,i_2,i_1;a_3i_2i_3)","i,i,i,a",";;;i_2,i_3","7,7,7,",7 × 7 × 7 × ?,,
3,23,Tensor,leaf,C,11496,,,2207664,2207664,55773528,1370120192,275958,,,,,"C(i_3,i_2,μ̃_19634;a_3i_2i_3)","C(i_3,i_2,μ̃_19634;a_3i_2i_3)",,,,"i,i,μ̃,a",";;;i_2,i_3","7,7,114,",7 × 7 × 114 × ?,,
3,23,Product,intermediate,I,2837649,139048,2207664,12064,12064,55773528,1370120192,1508,798,0.4420923288396429,0.06015346218685298,0.0994086667250442,"I(i_3,i_2,i_1;a_3i_2i_3) * C(i_3,i_2,μ̃_19634;a_3i_2i_3) -> I(i_1,μ̃_19634)","I(i_1,μ̃_19634)","I(i_3,i_2,i_1;a_3i_2i_3)","C(i_3,i_2,μ̃_19634;a_3i_2i_3)","I(i_1,μ̃_19634)","i,μ̃",;,"7,114",7 × 114,6384,1.88972
3,23,Tensor,leaf,s,14857,,,125584,125584,55773528,1370120192,15698,12996,138.52037144982398,140.24275294876296,0.9820999861813626,"s(μ̃_19634,μ̃_19635)","s(μ̃_19634,μ̃_19635)",,,,"μ̃,μ̃",;,"114,114",114 × 114,103968,1.20791
3,23,Product,intermediate,I,943279,12064,125584,12064,12064,55773528,1370120192,1508,798,-0.023075212072264466,0.0010732197935962144,0.00487058239781617,"I(i_1,μ̃_19634) * s(μ̃_19634,μ̃_19635) -> I(i_1,μ̃_19635)","I(i_1,μ̃_19635)","I(i_1,μ̃_19634)","s(μ̃_19634,μ̃_19635)","I(i_1,μ̃_19635)","i,μ̃",;,"7,114",7 × 114,6384,1.88972
3,23,Tensor,leaf,C,26377,,,481264,481264,55773528,1370120192,60158,,,,,"C(i_1,μ̃_19635;a_1i_1)","C(i_1,μ̃_19635;a_1i_1)",,,,"i,μ̃,a",;;i_1,"7,114,",7 × 114 × ?,,
3,23,Product,residual,R,11241205,12064,481264,5488,5488,55773528,1370120192,686,,,,,"I(i_1,μ̃_19635) * C(i_1,μ̃_19635;a_1i_1) -> R(i_1;a_1i_1)",R(i_1;a_1i_1),"I(i_1,μ̃_19635)","C(i_1,μ̃_19635;a_1i_1)",R(i_1;a_1i_1),"i,a",;i_1,"7,",7 × ?,,
3,23,Permute,residual,R,64787,,,5488,5488,55773528,1370120192,686,,,,,R(i_1;a_1i_1),R(i_1;a_1i_1),,,,"i,a",;i_1,"7,",7 × ?,,
3,24,Tensor,leaf,t,1781,,,792440,792440,55773528,1370120192,99055,,,,,"t(i_2,i_3;a_3i_2i_3,a_2i_2i_3)","t(i_2,i_3;a_3i_2i_3,a_2i_2i_3)",,,,"i,i,a,a",";;i_2,i_3;i_2,i_3","7,7,,",7 × 7 × ? × ?,,
3,24,Product,intermediate,I,743781,139048,792440,139048,139048,55773528,1370120192,17381,,,,,"I(i_1,i_3,i_2;a_2i_2i_3) * t(i_2,i_3;a_3i_2i_3,a_2i_2i_3) -> I(i_3,i_2,i_1;a_3i_2i_3)","I(i_3,i_2,i_1;a_3i_2i_3)","I(i_1,i_3,i_2;a_2i_2i_3)","t(i_2,i_3;a_3i_2i_3,a_2i_2i_3)","I(i_3,i_2,i_1;a_3i_2i_3)","i,i,i,a",";;;i_2,i_3","7,7,7,",7 × 7 × 7 × ?,,
3,24,Tensor,leaf,C,25457,,,2207664,2207664,55773528,1370120192,275958,,,,,"C(i_3,i_2,μ̃_19660;a_3i_2i_3)","C(i_3,i_2,μ̃_19660;a_3i_2i_3)",,,,"i,i,μ̃,a",";;;i_2,i_3","7,7,114,",7 × 7 × 114 × ?,,
3,24,Product,intermediate,I,2762837,139048,2207664,12064,12064,55773528,1370120192,1508,798,0.9650490983496923,0.5035848607773145,0.11680938292033816,"I(i_3,i_2,i_1;a_3i_2i_3) * C(i_3,i_2,μ̃_19660;a_3i_2i_3) -> I(i_1,μ̃_19660)","I(i_1,μ̃_19660)","I(i_3,i_2,i_1;a_3i_2i_3)","C(i_3,i_2,μ̃_19660;a_3i_2i_3)","I(i_1,μ̃_19660)","i,μ̃",;,"7,114",7 × 114,6384,1.88972
3,24,Tensor,leaf,s,13487,,,125584,125584,55773528,1370120192,15698,12996,138.52037144982398,140.24275294876296,0.9820999861813626,"s(μ̃_19660,μ̃_19661)","s(μ̃_19660,μ̃_19661)",,,,"μ̃,μ̃",;,"114,114",114 × 114,103968,1.20791
3,24,Product,intermediate,I,1298377,12064,125584,12064,12064,55773528,1370120192,1508,798,-0.03304132635654046,0.0031051549185683136,0.007610965103915436,"I(i_1,μ̃_19660) * s(μ̃_19660,μ̃_19661) -> I(i_1,μ̃_19661)","I(i_1,μ̃_19661)","I(i_1,μ̃_19660)","s(μ̃_19660,μ̃_19661)","I(i_1,μ̃_19661)","i,μ̃",;,"7,114",7 × 114,6384,1.88972
3,24,Tensor,leaf,C,24458,,,481264,481264,55773528,1370120192,60158,,,,,"C(i_1,μ̃_19661;a_1i_1)","C(i_1,μ̃_19661;a_1i_1)",,,,"i,μ̃,a",;;i_1,"7,114,",7 × 114 × ?,,
3,24,Product,intermediate,I,638706,12064,481264,5488,5488,55773528,1370120192,686,,,,,"I(i_1,μ̃_19661) * C(i_1,μ̃_19661;a_1i_1) -> I(i_1;a_1i_1)",I(i_1;a_1i_1),"I(i_1,μ̃_19661)","C(i_1,μ̃_19661;a_1i_1)",I(i_1;a_1i_1),"i,a",;i_1,"7,",7 × ?,,
3,24,Constant,constant,_const,1332,,,8,8,55773528,1370120192,1,,,,,-2,-2,,,,,,,scalar,8,1
3,24,Product,residual,R,73500,5488,8,5488,5488,55773528,1370120192,686,,,,,I(i_1;a_1i_1) * -2 -> R(i_1;a_1i_1),R(i_1;a_1i_1),I(i_1;a_1i_1),-2,R(i_1;a_1i_1),"i,a",;i_1,"7,",7 × ?,,
3,24,Permute,residual,R,83408,,,5488,5488,55773528,1370120192,686,,,,,R(i_1;a_1i_1),R(i_1;a_1i_1),,,,"i,a",;i_1,"7,",7 × ?,,
3,25,Tensor,leaf,t,1515,,,792440,792440,55773528,1370120192,99055,,,,,"t(i_1,i_2;a_3i_1i_2,a_2i_1i_2)","t(i_1,i_2;a_3i_1i_2,a_2i_1i_2)",,,,"i,i,a,a",";;i_1,i_2;i_1,i_2","7,7,,",7 × 7 × ? × ?,,
3,25,Product,intermediate,I,172231,384,792440,384,384,55773528,1370120192,48,,,,,"I(i_1,i_2;a_2i_1i_2) * t(i_1,i_2;a_3i_1i_2,a_2i_1i_2) -> I(i_2,i_1;a_3i_1i_2)","I(i_2,i_1;a_3i_1i_2)","I(i_1,i_2;a_2i_1i_2)","t(i_1,i_2;a_3i_1i_2,a_2i_1i_2)","I(i_2,i_1;a_3i_1i_2)","i,i,a",";;i_1,i_2","7,7,",7 × 7 × ?,,
3,25,Tensor,leaf,C,11488,,,2207664,2207664,55773528,1370120192,275958,,,,,"C(i_2,i_1,μ̃_19674;a_3i_1i_2)","C(i_2,i_1,μ̃_19674;a_3i_1i_2)",,,,"i,i,μ̃,a",";;;i_1,i_2","7,7,114,",7 × 7 × 114 × ?,,
3,25,Product,intermediate,I,431971,384,2207664,432,432,55773528,1370120192,54,0,0.0,0.0,0.0,"I(i_2,i_1;a_3i_1i_2) * C(i_2,i_1,μ̃_19674;a_3i_1i_2) -> I(μ̃_19674,i_1)","I(μ̃_19674,i_1)","I(i_2,i_1;a_3i_1i_2)","C(i_2,i_1,μ̃_19674;a_3i_1i_2)","I(μ̃_19674,i_1)","μ̃,i",;,"114,7",114 × 7,6384,0.0676692
3,25,Tensor,leaf,s,12015,,,125584,125584,55773528,1370120192,15698,12996,138.52037144982398,140.24275294876296,0.9820999861813626,"s(μ̃_19674,μ̃_19675)","s(μ̃_19674,μ̃_19675)",,,,"μ̃,μ̃",;,"114,114",114 × 114,103968,1.20791
3,25,Product,intermediate,I,177594,432,125584,432,432,55773528,1370120192,54,0,0.0,0.0,0.0,"I(μ̃_19674,i_1) * s(μ̃_19674,μ̃_19675) -> I(μ̃_19675,i_1)","I(μ̃_19675,i_1)","I(μ̃_19674,i_1)","s(μ̃_19674,μ̃_19675)","I(μ̃_19675,i_1)","μ̃,i",;,"114,7",114 × 7,6384,0.0676692
3,25,Tensor,leaf,C,10934,,,481264,481264,55773528,1370120192,60158,,,,,"C(i_1,μ̃_19675;a_1i_1)","C(i_1,μ̃_19675;a_1i_1)",,,,"i,μ̃,a",;;i_1,"7,114,",7 × 114 × ?,,
3,25,Product,intermediate,I,255533,432,481264,376,376,55773528,1370120192,47,,,,,"I(μ̃_19675,i_1) * C(i_1,μ̃_19675;a_1i_1) -> I(i_1;a_1i_1)",I(i_1;a_1i_1),"I(μ̃_19675,i_1)","C(i_1,μ̃_19675;a_1i_1)",I(i_1;a_1i_1),"i,a",;i_1,"7,",7 × ?,,
3,25,Constant,constant,_const,1283,,,8,8,55773528,1370120192,1,,,,,2,2,,,,,,,scalar,8,1
3,25,Product,residual,R,72489,376,8,376,376,55773528,1370120192,47,,,,,I(i_1;a_1i_1) * 2 -> R(i_1;a_1i_1),R(i_1;a_1i_1),I(i_1;a_1i_1),2,R(i_1;a_1i_1),"i,a",;i_1,"7,",7 × ?,,
3,25,Permute,residual,R,71744,,,376,376,55773528,1370120192,47,,,,,R(i_1;a_1i_1),R(i_1;a_1i_1),,,,"i,a",;i_1,"7,",7 × ?,,
3,26,Tensor,leaf,t,1567,,,792440,792440,55773528,1370120192,99055,,,,,"t(i_2,i_1;a_3i_1i_2,a_2i_1i_2)","t(i_2,i_1;a_3i_1i_2,a_2i_1i_2)",,,,"i,i,a,a",";;i_1,i_2;i_1,i_2","7,7,,",7 × 7 × ? × ?,,
3,26,Product,intermediate,I,173328,384,792440,384,384,55773528,1370120192,48,,,,,"I(i_1,i_2;a_2i_1i_2) * t(i_2,i_1;a_3i_1i_2,a_2i_1i_2) -> I(i_2,i_1;a_3i_1i_2)","I(i_2,i_1;a_3i_1i_2)","I(i_1,i_2;a_2i_1i_2)","t(i_2,i_1;a_3i_1i_2,a_2i_1i_2)","I(i_2,i_1;a_3i_1i_2)","i,i,a",";;i_1,i_2","7,7,",7 × 7 × ?,,
3,26,Tensor,leaf,C,12737,,,2207664,2207664,55773528,1370120192,275958,,,,,"C(i_2,i_1,μ̃_19681;a_3i_1i_2)","C(i_2,i_1,μ̃_19681;a_3i_1i_2)",,,,"i,i,μ̃,a",";;;i_1,i_2","7,7,114,",7 × 7 × 114 × ?,,
3,26,Product,intermediate,I,381634,384,2207664,432,432,55773528,1370120192,54,0,0.0,0.0,0.0,"I(i_2,i_1;a_3i_1i_2) * C(i_2,i_1,μ̃_19681;a_3i_1i_2) -> I(μ̃_19681,i_1)","I(μ̃_19681,i_1)","I(i_2,i_1;a_3i_1i_2)","C(i_2,i_1,μ̃_19681;a_3i_1i_2)","I(μ̃_19681,i_1)","μ̃,i",;,"114,7",114 × 7,6384,0.0676692
3,26,Tensor,leaf,s,13455,,,125584,125584,55773528,1370120192,15698,12996,138.52037144982398,140.24275294876296,0.9820999861813626,"s(μ̃_19681,μ̃_19682)","s(μ̃_19681,μ̃_19682)",,,,"μ̃,μ̃",;,"114,114",114 × 114,103968,1.20791
3,26,Product,intermediate,I,174243,432,125584,432,432,55773528,1370120192,54,0,0.0,0.0,0.0,"I(μ̃_19681,i_1) * s(μ̃_19681,μ̃_19682) -> I(μ̃_19682,i_1)","I(μ̃_19682,i_1)","I(μ̃_19681,i_1)","s(μ̃_19681,μ̃_19682)","I(μ̃_19682,i_1)","μ̃,i",;,"114,7",114 × 7,6384,0.0676692
3,26,Tensor,leaf,C,8442,,,481264,481264,55773528,1370120192,60158,,,,,"C(i_1,μ̃_19682;a_1i_1)","C(i_1,μ̃_19682;a_1i_1)",,,,"i,μ̃,a",;;i_1,"7,114,",7 × 114 × ?,,
3,26,Product,intermediate,I,287529,432,481264,376,376,55773528,1370120192,47,,,,,"I(μ̃_19682,i_1) * C(i_1,μ̃_19682;a_1i_1) -> I(i_1;a_1i_1)",I(i_1;a_1i_1),"I(μ̃_19682,i_1)","C(i_1,μ̃_19682;a_1i_1)",I(i_1;a_1i_1),"i,a",;i_1,"7,",7 × ?,,
3,26,Constant,constant,_const,1064,,,8,8,55773528,1370120192,1,,,,,-1,-1,,,,,,,scalar,8,1
3,26,Product,residual,R,60542,376,8,376,376,55773528,1370120192,47,,,,,I(i_1;a_1i_1) * -1 -> R(i_1;a_1i_1),R(i_1;a_1i_1),I(i_1;a_1i_1),-1,R(i_1;a_1i_1),"i,a",;i_1,"7,",7 × ?,,
3,26,Permute,residual,R,64085,,,376,376,55773528,1370120192,47,,,,,R(i_1;a_1i_1),R(i_1;a_1i_1),,,,"i,a",;i_1,"7,",7 × ?,,
3,27,Tensor,leaf,g,7765,,,1843152,1843152,402956000,1370120192,230394,225036,-13.713518793894858,9.824790694343461,0.192547847698342,"g(μ̃_19683,i_3,Κ_1)","g(μ̃_19683,i_3,Κ_1)",,,,"μ̃,i,Κ",;;,"114,7,282",114 × 7 × 282,1800288,1.02381
3,27,Tensor,leaf,C,11467,,,481264,481264,402956000,1370120192,60158,,,,,"C(i_2,μ̃_19683;a_3i_2)","C(i_2,μ̃_19683;a_3i_2)",,,,"i,μ̃,a",;;i_2,"7,114,",7 × 114 × ?,,
3,27,Tensor,leaf,t,999,,,5488,5488,402956000,1370120192,686,,,,,t(i_2;a_3i_2),t(i_2;a_3i_2),,,,"i,a",;i_2,"7,",7 × ?,,
3,27,Product,intermediate,I,807861,481264,5488,12064,12064,402956000,1370120192,1508,744,-0.44298651625768726,0.060726536882105574,0.07563151335821779,"C(i_2,μ̃_19683;a_3i_2) * t(i_2;a_3i_2) -> I(μ̃_19683,i_2)","I(μ̃_19683,i_2)","C(i_2,μ̃_19683;a_3i_2)",t(i_2;a_3i_2),"I(μ̃_19683,i_2)","μ̃,i",;,"114,7",114 × 7,6384,1.88972
3,27,Product,intermediate,I,8787544,1843152,12064,121536,121536,403089600,1370120192,15192,13818,0.002145256099045188,9.196935134659792e-05,0.0012951626543692607,"g(μ̃_19683,i_3,Κ_1) * I(μ̃_19683,i_2) -> I(i_3,i_2,Κ_1)","I(i_3,i_2,Κ_1)","g(μ̃_19683,i_3,Κ_1)","I(μ̃_19683,i_2)","I(i_3,i_2,Κ_1)","i,i,Κ",;;,"7,7,282",7 × 7 × 282,110544,1.09944
3,27,Tensor,leaf,g,11243,,,1843152,1843152,403089600,1370120192,230394,225036,-13.713518793894858,9.824790694343461,0.192547847698342,"g(μ̃_19684,i_4,Κ_1)","g(μ̃_19684,i_4,Κ_1)",,,,"μ̃,i,Κ",;;,"114,7,282",114 × 7 × 282,1800288,1.02381
3,27,Product,intermediate,I,4116107,121536,1843152,334432,334432,403424032,1370120192,41804,39102,0.007093642800719169,3.034850840843343e-05,0.0006396664308318655,"I(i_3,i_2,Κ_1) * g(μ̃_19684,i_4,Κ_1) -> I(i_4,i_3,μ̃_19684,i_2)","I(i_4,i_3,μ̃_19684,i_2)","I(i_3,i_2,Κ_1)","g(μ̃_19684,i_4,Κ_1)","I(i_4,i_3,μ̃_19684,i_2)","i,i,μ̃,i",;;;,"7,7,114,7",7 × 7 × 114 × 7,312816,1.0691
3,27,Tensor,leaf,C,12116,,,2207664,2207664,403788544,1370120192,275958,,,,,"C(i_4,i_1,μ̃_19684;a_4i_1i_4)","C(i_4,i_1,μ̃_19684;a_4i_1i_4)",,,,"i,i,μ̃,a",";;;i_1,i_4","7,7,114,",7 × 7 × 114 × ?,,
3,27,Product,intermediate,I,4998784,334432,2207664,957848,957848,404746392,1370120192,119731,,,,,"I(i_4,i_3,μ̃_19684,i_2) * C(i_4,i_1,μ̃_19684;a_4i_1i_4) -> I(i_1,i_3,i_4,i_2;a_4i_1i_4)","I(i_1,i_3,i_4,i_2;a_4i_1i_4)","I(i_4,i_3,μ̃_19684,i_2)","C(i_4,i_1,μ̃_19684;a_4i_1i_4)","I(i_1,i_3,i_4,i_2;a_4i_1i_4)","i,i,i,i,a",";;;;i_1,i_4","7,7,7,7,",7 × 7 × 7 × 7 × ?,,
3,27,Tensor,leaf,t,2346,,,792440,792440,404746392,1370120192,99055,,,,,"t(i_4,i_1;a_5i_1i_4,a_4i_1i_4)","t(i_4,i_1;a_5i_1i_4,a_4i_1i_4)",,,,"i,i,a,a",";;i_1,i_4;i_1,i_4","7,7,,",7 × 7 × ? × ?,,
3,27,Product,intermediate,I,1971796,957848,792440,957848,957848,404746392,1370120192,119731,,,,,"I(i_1,i_3,i_4,i_2;a_4i_1i_4) * t(i_4,i_1;a_5i_1i_4,a_4i_1i_4) -> I(i_4,i_3,i_2,i_1;a_5i_1i_4)","I(i_4,i_3,i_2,i_1;a_5i_1i_4)","I(i_1,i_3,i_4,i_2;a_4i_1i_4)","t(i_4,i_1;a_5i_1i_4,a_4i_1i_4)","I(i_4,i_3,i_2,i_1;a_5i_1i_4)","i,i,i,i,a",";;;;i_1,i_4","7,7,7,7,",7 × 7 × 7 × 7 × ?,,
3,27,Product,intermediate,I,2597437,957848,5489512,139048,139048,404746392,1370120192,17381,,,,,"I(i_4,i_3,i_2,i_1;a_5i_1i_4) * I(i_4,i_2,i_1;a_5i_1i_4,a_1i_1i_2) -> I(i_3,i_2,i_1;a_1i_1i_2)","I(i_3,i_2,i_1;a_1i_1i_2)","I(i_4,i_3,i_2,i_1;a_5i_1i_4)","I(i_4,i_2,i_1;a_5i_1i_4,a_1i_1i_2)","I(i_3,i_2,i_1;a_1i_1i_2)","i,i,i,a",";;;i_1,i_2","7,7,7,",7 × 7 × 7 × ?,,
3,27,Tensor,leaf,s,22494,,,125584,125584,404746392,1370120192,15698,12996,138.52037144982398,140.24275294876296,0.9820999861813626,"s(μ̃_19687,μ̃_19688)","s(μ̃_19687,μ̃_19688)",,,,"μ̃,μ̃",;,"114,114",114 × 114,103968,1.20791
3,27,Product,intermediate,I,993862,125584,12064,12064,12064,404746392,1370120192,1508,798,0.03719480414915293,0.0008519529503253235,0.004141455131574335,"s(μ̃_19687,μ̃_19688) * I(μ̃_19688,i_3) -> I(μ̃_19687,i_3)","I(μ̃_19687,i_3)","s(μ̃_19687,μ̃_19688)","I(μ̃_19688,i_3)","I(μ̃_19687,i_3)","μ̃,i",;,"114,7",114 × 7,6384,1.88972
3,27,Tensor,leaf,C,30829,,,2207664,2207664,404746392,1370120192,275958,,,,,"C(i_2,i_1,μ̃_19687;a_2i_1i_2)","C(i_2,i_1,μ̃_19687;a_2i_1i_2)",,,,"i,i,μ̃,a",";;;i_1,i_2","7,7,114,",7 × 7 × 114 × ?,,
3,27,Product,intermediate,I,1519632,12064,2207664,139048,139048,404897504,1370120192,17381,,,,,"I(μ̃_19687,i_3) * C(i_2,i_1,μ̃_19687;a_2i_1i_2) -> I(i_2,i_1,i_3;a_2i_1i_2)","I(i_2,i_1,i_3;a_2i_1i_2)","I(μ̃_19687,i_3)","C(i_2,i_1,μ̃_19687;a_2i_1i_2)","I(i_2,i_1,i_3;a_2i_1i_2)","i,i,i,a",";;;i_1,i_2","7,7,7,",7 × 7 × 7 × ?,,
3,27,Product,intermediate,I,1014502,139048,139048,792440,792440,404897504,1370120192,99055,,,,,"I(i_3,i_2,i_1;a_1i_1i_2) * I(i_2,i_1,i_3;a_2i_1i_2) -> I(i_1,i_2;a_1i_1i_2,a_2i_1i_2)","I(i_1,i_2;a_1i_1i_2,a_2i_1i_2)","I(i_3,i_2,i_1;a_1i_1i_2)","I(i_2,i_1,i_3;a_2i_1i_2)","I(i_1,i_2;a_1i_1i_2,a_2i_1i_2)","i,i,a,a",";;i_1,i_2;i_1,i_2","7,7,,",7 × 7 × ? × ?,,
3,27,Constant,constant,_const,1664,,,8,8,404897504,1370120192,1,,,,,2,2,,,,,,,scalar,8,1
3,27,Product,residual,R,96161,792440,8,792440,792440,404897504,1370120192,99055,,,,,"I(i_1,i_2;a_1i_1i_2,a_2i_1i_2) * 2 -> R(i_1,i_2;a_1i_1i_2,a_2i_1i_2)","R(i_1,i_2;a_1i_1i_2,a_2i_1i_2)","I(i_1,i_2;a_1i_1i_2,a_2i_1i_2)",2,"R(i_1,i_2;a_1i_1i_2,a_2i_1i_2)","i,i,a,a",";;i_1,i_2;i_1,i_2","7,7,,",7 × 7 × ? × ?,,
3,27,Permute,residual,R,75973,,,792440,792440,404897504,1370120192,99055,,,,,"R(i_1,i_2;a_1i_1i_2,a_2i_1i_2)","R(i_1,i_2;a_1i_1i_2,a_2i_1i_2)",,,,"i,i,a,a",";;i_1,i_2;i_1,i_2","7,7,,",7 × 7 × ? × ?,,
3,28,Tensor,leaf,t,1781,,,792440,792440,404897504,1370120192,99055,,,,,"t(i_1,i_4;a_4i_1i_4,a_3i_1i_4)","t(i_1,i_4;a_4i_1i_4,a_3i_1i_4)",,,,"i,i,a,a",";;i_1,i_4;i_1,i_4","7,7,,",7 × 7 × ? × ?,,
3,28,Product,intermediate,I,2004819,957848,792440,957848,957848,404897504,1370120192,119731,,,,,"I(i_1,i_3,i_2,i_4;a_3i_1i_4) * t(i_1,i_4;a_4i_1i_4,a_3i_1i_4) -> I(i_4,i_3,i_2,i_1;a_4i_1i_4)","I(i_4,i_3,i_2,i_1;a_4i_1i_4)","I(i_1,i_3,i_2,i_4;a_3i_1i_4)","t(i_1,i_4;a_4i_1i_4,a_3i_1i_4)","I(i_4,i_3,i_2,i_1;a_4i_1i_4)","i,i,i,i,a",";;;;i_1,i_4","7,7,7,7,",7 × 7 × 7 × 7 × ?,,
3,28,Product,intermediate,I,2602967,957848,5489512,139048,139048,404897504,1370120192,17381,,,,,"I(i_4,i_3,i_2,i_1;a_4i_1i_4) * I(i_2,i_4,i_1;a_1i_1i_2,a_4i_1i_4) -> I(i_3,i_2,i_1;a_1i_1i_2)","I(i_3,i_2,i_1;a_1i_1i_2)","I(i_4,i_3,i_2,i_1;a_4i_1i_4)","I(i_2,i_4,i_1;a_1i_1i_2,a_4i_1i_4)","I(i_3,i_2,i_1;a_1i_1i_2)","i,i,i,a",";;;i_1,i_2","7,7,7,",7 × 7 × 7 × ?,,
3,28,Product,intermediate,I,1181909,139048,139048,792440,792440,404897504,1370120192,99055,,,,,"I(i_3,i_2,i_1;a_1i_1i_2) * I(i_2,i_1,i_3;a_2i_1i_2) -> I(i_2,i_1;a_2i_1i_2,a_1i_1i_2)","I(i_2,i_1;a_2i_1i_2,a_1i_1i_2)","I(i_3,i_2,i_1;a_1i_1i_2)","I(i_2,i_1,i_3;a_2i_1i_2)","I(i_2,i_1;a_2i_1i_2,a_1i_1i_2)","i,i,a,a",";;i_1,i_2;i_1,i_2","7,7,,",7 × 7 × ? × ?,,
3,28,Constant,constant,_const,17397,,,8,8,404897504,1370120192,1,,,,,-4,-4,,,,,,,scalar,8,1
3,28,Product,residual,R,90660,792440,8,792440,792440,404897504,1370120192,99055,,,,,"I(i_2,i_1;a_2i_1i_2,a_1i_1i_2) * -4 -> R(i_2,i_1;a_2i_1i_2,a_1i_1i_2)","R(i_2,i_1;a_2i_1i_2,a_1i_1i_2)","I(i_2,i_1;a_2i_1i_2,a_1i_1i_2)",-4,"R(i_2,i_1;a_2i_1i_2,a_1i_1i_2)","i,i,a,a",";;i_1,i_2;i_1,i_2","7,7,,",7 × 7 × ? × ?,,
3,28,Permute,residual,R,8124220,,,792440,792440,404897504,1370120192,99055,,,,,"R(i_2,i_1;a_2i_1i_2,a_1i_1i_2)","R(i_2,i_1;a_2i_1i_2,a_1i_1i_2)",,,,"i,i,a,a",";;i_1,i_2;i_1,i_2","7,7,,",7 × 7 × ? × ?,,
3,29,Tensor,leaf,t,1670,,,792440,792440,404897504,1370120192,99055,,,,,"t(i_4,i_1;a_4i_1i_4,a_3i_1i_4)","t(i_4,i_1;a_4i_1i_4,a_3i_1i_4)",,,,"i,i,a,a",";;i_1,i_4;i_1,i_4","7,7,,",7 × 7 × ? × ?,,
3,29,Product,intermediate,I,1923760,957848,792440,957848,957848,404897504,1370120192,119731,,,,,"I(i_1,i_3,i_2,i_4;a_3i_1i_4) * t(i_4,i_1;a_4i_1i_4,a_3i_1i_4) -> I(i_4,i_3,i_2,i_1;a_4i_1i_4)","I(i_4,i_3,i_2,i_1;a_4i_1i_4)","I(i_1,i_3,i_2,i_4;a_3i_1i_4)","t(i_4,i_1;a_4i_1i_4,a_3i_1i_4)","I(i_4,i_3,i_2,i_1;a_4i_1i_4)","i,i,i,i,a",";;;;i_1,i_4","7,7,7,7,",7 × 7 × 7 × 7 × ?,,
3,29,Product,intermediate,I,2765488,957848,5489512,139048,139048,404897504,1370120192,17381,,,,,"I(i_4,i_3,i_2,i_1;a_4i_1i_4) * I(i_2,i_4,i_1;a_1i_1i_2,a_4i_1i_4) -> I(i_3,i_2,i_1;a_1i_1i_2)","I(i_3,i_2,i_1;a_1i_1i_2)","I(i_4,i_3,i_2,i_1;a_4i_1i_4)","I(i_2,i_4,i_1;a_1i_1i_2,a_4i_1i_4)","I(i_3,i_2,i_1;a_1i_1i_2)","i,i,i,a",";;;i_1,i_2","7,7,7,",7 × 7 × 7 × ?,,
3,29,Product,intermediate,I,6562505,139048,139048,792440,792440,404897504,1370120192,99055,,,,,"I(i_3,i_2,i_1;a_1i_1i_2) * I(i_2,i_1,i_3;a_2i_1i_2) -> I(i_2,i_1;a_1i_1i_2,a_2i_1i_2)","I(i_2,i_1;a_1i_1i_2,a_2i_1i_2)","I(i_3,i_2,i_1;a_1i_1i_2)","I(i_2,i_1,i_3;a_2i_1i_2)","I(i_2,i_1;a_1i_1i_2,a_2i_1i_2)","i,i,a,a",";;i_1,i_2;i_1,i_2","7,7,,",7 × 7 × ? × ?,,
3,29,Constant,constant,_const,2200,,,8,8,404897504,1370120192,1,,,,,2,2,,,,,,,scalar,8,1
3,29,Product,residual,R,94638,792440,8,792440,792440,404897504,1370120192,99055,,,,,"I(i_2,i_1;a_1i_1i_2,a_2i_1i_2) * 2 -> R(i_2,i_1;a_1i_1i_2,a_2i_1i_2)","R(i_2,i_1;a_1i_1i_2,a_2i_1i_2)","I(i_2,i_1;a_1i_1i_2,a_2i_1i_2)",2,"R(i_2,i_1;a_1i_1i_2,a_2i_1i_2)","i,i,a,a",";;i_1,i_2;i_1,i_2","7,7,,",7 × 7 × ? × ?,,
3,29,Permute,residual,R,2544945,,,792440,792440,404897504,1370120192,99055,,,,,"R(i_2,i_1;a_1i_1i_2,a_2i_1i_2)","R(i_2,i_1;a_1i_1i_2,a_2i_1i_2)",,,,"i,i,a,a",";;i_1,i_2;i_1,i_2","7,7,,",7 × 7 × ? × ?,,
3,30,Tensor,leaf,t,1873,,,792440,792440,404897504,1370120192,99055,,,,,"t(i_1,i_3;a_4i_1i_3,a_3i_1i_3)","t(i_1,i_3;a_4i_1i_3,a_3i_1i_3)",,,,"i,i,a,a",";;i_1,i_3;i_1,i_3","7,7,,",7 × 7 × ? × ?,,
3,30,Product,intermediate,I,9754244,957848,792440,957848,957848,404897504,1370120192,119731,,,,,"I(i_1,i_4,i_2,i_3;a_3i_1i_3) * t(i_1,i_3;a_4i_1i_3,a_3i_1i_3) -> I(i_3,i_4,i_2,i_1;a_4i_1i_3)","I(i_3,i_4,i_2,i_1;a_4i_1i_3)","I(i_1,i_4,i_2,i_3;a_3i_1i_3)","t(i_1,i_3;a_4i_1i_3,a_3i_1i_3)","I(i_3,i_4,i_2,i_1;a_4i_1i_3)","i,i,i,i,a",";;;;i_1,i_3","7,7,7,7,",7 × 7 × 7 × 7 × ?,,
3,30,Product,intermediate,I,2732616,957848,5489512,139048,139048,404897504,1370120192,17381,,,,,"I(i_3,i_4,i_2,i_1;a_4i_1i_3) * I(i_2,i_3,i_1;a_1i_1i_2,a_4i_1i_3) -> I(i_4,i_2,i_1;a_1i_1i_2)","I(i_4,i_2,i_1;a_1i_1i_2)","I(i_3,i_4,i_2,i_1;a_4i_1i_3)","I(i_2,i_3,i_1;a_1i_1i_2,a_4i_1i_3)","I(i_4,i_2,i_1;a_1i_1i_2)","i,i,i,a",";;;i_1,i_2","7,7,7,",7 × 7 × 7 × ?,,
3,30,Product,intermediate,I,1206494,139048,139048,792440,792440,404897504,1370120192,99055,,,,,"I(i_4,i_2,i_1;a_1i_1i_2) * I(i_2,i_1,i_4;a_2i_1i_2) -> I(i_2,i_1;a_2i_1i_2,a_1i_1i_2)","I(i_2,i_1;a_2i_1i_2,a_1i_1i_2)","I(i_4,i_2,i_1;a_1i_1i_2)","I(i_2,i_1,i_4;a_2i_1i_2)","I(i_2,i_1;a_2i_1i_2,a_1i_1i_2)","i,i,a,a",";;i_1,i_2;i_1,i_2","7,7,,",7 × 7 × ? × ?,,
3,30,Constant,constant,_const,1821,,,8,8,404897504,1370120192,1,,,,,2,2,,,,,,,scalar,8,1
3,30,Product,residual,R,131451,792440,8,792440,792440,404897504,1370120192,99055,,,,,"I(i_2,i_1;a_2i_1i_2,a_1i_1i_2) * 2 -> R(i_2,i_1;a_2i_1i_2,a_1i_1i_2)","R(i_2,i_1;a_2i_1i_2,a_1i_1i_2)","I(i_2,i_1;a_2i_1i_2,a_1i_1i_2)",2,"R(i_2,i_1;a_2i_1i_2,a_1i_1i_2)","i,i,a,a",";;i_1,i_2;i_1,i_2","7,7,,",7 × 7 × ? × ?,,
3,30,Permute,residual,R,105550,,,792440,792440,404897504,1370120192,99055,,,,,"R(i_2,i_1;a_2i_1i_2,a_1i_1i_2)","R(i_2,i_1;a_2i_1i_2,a_1i_1i_2)",,,,"i,i,a,a",";;i_1,i_2;i_1,i_2","7,7,,",7 × 7 × ? × ?,,
3,31,Tensor,leaf,t,2093,,,792440,792440,404897504,1370120192,99055,,,,,"t(i_3,i_1;a_4i_1i_3,a_3i_1i_3)","t(i_3,i_1;a_4i_1i_3,a_3i_1i_3)",,,,"i,i,a,a",";;i_1,i_3;i_1,i_3","7,7,,",7 × 7 × ? × ?,,
3,31,Product,intermediate,I,13262630,957848,792440,957848,957848,404897504,1370120192,119731,,,,,"I(i_1,i_4,i_2,i_3;a_3i_1i_3) * t(i_3,i_1;a_4i_1i_3,a_3i_1i_3) -> I(i_3,i_4,i_2,i_1;a_4i_1i_3)","I(i_3,i_4,i_2,i_1;a_4i_1i_3)","I(i_1,i_4,i_2,i_3;a_3i_1i_3)","t(i_3,i_1;a_4i_1i_3,a_3i_1i_3)","I(i_3,i_4,i_2,i_1;a_4i_1i_3)","i,i,i,i,a",";;;;i_1,i_3","7,7,7,7,",7 × 7 × 7 × 7 × ?,,
3,31,Product,intermediate,I,2770362,957848,5489512,139048,139048,404897504,1370120192,17381,,,,,"I(i_3,i_4,i_2,i_1;a_4i_1i_3) * I(i_3,i_2,i_1;a_4i_1i_3,a_2i_1i_2) -> I(i_4,i_2,i_1;a_2i_1i_2)","I(i_4,i_2,i_1;a_2i_1i_2)","I(i_3,i_4,i_2,i_1;a_4i_1i_3)","I(i_3,i_2,i_1;a_4i_1i_3,a_2i_1i_2)","I(i_4,i_2,i_1;a_2i_1i_2)","i,i,i,a",";;;i_1,i_2","7,7,7,",7 × 7 × 7 × ?,,
3,31,Product,intermediate,I,1003421,139048,139048,792440,792440,404897504,1370120192,99055,,,,,"I(i_4,i_2,i_1;a_2i_1i_2) * I(i_2,i_1,i_4;a_1i_1i_2) -> I(i_2,i_1;a_2i_1i_2,a_1i_1i_2)","I(i_2,i_1;a_2i_1i_2,a_1i_1i_2)","I(i_4,i_2,i_1;a_2i_1i_2)","I(i_2,i_1,i_4;a_1i_1i_2)","I(i_2,i_1;a_2i_1i_2,a_1i_1i_2)","i,i,a,a",";;i_1,i_2;i_1,i_2","7,7,,",7 × 7 × ? × ?,,
3,31,Constant,constant,_const,2310,,,8,8,404897504,1370120192,1,,,,,2,2,,,,,,,scalar,8,1
3,31,Product,residual,R,86638,792440,8,792440,792440,404897504,1370120192,99055,,,,,"I(i_2,i_1;a_2i_1i_2,a_1i_1i_2) * 2 -> R(i_2,i_1;a_2i_1i_2,a_1i_1i_2)","R(i_2,i_1;a_2i_1i_2,a_1i_1i_2)","I(i_2,i_1;a_2i_1i_2,a_1i_1i_2)",2,"R(i_2,i_1;a_2i_1i_2,a_1i_1i_2)","i,i,a,a",";;i_1,i_2;i_1,i_2","7,7,,",7 × 7 × ? × ?,,
3,31,Permute,residual,R,89601,,,792440,792440,404897504,1370120192,99055,,,,,"R(i_2,i_1;a_2i_1i_2,a_1i_1i_2)","R(i_2,i_1;a_2i_1i_2,a_1i_1i_2)",,,,"i,i,a,a",";;i_1,i_2;i_1,i_2","7,7,,",7 × 7 × ? × ?,,
3,32,Product,intermediate,I,1128322,334432,12064,24888,24888,404897504,1370120192,3111,2401,0.007877625419346413,1.3163088129142035e-05,0.0009079615869620708,"I(i_3,i_2,i_4,μ̃_19711) * I(μ̃_19711,i_1) -> I(i_3,i_2,i_4,i_1)","I(i_3,i_2,i_4,i_1)","I(i_3,i_2,i_4,μ̃_19711)","I(μ̃_19711,i_1)","I(i_3,i_2,i_4,i_1)","i,i,i,i",;;;,"7,7,7,7",7 × 7 × 7 × 7,19208,1.29571
3,32,Product,intermediate,I,906365,24888,139048,139048,139048,404897504,1370120192,17381,,,,,"I(i_3,i_2,i_4,i_1) * I(i_2,i_1,i_4;a_1i_1i_2) -> I(i_3,i_2,i_1;a_1i_1i_2)","I(i_3,i_2,i_1;a_1i_1i_2)","I(i_3,i_2,i_4,i_1)","I(i_2,i_1,i_4;a_1i_1i_2)","I(i_3,i_2,i_1;a_1i_1i_2)","i,i,i,a",";;;i_1,i_2","7,7,7,",7 × 7 × 7 × ?,,
3,32,Product,intermediate,I,987178,139048,139048,792440,792440,404897504,1370120192,99055,,,,,"I(i_3,i_2,i_1;a_1i_1i_2) * I(i_2,i_1,i_3;a_2i_1i_2) -> I(i_2,i_1;a_2i_1i_2,a_1i_1i_2)","I(i_2,i_1;a_2i_1i_2,a_1i_1i_2)","I(i_3,i_2,i_1;a_1i_1i_2)","I(i_2,i_1,i_3;a_2i_1i_2)","I(i_2,i_1;a_2i_1i_2,a_1i_1i_2)","i,i,a,a",";;i_1,i_2;i_1,i_2","7,7,,",7 × 7 × ? × ?,,
3,32,Constant,constant,_const,1688,,,8,8,404897504,1370120192,1,,,,,2,2,,,,,,,scalar,8,1
3,32,Product,residual,R,88585,792440,8,792440,792440,404897504,1370120192,99055,,,,,"I(i_2,i_1;a_2i_1i_2,a_1i_1i_2) * 2 -> R(i_2,i_1;a_2i_1i_2,a_1i_1i_2)","R(i_2,i_1;a_2i_1i_2,a_1i_1i_2)","I(i_2,i_1;a_2i_1i_2,a_1i_1i_2)",2,"R(i_2,i_1;a_2i_1i_2,a_1i_1i_2)","i,i,a,a",";;i_1,i_2;i_1,i_2","7,7,,",7 × 7 × ? × ?,,
3,32,Permute,residual,R,87585,,,792440,792440,404897504,1370120192,99055,,,,,"R(i_2,i_1;a_2i_1i_2,a_1i_1i_2)","R(i_2,i_1;a_2i_1i_2,a_1i_1i_2)",,,,"i,i,a,a",";;i_1,i_2;i_1,i_2","7,7,,",7 × 7 × ? × ?,,
3,33,Tensor,leaf,C,13647,,,2207664,2207664,404897504,1370120192,275958,,,,,"C(i_4,i_3,μ̃_19902;a_5i_3i_4)","C(i_4,i_3,μ̃_19902;a_5i_3i_4)",,,,"i,i,μ̃,a",";;;i_3,i_4","7,7,114,",7 × 7 × 114 × ?,,
3,33,Tensor,leaf,t,2569,,,792440,792440,404897504,1370120192,99055,,,,,"t(i_4,i_3;a_5i_3i_4,a_4i_3i_4)","t(i_4,i_3;a_5i_3i_4,a_4i_3i_4)",,,,"i,i,a,a",";;i_3,i_4;i_3,i_4","7,7,,",7 × 7 × ? × ?,,
3,33,Product,intermediate,I,7996796,2207664,792440,2207664,2207664,407885544,1370120192,275958,,,,,"C(i_4,i_3,μ̃_19902;a_5i_3i_4) * t(i_4,i_3;a_5i_3i_4,a_4i_3i_4) -> I(μ̃_19902,i_4,i_3;a_4i_3i_4)","I(μ̃_19902,i_4,i_3;a_4i_3i_4)","C(i_4,i_3,μ̃_19902;a_5i_3i_4)","t(i_4,i_3;a_5i_3i_4,a_4i_3i_4)","I(μ̃_19902,i_4,i_3;a_4i_3i_4)","μ̃,i,i,a",";;;i_3,i_4","114,7,7,",114 × 7 × 7 × ?,,
3,33,Tensor,leaf,C,13948,,,2207664,2207664,407885544,1370120192,275958,,,,,"C(i_4,i_3,μ̃_19903;a_4i_3i_4)","C(i_4,i_3,μ̃_19903;a_4i_3i_4)",,,,"i,i,μ̃,a",";;;i_3,i_4","7,7,114,",7 × 7 × 114 × ?,,
3,33,Product,intermediate,I,203919440,2207664,2207664,5179792,5179792,412272896,1370120192,647474,624978,-65015.43440440202,34380235.897198156,454.5187585131337,"I(μ̃_19902,i_4,i_3;a_4i_3i_4) * C(i_4,i_3,μ̃_19903;a_4i_3i_4) -> I(μ̃_19903,μ̃_19902,i_3,i_4)","I(μ̃_19903,μ̃_19902,i_3,i_4)","I(μ̃_19902,i_4,i_3;a_4i_3i_4)","C(i_4,i_3,μ̃_19903;a_4i_3i_4)","I(μ̃_19903,μ̃_19902,i_3,i_4)","μ̃,μ̃,i,i",;;;,"114,114,7,7",114 × 114 × 7 × 7,5094432,1.01676
3,33,Product,intermediate,I,24190095,24888,5179792,5179792,5179792,415269912,1370120192,647474,636804,-0.25085863027078104,11.143143606866737,0.2323826678475472,"I(i_3,i_1,i_4,i_2) * I(μ̃_19903,μ̃_19902,i_3,i_4) -> I(i_1,μ̃_19902,μ̃_19903,i_2)","I(i_1,μ̃_19902,μ̃_19903,i_2)","I(i_3,i_1,i_4,i_2)","I(μ̃_19903,μ̃_19902,i_3,i_4)","I(i_1,μ̃_19902,μ̃_19903,i_2)","i,μ̃,μ̃,i",;;;,"7,114,114,7",7 × 114 × 114 × 7,5094432,1.01676
3,33,Product,intermediate,I,12053325,5179792,2226240,2226240,2226240,417471264,1370120192,278280,,,,,"I(i_1,μ̃_19902,μ̃_19903,i_2) * I(i_2,i_1,μ̃_19902;a_2i_1i_2) -> I(i_1,μ̃_19903,i_2;a_2i_1i_2)","I(i_1,μ̃_19903,i_2;a_2i_1i_2)","I(i_1,μ̃_19902,μ̃_19903,i_2)","I(i_2,i_1,μ̃_19902;a_2i_1i_2)","I(i_1,μ̃_19903,i_2;a_2i_1i_2)","i,μ̃,i,a",";;;i_1,i_2","7,114,7,",7 × 114 × 7 × ?,,
3,33,Product,intermediate,I,5281458,2226240,2226240,792440,792440,417471264,1370120192,99055,,,,,"I(i_1,μ̃_19903,i_2;a_2i_1i_2) * I(i_2,i_1,μ̃_19903;a_1i_1i_2) -> I(i_1,i_2;a_2i_1i_2,a_1i_1i_2)","I(i_1,i_2;a_2i_1i_2,a_1i_1i_2)","I(i_1,μ̃_19903,i_2;a_2i_1i_2)","I(i_2,i_1,μ̃_19903;a_1i_1i_2)","I(i_1,i_2;a_2i_1i_2,a_1i_1i_2)","i,i,a,a",";;i_1,i_2;i_1,i_2","7,7,,",7 × 7 × ? × ?,,
3,33,Constant,constant,_const,1926,,,8,8,417471264,1370120192,1,,,,,2,2,,,,,,,scalar,8,1
3,33,Product,residual,R,9582713,792440,8,792440,792440,417471264,1370120192,99055,,,,,"I(i_1,i_2;a_2i_1i_2,a_1i_1i_2) * 2 -> R(i_1,i_2;a_2i_1i_2,a_1i_1i_2)","R(i_1,i_2;a_2i_1i_2,a_1i_1i_2)","I(i_1,i_2;a_2i_1i_2,a_1i_1i_2)",2,"R(i_1,i_2;a_2i_1i_2,a_1i_1i_2)","i,i,a,a",";;i_1,i_2;i_1,i_2","7,7,,",7 × 7 × ? × ?,,
3,33,Permute,residual,R,91974,,,792440,792440,417471264,1370120192,99055,,,,,"R(i_1,i_2;a_2i_1i_2,a_1i_1i_2)","R(i_1,i_2;a_2i_1i_2,a_1i_1i_2)",,,,"i,i,a,a",";;i_1,i_2;i_1,i_2","7,7,,",7 × 7 × ? × ?,,
3,34,Product,intermediate,I,1140762,334432,12064,2088,2088,417471264,1370120192,261,49,-0.0037576086948700647,9.666814841631758e-07,0.00021682229035767497,"I(i_3,i_2,i_4,μ̃_19767) * I(μ̃_19767,i_3) -> I(i_4,i_2)","I(i_4,i_2)","I(i_3,i_2,i_4,μ̃_19767)","I(μ̃_19767,i_3)","I(i_4,i_2)","i,i",;,"7,7",7 × 7,392,5.32653
3,34,Product,intermediate,I,2752429,2088,5489512,5489512,5489512,417471264,1370120192,686189,,,,,"I(i_4,i_2) * I(i_2,i_4,i_1;a_1i_1i_2,a_4i_1i_4) -> I(i_1,i_2,i_4;a_1i_1i_2,a_4i_1i_4)","I(i_1,i_2,i_4;a_1i_1i_2,a_4i_1i_4)","I(i_4,i_2)","I(i_2,i_4,i_1;a_1i_1i_2,a_4i_1i_4)","I(i_1,i_2,i_4;a_1i_1i_2,a_4i_1i_4)","i,i,i,a,a",";;;i_1,i_2;i_1,i_4","7,7,7,,",7 × 7 × 7 × ? × ?,,
3,34,Tensor,leaf,t,2907,,,792440,792440,417471264,1370120192,99055,,,,,"t(i_4,i_1;a_5i_1i_4,a_4i_1i_4)","t(i_4,i_1;a_5i_1i_4,a_4i_1i_4)",,,,"i,i,a,a",";;i_1,i_4;i_1,i_4","7,7,,",7 × 7 × ? × ?,,
3,34,Product,intermediate,I,5269946,5489512,792440,5489512,5489512,417471264,1370120192,686189,,,,,"I(i_4,i_2,i_1;a_5i_1i_4,a_2i_1i_2) * t(i_4,i_1;a_5i_1i_4,a_4i_1i_4) -> I(i_2,i_4,i_1;a_2i_1i_2,a_4i_1i_4)","I(i_2,i_4,i_1;a_2i_1i_2,a_4i_1i_4)","I(i_4,i_2,i_1;a_5i_1i_4,a_2i_1i_2)","t(i_4,i_1;a_5i_1i_4,a_4i_1i_4)","I(i_2,i_4,i_1;a_2i_1i_2,a_4i_1i_4)","i,i,i,a,a",";;;i_1,i_2;i_1,i_4","7,7,7,,",7 × 7 × 7 × ? × ?,,
3,34,Product,intermediate,I,5671764,5489512,5489512,792440,792440,421836696,1370120192,99055,,,,,"I(i_1,i_2,i_4;a_1i_1i_2,a_4i_1i_4) * I(i_2,i_4,i_1;a_2i_1i_2,a_4i_1i_4) -> I(i_2,i_1;a_2i_1i_2,a_1i_1i_2)","I(i_2,i_1;a_2i_1i_2,a_1i_1i_2)","I(i_1,i_2,i_4;a_1i_1i_2,a_4i_1i_4)","I(i_2,i_4,i_1;a_2i_1i_2,a_4i_1i_4)","I(i_2,i_1;a_2i_1i_2,a_1i_1i_2)","i,i,a,a",";;i_1,i_2;i_1,i_2","7,7,,",7 × 7 × ? × ?,,
3,34,Constant,constant,_const,2359,,,8,8,421836696,1370120192,1,,,,,2,2,,,,,,,scalar,8,1
3,34,Product,residual,R,100154,792440,8,792440,792440,421836696,1370120192,99055,,,,,"I(i_2,i_1;a_2i_1i_2,a_1i_1i_2) * 2 -> R(i_2,i_1;a_2i_1i_2,a_1i_1i_2)","R(i_2,i_1;a_2i_1i_2,a_1i_1i_2)","I(i_2,i_1;a_2i_1i_2,a_1i_1i_2)",2,"R(i_2,i_1;a_2i_1i_2,a_1i_1i_2)","i,i,a,a",";;i_1,i_2;i_1,i_2","7,7,,",7 × 7 × ? × ?,,
3,34,Permute,residual,R,86363,,,792440,792440,421836696,1370120192,99055,,,,,"R(i_2,i_1;a_2i_1i_2,a_1i_1i_2)","R(i_2,i_1;a_2i_1i_2,a_1i_1i_2)",,,,"i,i,a,a",";;i_1,i_2;i_1,i_2","7,7,,",7 × 7 × ? × ?,,
3,35,Product,intermediate,I,971011,139048,139048,792440,792440,421836696,1370120192,99055,,,,,"I(i_3,i_2,i_1;a_2i_1i_2) * I(i_2,i_1,i_3;a_1i_1i_2) -> I(i_2,i_1;a_2i_1i_2,a_1i_1i_2)","I(i_2,i_1;a_2i_1i_2,a_1i_1i_2)","I(i_3,i_2,i_1;a_2i_1i_2)","I(i_2,i_1,i_3;a_1i_1i_2)","I(i_2,i_1;a_2i_1i_2,a_1i_1i_2)","i,i,a,a",";;i_1,i_2;i_1,i_2","7,7,,",7 × 7 × ? × ?,,
3,35,Constant,constant,_const,1368,,,8,8,421836696,1370120192,1,,,,,-2,-2,,,,,,,scalar,8,1
3,35,Product,residual,R,73295,792440,8,792440,792440,421836696,1370120192,99055,,,,,"I(i_2,i_1;a_2i_1i_2,a_1i_1i_2) * -2 -> R(i_2,i_1;a_2i_1i_2,a_1i_1i_2)","R(i_2,i_1;a_2i_1i_2,a_1i_1i_2)","I(i_2,i_1;a_2i_1i_2,a_1i_1i_2)",-2,"R(i_2,i_1;a_2i_1i_2,a_1i_1i_2)","i,i,a,a",";;i_1,i_2;i_1,i_2","7,7,,",7 × 7 × ? × ?,,
3,35,Permute,residual,R,108179,,,792440,792440,421836696,1370120192,99055,,,,,"R(i_2,i_1;a_2i_1i_2,a_1i_1i_2)","R(i_2,i_1;a_2i_1i_2,a_1i_1i_2)",,,,"i,i,a,a",";;i_1,i_2;i_1,i_2","7,7,,",7 × 7 × ? × ?,,
3,36,Product,intermediate,I,10995665,5179792,5179792,24888,24888,421836696,1370120192,3111,2401,-0.46998959459238565,0.006605364003954149,0.029057237062663444,"I(i_4,i_3,μ̃_19701,μ̃_19700) * I(μ̃_19701,μ̃_19700,i_2,i_1) -> I(i_4,i_3,i_2,i_1)","I(i_4,i_3,i_2,i_1)","I(i_4,i_3,μ̃_19701,μ̃_19700)","I(μ̃_19701,μ̃_19700,i_2,i_1)","I(i_4,i_3,i_2,i_1)","i,i,i,i",;;;,"7,7,7,7",7 × 7 × 7 × 7,19208,1.29571
3,36,Product,intermediate,I,12257389,24888,5179792,5179792,5179792,421836696,1370120192,647474,636804,931.3836904050092,15164.888850278872,14.638156672228426,"I(i_4,i_3,i_2,i_1) * I(μ̃_19704,μ̃_19702,i_4,i_3) -> I(μ̃_19704,μ̃_19702,i_2,i_1)","I(μ̃_19704,μ̃_19702,i_2,i_1)","I(i_4,i_3,i_2,i_1)","I(μ̃_19704,μ̃_19702,i_4,i_3)","I(μ̃_19704,μ̃_19702,i_2,i_1)","μ̃,μ̃,i,i",;;;,"114,114,7,7",114 × 114 × 7 × 7,5094432,1.01676
3,36,Product,intermediate,I,14511425,5179792,2226240,2226240,2226240,422985664,1370120192,278280,,,,,"I(μ̃_19704,μ̃_19702,i_2,i_1) * I(i_2,i_1,μ̃_19702;a_1i_1i_2) -> I(μ̃_19704,i_2,i_1;a_1i_1i_2)","I(μ̃_19704,i_2,i_1;a_1i_1i_2)","I(μ̃_19704,μ̃_19702,i_2,i_1)","I(i_2,i_1,μ̃_19702;a_1i_1i_2)","I(μ̃_19704,i_2,i_1;a_1i_1i_2)","μ̃,i,i,a",";;;i_1,i_2","114,7,7,",114 × 7 × 7 × ?,,
3,36,Product,residual,R,5037868,2226240,2226240,792440,792440,422985664,1370120192,99055,,,,,"I(μ̃_19704,i_2,i_1;a_1i_1i_2) * I(i_2,i_1,μ̃_19704;a_2i_1i_2) -> R(i_2,i_1;a_2i_1i_2,a_1i_1i_2)","R(i_2,i_1;a_2i_1i_2,a_1i_1i_2)","I(μ̃_19704,i_2,i_1;a_1i_1i_2)","I(i_2,i_1,μ̃_19704;a_2i_1i_2)","R(i_2,i_1;a_2i_1i_2,a_1i_1i_2)","i,i,a,a",";;i_1,i_2;i_1,i_2","7,7,,",7 × 7 × ? × ?,,
3,36,Permute,residual,R,8766462,,,792440,792440,422985664,1370120192,99055,,,,,"R(i_2,i_1;a_2i_1i_2,a_1i_1i_2)","R(i_2,i_1;a_2i_1i_2,a_1i_1i_2)",,,,"i,i,a,a",";;i_1,i_2;i_1,i_2","7,7,,",7 × 7 × ? × ?,,
3,37,Product,intermediate,I,1208423,121536,121536,24888,24888,422985664,1370120192,3111,2401,9.203251471263859e-05,6.440682601163134e-10,7.779118096892657e-06,"I(i_3,i_1,Κ_1) * I(i_4,i_2,Κ_1) -> I(i_4,i_3,i_2,i_1)","I(i_4,i_3,i_2,i_1)","I(i_3,i_1,Κ_1)","I(i_4,i_2,Κ_1)","I(i_4,i_3,i_2,i_1)","i,i,i,i",;;;,"7,7,7,7",7 × 7 × 7 × 7,19208,1.29571
3,37,Product,intermediate,I,12781199,24888,5179792,5179792,5179792,422985664,1370120192,647474,636804,-0.16188538270140437,0.001314521678075907,0.0038770967938726577,"I(i_4,i_3,i_2,i_1) * I(μ̃_19734,μ̃_19732,i_4,i_3) -> I(μ̃_19734,μ̃_19732,i_2,i_1)","I(μ̃_19734,μ̃_19732,i_2,i_1)","I(i_4,i_3,i_2,i_1)","I(μ̃_19734,μ̃_19732,i_4,i_3)","I(μ̃_19734,μ̃_19732,i_2,i_1)","μ̃,μ̃,i,i",;;;,"114,114,7,7",114 × 114 × 7 × 7,5094432,1.01676
3,37,Product,intermediate,I,14017374,5179792,2226240,2226240,2226240,423010552,1370120192,278280,,,,,"I(μ̃_19734,μ̃_19732,i_2,i_1) * I(i_2,i_1,μ̃_19732;a_1i_1i_2) -> I(μ̃_19734,i_1,i_2;a_1i_1i_2)","I(μ̃_19734,i_1,i_2;a_1i_1i_2)","I(μ̃_19734,μ̃_19732,i_2,i_1)","I(i_2,i_1,μ̃_19732;a_1i_1i_2)","I(μ̃_19734,i_1,i_2;a_1i_1i_2)","μ̃,i,i,a",";;;i_1,i_2","114,7,7,",114 × 7 × 7 × ?,,
3,37,Product,residual,R,5760320,2226240,2226240,792440,792440,423010552,1370120192,99055,,,,,"I(μ̃_19734,i_1,i_2;a_1i_1i_2) * I(i_2,i_1,μ̃_19734;a_2i_1i_2) -> R(i_2,i_1;a_2i_1i_2,a_1i_1i_2)","R(i_2,i_1;a_2i_1i_2,a_1i_1i_2)","I(μ̃_19734,i_1,i_2;a_1i_1i_2)","I(i_2,i_1,μ̃_19734;a_2i_1i_2)","R(i_2,i_1;a_2i_1i_2,a_1i_1i_2)","i,i,a,a",";;i_1,i_2;i_1,i_2","7,7,,",7 × 7 × ? × ?,,
3,37,Permute,residual,R,389264,,,792440,792440,423010552,1370120192,99055,,,,,"R(i_2,i_1;a_2i_1i_2,a_1i_1i_2)","R(i_2,i_1;a_2i_1i_2,a_1i_1i_2)",,,,"i,i,a,a",";;i_1,i_2;i_1,i_2","7,7,,",7 × 7 × ? × ?,,
3,38,Product,intermediate,I,946180,24888,139048,139048,139048,423010552,1370120192,17381,,,,,"I(i_4,i_3,i_2,i_1) * I(i_2,i_1,i_3;a_1i_1i_2) -> I(i_4,i_1,i_2;a_1i_1i_2)","I(i_4,i_1,i_2;a_1i_1i_2)","I(i_4,i_3,i_2,i_1)","I(i_2,i_1,i_3;a_1i_1i_2)","I(i_4,i_1,i_2;a_1i_1i_2)","i,i,i,a",";;;i_1,i_2","7,7,7,",7 × 7 × 7 × ?,,
3,38,Product,residual,R,1388528,139048,139048,792440,792440,423010552,1370120192,99055,,,,,"I(i_4,i_1,i_2;a_1i_1i_2) * I(i_2,i_1,i_4;a_2i_1i_2) -> R(i_2,i_1;a_2i_1i_2,a_1i_1i_2)","R(i_2,i_1;a_2i_1i_2,a_1i_1i_2)","I(i_4,i_1,i_2;a_1i_1i_2)","I(i_2,i_1,i_4;a_2i_1i_2)","R(i_2,i_1;a_2i_1i_2,a_1i_1i_2)","i,i,a,a",";;i_1,i_2;i_1,i_2","7,7,,",7 × 7 × ? × ?,,
3,38,Permute,residual,R,120545,,,792440,792440,423010552,1370120192,99055,,,,,"R(i_2,i_1;a_2i_1i_2,a_1i_1i_2)","R(i_2,i_1;a_2i_1i_2,a_1i_1i_2)",,,,"i,i,a,a",";;i_1,i_2;i_1,i_2","7,7,,",7 × 7 × ? × ?,,
3,39,Product,intermediate,I,182127287,83306800,5179792,334432,334432,423010552,1370120192,41804,39102,-0.11521884471436442,0.00517683269434356,0.007000237861106603,"I(i_3,μ̃_19737,μ̃_19736,μ̃_19735) * I(μ̃_19736,μ̃_19735,i_1,i_2) -> I(i_3,μ̃_19737,i_1,i_2)","I(i_3,μ̃_19737,i_1,i_2)","I(i_3,μ̃_19737,μ̃_19736,μ̃_19735)","I(μ̃_19736,μ̃_19735,i_1,i_2)","I(i_3,μ̃_19737,i_1,i_2)","i,μ̃,i,i",;;;,"7,114,7,7",7 × 114 × 7 × 7,312816,1.0691
3,39,Tensor,leaf,C,19021,,,2207664,2207664,423010552,1370120192,275958,,,,,"C(i_2,i_1,μ̃_19737;a_1i_1i_2)","C(i_2,i_1,μ̃_19737;a_1i_1i_2)",,,,"i,i,μ̃,a",";;;i_1,i_2","7,7,114,",7 × 7 × 114 × ?,,
3,39,Product,intermediate,I,2920568,334432,2207664,139048,139048,423010552,1370120192,17381,,,,,"I(i_3,μ̃_19737,i_1,i_2) * C(i_2,i_1,μ̃_19737;a_1i_1i_2) -> I(i_3,i_1,i_2;a_1i_1i_2)","I(i_3,i_1,i_2;a_1i_1i_2)","I(i_3,μ̃_19737,i_1,i_2)","C(i_2,i_1,μ̃_19737;a_1i_1i_2)","I(i_3,i_1,i_2;a_1i_1i_2)","i,i,i,a",";;;i_1,i_2","7,7,7,",7 × 7 × 7 × ?,,
3,39,Product,intermediate,I,1159695,139048,139048,792440,792440,423010552,1370120192,99055,,,,,"I(i_3,i_1,i_2;a_1i_1i_2) * I(i_2,i_1,i_3;a_2i_1i_2) -> I(i_1,i_2;a_1i_1i_2,a_2i_1i_2)","I(i_1,i_2;a_1i_1i_2,a_2i_1i_2)","I(i_3,i_1,i_2;a_1i_1i_2)","I(i_2,i_1,i_3;a_2i_1i_2)","I(i_1,i_2;a_1i_1i_2,a_2i_1i_2)","i,i,a,a",";;i_1,i_2;i_1,i_2","7,7,,",7 × 7 × ? × ?,,
3,39,Constant,constant,_const,2111,,,8,8,423010552,1370120192,1,,,,,-2,-2,,,,,,,scalar,8,1
3,39,Product,residual,R,115764,792440,8,792440,792440,423010552,1370120192,99055,,,,,"I(i_1,i_2;a_1i_1i_2,a_2i_1i_2) * -2 -> R(i_1,i_2;a_1i_1i_2,a_2i_1i_2)","R(i_1,i_2;a_1i_1i_2,a_2i_1i_2)","I(i_1,i_2;a_1i_1i_2,a_2i_1i_2)",-2,"R(i_1,i_2;a_1i_1i_2,a_2i_1i_2)","i,i,a,a",";;i_1,i_2;i_1,i_2","7,7,,",7 × 7 × ? × ?,,
3,39,Permute,residual,R,86340,,,792440,792440,423010552,1370120192,99055,,,,,"R(i_1,i_2;a_1i_1i_2,a_2i_1i_2)","R(i_1,i_2;a_1i_1i_2,a_2i_1i_2)",,,,"i,i,a,a",";;i_1,i_2;i_1,i_2","7,7,,",7 × 7 × ? × ?,,
3,40,Product,intermediate,I,1040124,24888,139048,139048,139048,423010552,1370120192,17381,,,,,"I(i_4,i_3,i_2,i_1) * I(i_2,i_1,i_3;a_1i_1i_2) -> I(i_4,i_1,i_2;a_1i_1i_2)","I(i_4,i_1,i_2;a_1i_1i_2)","I(i_4,i_3,i_2,i_1)","I(i_2,i_1,i_3;a_1i_1i_2)","I(i_4,i_1,i_2;a_1i_1i_2)","i,i,i,a",";;;i_1,i_2","7,7,7,",7 × 7 × 7 × ?,,
3,40,Product,residual,R,1072838,139048,139048,792440,792440,423010552,1370120192,99055,,,,,"I(i_4,i_1,i_2;a_1i_1i_2) * I(i_2,i_1,i_4;a_2i_1i_2) -> R(i_2,i_1;a_2i_1i_2,a_1i_1i_2)","R(i_2,i_1;a_2i_1i_2,a_1i_1i_2)","I(i_4,i_1,i_2;a_1i_1i_2)","I(i_2,i_1,i_4;a_2i_1i_2)","R(i_2,i_1;a_2i_1i_2,a_1i_1i_2)","i,i,a,a",";;i_1,i_2;i_1,i_2","7,7,,",7 × 7 × ? × ?,,
3,40,Permute,residual,R,88267,,,792440,792440,423010552,1370120192,99055,,,,,"R(i_2,i_1;a_2i_1i_2,a_1i_1i_2)","R(i_2,i_1;a_2i_1i_2,a_1i_1i_2)",,,,"i,i,a,a",";;i_1,i_2;i_1,i_2","7,7,,",7 × 7 × ? × ?,,
3,41,Product,intermediate,I,141657699,5490816,2207664,1843152,1843152,423010552,1370120192,230394,225036,-4.401562522864106,5.62944902498165,0.13655615540037877,"I(i_1,i_3,Κ_1;a_3i_1i_3) * I(μ̃_19779,i_3,i_1;a_3i_1i_3) -> I(μ̃_19779,i_1,Κ_1)","I(μ̃_19779,i_1,Κ_1)","I(i_1,i_3,Κ_1;a_3i_1i_3)","I(μ̃_19779,i_3,i_1;a_3i_1i_3)","I(μ̃_19779,i_1,Κ_1)","μ̃,i,Κ",;;,"114,7,282",114 × 7 × 282,1800288,1.02381
3,41,Product,intermediate,I,22169254,1843152,2226240,5490816,5490816,423010552,1370120192,686352,,,,,"I(μ̃_19779,i_1,Κ_1) * I(i_2,i_1,μ̃_19779;a_1i_1i_2) -> I(i_2,i_1,Κ_1;a_1i_1i_2)","I(i_2,i_1,Κ_1;a_1i_1i_2)","I(μ̃_19779,i_1,Κ_1)","I(i_2,i_1,μ̃_19779;a_1i_1i_2)","I(i_2,i_1,Κ_1;a_1i_1i_2)","i,i,Κ,a",";;;i_1,i_2","7,7,282,",7 × 7 × 282 × ?,,
3,41,Product,intermediate,I,137847639,5490816,2207664,1843152,1843152,424731864,1370120192,230394,225036,0.7055801855426321,19.22048312876821,0.2700006535559242,"I(i_2,i_4,Κ_1;a_4i_2i_4) * I(μ̃_19781,i_2,i_4;a_4i_2i_4) -> I(μ̃_19781,i_2,Κ_1)","I(μ̃_19781,i_2,Κ_1)","I(i_2,i_4,Κ_1;a_4i_2i_4)","I(μ̃_19781,i_2,i_4;a_4i_2i_4)","I(μ̃_19781,i_2,Κ_1)","μ̃,i,Κ",;;,"114,7,282",114 × 7 × 282,1800288,1.02381
3,41,Product,intermediate,I,79969314,5490816,1843152,2226240,2226240,426958104,1370120192,278280,,,,,"I(i_2,i_1,Κ_1;a_1i_1i_2) * I(μ̃_19781,i_2,Κ_1) -> I(μ̃_19781,i_1,i_2;a_1i_1i_2)","I(μ̃_19781,i_1,i_2;a_1i_1i_2)","I(i_2,i_1,Κ_1;a_1i_1i_2)","I(μ̃_19781,i_2,Κ_1)","I(μ̃_19781,i_1,i_2;a_1i_1i_2)","μ̃,i,i,a",";;;i_1,i_2","114,7,7,",114 × 7 × 7 × ?,,
3,41,Product,intermediate,I,4928042,2226240,2226240,792440,792440,427750544,1370120192,99055,,,,,"I(μ̃_19781,i_1,i_2;a_1i_1i_2) * I(i_2,i_1,μ̃_19781;a_2i_1i_2) -> I(i_2,i_1;a_1i_1i_2,a_2i_1i_2)","I(i_2,i_1;a_1i_1i_2,a_2i_1i_2)","I(μ̃_19781,i_1,i_2;a_1i_1i_2)","I(i_2,i_1,μ̃_19781;a_2i_1i_2)","I(i_2,i_1;a_1i_1i_2,a_2i_1i_2)","i,i,a,a",";;i_1,i_2;i_1,i_2","7,7,,",7 × 7 × ? × ?,,
3,41,Constant,constant,_const,2180,,,8,8,427750544,1370120192,1,,,,,-4,-4,,,,,,,scalar,8,1
3,41,Product,residual,R,139774,792440,8,792440,792440,427750544,1370120192,99055,,,,,"I(i_2,i_1;a_1i_1i_2,a_2i_1i_2) * -4 -> R(i_2,i_1;a_1i_1i_2,a_2i_1i_2)","R(i_2,i_1;a_1i_1i_2,a_2i_1i_2)","I(i_2,i_1;a_1i_1i_2,a_2i_1i_2)",-4,"R(i_2,i_1;a_1i_1i_2,a_2i_1i_2)","i,i,a,a",";;i_1,i_2;i_1,i_2","7,7,,",7 × 7 × ? × ?,,
3,41,Permute,residual,R,121972,,,792440,792440,427750544,1370120192,99055,,,,,"R(i_2,i_1;a_1i_1i_2,a_2i_1i_2)","R(i_2,i_1;a_1i_1i_2,a_2i_1i_2)",,,,"i,i,a,a",";;i_1,i_2;i_1,i_2","7,7,,",7 × 7 × ? × ?,,
3,42,Tensor,leaf,g,14361,,,29489328,29489328,454221192,1370120192,3686166,3664872,328.03408291046827,123.92989425956779,0.8503952014554771,"g(μ̃_19895,μ̃_19896,Κ_1)","g(μ̃_19895,μ̃_19896,Κ_1)",,,,"μ̃,μ̃,Κ",;;,"114,114,282",114 × 114 × 282,29318976,1.00581
3,42,Product,intermediate,I,70131141,29489328,12064,1843152,1843152,456064344,1370120192,230394,225036,0.08059735860479023,0.0009800115556987841,0.0032421543104498734,"g(μ̃_19895,μ̃_19896,Κ_1) * I(μ̃_19895,i_2) -> I(μ̃_19896,i_2,Κ_1)","I(μ̃_19896,i_2,Κ_1)","g(μ̃_19895,μ̃_19896,Κ_1)","I(μ̃_19895,i_2)","I(μ̃_19896,i_2,Κ_1)","μ̃,i,Κ",;;,"114,7,282",114 × 7 × 282,1800288,1.02381
3,42,Tensor,leaf,C,13962,,,2207664,2207664,456064344,1370120192,275958,,,,,"C(i_2,i_1,μ̃_19896;a_2i_1i_2)","C(i_2,i_1,μ̃_19896;a_2i_1i_2)",,,,"i,i,μ̃,a",";;;i_1,i_2","7,7,114,",7 × 7 × 114 × ?,,
3,42,Product,intermediate,I,17735400,1843152,2207664,5490816,5490816,456064344,1370120192,686352,,,,,"I(μ̃_19896,i_2,Κ_1) * C(i_2,i_1,μ̃_19896;a_2i_1i_2) -> I(i_1,i_2,Κ_1;a_2i_1i_2)","I(i_1,i_2,Κ_1;a_2i_1i_2)","I(μ̃_19896,i_2,Κ_1)","C(i_2,i_1,μ̃_19896;a_2i_1i_2)","I(i_1,i_2,Κ_1;a_2i_1i_2)","i,i,Κ,a",";;;i_1,i_2","7,7,282,",7 × 7 × 282 × ?,,
3,42,Product,intermediate,I,24394267,5490816,1843152,2226240,2226240,456064344,1370120192,278280,,,,,"I(i_1,i_2,Κ_1;a_2i_1i_2) * I(μ̃_19898,i_1,Κ_1) -> I(μ̃_19898,i_2,i_1;a_2i_1i_2)","I(μ̃_19898,i_2,i_1;a_2i_1i_2)","I(i_1,i_2,Κ_1;a_2i_1i_2)","I(μ̃_19898,i_1,Κ_1)","I(μ̃_19898,i_2,i_1;a_2i_1i_2)","μ̃,i,i,a",";;;i_1,i_2","114,7,7,",114 × 7 × 7 × ?,,
3,42,Product,intermediate,I,5632938,2226240,2226240,792440,792440,456064344,1370120192,99055,,,,,"I(μ̃_19898,i_2,i_1;a_2i_1i_2) * I(i_2,i_1,μ̃_19898;a_1i_1i_2) -> I(i_1,i_2;a_1i_1i_2,a_2i_1i_2)","I(i_1,i_2;a_1i_1i_2,a_2i_1i_2)","I(μ̃_19898,i_2,i_1;a_2i_1i_2)","I(i_2,i_1,μ̃_19898;a_1i_1i_2)","I(i_1,i_2;a_1i_1i_2,a_2i_1i_2)","i,i,a,a",";;i_1,i_2;i_1,i_2","7,7,,",7 × 7 × ? × ?,,
3,42,Constant,constant,_const,1918,,,8,8,456064344,1370120192,1,,,,,-2,-2,,,,,,,scalar,8,1
3,42,Product,residual,R,189518,792440,8,792440,792440,456064344,1370120192,99055,,,,,"I(i_1,i_2;a_1i_1i_2,a_2i_1i_2) * -2 -> R(i_1,i_2;a_1i_1i_2,a_2i_1i_2)","R(i_1,i_2;a_1i_1i_2,a_2i_1i_2)","I(i_1,i_2;a_1i_1i_2,a_2i_1i_2)",-2,"R(i_1,i_2;a_1i_1i_2,a_2i_1i_2)","i,i,a,a",";;i_1,i_2;i_1,i_2","7,7,,",7 × 7 × ? × ?,,
3,42,Permute,residual,R,112963,,,792440,792440,456064344,1370120192,99055,,,,,"R(i_1,i_2;a_1i_1i_2,a_2i_1i_2)","R(i_1,i_2;a_1i_1i_2,a_2i_1i_2)",,,,"i,i,a,a",";;i_1,i_2;i_1,i_2","7,7,,",7 × 7 × ? × ?,,
3,43,Product,intermediate,I,17759297,5490816,1843152,2226240,2226240,456064344,1370120192,278280,,,,,"I(i_2,i_1,Κ_1;a_1i_1i_2) * I(μ̃_19944,i_2,Κ_1) -> I(μ̃_19944,i_1,i_2;a_1i_1i_2)","I(μ̃_19944,i_1,i_2;a_1i_1i_2)","I(i_2,i_1,Κ_1;a_1i_1i_2)","I(μ̃_19944,i_2,Κ_1)","I(μ̃_19944,i_1,i_2;a_1i_1i_2)","μ̃,i,i,a",";;;i_1,i_2","114,7,7,",114 × 7 × 7 × ?,,
3,43,Product,residual,R,5312694,2226240,2226240,792440,792440,456064344,1370120192,99055,,,,,"I(μ̃_19944,i_1,i_2;a_1i_1i_2) * I(i_2,i_1,μ̃_19944;a_2i_1i_2) -> R(i_2,i_1;a_2i_1i_2,a_1i_1i_2)","R(i_2,i_1;a_2i_1i_2,a_1i_1i_2)","I(μ̃_19944,i_1,i_2;a_1i_1i_2)","I(i_2,i_1,μ̃_19944;a_2i_1i_2)","R(i_2,i_1;a_2i_1i_2,a_1i_1i_2)","i,i,a,a",";;i_1,i_2;i_1,i_2","7,7,,",7 × 7 × ? × ?,,
3,43,Permute,residual,R,562318,,,792440,792440,456064344,1370120192,99055,,,,,"R(i_2,i_1;a_2i_1i_2,a_1i_1i_2)","R(i_2,i_1;a_2i_1i_2,a_1i_1i_2)",,,,"i,i,a,a",";;i_1,i_2;i_1,i_2","7,7,,",7 × 7 × ? × ?,,
3,44,Product,intermediate,I,17832628,5490816,1843152,2226240,2226240,456064344,1370120192,278280,,,,,"I(i_1,i_2,Κ_1;a_2i_1i_2) * I(μ̃_19836,i_1,Κ_1) -> I(μ̃_19836,i_2,i_1;a_2i_1i_2)","I(μ̃_19836,i_2,i_1;a_2i_1i_2)","I(i_1,i_2,Κ_1;a_2i_1i_2)","I(μ̃_19836,i_1,Κ_1)","I(μ̃_19836,i_2,i_1;a_2i_1i_2)","μ̃,i,i,a",";;;i_1,i_2","114,7,7,",114 × 7 × 7 × ?,,
3,44,Product,intermediate,I,4750038,2226240,2226240,792440,792440,456064344,1370120192,99055,,,,,"I(μ̃_19836,i_2,i_1;a_2i_1i_2) * I(i_2,i_1,μ̃_19836;a_1i_1i_2) -> I(i_1,i_2;a_1i_1i_2,a_2i_1i_2)","I(i_1,i_2;a_1i_1i_2,a_2i_1i_2)","I(μ̃_19836,i_2,i_1;a_2i_1i_2)","I(i_2,i_1,μ̃_19836;a_1i_1i_2)","I(i_1,i_2;a_1i_1i_2,a_2i_1i_2)","i,i,a,a",";;i_1,i_2;i_1,i_2","7,7,,",7 × 7 × ? × ?,,
3,44,Constant,constant,_const,1900,,,8,8,456064344,1370120192,1,,,,,4,4,,,,,,,scalar,8,1
3,44,Product,residual,R,173886,792440,8,792440,792440,456064344,1370120192,99055,,,,,"I(i_1,i_2;a_1i_1i_2,a_2i_1i_2) * 4 -> R(i_1,i_2;a_1i_1i_2,a_2i_1i_2)","R(i_1,i_2;a_1i_1i_2,a_2i_1i_2)","I(i_1,i_2;a_1i_1i_2,a_2i_1i_2)",4,"R(i_1,i_2;a_1i_1i_2,a_2i_1i_2)","i,i,a,a",";;i_1,i_2;i_1,i_2","7,7,,",7 × 7 × ? × ?,,
3,44,Permute,residual,R,107502,,,792440,792440,456064344,1370120192,99055,,,,,"R(i_1,i_2;a_1i_1i_2,a_2i_1i_2)","R(i_1,i_2;a_1i_1i_2,a_2i_1i_2)",,,,"i,i,a,a",";;i_1,i_2;i_1,i_2","7,7,,",7 × 7 × ? × ?,,
3,45,Product,intermediate,I,18544465,5490816,1843152,2226240,2226240,456064344,1370120192,278280,,,,,"I(i_2,i_1,Κ_1;a_1i_1i_2) * I(μ̃_19917,i_2,Κ_1) -> I(μ̃_19917,i_2,i_1;a_1i_1i_2)","I(μ̃_19917,i_2,i_1;a_1i_1i_2)","I(i_2,i_1,Κ_1;a_1i_1i_2)","I(μ̃_19917,i_2,Κ_1)","I(μ̃_19917,i_2,i_1;a_1i_1i_2)","μ̃,i,i,a",";;;i_1,i_2","114,7,7,",114 × 7 × 7 × ?,,
3,45,Tensor,leaf,C,20543,,,2207664,2207664,456064344,1370120192,275958,,,,,"C(i_2,i_1,μ̃_19917;a_2i_1i_2)","C(i_2,i_1,μ̃_19917;a_2i_1i_2)",,,,"i,i,μ̃,a",";;;i_1,i_2","7,7,114,",7 × 7 × 114 × ?,,
3,45,Product,residual,R,4532511,2226240,2207664,792440,792440,456064344,1370120192,99055,,,,,"I(μ̃_19917,i_2,i_1;a_1i_1i_2) * C(i_2,i_1,μ̃_19917;a_2i_1i_2) -> R(i_2,i_1;a_2i_1i_2,a_1i_1i_2)","R(i_2,i_1;a_2i_1i_2,a_1i_1i_2)","I(μ̃_19917,i_2,i_1;a_1i_1i_2)","C(i_2,i_1,μ̃_19917;a_2i_1i_2)","R(i_2,i_1;a_2i_1i_2,a_1i_1i_2)","i,i,a,a",";;i_1,i_2;i_1,i_2","7,7,,",7 × 7 × ? × ?,,
3,45,Permute,residual,R,684881,,,792440,792440,456064344,1370120192,99055,,,,,"R(i_2,i_1;a_2i_1i_2,a_1i_1i_2)","R(i_2,i_1;a_2i_1i_2,a_1i_1i_2)",,,,"i,i,a,a",";;i_1,i_2;i_1,i_2","7,7,,",7 × 7 × ? × ?,,
3,46,Product,intermediate,I,20510277,1843152,2226240,5490816,5490816,456064344,1370120192,686352,,,,,"I(μ̃_19862,i_1,Κ_1) * I(i_2,i_1,μ̃_19862;a_1i_1i_2) -> I(i_2,i_1,Κ_1;a_1i_1i_2)","I(i_2,i_1,Κ_1;a_1i_1i_2)","I(μ̃_19862,i_1,Κ_1)","I(i_2,i_1,μ̃_19862;a_1i_1i_2)","I(i_2,i_1,Κ_1;a_1i_1i_2)","i,i,Κ,a",";;;i_1,i_2","7,7,282,",7 × 7 × 282 × ?,,
3,46,Product,intermediate,I,31298295,5490816,1843152,2226240,2226240,456064344,1370120192,278280,,,,,"I(i_2,i_1,Κ_1;a_1i_1i_2) * I(μ̃_19864,i_2,Κ_1) -> I(μ̃_19864,i_1,i_2;a_1i_1i_2)","I(μ̃_19864,i_1,i_2;a_1i_1i_2)","I(i_2,i_1,Κ_1;a_1i_1i_2)","I(μ̃_19864,i_2,Κ_1)","I(μ̃_19864,i_1,i_2;a_1i_1i_2)","μ̃,i,i,a",";;;i_1,i_2","114,7,7,",114 × 7 × 7 × ?,,
3,46,Product,intermediate,I,4814111,2226240,2226240,792440,792440,456064344,1370120192,99055,,,,,"I(μ̃_19864,i_1,i_2;a_1i_1i_2) * I(i_2,i_1,μ̃_19864;a_2i_1i_2) -> I(i_2,i_1;a_2i_1i_2,a_1i_1i_2)","I(i_2,i_1;a_2i_1i_2,a_1i_1i_2)","I(μ̃_19864,i_1,i_2;a_1i_1i_2)","I(i_2,i_1,μ̃_19864;a_2i_1i_2)","I(i_2,i_1;a_2i_1i_2,a_1i_1i_2)","i,i,a,a",";;i_1,i_2;i_1,i_2","7,7,,",7 × 7 × ? × ?,,
3,46,Constant,constant,_const,17536,,,8,8,456064344,1370120192,1,,,,,4,4,,,,,,,scalar,8,1
3,46,Product,residual,R,196329,792440,8,792440,792440,456064344,1370120192,99055,,,,,"I(i_2,i_1;a_2i_1i_2,a_1i_1i_2) * 4 -> R(i_2,i_1;a_2i_1i_2,a_1i_1i_2)","R(i_2,i_1;a_2i_1i_2,a_1i_1i_2)","I(i_2,i_1;a_2i_1i_2,a_1i_1i_2)",4,"R(i_2,i_1;a_2i_1i_2,a_1i_1i_2)","i,i,a,a",";;i_1,i_2;i_1,i_2","7,7,,",7 × 7 × ? × ?,,
3,46,Permute,residual,R,552386,,,792440,792440,456064344,1370120192,99055,,,,,"R(i_2,i_1;a_2i_1i_2,a_1i_1i_2)","R(i_2,i_1;a_2i_1i_2,a_1i_1i_2)",,,,"i,i,a,a",";;i_1,i_2;i_1,i_2","7,7,,",7 × 7 × ? × ?,,
3,47,Tensor,leaf,g,9275,,,29489328,29489328,456064344,1370120192,3686166,3664872,328.03408291046827,123.92989425956779,0.8503952014554771,"g(μ̃_19829,μ̃_19830,Κ_1)","g(μ̃_19829,μ̃_19830,Κ_1)",,,,"μ̃,μ̃,Κ",;;,"114,114,282",114 × 114 × 282,29318976,1.00581
3,47,Product,intermediate,I,93053586,121536,29489328,5179792,5179792,456064344,1370120192,647474,636804,0.10068774510451389,0.0002736028636380092,0.0016369214716938122,"I(i_3,i_1,Κ_1) * g(μ̃_19829,μ̃_19830,Κ_1) -> I(i_3,μ̃_19830,μ̃_19829,i_1)","I(i_3,μ̃_19830,μ̃_19829,i_1)","I(i_3,i_1,Κ_1)","g(μ̃_19829,μ̃_19830,Κ_1)","I(i_3,μ̃_19830,μ̃_19829,i_1)","i,μ̃,μ̃,i",;;;,"7,114,114,7",7 × 114 × 114 × 7,5094432,1.01676
3,47,Product,intermediate,I,20778687,2207664,5489512,15384928,15384928,456064344,1370120192,1923116,,,,,"I(μ̃_19829,i_2,i_3;a_5i_2i_3) * I(i_3,i_1,i_2;a_5i_2i_3,a_1i_1i_2) -> I(i_1,μ̃_19829,i_3,i_2;a_1i_1i_2)","I(i_1,μ̃_19829,i_3,i_2;a_1i_1i_2)","I(μ̃_19829,i_2,i_3;a_5i_2i_3)","I(i_3,i_1,i_2;a_5i_2i_3,a_1i_1i_2)","I(i_1,μ̃_19829,i_3,i_2;a_1i_1i_2)","i,μ̃,i,i,a",";;;;i_1,i_2","7,114,7,7,",7 × 114 × 7 × 7 × ?,,
3,47,Product,intermediate,I,280336982,5179792,15384928,2226240,2226240,456064344,1370120192,278280,,,,,"I(i_3,μ̃_19830,μ̃_19829,i_1) * I(i_1,μ̃_19829,i_3,i_2;a_1i_1i_2) -> I(μ̃_19830,i_1,i_2;a_1i_1i_2)","I(μ̃_19830,i_1,i_2;a_1i_1i_2)","I(i_3,μ̃_19830,μ̃_19829,i_1)","I(i_1,μ̃_19829,i_3,i_2;a_1i_1i_2)","I(μ̃_19830,i_1,i_2;a_1i_1i_2)","μ̃,i,i,a",";;;i_1,i_2","114,7,7,",114 × 7 × 7 × ?,,
3,47,Tensor,leaf,C,14134,,,2207664,2207664,456064344,1370120192,275958,,,,,"C(i_2,i_1,μ̃_19830;a_2i_1i_2)","C(i_2,i_1,μ̃_19830;a_2i_1i_2)",,,,"i,i,μ̃,a",";;;i_1,i_2","7,7,114,",7 × 7 × 114 × ?,,
3,47,Product,intermediate,I,4713770,2226240,2207664,792440,792440,456064344,1370120192,99055,,,,,"I(μ̃_19830,i_1,i_2;a_1i_1i_2) * C(i_2,i_1,μ̃_19830;a_2i_1i_2) -> I(i_1,i_2;a_2i_1i_2,a_1i_1i_2)","I(i_1,i_2;a_2i_1i_2,a_1i_1i_2)","I(μ̃_19830,i_1,i_2;a_1i_1i_2)","C(i_2,i_1,μ̃_19830;a_2i_1i_2)","I(i_1,i_2;a_2i_1i_2,a_1i_1i_2)","i,i,a,a",";;i_1,i_2;i_1,i_2","7,7,,",7 × 7 × ? × ?,,
3,47,Constant,constant,_const,1967,,,8,8,456064344,1370120192,1,,,,,-2,-2,,,,,,,scalar,8,1
3,47,Product,residual,R,170566,792440,8,792440,792440,456064344,1370120192,99055,,,,,"I(i_1,i_2;a_2i_1i_2,a_1i_1i_2) * -2 -> R(i_1,i_2;a_2i_1i_2,a_1i_1i_2)","R(i_1,i_2;a_2i_1i_2,a_1i_1i_2)","I(i_1,i_2;a_2i_1i_2,a_1i_1i_2)",-2,"R(i_1,i_2;a_2i_1i_2,a_1i_1i_2)","i,i,a,a",";;i_1,i_2;i_1,i_2","7,7,,",7 × 7 × ? × ?,,
3,47,Permute,residual,R,96696,,,792440,792440,456064344,1370120192,99055,,,,,"R(i_1,i_2;a_2i_1i_2,a_1i_1i_2)","R(i_1,i_2;a_2i_1i_2,a_1i_1i_2)",,,,"i,i,a,a",";;i_1,i_2;i_1,i_2","7,7,,",7 × 7 × ? × ?,,
3,48,Product,intermediate,I,18747196,2207664,5489512,15384928,15384928,456064344,1370120192,1923116,,,,,"I(μ̃_19880,i_3,i_2;a_5i_2i_3) * I(i_1,i_3,i_2;a_2i_1i_2,a_5i_2i_3) -> I(i_1,μ̃_19880,i_3,i_2;a_2i_1i_2)","I(i_1,μ̃_19880,i_3,i_2;a_2i_1i_2)","I(μ̃_19880,i_3,i_2;a_5i_2i_3)","I(i_1,i_3,i_2;a_2i_1i_2,a_5i_2i_3)","I(i_1,μ̃_19880,i_3,i_2;a_2i_1i_2)","i,μ̃,i,i,a",";;;;i_1,i_2","7,114,7,7,",7 × 114 × 7 × 7 × ?,,
3,48,Product,intermediate,I,306706058,5179792,15384928,2226240,2226240,456064344,1370120192,278280,,,,,"I(i_3,μ̃_19881,μ̃_19880,i_1) * I(i_1,μ̃_19880,i_3,i_2;a_2i_1i_2) -> I(μ̃_19881,i_1,i_2;a_2i_1i_2)","I(μ̃_19881,i_1,i_2;a_2i_1i_2)","I(i_3,μ̃_19881,μ̃_19880,i_1)","I(i_1,μ̃_19880,i_3,i_2;a_2i_1i_2)","I(μ̃_19881,i_1,i_2;a_2i_1i_2)","μ̃,i,i,a",";;;i_1,i_2","114,7,7,",114 × 7 × 7 × ?,,
3,48,Tensor,leaf,C,15760,,,2207664,2207664,456064344,1370120192,275958,,,,,"C(i_2,i_1,μ̃_19881;a_1i_1i_2)","C(i_2,i_1,μ̃_19881;a_1i_1i_2)",,,,"i,i,μ̃,a",";;;i_1,i_2","7,7,114,",7 × 7 × 114 × ?,,
3,48,Product,intermediate,I,4864189,2226240,2207664,792440,792440,456064344,1370120192,99055,,,,,"I(μ̃_19881,i_1,i_2;a_2i_1i_2) * C(i_2,i_1,μ̃_19881;a_1i_1i_2) -> I(i_1,i_2;a_1i_1i_2,a_2i_1i_2)","I(i_1,i_2;a_1i_1i_2,a_2i_1i_2)","I(μ̃_19881,i_1,i_2;a_2i_1i_2)","C(i_2,i_1,μ̃_19881;a_1i_1i_2)","I(i_1,i_2;a_1i_1i_2,a_2i_1i_2)","i,i,a,a",";;i_1,i_2;i_1,i_2","7,7,,",7 × 7 × ? × ?,,
3,48,Constant,constant,_const,2289,,,8,8,456064344,1370120192,1,,,,,-2,-2,,,,,,,scalar,8,1
3,48,Product,residual,R,170933,792440,8,792440,792440,456064344,1370120192,99055,,,,,"I(i_1,i_2;a_1i_1i_2,a_2i_1i_2) * -2 -> R(i_1,i_2;a_1i_1i_2,a_2i_1i_2)","R(i_1,i_2;a_1i_1i_2,a_2i_1i_2)","I(i_1,i_2;a_1i_1i_2,a_2i_1i_2)",-2,"R(i_1,i_2;a_1i_1i_2,a_2i_1i_2)","i,i,a,a",";;i_1,i_2;i_1,i_2","7,7,,",7 × 7 × ? × ?,,
3,48,Permute,residual,R,84362,,,792440,792440,456064344,1370120192,99055,,,,,"R(i_1,i_2;a_1i_1i_2,a_2i_1i_2)","R(i_1,i_2;a_1i_1i_2,a_2i_1i_2)",,,,"i,i,a,a",";;i_1,i_2;i_1,i_2","7,7,,",7 × 7 × ? × ?,,
3,49,Product,intermediate,I,31084624,24888,5179792,5179792,5179792,456064344,1370120192,647474,636804,-23631.8676653089,8242635.200746747,320.63062026855454,"I(i_3,i_1,i_4,i_2) * I(μ̃_19841,μ̃_19839,i_4,i_3) -> I(i_2,i_1,μ̃_19841,μ̃_19839)","I(i_2,i_1,μ̃_19841,μ̃_19839)","I(i_3,i_1,i_4,i_2)","I(μ̃_19841,μ̃_19839,i_4,i_3)","I(i_2,i_1,μ̃_19841,μ̃_19839)","i,i,μ̃,μ̃",;;;,"7,7,114,114",7 × 7 × 114 × 114,5094432,1.01676
3,49,Product,intermediate,I,13036189,5179792,2226240,2226240,2226240,456064344,1370120192,278280,,,,,"I(i_2,i_1,μ̃_19841,μ̃_19839) * I(i_2,i_1,μ̃_19839;a_1i_1i_2) -> I(i_1,i_2,μ̃_19841;a_1i_1i_2)","I(i_1,i_2,μ̃_19841;a_1i_1i_2)","I(i_2,i_1,μ̃_19841,μ̃_19839)","I(i_2,i_1,μ̃_19839;a_1i_1i_2)","I(i_1,i_2,μ̃_19841;a_1i_1i_2)","i,i,μ̃,a",";;;i_1,i_2","7,7,114,",7 × 7 × 114 × ?,,
3,49,Product,residual,R,4344414,2226240,2226240,792440,792440,456064344,1370120192,99055,,,,,"I(i_1,i_2,μ̃_19841;a_1i_1i_2) * I(i_2,i_1,μ̃_19841;a_2i_1i_2) -> R(i_2,i_1;a_2i_1i_2,a_1i_1i_2)","R(i_2,i_1;a_2i_1i_2,a_1i_1i_2)","I(i_1,i_2,μ̃_19841;a_1i_1i_2)","I(i_2,i_1,μ̃_19841;a_2i_1i_2)","R(i_2,i_1;a_2i_1i_2,a_1i_1i_2)","i,i,a,a",";;i_1,i_2;i_1,i_2","7,7,,",7 × 7 × ? × ?,,
3,49,Permute,residual,R,180918,,,792440,792440,456064344,1370120192,99055,,,,,"R(i_2,i_1;a_2i_1i_2,a_1i_1i_2)","R(i_2,i_1;a_2i_1i_2,a_1i_1i_2)",,,,"i,i,a,a",";;i_1,i_2;i_1,i_2","7,7,,",7 × 7 × ? × ?,,
3,50,Tensor,leaf,t,2313,,,792440,792440,456064344,1370120192,99055,,,,,"t(i_2,i_4;a_6i_2i_4,a_3i_2i_4)","t(i_2,i_4;a_6i_2i_4,a_3i_2i_4)",,,,"i,i,a,a",";;i_2,i_4;i_2,i_4","7,7,,",7 × 7 × ? × ?,,
3,50,Product,intermediate,I,5541707,5489512,792440,5489512,5489512,456064344,1370120192,686189,,,,,"I(i_4,i_1,i_2;a_6i_2i_4,a_2i_1i_2) * t(i_2,i_4;a_6i_2i_4,a_3i_2i_4) -> I(i_1,i_4,i_2;a_2i_1i_2,a_3i_2i_4)","I(i_1,i_4,i_2;a_2i_1i_2,a_3i_2i_4)","I(i_4,i_1,i_2;a_6i_2i_4,a_2i_1i_2)","t(i_2,i_4;a_6i_2i_4,a_3i_2i_4)","I(i_1,i_4,i_2;a_2i_1i_2,a_3i_2i_4)","i,i,i,a,a",";;;i_1,i_2;i_2,i_4","7,7,7,,",7 × 7 × 7 × ? × ?,,
3,50,Product,intermediate,I,36083467,38260568,5489512,5489512,5489512,456064344,1370120192,686189,,,,,"I(i_2,i_1,i_4,i_3;a_3i_2i_4,a_4i_1i_3) * I(i_1,i_4,i_2;a_2i_1i_2,a_3i_2i_4) -> I(i_1,i_3,i_2;a_4i_1i_3,a_2i_1i_2)","I(i_1,i_3,i_2;a_4i_1i_3,a_2i_1i_2)","I(i_2,i_1,i_4,i_3;a_3i_2i_4,a_4i_1i_3)","I(i_1,i_4,i_2;a_2i_1i_2,a_3i_2i_4)","I(i_1,i_3,i_2;a_4i_1i_3,a_2i_1i_2)","i,i,i,a,a",";;;i_1,i_3;i_1,i_2","7,7,7,,",7 × 7 × 7 × ? × ?,,
3,50,Product,intermediate,I,5543503,5489512,5489512,792440,792440,456064344,1370120192,99055,,,,,"I(i_1,i_3,i_2;a_4i_1i_3,a_2i_1i_2) * I(i_2,i_3,i_1;a_1i_1i_2,a_4i_1i_3) -> I(i_1,i_2;a_1i_1i_2,a_2i_1i_2)","I(i_1,i_2;a_1i_1i_2,a_2i_1i_2)","I(i_1,i_3,i_2;a_4i_1i_3,a_2i_1i_2)","I(i_2,i_3,i_1;a_1i_1i_2,a_4i_1i_3)","I(i_1,i_2;a_1i_1i_2,a_2i_1i_2)","i,i,a,a",";;i_1,i_2;i_1,i_2","7,7,,",7 × 7 × ? × ?,,
3,50,Constant,constant,_const,2062,,,8,8,456064344,1370120192,1,,,,,-2,-2,,,,,,,scalar,8,1
3,50,Product,residual,R,88488,792440,8,792440,792440,456064344,1370120192,99055,,,,,"I(i_1,i_2;a_1i_1i_2,a_2i_1i_2) * -2 -> R(i_1,i_2;a_1i_1i_2,a_2i_1i_2)","R(i_1,i_2;a_1i_1i_2,a_2i_1i_2)","I(i_1,i_2;a_1i_1i_2,a_2i_1i_2)",-2,"R(i_1,i_2;a_1i_1i_2,a_2i_1i_2)","i,i,a,a",";;i_1,i_2;i_1,i_2","7,7,,",7 × 7 × ? × ?,,
3,50,Permute,residual,R,78116,,,792440,792440,456064344,1370120192,99055,,,,,"R(i_1,i_2;a_1i_1i_2,a_2i_1i_2)","R(i_1,i_2;a_1i_1i_2,a_2i_1i_2)",,,,"i,i,a,a",";;i_1,i_2;i_1,i_2","7,7,,",7 × 7 × ? × ?,,
3,51,Tensor,leaf,t,2273,,,792440,792440,456064344,1370120192,99055,,,,,"t(i_4,i_1;a_4i_1i_4,a_3i_1i_4)","t(i_4,i_1;a_4i_1i_4,a_3i_1i_4)",,,,"i,i,a,a",";;i_1,i_4;i_1,i_4","7,7,,",7 × 7 × ? × ?,,
3,51,Product,intermediate,I,4687497,5538232,792440,2088,2088,456064344,1370120192,261,49,-0.31975831733884086,0.012689281931308567,0.04554500892641762,"I(i_1,i_3,i_4;a_3i_1i_4,a_4i_1i_4) * t(i_4,i_1;a_4i_1i_4,a_3i_1i_4) -> I(i_3,i_1)","I(i_3,i_1)","I(i_1,i_3,i_4;a_3i_1i_4,a_4i_1i_4)","t(i_4,i_1;a_4i_1i_4,a_3i_1i_4)","I(i_3,i_1)","i,i",;,"7,7",7 × 7,392,5.32653
3,51,Product,intermediate,I,2630677,2088,5489512,5489512,5489512,456064344,1370120192,686189,,,,,"I(i_3,i_1) * I(i_3,i_1,i_2;a_6i_2i_3,a_2i_1i_2) -> I(i_2,i_3,i_1;a_6i_2i_3,a_2i_1i_2)","I(i_2,i_3,i_1;a_6i_2i_3,a_2i_1i_2)","I(i_3,i_1)","I(i_3,i_1,i_2;a_6i_2i_3,a_2i_1i_2)","I(i_2,i_3,i_1;a_6i_2i_3,a_2i_1i_2)","i,i,i,a,a",";;;i_2,i_3;i_1,i_2","7,7,7,,",7 × 7 × 7 × ? × ?,,
3,51,Product,intermediate,I,6205299,5489512,5489512,792440,792440,456064344,1370120192,99055,,,,,"I(i_2,i_3,i_1;a_6i_2i_3,a_2i_1i_2) * I(i_1,i_3,i_2;a_1i_1i_2,a_6i_2i_3) -> I(i_2,i_1;a_1i_1i_2,a_2i_1i_2)","I(i_2,i_1;a_1i_1i_2,a_2i_1i_2)","I(i_2,i_3,i_1;a_6i_2i_3,a_2i_1i_2)","I(i_1,i_3,i_2;a_1i_1i_2,a_6i_2i_3)","I(i_2,i_1;a_1i_1i_2,a_2i_1i_2)","i,i,a,a",";;i_1,i_2;i_1,i_2","7,7,,",7 × 7 × ? × ?,,
3,51,Constant,constant,_const,2305,,,8,8,456064344,1370120192,1,,,,,-4,-4,,,,,,,scalar,8,1
3,51,Product,residual,R,103248,792440,8,792440,792440,456064344,1370120192,99055,,,,,"I(i_2,i_1;a_1i_1i_2,a_2i_1i_2) * -4 -> R(i_2,i_1;a_1i_1i_2,a_2i_1i_2)","R(i_2,i_1;a_1i_1i_2,a_2i_1i_2)","I(i_2,i_1;a_1i_1i_2,a_2i_1i_2)",-4,"R(i_2,i_1;a_1i_1i_2,a_2i_1i_2)","i,i,a,a",";;i_1,i_2;i_1,i_2","7,7,,",7 × 7 × ? × ?,,
3,51,Permute,residual,R,111647,,,792440,792440,456064344,1370120192,99055,,,,,"R(i_2,i_1;a_1i_1i_2,a_2i_1i_2)","R(i_2,i_1;a_1i_1i_2,a_2i_1i_2)",,,,"i,i,a,a",";;i_1,i_2;i_1,i_2","7,7,,",7 × 7 × ? × ?,,
3,52,Tensor,leaf,t,2381,,,5488,5488,456064344,1370120192,686,,,,,t(i_1;a_3i_1),t(i_1;a_3i_1),,,,"i,a",;i_1,"7,",7 × ?,,
3,52,Product,intermediate,I,276925,384,5488,384,384,456064344,1370120192,48,0,0.0,0.0,0.0,"I(i_1,i_3;a_3i_1) * t(i_1;a_3i_1) -> I(i_3,i_1)","I(i_3,i_1)","I(i_1,i_3;a_3i_1)",t(i_1;a_3i_1),"I(i_3,i_1)","i,i",;,"7,7",7 × 7,392,0.979592
3,52,Product,intermediate,I,293114,384,5489512,400,400,456064344,1370120192,50,,,,,"I(i_3,i_1) * I(i_1,i_3,i_2;a_2i_1i_2,a_5i_2i_3) -> I(i_2,i_3,i_1;a_5i_2i_3,a_2i_1i_2)","I(i_2,i_3,i_1;a_5i_2i_3,a_2i_1i_2)","I(i_3,i_1)","I(i_1,i_3,i_2;a_2i_1i_2,a_5i_2i_3)","I(i_2,i_3,i_1;a_5i_2i_3,a_2i_1i_2)","i,i,i,a,a",";;;i_2,i_3;i_1,i_2","7,7,7,,",7 × 7 × 7 × ? × ?,,
3,52,Product,intermediate,I,272165,400,5489512,384,384,456064344,1370120192,48,,,,,"I(i_2,i_3,i_1;a_5i_2i_3,a_2i_1i_2) * I(i_1,i_3,i_2;a_1i_1i_2,a_5i_2i_3) -> I(i_1,i_2;a_2i_1i_2,a_1i_1i_2)","I(i_1,i_2;a_2i_1i_2,a_1i_1i_2)","I(i_2,i_3,i_1;a_5i_2i_3,a_2i_1i_2)","I(i_1,i_3,i_2;a_1i_1i_2,a_5i_2i_3)","I(i_1,i_2;a_2i_1i_2,a_1i_1i_2)","i,i,a,a",";;i_1,i_2;i_1,i_2","7,7,,",7 × 7 × ? × ?,,
3,52,Constant,constant,_const,1274,,,8,8,456064344,1370120192,1,,,,,-2,-2,,,,,,,scalar,8,1
3,52,Product,residual,R,57261,384,8,384,384,456064344,1370120192,48,,,,,"I(i_1,i_2;a_2i_1i_2,a_1i_1i_2) * -2 -> R(i_1,i_2;a_2i_1i_2,a_1i_1i_2)","R(i_1,i_2;a_2i_1i_2,a_1i_1i_2)","I(i_1,i_2;a_2i_1i_2,a_1i_1i_2)",-2,"R(i_1,i_2;a_2i_1i_2,a_1i_1i_2)","i,i,a,a",";;i_1,i_2;i_1,i_2","7,7,,",7 × 7 × ? × ?,,
3,52,Permute,residual,R,61291,,,384,384,456064344,1370120192,48,,,,,"R(i_1,i_2;a_2i_1i_2,a_1i_1i_2)","R(i_1,i_2;a_2i_1i_2,a_1i_1i_2)",,,,"i,i,a,a",";;i_1,i_2;i_1,i_2","7,7,,",7 × 7 × ? × ?,,
3,53,Product,intermediate,I,32984732,38260568,5489512,5489512,5489512,456064344,1370120192,686189,,,,,"I(i_2,i_1,i_4,i_3;a_3i_2i_4,a_4i_1i_3) * I(i_1,i_4,i_2;a_1i_1i_2,a_3i_2i_4) -> I(i_1,i_3,i_2;a_4i_1i_3,a_1i_1i_2)","I(i_1,i_3,i_2;a_4i_1i_3,a_1i_1i_2)","I(i_2,i_1,i_4,i_3;a_3i_2i_4,a_4i_1i_3)","I(i_1,i_4,i_2;a_1i_1i_2,a_3i_2i_4)","I(i_1,i_3,i_2;a_4i_1i_3,a_1i_1i_2)","i,i,i,a,a",";;;i_1,i_3;i_1,i_2","7,7,7,,",7 × 7 × 7 × ? × ?,,
3,53,Product,residual,R,7817110,5489512,5489512,792440,792440,456064344,1370120192,99055,,,,,"I(i_1,i_3,i_2;a_4i_1i_3,a_1i_1i_2) * I(i_2,i_3,i_1;a_2i_1i_2,a_4i_1i_3) -> R(i_1,i_2;a_2i_1i_2,a_1i_1i_2)","R(i_1,i_2;a_2i_1i_2,a_1i_1i_2)","I(i_1,i_3,i_2;a_4i_1i_3,a_1i_1i_2)","I(i_2,i_3,i_1;a_2i_1i_2,a_4i_1i_3)","R(i_1,i_2;a_2i_1i_2,a_1i_1i_2)","i,i,a,a",";;i_1,i_2;i_1,i_2","7,7,,",7 × 7 × ? × ?,,
3,53,Permute,residual,R,97676,,,792440,792440,456064344,1370120192,99055,,,,,"R(i_1,i_2;a_2i_1i_2,a_1i_1i_2)","R(i_1,i_2;a_2i_1i_2,a_1i_1i_2)",,,,"i,i,a,a",";;i_1,i_2;i_1,i_2","7,7,,",7 × 7 × ? × ?,,
3,54,Product,intermediate,I,5672980,5489512,5489512,792440,792440,456064344,1370120192,99055,,,,,"I(i_2,i_3,i_1;a_4i_2i_3,a_1i_1i_2) * I(i_1,i_3,i_2;a_2i_1i_2,a_4i_2i_3) -> I(i_2,i_1;a_1i_1i_2,a_2i_1i_2)","I(i_2,i_1;a_1i_1i_2,a_2i_1i_2)","I(i_2,i_3,i_1;a_4i_2i_3,a_1i_1i_2)","I(i_1,i_3,i_2;a_2i_1i_2,a_4i_2i_3)","I(i_2,i_1;a_1i_1i_2,a_2i_1i_2)","i,i,a,a",";;i_1,i_2;i_1,i_2","7,7,,",7 × 7 × ? × ?,,
3,54,Constant,constant,_const,2599,,,8,8,456064344,1370120192,1,,,,,2,2,,,,,,,scalar,8,1
3,54,Product,residual,R,112895,792440,8,792440,792440,456064344,1370120192,99055,,,,,"I(i_2,i_1;a_1i_1i_2,a_2i_1i_2) * 2 -> R(i_2,i_1;a_1i_1i_2,a_2i_1i_2)","R(i_2,i_1;a_1i_1i_2,a_2i_1i_2)","I(i_2,i_1;a_1i_1i_2,a_2i_1i_2)",2,"R(i_2,i_1;a_1i_1i_2,a_2i_1i_2)","i,i,a,a",";;i_1,i_2;i_1,i_2","7,7,,",7 × 7 × ? × ?,,
3,54,Permute,residual,R,114348,,,792440,792440,456064344,1370120192,99055,,,,,"R(i_2,i_1;a_1i_1i_2,a_2i_1i_2)","R(i_2,i_1;a_1i_1i_2,a_2i_1i_2)",,,,"i,i,a,a",";;i_1,i_2;i_1,i_2","7,7,,",7 × 7 × ? × ?,,
3,55,Tensor,leaf,t,2792,,,792440,792440,456064344,1370120192,99055,,,,,"t(i_3,i_1;a_4i_1i_3,a_3i_1i_3)","t(i_3,i_1;a_4i_1i_3,a_3i_1i_3)",,,,"i,i,a,a",";;i_1,i_3;i_1,i_3","7,7,,",7 × 7 × ? × ?,,
3,55,Product,intermediate,I,1330267,5538232,792440,2088,2088,456064344,1370120192,261,49,-0.24054162173784896,0.007467484992974798,0.0329672304538797,"I(i_1,i_4,i_3;a_4i_1i_3,a_3i_1i_3) * t(i_3,i_1;a_4i_1i_3,a_3i_1i_3) -> I(i_4,i_1)","I(i_4,i_1)","I(i_1,i_4,i_3;a_4i_1i_3,a_3i_1i_3)","t(i_3,i_1;a_4i_1i_3,a_3i_1i_3)","I(i_4,i_1)","i,i",;,"7,7",7 × 7,392,5.32653
3,55,Product,intermediate,I,2199683,2088,5489512,5489512,5489512,456064344,1370120192,686189,,,,,"I(i_4,i_1) * I(i_4,i_1,i_2;a_6i_2i_4,a_2i_1i_2) -> I(i_2,i_4,i_1;a_6i_2i_4,a_2i_1i_2)","I(i_2,i_4,i_1;a_6i_2i_4,a_2i_1i_2)","I(i_4,i_1)","I(i_4,i_1,i_2;a_6i_2i_4,a_2i_1i_2)","I(i_2,i_4,i_1;a_6i_2i_4,a_2i_1i_2)","i,i,i,a,a",";;;i_2,i_4;i_1,i_2","7,7,7,,",7 × 7 × 7 × ? × ?,,
3,55,Product,intermediate,I,5471952,5489512,5489512,792440,792440,456064344,1370120192,99055,,,,,"I(i_2,i_4,i_1;a_6i_2i_4,a_2i_1i_2) * I(i_1,i_4,i_2;a_1i_1i_2,a_6i_2i_4) -> I(i_2,i_1;a_1i_1i_2,a_2i_1i_2)","I(i_2,i_1;a_1i_1i_2,a_2i_1i_2)","I(i_2,i_4,i_1;a_6i_2i_4,a_2i_1i_2)","I(i_1,i_4,i_2;a_1i_1i_2,a_6i_2i_4)","I(i_2,i_1;a_1i_1i_2,a_2i_1i_2)","i,i,a,a",";;i_1,i_2;i_1,i_2","7,7,,",7 × 7 × ? × ?,,
3,55,Constant,constant,_const,2315,,,8,8,456064344,1370120192,1,,,,,2,2,,,,,,,scalar,8,1
3,55,Product,residual,R,119406,792440,8,792440,792440,456064344,1370120192,99055,,,,,"I(i_2,i_1;a_1i_1i_2,a_2i_1i_2) * 2 -> R(i_2,i_1;a_1i_1i_2,a_2i_1i_2)","R(i_2,i_1;a_1i_1i_2,a_2i_1i_2)","I(i_2,i_1;a_1i_1i_2,a_2i_1i_2)",2,"R(i_2,i_1;a_1i_1i_2,a_2i_1i_2)","i,i,a,a",";;i_1,i_2;i_1,i_2","7,7,,",7 × 7 × ? × ?,,
3,55,Permute,residual,R,88598,,,792440,792440,456064344,1370120192,99055,,,,,"R(i_2,i_1;a_1i_1i_2,a_2i_1i_2)","R(i_2,i_1;a_1i_1i_2,a_2i_1i_2)",,,,"i,i,a,a",";;i_1,i_2;i_1,i_2","7,7,,",7 × 7 × ? × ?,,
3,56,Tensor,leaf,g,12610,,,1843152,1843152,456064344,1370120192,230394,225036,-13.713518793894858,9.824790694343461,0.192547847698342,"g(μ̃_19885,i_4,Κ_1)","g(μ̃_19885,i_4,Κ_1)",,,,"μ̃,i,Κ",;;,"114,7,282",114 × 7 × 282,1800288,1.02381
3,56,Product,intermediate,I,18759247,121536,1843152,12064,12064,456064344,1370120192,1508,798,0.006208948706084685,1.9731690459812888e-05,0.0007761347783891493,"I(i_3,i_4,Κ_1) * g(μ̃_19885,i_4,Κ_1) -> I(i_3,μ̃_19885)","I(i_3,μ̃_19885)","I(i_3,i_4,Κ_1)","g(μ̃_19885,i_4,Κ_1)","I(i_3,μ̃_19885)","i,μ̃",;,"7,114",7 × 114,6384,1.88972
3,56,Product,intermediate,I,503204,12064,12064,2088,2088,456064344,1370120192,261,49,6.433813934020175e-05,7.035978902097249e-10,9.909437942363734e-06,"I(i_3,μ̃_19885) * I(μ̃_19885,i_2) -> I(i_3,i_2)","I(i_3,i_2)","I(i_3,μ̃_19885)","I(μ̃_19885,i_2)","I(i_3,i_2)","i,i",;,"7,7",7 × 7,392,5.32653
3,56,Product,intermediate,I,2469625,2088,5489512,5489512,5489512,456064344,1370120192,686189,,,,,"I(i_3,i_2) * I(i_2,i_3,i_1;a_2i_1i_2,a_6i_1i_3) -> I(i_1,i_3,i_2;a_6i_1i_3,a_2i_1i_2)","I(i_1,i_3,i_2;a_6i_1i_3,a_2i_1i_2)","I(i_3,i_2)","I(i_2,i_3,i_1;a_2i_1i_2,a_6i_1i_3)","I(i_1,i_3,i_2;a_6i_1i_3,a_2i_1i_2)","i,i,i,a,a",";;;i_1,i_3;i_1,i_2","7,7,7,,",7 × 7 × 7 × ? × ?,,
3,56,Product,intermediate,I,7329430,5489512,5489512,792440,792440,456064344,1370120192,99055,,,,,"I(i_1,i_3,i_2;a_6i_1i_3,a_2i_1i_2) * I(i_2,i_3,i_1;a_1i_1i_2,a_6i_1i_3) -> I(i_1,i_2;a_1i_1i_2,a_2i_1i_2)","I(i_1,i_2;a_1i_1i_2,a_2i_1i_2)","I(i_1,i_3,i_2;a_6i_1i_3,a_2i_1i_2)","I(i_2,i_3,i_1;a_1i_1i_2,a_6i_1i_3)","I(i_1,i_2;a_1i_1i_2,a_2i_1i_2)","i,i,a,a",";;i_1,i_2;i_1,i_2","7,7,,",7 × 7 × ? × ?,,
3,56,Constant,constant,_const,2274,,,8,8,456064344,1370120192,1,,,,,2,2,,,,,,,scalar,8,1
3,56,Product,residual,R,90437,792440,8,792440,792440,456064344,1370120192,99055,,,,,"I(i_1,i_2;a_1i_1i_2,a_2i_1i_2) * 2 -> R(i_1,i_2;a_1i_1i_2,a_2i_1i_2)","R(i_1,i_2;a_1i_1i_2,a_2i_1i_2)","I(i_1,i_2;a_1i_1i_2,a_2i_1i_2)",2,"R(i_1,i_2;a_1i_1i_2,a_2i_1i_2)","i,i,a,a",";;i_1,i_2;i_1,i_2","7,7,,",7 × 7 × ? × ?,,
3,56,Permute,residual,R,81322,,,792440,792440,456064344,1370120192,99055,,,,,"R(i_1,i_2;a_1i_1i_2,a_2i_1i_2)","R(i_1,i_2;a_1i_1i_2,a_2i_1i_2)",,,,"i,i,a,a",";;i_1,i_2;i_1,i_2","7,7,,",7 × 7 × ? × ?,,
3,57,Tensor,leaf,g,11712,,,121536,121536,456064344,1370120192,15192,13818,10.313570711989671,5.229066732803717,0.3618052751837755,"g(i_2,i_3,Κ_1)","g(i_2,i_3,Κ_1)",,,,"i,i,Κ",;;,"7,7,282",7 × 7 × 282,110544,1.09944
3,57,Tensor,leaf,g,8910,,,1843152,1843152,456064344,1370120192,230394,225036,-13.713518793894858,9.824790694343461,0.192547847698342,"g(μ̃_19890,i_4,Κ_1)","g(μ̃_19890,i_4,Κ_1)",,,,"μ̃,i,Κ",;;,"114,7,282",114 × 7 × 282,1800288,1.02381
3,57,Product,intermediate,I,1515923,1843152,12064,5280,5280,456064344,1370120192,660,282,0.015864289887361264,8.090936327522495e-05,0.0031736275885165597,"g(μ̃_19890,i_4,Κ_1) * I(μ̃_19890,i_4) -> I(Κ_1)",I(Κ_1),"g(μ̃_19890,i_4,Κ_1)","I(μ̃_19890,i_4)",I(Κ_1),Κ,,282,282,2256,2.34043
3,57,Product,intermediate,I,500183,121536,5280,2088,2088,456064344,1370120192,261,49,0.0077500400771654005,1.4155868060960223e-05,0.0026564775573997917,"g(i_2,i_3,Κ_1) * I(Κ_1) -> I(i_3,i_2)","I(i_3,i_2)","g(i_2,i_3,Κ_1)",I(Κ_1),"I(i_3,i_2)","i,i",;,"7,7",7 × 7,392,5.32653
3,57,Product,intermediate,I,2311367,2088,5489512,5489512,5489512,456064344,1370120192,686189,,,,,"I(i_3,i_2) * I(i_2,i_3,i_1;a_2i_1i_2,a_5i_1i_3) -> I(i_1,i_2,i_3;a_2i_1i_2,a_5i_1i_3)","I(i_1,i_2,i_3;a_2i_1i_2,a_5i_1i_3)","I(i_3,i_2)","I(i_2,i_3,i_1;a_2i_1i_2,a_5i_1i_3)","I(i_1,i_2,i_3;a_2i_1i_2,a_5i_1i_3)","i,i,i,a,a",";;;i_1,i_2;i_1,i_3","7,7,7,,",7 × 7 × 7 × ? × ?,,
3,57,Product,intermediate,I,7580862,5489512,5489512,792440,792440,456064344,1370120192,99055,,,,,"I(i_1,i_2,i_3;a_2i_1i_2,a_5i_1i_3) * I(i_2,i_3,i_1;a_1i_1i_2,a_5i_1i_3) -> I(i_2,i_1;a_2i_1i_2,a_1i_1i_2)","I(i_2,i_1;a_2i_1i_2,a_1i_1i_2)","I(i_1,i_2,i_3;a_2i_1i_2,a_5i_1i_3)","I(i_2,i_3,i_1;a_1i_1i_2,a_5i_1i_3)","I(i_2,i_1;a_2i_1i_2,a_1i_1i_2)","i,i,a,a",";;i_1,i_2;i_1,i_2","7,7,,",7 × 7 × ? × ?,,
3,57,Constant,constant,_const,1970,,,8,8,456064344,1370120192,1,,,,,-4,-4,,,,,,,scalar,8,1
3,57,Product,residual,R,87974,792440,8,792440,792440,456064344,1370120192,99055,,,,,"I(i_2,i_1;a_2i_1i_2,a_1i_1i_2) * -4 -> R(i_2,i_1;a_2i_1i_2,a_1i_1i_2)","R(i_2,i_1;a_2i_1i_2,a_1i_1i_2)","I(i_2,i_1;a_2i_1i_2,a_1i_1i_2)",-4,"R(i_2,i_1;a_2i_1i_2,a_1i_1i_2)","i,i,a,a",";;i_1,i_2;i_1,i_2","7,7,,",7 × 7 × ? × ?,,
3,57,Permute,residual,R,90515,,,792440,792440,456064344,1370120192,99055,,,,,"R(i_2,i_1;a_2i_1i_2,a_1i_1i_2)","R(i_2,i_1;a_2i_1i_2,a_1i_1i_2)",,,,"i,i,a,a",";;i_1,i_2;i_1,i_2","7,7,,",7 × 7 × ? × ?,,
3,58,Product,intermediate,I,6432896,5489512,5489512,792440,792440,456064344,1370120192,99055,,,,,"I(i_2,i_1,i_3;a_1i_1i_2,a_4i_2i_3) * I(i_1,i_3,i_2;a_2i_1i_2,a_4i_2i_3) -> I(i_1,i_2;a_1i_1i_2,a_2i_1i_2)","I(i_1,i_2;a_1i_1i_2,a_2i_1i_2)","I(i_2,i_1,i_3;a_1i_1i_2,a_4i_2i_3)","I(i_1,i_3,i_2;a_2i_1i_2,a_4i_2i_3)","I(i_1,i_2;a_1i_1i_2,a_2i_1i_2)","i,i,a,a",";;i_1,i_2;i_1,i_2","7,7,,",7 × 7 × ? × ?,,
3,58,Constant,constant,_const,1520,,,8,8,456064344,1370120192,1,,,,,-2,-2,,,,,,,scalar,8,1
3,58,Product,residual,R,88808,792440,8,792440,792440,456064344,1370120192,99055,,,,,"I(i_1,i_2;a_1i_1i_2,a_2i_1i_2) * -2 -> R(i_1,i_2;a_1i_1i_2,a_2i_1i_2)","R(i_1,i_2;a_1i_1i_2,a_2i_1i_2)","I(i_1,i_2;a_1i_1i_2,a_2i_1i_2)",-2,"R(i_1,i_2;a_1i_1i_2,a_2i_1i_2)","i,i,a,a",";;i_1,i_2;i_1,i_2","7,7,,",7 × 7 × ? × ?,,
3,58,Permute,residual,R,82134,,,792440,792440,456064344,1370120192,99055,,,,,"R(i_1,i_2;a_1i_1i_2,a_2i_1i_2)","R(i_1,i_2;a_1i_1i_2,a_2i_1i_2)",,,,"i,i,a,a",";;i_1,i_2;i_1,i_2","7,7,,",7 × 7 × ? × ?,,
3,59,Tensor,leaf,g,8691,,,1843152,1843152,456064344,1370120192,230394,225036,-13.713518793894858,9.824790694343461,0.192547847698342,"g(μ̃_19934,i_4,Κ_1)","g(μ̃_19934,i_4,Κ_1)",,,,"μ̃,i,Κ",;;,"114,7,282",114 × 7 × 282,1800288,1.02381
3,59,Product,intermediate,I,1382253,5280,1843152,12064,12064,456064344,1370120192,1508,798,0.004910072559888427,3.9849679950221504e-05,0.0011615754918746677,"I(Κ_1) * g(μ̃_19934,i_4,Κ_1) -> I(i_4,μ̃_19934)","I(i_4,μ̃_19934)",I(Κ_1),"g(μ̃_19934,i_4,Κ_1)","I(i_4,μ̃_19934)","i,μ̃",;,"7,114",7 × 114,6384,1.88972
3,59,Product,intermediate,I,593201,12064,12064,2088,2088,456064344,1370120192,261,49,7.681877276545114e-05,1.0191090482310667e-09,1.2678741179726097e-05,"I(i_4,μ̃_19934) * I(μ̃_19934,i_2) -> I(i_4,i_2)","I(i_4,i_2)","I(i_4,μ̃_19934)","I(μ̃_19934,i_2)","I(i_4,i_2)","i,i",;,"7,7",7 × 7,392,5.32653
3,59,Product,intermediate,I,3045626,2088,5489512,5489512,5489512,456064344,1370120192,686189,,,,,"I(i_4,i_2) * I(i_2,i_4,i_1;a_2i_1i_2,a_6i_1i_4) -> I(i_1,i_4,i_2;a_6i_1i_4,a_2i_1i_2)","I(i_1,i_4,i_2;a_6i_1i_4,a_2i_1i_2)","I(i_4,i_2)","I(i_2,i_4,i_1;a_2i_1i_2,a_6i_1i_4)","I(i_1,i_4,i_2;a_6i_1i_4,a_2i_1i_2)","i,i,i,a,a",";;;i_1,i_4;i_1,i_2","7,7,7,,",7 × 7 × 7 × ? × ?,,
3,59,Product,intermediate,I,6450669,5489512,5489512,792440,792440,456064344,1370120192,99055,,,,,"I(i_1,i_4,i_2;a_6i_1i_4,a_2i_1i_2) * I(i_2,i_4,i_1;a_1i_1i_2,a_6i_1i_4) -> I(i_1,i_2;a_1i_1i_2,a_2i_1i_2)","I(i_1,i_2;a_1i_1i_2,a_2i_1i_2)","I(i_1,i_4,i_2;a_6i_1i_4,a_2i_1i_2)","I(i_2,i_4,i_1;a_1i_1i_2,a_6i_1i_4)","I(i_1,i_2;a_1i_1i_2,a_2i_1i_2)","i,i,a,a",";;i_1,i_2;i_1,i_2","7,7,,",7 × 7 × ? × ?,,
3,59,Constant,constant,_const,2254,,,8,8,456064344,1370120192,1,,,,,-4,-4,,,,,,,scalar,8,1
3,59,Product,residual,R,129625,792440,8,792440,792440,456064344,1370120192,99055,,,,,"I(i_1,i_2;a_1i_1i_2,a_2i_1i_2) * -4 -> R(i_1,i_2;a_1i_1i_2,a_2i_1i_2)","R(i_1,i_2;a_1i_1i_2,a_2i_1i_2)","I(i_1,i_2;a_1i_1i_2,a_2i_1i_2)",-4,"R(i_1,i_2;a_1i_1i_2,a_2i_1i_2)","i,i,a,a",";;i_1,i_2;i_1,i_2","7,7,,",7 × 7 × ? × ?,,
3,59,Permute,residual,R,88674,,,792440,792440,456064344,1370120192,99055,,,,,"R(i_1,i_2;a_1i_1i_2,a_2i_1i_2)","R(i_1,i_2;a_1i_1i_2,a_2i_1i_2)",,,,"i,i,a,a",";;i_1,i_2;i_1,i_2","7,7,,",7 × 7 × ? × ?,,
3,60,Tensor,leaf,t,1686,,,792440,792440,456064344,1370120192,99055,,,,,"t(i_2,i_3;a_4i_2i_3,a_3i_2i_3)","t(i_2,i_3;a_4i_2i_3,a_3i_2i_3)",,,,"i,i,a,a",";;i_2,i_3;i_2,i_3","7,7,,",7 × 7 × ? × ?,,
3,60,Product,intermediate,I,5058662,5489512,792440,5489512,5489512,456064344,1370120192,686189,,,,,"I(i_2,i_3,i_1;a_3i_2i_3,a_1i_1i_2) * t(i_2,i_3;a_4i_2i_3,a_3i_2i_3) -> I(i_3,i_1,i_2;a_1i_1i_2,a_4i_2i_3)","I(i_3,i_1,i_2;a_1i_1i_2,a_4i_2i_3)","I(i_2,i_3,i_1;a_3i_2i_3,a_1i_1i_2)","t(i_2,i_3;a_4i_2i_3,a_3i_2i_3)","I(i_3,i_1,i_2;a_1i_1i_2,a_4i_2i_3)","i,i,i,a,a",";;;i_1,i_2;i_2,i_3","7,7,7,,",7 × 7 × 7 × ? × ?,,
3,60,Product,intermediate,I,6376459,5489512,5489512,792440,792440,456064344,1370120192,99055,,,,,"I(i_3,i_1,i_2;a_1i_1i_2,a_4i_2i_3) * I(i_1,i_3,i_2;a_2i_1i_2,a_4i_2i_3) -> I(i_1,i_2;a_1i_1i_2,a_2i_1i_2)","I(i_1,i_2;a_1i_1i_2,a_2i_1i_2)","I(i_3,i_1,i_2;a_1i_1i_2,a_4i_2i_3)","I(i_1,i_3,i_2;a_2i_1i_2,a_4i_2i_3)","I(i_1,i_2;a_1i_1i_2,a_2i_1i_2)","i,i,a,a",";;i_1,i_2;i_1,i_2","7,7,,",7 × 7 × ? × ?,,
3,60,Constant,constant,_const,2268,,,8,8,456064344,1370120192,1,,,,,-2,-2,,,,,,,scalar,8,1
3,60,Product,residual,R,96404,792440,8,792440,792440,456064344,1370120192,99055,,,,,"I(i_1,i_2;a_1i_1i_2,a_2i_1i_2) * -2 -> R(i_1,i_2;a_1i_1i_2,a_2i_1i_2)","R(i_1,i_2;a_1i_1i_2,a_2i_1i_2)","I(i_1,i_2;a_1i_1i_2,a_2i_1i_2)",-2,"R(i_1,i_2;a_1i_1i_2,a_2i_1i_2)","i,i,a,a",";;i_1,i_2;i_1,i_2","7,7,,",7 × 7 × ? × ?,,
3,60,Permute,residual,R,81613,,,792440,792440,456064344,1370120192,99055,,,,,"R(i_1,i_2;a_1i_1i_2,a_2i_1i_2)","R(i_1,i_2;a_1i_1i_2,a_2i_1i_2)",,,,"i,i,a,a",";;i_1,i_2;i_1,i_2","7,7,,",7 × 7 × ? × ?,,
3,61,Tensor,leaf,t,2067,,,792440,792440,456064344,1370120192,99055,,,,,"t(i_3,i_2;a_4i_2i_3,a_3i_2i_3)","t(i_3,i_2;a_4i_2i_3,a_3i_2i_3)",,,,"i,i,a,a",";;i_2,i_3;i_2,i_3","7,7,,",7 × 7 × ? × ?,,
3,61,Product,intermediate,I,5509688,5489512,792440,5489512,5489512,456064344,1370120192,686189,,,,,"I(i_2,i_3,i_1;a_3i_2i_3,a_2i_1i_2) * t(i_3,i_2;a_4i_2i_3,a_3i_2i_3) -> I(i_3,i_1,i_2;a_2i_1i_2,a_4i_2i_3)","I(i_3,i_1,i_2;a_2i_1i_2,a_4i_2i_3)","I(i_2,i_3,i_1;a_3i_2i_3,a_2i_1i_2)","t(i_3,i_2;a_4i_2i_3,a_3i_2i_3)","I(i_3,i_1,i_2;a_2i_1i_2,a_4i_2i_3)","i,i,i,a,a",";;;i_1,i_2;i_2,i_3","7,7,7,,",7 × 7 × 7 × ? × ?,,
3,61,Product,intermediate,I,6593739,5489512,5489512,792440,792440,456064344,1370120192,99055,,,,,"I(i_3,i_1,i_2;a_2i_1i_2,a_4i_2i_3) * I(i_1,i_3,i_2;a_1i_1i_2,a_4i_2i_3) -> I(i_1,i_2;a_1i_1i_2,a_2i_1i_2)","I(i_1,i_2;a_1i_1i_2,a_2i_1i_2)","I(i_3,i_1,i_2;a_2i_1i_2,a_4i_2i_3)","I(i_1,i_3,i_2;a_1i_1i_2,a_4i_2i_3)","I(i_1,i_2;a_1i_1i_2,a_2i_1i_2)","i,i,a,a",";;i_1,i_2;i_1,i_2","7,7,,",7 × 7 × ? × ?,,
3,61,Constant,constant,_const,1888,,,8,8,456064344,1370120192,1,,,,,-2,-2,,,,,,,scalar,8,1
3,61,Product,residual,R,90753,792440,8,792440,792440,456064344,1370120192,99055,,,,,"I(i_1,i_2;a_1i_1i_2,a_2i_1i_2) * -2 -> R(i_1,i_2;a_1i_1i_2,a_2i_1i_2)","R(i_1,i_2;a_1i_1i_2,a_2i_1i_2)","I(i_1,i_2;a_1i_1i_2,a_2i_1i_2)",-2,"R(i_1,i_2;a_1i_1i_2,a_2i_1i_2)","i,i,a,a",";;i_1,i_2;i_1,i_2","7,7,,",7 × 7 × ? × ?,,
3,61,Permute,residual,R,108895,,,792440,792440,456064344,1370120192,99055,,,,,"R(i_1,i_2;a_1i_1i_2,a_2i_1i_2)","R(i_1,i_2;a_1i_1i_2,a_2i_1i_2)",,,,"i,i,a,a",";;i_1,i_2;i_1,i_2","7,7,,",7 × 7 × ? × ?,,
3,62,Tensor,leaf,C,16065,,,2207664,2207664,456064344,1370120192,275958,,,,,"C(i_3,i_1,μ̃_19783;a_4i_1i_3)","C(i_3,i_1,μ̃_19783;a_4i_1i_3)",,,,"i,i,μ̃,a",";;;i_1,i_3","7,7,114,",7 × 7 × 114 × ?,,
3,62,Product,intermediate,I,5179372,334432,2207664,957848,957848,456064344,1370120192,119731,,,,,"I(i_4,i_3,μ̃_19783,i_2) * C(i_3,i_1,μ̃_19783;a_4i_1i_3) -> I(i_1,i_4,i_3,i_2;a_4i_1i_3)","I(i_1,i_4,i_3,i_2;a_4i_1i_3)","I(i_4,i_3,μ̃_19783,i_2)","C(i_3,i_1,μ̃_19783;a_4i_1i_3)","I(i_1,i_4,i_3,i_2;a_4i_1i_3)","i,i,i,i,a",";;;;i_1,i_3","7,7,7,7,",7 × 7 × 7 × 7 × ?,,
3,62,Tensor,leaf,t,2897,,,792440,792440,456064344,1370120192,99055,,,,,"t(i_3,i_1;a_6i_1i_3,a_4i_1i_3)","t(i_3,i_1;a_6i_1i_3,a_4i_1i_3)",,,,"i,i,a,a",";;i_1,i_3;i_1,i_3","7,7,,",7 × 7 × ? × ?,,
3,62,Product,intermediate,I,2112856,957848,792440,957848,957848,456064344,1370120192,119731,,,,,"I(i_1,i_4,i_3,i_2;a_4i_1i_3) * t(i_3,i_1;a_6i_1i_3,a_4i_1i_3) -> I(i_3,i_4,i_2,i_1;a_6i_1i_3)","I(i_3,i_4,i_2,i_1;a_6i_1i_3)","I(i_1,i_4,i_3,i_2;a_4i_1i_3)","t(i_3,i_1;a_6i_1i_3,a_4i_1i_3)","I(i_3,i_4,i_2,i_1;a_6i_1i_3)","i,i,i,i,a",";;;;i_1,i_3","7,7,7,7,",7 × 7 × 7 × 7 × ?,,
3,62,Product,intermediate,I,2813390,957848,5489512,139048,139048,456064344,1370120192,17381,,,,,"I(i_3,i_4,i_2,i_1;a_6i_1i_3) * I(i_2,i_3,i_1;a_2i_1i_2,a_6i_1i_3) -> I(i_4,i_2,i_1;a_2i_1i_2)","I(i_4,i_2,i_1;a_2i_1i_2)","I(i_3,i_4,i_2,i_1;a_6i_1i_3)","I(i_2,i_3,i_1;a_2i_1i_2,a_6i_1i_3)","I(i_4,i_2,i_1;a_2i_1i_2)","i,i,i,a",";;;i_1,i_2","7,7,7,",7 × 7 × 7 × ?,,
3,62,Product,intermediate,I,1060053,139048,139048,792440,792440,456064344,1370120192,99055,,,,,"I(i_4,i_2,i_1;a_2i_1i_2) * I(i_2,i_1,i_4;a_1i_1i_2) -> I(i_1,i_2;a_2i_1i_2,a_1i_1i_2)","I(i_1,i_2;a_2i_1i_2,a_1i_1i_2)","I(i_4,i_2,i_1;a_2i_1i_2)","I(i_2,i_1,i_4;a_1i_1i_2)","I(i_1,i_2;a_2i_1i_2,a_1i_1i_2)","i,i,a,a",";;i_1,i_2;i_1,i_2","7,7,,",7 × 7 × ? × ?,,
3,62,Constant,constant,_const,1396,,,8,8,456064344,1370120192,1,,,,,2,2,,,,,,,scalar,8,1
3,62,Product,residual,R,102444,792440,8,792440,792440,456064344,1370120192,99055,,,,,"I(i_1,i_2;a_2i_1i_2,a_1i_1i_2) * 2 -> R(i_1,i_2;a_2i_1i_2,a_1i_1i_2)","R(i_1,i_2;a_2i_1i_2,a_1i_1i_2)","I(i_1,i_2;a_2i_1i_2,a_1i_1i_2)",2,"R(i_1,i_2;a_2i_1i_2,a_1i_1i_2)","i,i,a,a",";;i_1,i_2;i_1,i_2","7,7,,",7 × 7 × ? × ?,,
3,62,Permute,residual,R,85049,,,792440,792440,456064344,1370120192,99055,,,,,"R(i_1,i_2;a_2i_1i_2,a_1i_1i_2)","R(i_1,i_2;a_2i_1i_2,a_1i_1i_2)",,,,"i,i,a,a",";;i_1,i_2;i_1,i_2","7,7,,",7 × 7 × ? × ?,,
3,63,Tensor,leaf,t,2440,,,792440,792440,456064344,1370120192,99055,,,,,"t(i_1,i_3;a_5i_1i_3,a_4i_1i_3)","t(i_1,i_3;a_5i_1i_3,a_4i_1i_3)",,,,"i,i,a,a",";;i_1,i_3;i_1,i_3","7,7,,",7 × 7 × ? × ?,,
3,63,Product,intermediate,I,2073189,957848,792440,957848,957848,456064344,1370120192,119731,,,,,"I(i_1,i_4,i_3,i_2;a_4i_1i_3) * t(i_1,i_3;a_5i_1i_3,a_4i_1i_3) -> I(i_3,i_4,i_2,i_1;a_5i_1i_3)","I(i_3,i_4,i_2,i_1;a_5i_1i_3)","I(i_1,i_4,i_3,i_2;a_4i_1i_3)","t(i_1,i_3;a_5i_1i_3,a_4i_1i_3)","I(i_3,i_4,i_2,i_1;a_5i_1i_3)","i,i,i,i,a",";;;;i_1,i_3","7,7,7,7,",7 × 7 × 7 × 7 × ?,,
3,63,Product,intermediate,I,3035778,957848,5489512,139048,139048,456064344,1370120192,17381,,,,,"I(i_3,i_4,i_2,i_1;a_5i_1i_3) * I(i_3,i_2,i_1;a_5i_1i_3,a_1i_1i_2) -> I(i_4,i_2,i_1;a_1i_1i_2)","I(i_4,i_2,i_1;a_1i_1i_2)","I(i_3,i_4,i_2,i_1;a_5i_1i_3)","I(i_3,i_2,i_1;a_5i_1i_3,a_1i_1i_2)","I(i_4,i_2,i_1;a_1i_1i_2)","i,i,i,a",";;;i_1,i_2","7,7,7,",7 × 7 × 7 × ?,,
3,63,Product,intermediate,I,964640,139048,139048,792440,792440,456064344,1370120192,99055,,,,,"I(i_4,i_2,i_1;a_1i_1i_2) * I(i_2,i_1,i_4;a_2i_1i_2) -> I(i_1,i_2;a_1i_1i_2,a_2i_1i_2)","I(i_1,i_2;a_1i_1i_2,a_2i_1i_2)","I(i_4,i_2,i_1;a_1i_1i_2)","I(i_2,i_1,i_4;a_2i_1i_2)","I(i_1,i_2;a_1i_1i_2,a_2i_1i_2)","i,i,a,a",";;i_1,i_2;i_1,i_2","7,7,,",7 × 7 × ? × ?,,
3,63,Constant,constant,_const,1489,,,8,8,456064344,1370120192,1,,,,,2,2,,,,,,,scalar,8,1
3,63,Product,residual,R,99701,792440,8,792440,792440,456064344,1370120192,99055,,,,,"I(i_1,i_2;a_1i_1i_2,a_2i_1i_2) * 2 -> R(i_1,i_2;a_1i_1i_2,a_2i_1i_2)","R(i_1,i_2;a_1i_1i_2,a_2i_1i_2)","I(i_1,i_2;a_1i_1i_2,a_2i_1i_2)",2,"R(i_1,i_2;a_1i_1i_2,a_2i_1i_2)","i,i,a,a",";;i_1,i_2;i_1,i_2","7,7,,",7 × 7 × ? × ?,,
3,63,Permute,residual,R,76187,,,792440,792440,456064344,1370120192,99055,,,,,"R(i_1,i_2;a_1i_1i_2,a_2i_1i_2)","R(i_1,i_2;a_1i_1i_2,a_2i_1i_2)",,,,"i,i,a,a",";;i_1,i_2;i_1,i_2","7,7,,",7 × 7 × ? × ?,,
3,64,Tensor,leaf,t,1914,,,792440,792440,456064344,1370120192,99055,,,,,"t(i_3,i_2;a_4i_2i_3,a_3i_2i_3)","t(i_3,i_2;a_4i_2i_3,a_3i_2i_3)",,,,"i,i,a,a",";;i_2,i_3;i_2,i_3","7,7,,",7 × 7 × ? × ?,,
3,64,Product,intermediate,I,5317693,5489512,792440,5489512,5489512,456064344,1370120192,686189,,,,,"I(i_2,i_1,i_3;a_1i_1i_2,a_3i_2i_3) * t(i_3,i_2;a_4i_2i_3,a_3i_2i_3) -> I(i_3,i_1,i_2;a_4i_2i_3,a_1i_1i_2)","I(i_3,i_1,i_2;a_4i_2i_3,a_1i_1i_2)","I(i_2,i_1,i_3;a_1i_1i_2,a_3i_2i_3)","t(i_3,i_2;a_4i_2i_3,a_3i_2i_3)","I(i_3,i_1,i_2;a_4i_2i_3,a_1i_1i_2)","i,i,i,a,a",";;;i_2,i_3;i_1,i_2","7,7,7,,",7 × 7 × 7 × ? × ?,,
3,64,Product,intermediate,I,6743153,5489512,5489512,792440,792440,456064344,1370120192,99055,,,,,"I(i_3,i_1,i_2;a_4i_2i_3,a_1i_1i_2) * I(i_1,i_3,i_2;a_2i_1i_2,a_4i_2i_3) -> I(i_1,i_2;a_1i_1i_2,a_2i_1i_2)","I(i_1,i_2;a_1i_1i_2,a_2i_1i_2)","I(i_3,i_1,i_2;a_4i_2i_3,a_1i_1i_2)","I(i_1,i_3,i_2;a_2i_1i_2,a_4i_2i_3)","I(i_1,i_2;a_1i_1i_2,a_2i_1i_2)","i,i,a,a",";;i_1,i_2;i_1,i_2","7,7,,",7 × 7 × ? × ?,,
3,64,Constant,constant,_const,2171,,,8,8,456064344,1370120192,1,,,,,-2,-2,,,,,,,scalar,8,1
3,64,Product,residual,R,117518,792440,8,792440,792440,456064344,1370120192,99055,,,,,"I(i_1,i_2;a_1i_1i_2,a_2i_1i_2) * -2 -> R(i_1,i_2;a_1i_1i_2,a_2i_1i_2)","R(i_1,i_2;a_1i_1i_2,a_2i_1i_2)","I(i_1,i_2;a_1i_1i_2,a_2i_1i_2)",-2,"R(i_1,i_2;a_1i_1i_2,a_2i_1i_2)","i,i,a,a",";;i_1,i_2;i_1,i_2","7,7,,",7 × 7 × ? × ?,,
3,64,Permute,residual,R,88401,,,792440,792440,456064344,1370120192,99055,,,,,"R(i_1,i_2;a_1i_1i_2,a_2i_1i_2)","R(i_1,i_2;a_1i_1i_2,a_2i_1i_2)",,,,"i,i,a,a",";;i_1,i_2;i_1,i_2","7,7,,",7 × 7 × ? × ?,,
3,65,Tensor,leaf,t,2155,,,792440,792440,456064344,1370120192,99055,,,,,"t(i_2,i_3;a_4i_2i_3,a_3i_2i_3)","t(i_2,i_3;a_4i_2i_3,a_3i_2i_3)",,,,"i,i,a,a",";;i_2,i_3;i_2,i_3","7,7,,",7 × 7 × ? × ?,,
3,65,Product,intermediate,I,6261404,5489512,792440,5489512,5489512,456064344,1370120192,686189,,,,,"I(i_2,i_1,i_3;a_1i_1i_2,a_3i_2i_3) * t(i_2,i_3;a_4i_2i_3,a_3i_2i_3) -> I(i_3,i_1,i_2;a_4i_2i_3,a_1i_1i_2)","I(i_3,i_1,i_2;a_4i_2i_3,a_1i_1i_2)","I(i_2,i_1,i_3;a_1i_1i_2,a_3i_2i_3)","t(i_2,i_3;a_4i_2i_3,a_3i_2i_3)","I(i_3,i_1,i_2;a_4i_2i_3,a_1i_1i_2)","i,i,i,a,a",";;;i_2,i_3;i_1,i_2","7,7,7,,",7 × 7 × 7 × ? × ?,,
3,65,Product,intermediate,I,6303643,5489512,5489512,792440,792440,456064344,1370120192,99055,,,,,"I(i_3,i_1,i_2;a_4i_2i_3,a_1i_1i_2) * I(i_1,i_3,i_2;a_2i_1i_2,a_4i_2i_3) -> I(i_1,i_2;a_2i_1i_2,a_1i_1i_2)","I(i_1,i_2;a_2i_1i_2,a_1i_1i_2)","I(i_3,i_1,i_2;a_4i_2i_3,a_1i_1i_2)","I(i_1,i_3,i_2;a_2i_1i_2,a_4i_2i_3)","I(i_1,i_2;a_2i_1i_2,a_1i_1i_2)","i,i,a,a",";;i_1,i_2;i_1,i_2","7,7,,",7 × 7 × ? × ?,,
3,65,Constant,constant,_const,2008,,,8,8,456064344,1370120192,1,,,,,4,4,,,,,,,scalar,8,1
3,65,Product,residual,R,93997,792440,8,792440,792440,456064344,1370120192,99055,,,,,"I(i_1,i_2;a_2i_1i_2,a_1i_1i_2) * 4 -> R(i_1,i_2;a_2i_1i_2,a_1i_1i_2)","R(i_1,i_2;a_2i_1i_2,a_1i_1i_2)","I(i_1,i_2;a_2i_1i_2,a_1i_1i_2)",4,"R(i_1,i_2;a_2i_1i_2,a_1i_1i_2)","i,i,a,a",";;i_1,i_2;i_1,i_2","7,7,,",7 × 7 × ? × ?,,
3,65,Permute,residual,R,296761,,,792440,792440,456064344,1370120192,99055,,,,,"R(i_1,i_2;a_2i_1i_2,a_1i_1i_2)","R(i_1,i_2;a_2i_1i_2,a_1i_1i_2)",,,,"i,i,a,a",";;i_1,i_2;i_1,i_2","7,7,,",7 × 7 × ? × ?,,
3,66,Tensor,leaf,t,3087,,,792440,792440,456064344,1370120192,99055,,,,,"t(i_1,i_4;a_5i_1i_4,a_4i_1i_4)","t(i_1,i_4;a_5i_1i_4,a_4i_1i_4)",,,,"i,i,a,a",";;i_1,i_4;i_1,i_4","7,7,,",7 × 7 × ? × ?,,
3,66,Product,intermediate,I,2250470,957848,792440,957848,957848,456064344,1370120192,119731,,,,,"I(i_1,i_3,i_4,i_2;a_4i_1i_4) * t(i_1,i_4;a_5i_1i_4,a_4i_1i_4) -> I(i_4,i_3,i_2,i_1;a_5i_1i_4)","I(i_4,i_3,i_2,i_1;a_5i_1i_4)","I(i_1,i_3,i_4,i_2;a_4i_1i_4)","t(i_1,i_4;a_5i_1i_4,a_4i_1i_4)","I(i_4,i_3,i_2,i_1;a_5i_1i_4)","i,i,i,i,a",";;;;i_1,i_4","7,7,7,7,",7 × 7 × 7 × 7 × ?,,
3,66,Product,intermediate,I,3219749,957848,5489512,139048,139048,456064344,1370120192,17381,,,,,"I(i_4,i_3,i_2,i_1;a_5i_1i_4) * I(i_4,i_2,i_1;a_5i_1i_4,a_1i_1i_2) -> I(i_3,i_2,i_1;a_1i_1i_2)","I(i_3,i_2,i_1;a_1i_1i_2)","I(i_4,i_3,i_2,i_1;a_5i_1i_4)","I(i_4,i_2,i_1;a_5i_1i_4,a_1i_1i_2)","I(i_3,i_2,i_1;a_1i_1i_2)","i,i,i,a",";;;i_1,i_2","7,7,7,",7 × 7 × 7 × ?,,
3,66,Product,intermediate,I,1182970,139048,139048,792440,792440,456064344,1370120192,99055,,,,,"I(i_3,i_2,i_1;a_1i_1i_2) * I(i_2,i_1,i_3;a_2i_1i_2) -> I(i_1,i_2;a_1i_1i_2,a_2i_1i_2)","I(i_1,i_2;a_1i_1i_2,a_2i_1i_2)","I(i_3,i_2,i_1;a_1i_1i_2)","I(i_2,i_1,i_3;a_2i_1i_2)","I(i_1,i_2;a_1i_1i_2,a_2i_1i_2)","i,i,a,a",";;i_1,i_2;i_1,i_2","7,7,,",7 × 7 × ? × ?,,
3,66,Constant,constant,_const,1927,,,8,8,456064344,1370120192,1,,,,,-4,-4,,,,,,,scalar,8,1
3,66,Product,residual,R,113664,792440,8,792440,792440,456064344,1370120192,99055,,,,,"I(i_1,i_2;a_1i_1i_2,a_2i_1i_2) * -4 -> R(i_1,i_2;a_1i_1i_2,a_2i_1i_2)","R(i_1,i_2;a_1i_1i_2,a_2i_1i_2)","I(i_1,i_2;a_1i_1i_2,a_2i_1i_2)",-4,"R(i_1,i_2;a_1i_1i_2,a_2i_1i_2)","i,i,a,a",";;i_1,i_2;i_1,i_2","7,7,,",7 × 7 × ? × ?,,
3,66,Permute,residual,R,79645,,,792440,792440,456064344,1370120192,99055,,,,,"R(i_1,i_2;a_1i_1i_2,a_2i_1i_2)","R(i_1,i_2;a_1i_1i_2,a_2i_1i_2)",,,,"i,i,a,a",";;i_1,i_2;i_1,i_2","7,7,,",7 × 7 × ? × ?,,
3,67,Tensor,leaf,C,19665,,,2207664,2207664,456064344,1370120192,275958,,,,,"C(i_2,i_1,μ̃_19721;a_4i_1i_2)","C(i_2,i_1,μ̃_19721;a_4i_1i_2)",,,,"i,i,μ̃,a",";;;i_1,i_2","7,7,114,",7 × 7 × 114 × ?,,
3,67,Product,intermediate,I,3457109,12064,2207664,139048,139048,456064344,1370120192,17381,,,,,"I(i_3,μ̃_19721) * C(i_2,i_1,μ̃_19721;a_4i_1i_2) -> I(i_2,i_1,i_3;a_4i_1i_2)","I(i_2,i_1,i_3;a_4i_1i_2)","I(i_3,μ̃_19721)","C(i_2,i_1,μ̃_19721;a_4i_1i_2)","I(i_2,i_1,i_3;a_4i_1i_2)","i,i,i,a",";;;i_1,i_2","7,7,7,",7 × 7 × 7 × ?,,
3,67,Tensor,leaf,t,3083,,,792440,792440,456064344,1370120192,99055,,,,,"t(i_2,i_1;a_4i_1i_2,a_1i_1i_2)","t(i_2,i_1;a_4i_1i_2,a_1i_1i_2)",,,,"i,i,a,a",";;i_1,i_2;i_1,i_2","7,7,,",7 × 7 × ? × ?,,
3,67,Product,intermediate,I,773772,139048,792440,139048,139048,456064344,1370120192,17381,,,,,"I(i_2,i_1,i_3;a_4i_1i_2) * t(i_2,i_1;a_4i_1i_2,a_1i_1i_2) -> I(i_3,i_2,i_1;a_1i_1i_2)","I(i_3,i_2,i_1;a_1i_1i_2)","I(i_2,i_1,i_3;a_4i_1i_2)","t(i_2,i_1;a_4i_1i_2,a_1i_1i_2)","I(i_3,i_2,i_1;a_1i_1i_2)","i,i,i,a",";;;i_1,i_2","7,7,7,",7 × 7 × 7 × ?,,
3,67,Product,intermediate,I,1059561,139048,139048,792440,792440,456064344,1370120192,99055,,,,,"I(i_3,i_2,i_1;a_1i_1i_2) * I(i_2,i_1,i_3;a_2i_1i_2) -> I(i_1,i_2;a_2i_1i_2,a_1i_1i_2)","I(i_1,i_2;a_2i_1i_2,a_1i_1i_2)","I(i_3,i_2,i_1;a_1i_1i_2)","I(i_2,i_1,i_3;a_2i_1i_2)","I(i_1,i_2;a_2i_1i_2,a_1i_1i_2)","i,i,a,a",";;i_1,i_2;i_1,i_2","7,7,,",7 × 7 × ? × ?,,
3,67,Constant,constant,_const,1776,,,8,8,456064344,1370120192,1,,,,,2,2,,,,,,,scalar,8,1
3,67,Product,residual,R,94920,792440,8,792440,792440,456064344,1370120192,99055,,,,,"I(i_1,i_2;a_2i_1i_2,a_1i_1i_2) * 2 -> R(i_1,i_2;a_2i_1i_2,a_1i_1i_2)","R(i_1,i_2;a_2i_1i_2,a_1i_1i_2)","I(i_1,i_2;a_2i_1i_2,a_1i_1i_2)",2,"R(i_1,i_2;a_2i_1i_2,a_1i_1i_2)","i,i,a,a",";;i_1,i_2;i_1,i_2","7,7,,",7 × 7 × ? × ?,,
3,67,Permute,residual,R,92431,,,792440,792440,456064344,1370120192,99055,,,,,"R(i_1,i_2;a_2i_1i_2,a_1i_1i_2)","R(i_1,i_2;a_2i_1i_2,a_1i_1i_2)",,,,"i,i,a,a",";;i_1,i_2;i_1,i_2","7,7,,",7 × 7 × ? × ?,,
3,68,Product,intermediate,I,4359857,121536,1843152,334432,334432,456064344,1370120192,41804,39102,6.467265328969765e-05,2.7014270871080483e-09,6.482729316488405e-06,"I(i_3,i_2,Κ_1) * I(μ̃_19748,i_1,Κ_1) -> I(i_3,μ̃_19748,i_1,i_2)","I(i_3,μ̃_19748,i_1,i_2)","I(i_3,i_2,Κ_1)","I(μ̃_19748,i_1,Κ_1)","I(i_3,μ̃_19748,i_1,i_2)","i,μ̃,i,i",;;;,"7,114,7,7",7 × 114 × 7 × 7,312816,1.0691
3,68,Tensor,leaf,C,31825,,,2207664,2207664,456064344,1370120192,275958,,,,,"C(i_2,i_1,μ̃_19748;a_1i_1i_2)","C(i_2,i_1,μ̃_19748;a_1i_1i_2)",,,,"i,i,μ̃,a",";;;i_1,i_2","7,7,114,",7 × 7 × 114 × ?,,
3,68,Product,intermediate,I,3468055,334432,2207664,139048,139048,456064344,1370120192,17381,,,,,"I(i_3,μ̃_19748,i_1,i_2) * C(i_2,i_1,μ̃_19748;a_1i_1i_2) -> I(i_3,i_1,i_2;a_1i_1i_2)","I(i_3,i_1,i_2;a_1i_1i_2)","I(i_3,μ̃_19748,i_1,i_2)","C(i_2,i_1,μ̃_19748;a_1i_1i_2)","I(i_3,i_1,i_2;a_1i_1i_2)","i,i,i,a",";;;i_1,i_2","7,7,7,",7 × 7 × 7 × ?,,
3,68,Product,intermediate,I,1316777,139048,139048,792440,792440,456064344,1370120192,99055,,,,,"I(i_3,i_1,i_2;a_1i_1i_2) * I(i_2,i_1,i_3;a_2i_1i_2) -> I(i_1,i_2;a_1i_1i_2,a_2i_1i_2)","I(i_1,i_2;a_1i_1i_2,a_2i_1i_2)","I(i_3,i_1,i_2;a_1i_1i_2)","I(i_2,i_1,i_3;a_2i_1i_2)","I(i_1,i_2;a_1i_1i_2,a_2i_1i_2)","i,i,a,a",";;i_1,i_2;i_1,i_2","7,7,,",7 × 7 × ? × ?,,
3,68,Constant,constant,_const,1690,,,8,8,456064344,1370120192,1,,,,,-2,-2,,,,,,,scalar,8,1
3,68,Product,residual,R,94824,792440,8,792440,792440,456064344,1370120192,99055,,,,,"I(i_1,i_2;a_1i_1i_2,a_2i_1i_2) * -2 -> R(i_1,i_2;a_1i_1i_2,a_2i_1i_2)","R(i_1,i_2;a_1i_1i_2,a_2i_1i_2)","I(i_1,i_2;a_1i_1i_2,a_2i_1i_2)",-2,"R(i_1,i_2;a_1i_1i_2,a_2i_1i_2)","i,i,a,a",";;i_1,i_2;i_1,i_2","7,7,,",7 × 7 × ? × ?,,
3,68,Permute,residual,R,75159,,,792440,792440,456064344,1370120192,99055,,,,,"R(i_1,i_2;a_1i_1i_2,a_2i_1i_2)","R(i_1,i_2;a_1i_1i_2,a_2i_1i_2)",,,,"i,i,a,a",";;i_1,i_2;i_1,i_2","7,7,,",7 × 7 × ? × ?,,
3,69,Tensor,leaf,g,12135,,,1843152,1843152,456064344,1370120192,230394,225036,-13.713518793894858,9.824790694343461,0.192547847698342,"g(μ̃_19827,i_3,Κ_1)","g(μ̃_19827,i_3,Κ_1)",,,,"μ̃,i,Κ",;;,"114,7,282",114 × 7 × 282,1800288,1.02381
3,69,Product,intermediate,I,9576238,1843152,1843152,125584,125584,456064344,1370120192,15698,12996,0.0014944921986580946,0.00010613834227805536,0.001504693112831652,"I(μ̃_19826,i_3,Κ_1) * g(μ̃_19827,i_3,Κ_1) -> I(μ̃_19826,μ̃_19827)","I(μ̃_19826,μ̃_19827)","I(μ̃_19826,i_3,Κ_1)","g(μ̃_19827,i_3,Κ_1)","I(μ̃_19826,μ̃_19827)","μ̃,μ̃",;,"114,114",114 × 114,103968,1.20791
3,69,Tensor,leaf,C,20726,,,2207664,2207664,456064344,1370120192,275958,,,,,"C(i_2,i_1,μ̃_19826;a_2i_1i_2)","C(i_2,i_1,μ̃_19826;a_2i_1i_2)",,,,"i,i,μ̃,a",";;;i_1,i_2","7,7,114,",7 × 7 × 114 × ?,,
3,69,Product,intermediate,I,9154839,125584,2207664,2226240,2226240,456064344,1370120192,278280,,,,,"I(μ̃_19826,μ̃_19827) * C(i_2,i_1,μ̃_19826;a_2i_1i_2) -> I(i_2,i_1,μ̃_19827;a_2i_1i_2)","I(i_2,i_1,μ̃_19827;a_2i_1i_2)","I(μ̃_19826,μ̃_19827)","C(i_2,i_1,μ̃_19826;a_2i_1i_2)","I(i_2,i_1,μ̃_19827;a_2i_1i_2)","i,i,μ̃,a",";;;i_1,i_2","7,7,114,",7 × 7 × 114 × ?,,
3,69,Tensor,leaf,C,13155,,,2207664,2207664,456064344,1370120192,275958,,,,,"C(i_2,i_1,μ̃_19827;a_4i_1i_2)","C(i_2,i_1,μ̃_19827;a_4i_1i_2)",,,,"i,i,μ̃,a",";;;i_1,i_2","7,7,114,",7 × 7 × 114 × ?,,
3,69,Product,intermediate,I,4242736,2226240,2207664,792440,792440,456064344,1370120192,99055,,,,,"I(i_2,i_1,μ̃_19827;a_2i_1i_2) * C(i_2,i_1,μ̃_19827;a_4i_1i_2) -> I(i_2,i_1;a_4i_1i_2,a_2i_1i_2)","I(i_2,i_1;a_4i_1i_2,a_2i_1i_2)","I(i_2,i_1,μ̃_19827;a_2i_1i_2)","C(i_2,i_1,μ̃_19827;a_4i_1i_2)","I(i_2,i_1;a_4i_1i_2,a_2i_1i_2)","i,i,a,a",";;i_1,i_2;i_1,i_2","7,7,,",7 × 7 × ? × ?,,
3,69,Tensor,leaf,t,3071,,,792440,792440,456064344,1370120192,99055,,,,,"t(i_2,i_1;a_4i_1i_2,a_1i_1i_2)","t(i_2,i_1;a_4i_1i_2,a_1i_1i_2)",,,,"i,i,a,a",";;i_1,i_2;i_1,i_2","7,7,,",7 × 7 × ? × ?,,
3,69,Product,intermediate,I,1549480,792440,792440,792440,792440,456064344,1370120192,99055,,,,,"I(i_2,i_1;a_4i_1i_2,a_2i_1i_2) * t(i_2,i_1;a_4i_1i_2,a_1i_1i_2) -> I(i_1,i_2;a_1i_1i_2,a_2i_1i_2)","I(i_1,i_2;a_1i_1i_2,a_2i_1i_2)","I(i_2,i_1;a_4i_1i_2,a_2i_1i_2)","t(i_2,i_1;a_4i_1i_2,a_1i_1i_2)","I(i_1,i_2;a_1i_1i_2,a_2i_1i_2)","i,i,a,a",";;i_1,i_2;i_1,i_2","7,7,,",7 × 7 × ? × ?,,
3,69,Constant,constant,_const,2096,,,8,8,456064344,1370120192,1,,,,,-2,-2,,,,,,,scalar,8,1
3,69,Product,residual,R,276390,792440,8,792440,792440,456064344,1370120192,99055,,,,,"I(i_1,i_2;a_1i_1i_2,a_2i_1i_2) * -2 -> R(i_1,i_2;a_1i_1i_2,a_2i_1i_2)","R(i_1,i_2;a_1i_1i_2,a_2i_1i_2)","I(i_1,i_2;a_1i_1i_2,a_2i_1i_2)",-2,"R(i_1,i_2;a_1i_1i_2,a_2i_1i_2)","i,i,a,a",";;i_1,i_2;i_1,i_2","7,7,,",7 × 7 × ? × ?,,
3,69,Permute,residual,R,123625,,,792440,792440,456064344,1370120192,99055,,,,,"R(i_1,i_2;a_1i_1i_2,a_2i_1i_2)","R(i_1,i_2;a_1i_1i_2,a_2i_1i_2)",,,,"i,i,a,a",";;i_1,i_2;i_1,i_2","7,7,,",7 × 7 × ? × ?,,
3,70,Product,intermediate,I,19152400,5490816,1843152,2226240,2226240,456064344,1370120192,278280,,,,,"I(i_2,i_1,Κ_1;a_1i_1i_2) * I(μ̃_19857,i_2,Κ_1) -> I(i_1,μ̃_19857,i_2;a_1i_1i_2)","I(i_1,μ̃_19857,i_2;a_1i_1i_2)","I(i_2,i_1,Κ_1;a_1i_1i_2)","I(μ̃_19857,i_2,Κ_1)","I(i_1,μ̃_19857,i_2;a_1i_1i_2)","i,μ̃,i,a",";;;i_1,i_2","7,114,7,",7 × 114 × 7 × ?,,
3,70,Tensor,leaf,C,20334,,,2207664,2207664,456064344,1370120192,275958,,,,,"C(i_2,i_1,μ̃_19857;a_2i_1i_2)","C(i_2,i_1,μ̃_19857;a_2i_1i_2)",,,,"i,i,μ̃,a",";;;i_1,i_2","7,7,114,",7 × 7 × 114 × ?,,
3,70,Product,intermediate,I,4337615,2226240,2207664,792440,792440,456064344,1370120192,99055,,,,,"I(i_1,μ̃_19857,i_2;a_1i_1i_2) * C(i_2,i_1,μ̃_19857;a_2i_1i_2) -> I(i_1,i_2;a_2i_1i_2,a_1i_1i_2)","I(i_1,i_2;a_2i_1i_2,a_1i_1i_2)","I(i_1,μ̃_19857,i_2;a_1i_1i_2)","C(i_2,i_1,μ̃_19857;a_2i_1i_2)","I(i_1,i_2;a_2i_1i_2,a_1i_1i_2)","i,i,a,a",";;i_1,i_2;i_1,i_2","7,7,,",7 × 7 × ? × ?,,
3,70,Constant,constant,_const,2046,,,8,8,456064344,1370120192,1,,,,,2,2,,,,,,,scalar,8,1
3,70,Product,residual,R,154129,792440,8,792440,792440,456064344,1370120192,99055,,,,,"I(i_1,i_2;a_2i_1i_2,a_1i_1i_2) * 2 -> R(i_1,i_2;a_2i_1i_2,a_1i_1i_2)","R(i_1,i_2;a_2i_1i_2,a_1i_1i_2)","I(i_1,i_2;a_2i_1i_2,a_1i_1i_2)",2,"R(i_1,i_2;a_2i_1i_2,a_1i_1i_2)","i,i,a,a",";;i_1,i_2;i_1,i_2","7,7,,",7 × 7 × ? × ?,,
3,70,Permute,residual,R,84644,,,792440,792440,456064344,1370120192,99055,,,,,"R(i_1,i_2;a_2i_1i_2,a_1i_1i_2)","R(i_1,i_2;a_2i_1i_2,a_1i_1i_2)",,,,"i,i,a,a",";;i_1,i_2;i_1,i_2","7,7,,",7 × 7 × ? × ?,,
3,71,Product,intermediate,I,3319866,121536,5490816,139048,139048,456064344,1370120192,17381,,,,,"I(i_3,i_1,Κ_1) * I(i_1,i_2,Κ_1;a_2i_1i_2) -> I(i_3,i_2,i_1;a_2i_1i_2)","I(i_3,i_2,i_1;a_2i_1i_2)","I(i_3,i_1,Κ_1)","I(i_1,i_2,Κ_1;a_2i_1i_2)","I(i_3,i_2,i_1;a_2i_1i_2)","i,i,i,a",";;;i_1,i_2","7,7,7,",7 × 7 × 7 × ?,,
3,71,Product,intermediate,I,1147161,139048,139048,792440,792440,456064344,1370120192,99055,,,,,"I(i_3,i_2,i_1;a_2i_1i_2) * I(i_2,i_1,i_3;a_1i_1i_2) -> I(i_2,i_1;a_1i_1i_2,a_2i_1i_2)","I(i_2,i_1;a_1i_1i_2,a_2i_1i_2)","I(i_3,i_2,i_1;a_2i_1i_2)","I(i_2,i_1,i_3;a_1i_1i_2)","I(i_2,i_1;a_1i_1i_2,a_2i_1i_2)","i,i,a,a",";;i_1,i_2;i_1,i_2","7,7,,",7 × 7 × ? × ?,,
3,71,Constant,constant,_const,1479,,,8,8,456064344,1370120192,1,,,,,-2,-2,,,,,,,scalar,8,1
3,71,Product,residual,R,86246,792440,8,792440,792440,456064344,1370120192,99055,,,,,"I(i_2,i_1;a_1i_1i_2,a_2i_1i_2) * -2 -> R(i_2,i_1;a_1i_1i_2,a_2i_1i_2)","R(i_2,i_1;a_1i_1i_2,a_2i_1i_2)","I(i_2,i_1;a_1i_1i_2,a_2i_1i_2)",-2,"R(i_2,i_1;a_1i_1i_2,a_2i_1i_2)","i,i,a,a",";;i_1,i_2;i_1,i_2","7,7,,",7 × 7 × ? × ?,,
3,71,Permute,residual,R,101405,,,792440,792440,456064344,1370120192,99055,,,,,"R(i_2,i_1;a_1i_1i_2,a_2i_1i_2)","R(i_2,i_1;a_1i_1i_2,a_2i_1i_2)",,,,"i,i,a,a",";;i_1,i_2;i_1,i_2","7,7,,",7 × 7 × ? × ?,,
3,72,Tensor,leaf,t,2532,,,792440,792440,456064344,1370120192,99055,,,,,"t(i_2,i_1;a_3i_1i_2,a_1i_1i_2)","t(i_2,i_1;a_3i_1i_2,a_1i_1i_2)",,,,"i,i,a,a",";;i_1,i_2;i_1,i_2","7,7,,",7 × 7 × ? × ?,,
3,72,Product,intermediate,I,238668,400,792440,400,400,456064344,1370120192,50,,,,,"I(i_2,i_1,i_3;a_3i_1i_2) * t(i_2,i_1;a_3i_1i_2,a_1i_1i_2) -> I(i_3,i_2,i_1;a_1i_1i_2)","I(i_3,i_2,i_1;a_1i_1i_2)","I(i_2,i_1,i_3;a_3i_1i_2)","t(i_2,i_1;a_3i_1i_2,a_1i_1i_2)","I(i_3,i_2,i_1;a_1i_1i_2)","i,i,i,a",";;;i_1,i_2","7,7,7,",7 × 7 × 7 × ?,,
3,72,Product,intermediate,I,368006,400,139048,384,384,456064344,1370120192,48,,,,,"I(i_3,i_2,i_1;a_1i_1i_2) * I(i_2,i_1,i_3;a_2i_1i_2) -> I(i_1,i_2;a_2i_1i_2,a_1i_1i_2)","I(i_1,i_2;a_2i_1i_2,a_1i_1i_2)","I(i_3,i_2,i_1;a_1i_1i_2)","I(i_2,i_1,i_3;a_2i_1i_2)","I(i_1,i_2;a_2i_1i_2,a_1i_1i_2)","i,i,a,a",";;i_1,i_2;i_1,i_2","7,7,,",7 × 7 × ? × ?,,
3,72,Constant,constant,_const,948,,,8,8,456064344,1370120192,1,,,,,-2,-2,,,,,,,scalar,8,1
3,72,Product,residual,R,54474,384,8,384,384,456064344,1370120192,48,,,,,"I(i_1,i_2;a_2i_1i_2,a_1i_1i_2) * -2 -> R(i_1,i_2;a_2i_1i_2,a_1i_1i_2)","R(i_1,i_2;a_2i_1i_2,a_1i_1i_2)","I(i_1,i_2;a_2i_1i_2,a_1i_1i_2)",-2,"R(i_1,i_2;a_2i_1i_2,a_1i_1i_2)","i,i,a,a",";;i_1,i_2;i_1,i_2","7,7,,",7 × 7 × ? × ?,,
3,72,Permute,residual,R,62298,,,384,384,456064344,1370120192,48,,,,,"R(i_1,i_2;a_2i_1i_2,a_1i_1i_2)","R(i_1,i_2;a_2i_1i_2,a_1i_1i_2)",,,,"i,i,a,a",";;i_1,i_2;i_1,i_2","7,7,,",7 × 7 × ? × ?,,
3,73,Tensor,leaf,g,12407,,,29489328,29489328,456064344,1370120192,3686166,3664872,328.03408291046827,123.92989425956779,0.8503952014554771,"g(μ̃_19698,μ̃_19699,Κ_1)","g(μ̃_19698,μ̃_19699,Κ_1)",,,,"μ̃,μ̃,Κ",;;,"114,114,282",114 × 114 × 282,29318976,1.00581
3,73,Product,intermediate,I,8231600,5280,29489328,125584,125584,456064344,1370120192,15698,12996,0.11826675247514233,0.00048628085314388894,0.005729657582544864,"I(Κ_1) * g(μ̃_19698,μ̃_19699,Κ_1) -> I(μ̃_19699,μ̃_19698)","I(μ̃_19699,μ̃_19698)",I(Κ_1),"g(μ̃_19698,μ̃_19699,Κ_1)","I(μ̃_19699,μ̃_19698)","μ̃,μ̃",;,"114,114",114 × 114,103968,1.20791
3,73,Tensor,leaf,C,20622,,,2207664,2207664,456064344,1370120192,275958,,,,,"C(i_2,i_1,μ̃_19698;a_4i_1i_2)","C(i_2,i_1,μ̃_19698;a_4i_1i_2)",,,,"i,i,μ̃,a",";;;i_1,i_2","7,7,114,",7 × 7 × 114 × ?,,
3,73,Product,intermediate,I,39474765,125584,2207664,2226240,2226240,456064344,1370120192,278280,,,,,"I(μ̃_19699,μ̃_19698) * C(i_2,i_1,μ̃_19698;a_4i_1i_2) -> I(i_2,i_1,μ̃_19699;a_4i_1i_2)","I(i_2,i_1,μ̃_19699;a_4i_1i_2)","I(μ̃_19699,μ̃_19698)","C(i_2,i_1,μ̃_19698;a_4i_1i_2)","I(i_2,i_1,μ̃_19699;a_4i_1i_2)","i,i,μ̃,a",";;;i_1,i_2","7,7,114,",7 × 7 × 114 × ?,,
3,73,Tensor,leaf,C,16009,,,2207664,2207664,456064344,1370120192,275958,,,,,"C(i_2,i_1,μ̃_19699;a_2i_1i_2)","C(i_2,i_1,μ̃_19699;a_2i_1i_2)",,,,"i,i,μ̃,a",";;;i_1,i_2","7,7,114,",7 × 7 × 114 × ?,,
3,73,Product,intermediate,I,4473622,2226240,2207664,792440,792440,456064344,1370120192,99055,,,,,"I(i_2,i_1,μ̃_19699;a_4i_1i_2) * C(i_2,i_1,μ̃_19699;a_2i_1i_2) -> I(i_2,i_1;a_2i_1i_2,a_4i_1i_2)","I(i_2,i_1;a_2i_1i_2,a_4i_1i_2)","I(i_2,i_1,μ̃_19699;a_4i_1i_2)","C(i_2,i_1,μ̃_19699;a_2i_1i_2)","I(i_2,i_1;a_2i_1i_2,a_4i_1i_2)","i,i,a,a",";;i_1,i_2;i_1,i_2","7,7,,",7 × 7 × ? × ?,,
3,73,Tensor,leaf,t,3439,,,792440,792440,456064344,1370120192,99055,,,,,"t(i_2,i_1;a_4i_1i_2,a_1i_1i_2)","t(i_2,i_1;a_4i_1i_2,a_1i_1i_2)",,,,"i,i,a,a",";;i_1,i_2;i_1,i_2","7,7,,",7 × 7 × ? × ?,,
3,73,Product,intermediate,I,979479,792440,792440,792440,792440,456064344,1370120192,99055,,,,,"I(i_2,i_1;a_2i_1i_2,a_4i_1i_2) * t(i_2,i_1;a_4i_1i_2,a_1i_1i_2) -> I(i_1,i_2;a_2i_1i_2,a_1i_1i_2)","I(i_1,i_2;a_2i_1i_2,a_1i_1i_2)","I(i_2,i_1;a_2i_1i_2,a_4i_1i_2)","t(i_2,i_1;a_4i_1i_2,a_1i_1i_2)","I(i_1,i_2;a_2i_1i_2,a_1i_1i_2)","i,i,a,a",";;i_1,i_2;i_1,i_2","7,7,,",7 × 7 × ? × ?,,
3,73,Constant,constant,_const,1522,,,8,8,456064344,1370120192,1,,,,,4,4,,,,,,,scalar,8,1
3,73,Product,residual,R,87699,792440,8,792440,792440,456064344,1370120192,99055,,,,,"I(i_1,i_2;a_2i_1i_2,a_1i_1i_2) * 4 -> R(i_1,i_2;a_2i_1i_2,a_1i_1i_2)","R(i_1,i_2;a_2i_1i_2,a_1i_1i_2)","I(i_1,i_2;a_2i_1i_2,a_1i_1i_2)",4,"R(i_1,i_2;a_2i_1i_2,a_1i_1i_2)","i,i,a,a",";;i_1,i_2;i_1,i_2","7,7,,",7 × 7 × ? × ?,,
3,73,Permute,residual,R,76652,,,792440,792440,456064344,1370120192,99055,,,,,"R(i_1,i_2;a_2i_1i_2,a_1i_1i_2)","R(i_1,i_2;a_2i_1i_2,a_1i_1i_2)",,,,"i,i,a,a",";;i_1,i_2;i_1,i_2","7,7,,",7 × 7 × ? × ?,,
3,74,Tensor,leaf,C,16505,,,2207664,2207664,456064344,1370120192,275958,,,,,"C(i_2,i_1,μ̃_19853;a_4i_1i_2)","C(i_2,i_1,μ̃_19853;a_4i_1i_2)",,,,"i,i,μ̃,a",";;;i_1,i_2","7,7,114,",7 × 7 × 114 × ?,,
3,74,Product,intermediate,I,3149980,12064,2207664,139048,139048,456064344,1370120192,17381,,,,,"I(i_4,μ̃_19853) * C(i_2,i_1,μ̃_19853;a_4i_1i_2) -> I(i_2,i_1,i_4;a_4i_1i_2)","I(i_2,i_1,i_4;a_4i_1i_2)","I(i_4,μ̃_19853)","C(i_2,i_1,μ̃_19853;a_4i_1i_2)","I(i_2,i_1,i_4;a_4i_1i_2)","i,i,i,a",";;;i_1,i_2","7,7,7,",7 × 7 × 7 × ?,,
3,74,Tensor,leaf,t,17231,,,792440,792440,456064344,1370120192,99055,,,,,"t(i_2,i_1;a_4i_1i_2,a_1i_1i_2)","t(i_2,i_1;a_4i_1i_2,a_1i_1i_2)",,,,"i,i,a,a",";;i_1,i_2;i_1,i_2","7,7,,",7 × 7 × ? × ?,,
3,74,Product,intermediate,I,882828,139048,792440,139048,139048,456064344,1370120192,17381,,,,,"I(i_2,i_1,i_4;a_4i_1i_2) * t(i_2,i_1;a_4i_1i_2,a_1i_1i_2) -> I(i_4,i_2,i_1;a_1i_1i_2)","I(i_4,i_2,i_1;a_1i_1i_2)","I(i_2,i_1,i_4;a_4i_1i_2)","t(i_2,i_1;a_4i_1i_2,a_1i_1i_2)","I(i_4,i_2,i_1;a_1i_1i_2)","i,i,i,a",";;;i_1,i_2","7,7,7,",7 × 7 × 7 × ?,,
3,74,Product,intermediate,I,16543730,139048,139048,792440,792440,456064344,1370120192,99055,,,,,"I(i_4,i_2,i_1;a_1i_1i_2) * I(i_2,i_1,i_4;a_2i_1i_2) -> I(i_1,i_2;a_2i_1i_2,a_1i_1i_2)","I(i_1,i_2;a_2i_1i_2,a_1i_1i_2)","I(i_4,i_2,i_1;a_1i_1i_2)","I(i_2,i_1,i_4;a_2i_1i_2)","I(i_1,i_2;a_2i_1i_2,a_1i_1i_2)","i,i,a,a",";;i_1,i_2;i_1,i_2","7,7,,",7 × 7 × ? × ?,,
3,74,Constant,constant,_const,1346,,,8,8,456064344,1370120192,1,,,,,-4,-4,,,,,,,scalar,8,1
3,74,Product,residual,R,91352,792440,8,792440,792440,456064344,1370120192,99055,,,,,"I(i_1,i_2;a_2i_1i_2,a_1i_1i_2) * -4 -> R(i_1,i_2;a_2i_1i_2,a_1i_1i_2)","R(i_1,i_2;a_2i_1i_2,a_1i_1i_2)","I(i_1,i_2;a_2i_1i_2,a_1i_1i_2)",-4,"R(i_1,i_2;a_2i_1i_2,a_1i_1i_2)","i,i,a,a",";;i_1,i_2;i_1,i_2","7,7,,",7 × 7 × ? × ?,,
3,74,Permute,residual,R,89450,,,792440,792440,456064344,1370120192,99055,,,,,"R(i_1,i_2;a_2i_1i_2,a_1i_1i_2)","R(i_1,i_2;a_2i_1i_2,a_1i_1i_2)",,,,"i,i,a,a",";;i_1,i_2;i_1,i_2","7,7,,",7 × 7 × ? × ?,,
3,75,Product,intermediate,I,56555306,5179792,12064,334432,334432,456064344,1370120192,41804,39102,0.10152652660257058,0.0010847207109626182,0.002903315923590953,"I(i_2,i_3,μ̃_19758,μ̃_19757) * I(μ̃_19758,i_1) -> I(i_2,i_3,μ̃_19757,i_1)","I(i_2,i_3,μ̃_19757,i_1)","I(i_2,i_3,μ̃_19758,μ̃_19757)","I(μ̃_19758,i_1)","I(i_2,i_3,μ̃_19757,i_1)","i,i,μ̃,i",;;;,"7,7,114,7",7 × 7 × 114 × 7,312816,1.0691
3,75,Tensor,leaf,C,19648,,,2207664,2207664,456064344,1370120192,275958,,,,,"C(i_2,i_1,μ̃_19757;a_1i_1i_2)","C(i_2,i_1,μ̃_19757;a_1i_1i_2)",,,,"i,i,μ̃,a",";;;i_1,i_2","7,7,114,",7 × 7 × 114 × ?,,
3,75,Product,intermediate,I,2628062,334432,2207664,139048,139048,456064344,1370120192,17381,,,,,"I(i_2,i_3,μ̃_19757,i_1) * C(i_2,i_1,μ̃_19757;a_1i_1i_2) -> I(i_3,i_2,i_1;a_1i_1i_2)","I(i_3,i_2,i_1;a_1i_1i_2)","I(i_2,i_3,μ̃_19757,i_1)","C(i_2,i_1,μ̃_19757;a_1i_1i_2)","I(i_3,i_2,i_1;a_1i_1i_2)","i,i,i,a",";;;i_1,i_2","7,7,7,",7 × 7 × 7 × ?,,
3,75,Product,intermediate,I,1259983,139048,139048,792440,792440,456064344,1370120192,99055,,,,,"I(i_3,i_2,i_1;a_1i_1i_2) * I(i_2,i_1,i_3;a_2i_1i_2) -> I(i_2,i_1;a_2i_1i_2,a_1i_1i_2)","I(i_2,i_1;a_2i_1i_2,a_1i_1i_2)","I(i_3,i_2,i_1;a_1i_1i_2)","I(i_2,i_1,i_3;a_2i_1i_2)","I(i_2,i_1;a_2i_1i_2,a_1i_1i_2)","i,i,a,a",";;i_1,i_2;i_1,i_2","7,7,,",7 × 7 × ? × ?,,
3,75,Constant,constant,_const,2063,,,8,8,456064344,1370120192,1,,,,,-2,-2,,,,,,,scalar,8,1
3,75,Product,residual,R,113424,792440,8,792440,792440,456064344,1370120192,99055,,,,,"I(i_2,i_1;a_2i_1i_2,a_1i_1i_2) * -2 -> R(i_2,i_1;a_2i_1i_2,a_1i_1i_2)","R(i_2,i_1;a_2i_1i_2,a_1i_1i_2)","I(i_2,i_1;a_2i_1i_2,a_1i_1i_2)",-2,"R(i_2,i_1;a_2i_1i_2,a_1i_1i_2)","i,i,a,a",";;i_1,i_2;i_1,i_2","7,7,,",7 × 7 × ? × ?,,
3,75,Permute,residual,R,88853,,,792440,792440,456064344,1370120192,99055,,,,,"R(i_2,i_1;a_2i_1i_2,a_1i_1i_2)","R(i_2,i_1;a_2i_1i_2,a_1i_1i_2)",,,,"i,i,a,a",";;i_1,i_2;i_1,i_2","7,7,,",7 × 7 × ? × ?,,
3,76,Product,intermediate,I,857911,24888,139048,139048,139048,456064344,1370120192,17381,,,,,"I(i_1,i_3,i_2,i_4) * I(i_2,i_1,i_3;a_1i_1i_2) -> I(i_4,i_1,i_2;a_1i_1i_2)","I(i_4,i_1,i_2;a_1i_1i_2)","I(i_1,i_3,i_2,i_4)","I(i_2,i_1,i_3;a_1i_1i_2)","I(i_4,i_1,i_2;a_1i_1i_2)","i,i,i,a",";;;i_1,i_2","7,7,7,",7 × 7 × 7 × ?,,
3,76,Product,residual,R,1270299,139048,139048,792440,792440,456064344,1370120192,99055,,,,,"I(i_4,i_1,i_2;a_1i_1i_2) * I(i_2,i_1,i_4;a_2i_1i_2) -> R(i_2,i_1;a_2i_1i_2,a_1i_1i_2)","R(i_2,i_1;a_2i_1i_2,a_1i_1i_2)","I(i_4,i_1,i_2;a_1i_1i_2)","I(i_2,i_1,i_4;a_2i_1i_2)","R(i_2,i_1;a_2i_1i_2,a_1i_1i_2)","i,i,a,a",";;i_1,i_2;i_1,i_2","7,7,,",7 × 7 × ? × ?,,
3,76,Permute,residual,R,110736,,,792440,792440,456064344,1370120192,99055,,,,,"R(i_2,i_1;a_2i_1i_2,a_1i_1i_2)","R(i_2,i_1;a_2i_1i_2,a_1i_1i_2)",,,,"i,i,a,a",";;i_1,i_2;i_1,i_2","7,7,,",7 × 7 × ? × ?,,
3,77,Tensor,leaf,t,2139,,,792440,792440,456064344,1370120192,99055,,,,,"t(i_3,i_4;a_5i_3i_4,a_3i_3i_4)","t(i_3,i_4;a_5i_3i_4,a_3i_3i_4)",,,,"i,i,a,a",";;i_3,i_4;i_3,i_4","7,7,,",7 × 7 × ? × ?,,
3,77,Product,intermediate,I,3323973,2226240,792440,2226240,2226240,456064344,1370120192,278280,,,,,"I(i_4,i_3,μ̃_19717;a_3i_3i_4) * t(i_3,i_4;a_5i_3i_4,a_3i_3i_4) -> I(i_4,i_3,μ̃_19717;a_5i_3i_4)","I(i_4,i_3,μ̃_19717;a_5i_3i_4)","I(i_4,i_3,μ̃_19717;a_3i_3i_4)","t(i_3,i_4;a_5i_3i_4,a_3i_3i_4)","I(i_4,i_3,μ̃_19717;a_5i_3i_4)","i,i,μ̃,a",";;;i_3,i_4","7,7,114,",7 × 7 × 114 × ?,,
3,77,Tensor,leaf,C,13050,,,2207664,2207664,456064344,1370120192,275958,,,,,"C(i_4,i_3,μ̃_19719;a_5i_3i_4)","C(i_4,i_3,μ̃_19719;a_5i_3i_4)",,,,"i,i,μ̃,a",";;;i_3,i_4","7,7,114,",7 × 7 × 114 × ?,,
3,77,Product,intermediate,I,39114457,2226240,2207664,125584,125584,456064344,1370120192,15698,12996,-3.6397818155987682,0.6579385405298666,0.10802042228987975,"I(i_4,i_3,μ̃_19717;a_5i_3i_4) * C(i_4,i_3,μ̃_19719;a_5i_3i_4) -> I(μ̃_19717,μ̃_19719)","I(μ̃_19717,μ̃_19719)","I(i_4,i_3,μ̃_19717;a_5i_3i_4)","C(i_4,i_3,μ̃_19719;a_5i_3i_4)","I(μ̃_19717,μ̃_19719)","μ̃,μ̃",;,"114,114",114 × 114,103968,1.20791
3,77,Tensor,leaf,s,24391,,,125584,125584,456064344,1370120192,15698,12996,138.52037144982398,140.24275294876296,0.9820999861813626,"s(μ̃_19718,μ̃_19719)","s(μ̃_19718,μ̃_19719)",,,,"μ̃,μ̃",;,"114,114",114 × 114,103968,1.20791
3,77,Product,intermediate,I,2981290,125584,125584,125584,125584,456064344,1370120192,15698,12996,-1.0130626373728238,0.010500862379400884,0.00809747679848327,"I(μ̃_19717,μ̃_19719) * s(μ̃_19718,μ̃_19719) -> I(μ̃_19718,μ̃_19717)","I(μ̃_19718,μ̃_19717)","I(μ̃_19717,μ̃_19719)","s(μ̃_19718,μ̃_19719)","I(μ̃_19718,μ̃_19717)","μ̃,μ̃",;,"114,114",114 × 114,103968,1.20791
3,77,Tensor,leaf,C,31062,,,2207664,2207664,456064344,1370120192,275958,,,,,"C(i_2,i_1,μ̃_19717;a_4i_1i_2)","C(i_2,i_1,μ̃_19717;a_4i_1i_2)",,,,"i,i,μ̃,a",";;;i_1,i_2","7,7,114,",7 × 7 × 114 × ?,,
3,77,Product,intermediate,I,36049304,125584,2207664,2226240,2226240,456064344,1370120192,278280,,,,,"I(μ̃_19718,μ̃_19717) * C(i_2,i_1,μ̃_19717;a_4i_1i_2) -> I(i_2,i_1,μ̃_19718;a_4i_1i_2)","I(i_2,i_1,μ̃_19718;a_4i_1i_2)","I(μ̃_19718,μ̃_19717)","C(i_2,i_1,μ̃_19717;a_4i_1i_2)","I(i_2,i_1,μ̃_19718;a_4i_1i_2)","i,i,μ̃,a",";;;i_1,i_2","7,7,114,",7 × 7 × 114 × ?,,
3,77,Tensor,leaf,C,31083,,,2207664,2207664,456064344,1370120192,275958,,,,,"C(i_2,i_1,μ̃_19718;a_1i_1i_2)","C(i_2,i_1,μ̃_19718;a_1i_1i_2)",,,,"i,i,μ̃,a",";;;i_1,i_2","7,7,114,",7 × 7 × 114 × ?,,
3,77,Product,intermediate,I,4148765,2226240,2207664,792440,792440,456064344,1370120192,99055,,,,,"I(i_2,i_1,μ̃_19718;a_4i_1i_2) * C(i_2,i_1,μ̃_19718;a_1i_1i_2) -> I(i_2,i_1;a_1i_1i_2,a_4i_1i_2)","I(i_2,i_1;a_1i_1i_2,a_4i_1i_2)","I(i_2,i_1,μ̃_19718;a_4i_1i_2)","C(i_2,i_1,μ̃_19718;a_1i_1i_2)","I(i_2,i_1;a_1i_1i_2,a_4i_1i_2)","i,i,a,a",";;i_1,i_2;i_1,i_2","7,7,,",7 × 7 × ? × ?,,
3,77,Tensor,leaf,t,2689,,,792440,792440,456064344,1370120192,99055,,,,,"t(i_1,i_2;a_4i_1i_2,a_2i_1i_2)","t(i_1,i_2;a_4i_1i_2,a_2i_1i_2)",,,,"i,i,a,a",";;i_1,i_2;i_1,i_2","7,7,,",7 × 7 × ? × ?,,
3,77,Product,intermediate,I,946345,792440,792440,792440,792440,456064344,1370120192,99055,,,,,"I(i_2,i_1;a_1i_1i_2,a_4i_1i_2) * t(i_1,i_2;a_4i_1i_2,a_2i_1i_2) -> I(i_2,i_1;a_1i_1i_2,a_2i_1i_2)","I(i_2,i_1;a_1i_1i_2,a_2i_1i_2)","I(i_2,i_1;a_1i_1i_2,a_4i_1i_2)","t(i_1,i_2;a_4i_1i_2,a_2i_1i_2)","I(i_2,i_1;a_1i_1i_2,a_2i_1i_2)","i,i,a,a",";;i_1,i_2;i_1,i_2","7,7,,",7 × 7 × ? × ?,,
3,77,Constant,constant,_const,1490,,,8,8,456064344,1370120192,1,,,,,2,2,,,,,,,scalar,8,1
3,77,Product,residual,R,84021,792440,8,792440,792440,456064344,1370120192,99055,,,,,"I(i_2,i_1;a_1i_1i_2,a_2i_1i_2) * 2 -> R(i_2,i_1;a_1i_1i_2,a_2i_1i_2)","R(i_2,i_1;a_1i_1i_2,a_2i_1i_2)","I(i_2,i_1;a_1i_1i_2,a_2i_1i_2)",2,"R(i_2,i_1;a_1i_1i_2,a_2i_1i_2)","i,i,a,a",";;i_1,i_2;i_1,i_2","7,7,,",7 × 7 × ? × ?,,
3,77,Permute,residual,R,81081,,,792440,792440,456064344,1370120192,99055,,,,,"R(i_2,i_1;a_1i_1i_2,a_2i_1i_2)","R(i_2,i_1;a_1i_1i_2,a_2i_1i_2)",,,,"i,i,a,a",";;i_1,i_2;i_1,i_2","7,7,,",7 × 7 × ? × ?,,
3,78,Tensor,leaf,C,12259,,,2207664,2207664,456064344,1370120192,275958,,,,,"C(i_2,i_1,μ̃_19870;a_2i_1i_2)","C(i_2,i_1,μ̃_19870;a_2i_1i_2)",,,,"i,i,μ̃,a",";;;i_1,i_2","7,7,114,",7 × 7 × 114 × ?,,
3,78,Product,residual,R,4519311,2226240,2207664,792440,792440,456064344,1370120192,99055,,,,,"I(i_2,i_1,μ̃_19870;a_1i_1i_2) * C(i_2,i_1,μ̃_19870;a_2i_1i_2) -> R(i_2,i_1;a_2i_1i_2,a_1i_1i_2)","R(i_2,i_1;a_2i_1i_2,a_1i_1i_2)","I(i_2,i_1,μ̃_19870;a_1i_1i_2)","C(i_2,i_1,μ̃_19870;a_2i_1i_2)","R(i_2,i_1;a_2i_1i_2,a_1i_1i_2)","i,i,a,a",";;i_1,i_2;i_1,i_2","7,7,,",7 × 7 × ? × ?,,
3,78,Permute,residual,R,88849,,,792440,792440,456064344,1370120192,99055,,,,,"R(i_2,i_1;a_2i_1i_2,a_1i_1i_2)","R(i_2,i_1;a_2i_1i_2,a_1i_1i_2)",,,,"i,i,a,a",";;i_1,i_2;i_1,i_2","7,7,,",7 × 7 × ? × ?,,
3,79,Tensor,leaf,t,2466,,,792440,792440,456064344,1370120192,99055,,,,,"t(i_4,i_3;a_5i_3i_4,a_3i_3i_4)","t(i_4,i_3;a_5i_3i_4,a_3i_3i_4)",,,,"i,i,a,a",";;i_3,i_4;i_3,i_4","7,7,,",7 × 7 × ? × ?,,
3,79,Product,intermediate,I,3637703,2226240,792440,2226240,2226240,456064344,1370120192,278280,,,,,"I(i_4,i_3,μ̃_19930;a_3i_3i_4) * t(i_4,i_3;a_5i_3i_4,a_3i_3i_4) -> I(i_3,i_4,μ̃_19930;a_5i_3i_4)","I(i_3,i_4,μ̃_19930;a_5i_3i_4)","I(i_4,i_3,μ̃_19930;a_3i_3i_4)","t(i_4,i_3;a_5i_3i_4,a_3i_3i_4)","I(i_3,i_4,μ̃_19930;a_5i_3i_4)","i,i,μ̃,a",";;;i_3,i_4","7,7,114,",7 × 7 × 114 × ?,,
3,79,Tensor,leaf,C,19084,,,2207664,2207664,456064344,1370120192,275958,,,,,"C(i_4,i_3,μ̃_19932;a_5i_3i_4)","C(i_4,i_3,μ̃_19932;a_5i_3i_4)",,,,"i,i,μ̃,a",";;;i_3,i_4","7,7,114,",7 × 7 × 114 × ?,,
3,79,Product,intermediate,I,34261671,2226240,2207664,125584,125584,456064344,1370120192,15698,12996,-1.615630494866601,1.0479307009551504,0.1582465527488939,"I(i_3,i_4,μ̃_19930;a_5i_3i_4) * C(i_4,i_3,μ̃_19932;a_5i_3i_4) -> I(μ̃_19932,μ̃_19930)","I(μ̃_19932,μ̃_19930)","I(i_3,i_4,μ̃_19930;a_5i_3i_4)","C(i_4,i_3,μ̃_19932;a_5i_3i_4)","I(μ̃_19932,μ̃_19930)","μ̃,μ̃",;,"114,114",114 × 114,103968,1.20791
3,79,Tensor,leaf,s,37952,,,125584,125584,456064344,1370120192,15698,12996,138.52037144982398,140.24275294876296,0.9820999861813626,"s(μ̃_19931,μ̃_19932)","s(μ̃_19931,μ̃_19932)",,,,"μ̃,μ̃",;,"114,114",114 × 114,103968,1.20791
3,79,Product,intermediate,I,2591654,125584,125584,125584,125584,456064344,1370120192,15698,12996,-1.3723731147021654,0.018679516625286698,0.010912195664889381,"I(μ̃_19932,μ̃_19930) * s(μ̃_19931,μ̃_19932) -> I(μ̃_19931,μ̃_19930)","I(μ̃_19931,μ̃_19930)","I(μ̃_19932,μ̃_19930)","s(μ̃_19931,μ̃_19932)","I(μ̃_19931,μ̃_19930)","μ̃,μ̃",;,"114,114",114 × 114,103968,1.20791
3,79,Tensor,leaf,C,15429,,,2207664,2207664,456064344,1370120192,275958,,,,,"C(i_2,i_1,μ̃_19930;a_4i_1i_2)","C(i_2,i_1,μ̃_19930;a_4i_1i_2)",,,,"i,i,μ̃,a",";;;i_1,i_2","7,7,114,",7 × 7 × 114 × ?,,
3,79,Product,intermediate,I,42890375,125584,2207664,2226240,2226240,456064344,1370120192,278280,,,,,"I(μ̃_19931,μ̃_19930) * C(i_2,i_1,μ̃_19930;a_4i_1i_2) -> I(i_2,i_1,μ̃_19931;a_4i_1i_2)","I(i_2,i_1,μ̃_19931;a_4i_1i_2)","I(μ̃_19931,μ̃_19930)","C(i_2,i_1,μ̃_19930;a_4i_1i_2)","I(i_2,i_1,μ̃_19931;a_4i_1i_2)","i,i,μ̃,a",";;;i_1,i_2","7,7,114,",7 × 7 × 114 × ?,,
3,79,Tensor,leaf,C,10758,,,2207664,2207664,456064344,1370120192,275958,,,,,"C(i_2,i_1,μ̃_19931;a_1i_1i_2)","C(i_2,i_1,μ̃_19931;a_1i_1i_2)",,,,"i,i,μ̃,a",";;;i_1,i_2","7,7,114,",7 × 7 × 114 × ?,,
3,79,Product,intermediate,I,3750834,2226240,2207664,792440,792440,456064344,1370120192,99055,,,,,"I(i_2,i_1,μ̃_19931;a_4i_1i_2) * C(i_2,i_1,μ̃_19931;a_1i_1i_2) -> I(i_2,i_1;a_1i_1i_2,a_4i_1i_2)","I(i_2,i_1;a_1i_1i_2,a_4i_1i_2)","I(i_2,i_1,μ̃_19931;a_4i_1i_2)","C(i_2,i_1,μ̃_19931;a_1i_1i_2)","I(i_2,i_1;a_1i_1i_2,a_4i_1i_2)","i,i,a,a",";;i_1,i_2;i_1,i_2","7,7,,",7 × 7 × ? × ?,,
3,79,Tensor,leaf,t,2847,,,792440,792440,456064344,1370120192,99055,,,,,"t(i_1,i_2;a_4i_1i_2,a_2i_1i_2)","t(i_1,i_2;a_4i_1i_2,a_2i_1i_2)",,,,"i,i,a,a",";;i_1,i_2;i_1,i_2","7,7,,",7 × 7 × ? × ?,,
3,79,Product,intermediate,I,1009537,792440,792440,792440,792440,456064344,1370120192,99055,,,,,"I(i_2,i_1;a_1i_1i_2,a_4i_1i_2) * t(i_1,i_2;a_4i_1i_2,a_2i_1i_2) -> I(i_2,i_1;a_1i_1i_2,a_2i_1i_2)","I(i_2,i_1;a_1i_1i_2,a_2i_1i_2)","I(i_2,i_1;a_1i_1i_2,a_4i_1i_2)","t(i_1,i_2;a_4i_1i_2,a_2i_1i_2)","I(i_2,i_1;a_1i_1i_2,a_2i_1i_2)","i,i,a,a",";;i_1,i_2;i_1,i_2","7,7,,",7 × 7 × ? × ?,,
3,79,Constant,constant,_const,1363,,,8,8,456064344,1370120192,1,,,,,-4,-4,,,,,,,scalar,8,1
3,79,Product,residual,R,89733,792440,8,792440,792440,456064344,1370120192,99055,,,,,"I(i_2,i_1;a_1i_1i_2,a_2i_1i_2) * -4 -> R(i_2,i_1;a_1i_1i_2,a_2i_1i_2)","R(i_2,i_1;a_1i_1i_2,a_2i_1i_2)","I(i_2,i_1;a_1i_1i_2,a_2i_1i_2)",-4,"R(i_2,i_1;a_1i_1i_2,a_2i_1i_2)","i,i,a,a",";;i_1,i_2;i_1,i_2","7,7,,",7 × 7 × ? × ?,,
3,79,Permute,residual,R,103978,,,792440,792440,456064344,1370120192,99055,,,,,"R(i_2,i_1;a_1i_1i_2,a_2i_1i_2)","R(i_2,i_1;a_1i_1i_2,a_2i_1i_2)",,,,"i,i,a,a",";;i_1,i_2;i_1,i_2","7,7,,",7 × 7 × ? × ?,,
3,80,Tensor,leaf,t,1607,,,792440,792440,456064344,1370120192,99055,,,,,"t(i_2,i_1;a_3i_1i_2,a_1i_1i_2)","t(i_2,i_1;a_3i_1i_2,a_1i_1i_2)",,,,"i,i,a,a",";;i_1,i_2;i_1,i_2","7,7,,",7 × 7 × ? × ?,,
3,80,Product,intermediate,I,1157348,792440,792440,792440,792440,456064344,1370120192,99055,,,,,"I(i_2,i_1;a_3i_1i_2,a_2i_1i_2) * t(i_2,i_1;a_3i_1i_2,a_1i_1i_2) -> I(i_1,i_2;a_2i_1i_2,a_1i_1i_2)","I(i_1,i_2;a_2i_1i_2,a_1i_1i_2)","I(i_2,i_1;a_3i_1i_2,a_2i_1i_2)","t(i_2,i_1;a_3i_1i_2,a_1i_1i_2)","I(i_1,i_2;a_2i_1i_2,a_1i_1i_2)","i,i,a,a",";;i_1,i_2;i_1,i_2","7,7,,",7 × 7 × ? × ?,,
3,80,Constant,constant,_const,864,,,8,8,456064344,1370120192,1,,,,,2,2,,,,,,,scalar,8,1
3,80,Product,residual,R,68466,792440,8,792440,792440,456064344,1370120192,99055,,,,,"I(i_1,i_2;a_2i_1i_2,a_1i_1i_2) * 2 -> R(i_1,i_2;a_2i_1i_2,a_1i_1i_2)","R(i_1,i_2;a_2i_1i_2,a_1i_1i_2)","I(i_1,i_2;a_2i_1i_2,a_1i_1i_2)",2,"R(i_1,i_2;a_2i_1i_2,a_1i_1i_2)","i,i,a,a",";;i_1,i_2;i_1,i_2","7,7,,",7 × 7 × ? × ?,,
3,80,Permute,residual,R,382070,,,792440,792440,456064344,1370120192,99055,,,,,"R(i_1,i_2;a_2i_1i_2,a_1i_1i_2)","R(i_1,i_2;a_2i_1i_2,a_1i_1i_2)",,,,"i,i,a,a",";;i_1,i_2;i_1,i_2","7,7,,",7 × 7 × ? × ?,,
3,81,Tensor,leaf,t,1541,,,792440,792440,456064344,1370120192,99055,,,,,"t(i_2,i_1;a_4i_1i_2,a_3i_1i_2)","t(i_2,i_1;a_4i_1i_2,a_3i_1i_2)",,,,"i,i,a,a",";;i_1,i_2;i_1,i_2","7,7,,",7 × 7 × ? × ?,,
3,81,Product,intermediate,I,226484644,223000800,792440,223000800,223000800,624906088,1403912192,27875100,,,,,"I(i_2,i_1,Κ_1;a_3i_1i_2,a_1i_1i_2) * t(i_2,i_1;a_4i_1i_2,a_3i_1i_2) -> I(i_2,i_1,Κ_1;a_1i_1i_2,a_4i_1i_2)","I(i_2,i_1,Κ_1;a_1i_1i_2,a_4i_1i_2)","I(i_2,i_1,Κ_1;a_3i_1i_2,a_1i_1i_2)","t(i_2,i_1;a_4i_1i_2,a_3i_1i_2)","I(i_2,i_1,Κ_1;a_1i_1i_2,a_4i_1i_2)","i,i,Κ,a,a",";;;i_1,i_2;i_1,i_2","7,7,282,,",7 × 7 × 282 × ? × ?,,
3,81,Product,residual,R,322040545,223000800,223000800,792440,792440,624906088,1403912192,99055,,,,,"I(i_2,i_1,Κ_1;a_1i_1i_2,a_4i_1i_2) * I(i_2,i_1,Κ_1;a_4i_1i_2,a_2i_1i_2) -> R(i_2,i_1;a_2i_1i_2,a_1i_1i_2)","R(i_2,i_1;a_2i_1i_2,a_1i_1i_2)","I(i_2,i_1,Κ_1;a_1i_1i_2,a_4i_1i_2)","I(i_2,i_1,Κ_1;a_4i_1i_2,a_2i_1i_2)","R(i_2,i_1;a_2i_1i_2,a_1i_1i_2)","i,i,a,a",";;i_1,i_2;i_1,i_2","7,7,,",7 × 7 × ? × ?,,
3,81,Permute,residual,R,618416,,,792440,792440,624906088,1403912192,99055,,,,,"R(i_2,i_1;a_2i_1i_2,a_1i_1i_2)","R(i_2,i_1;a_2i_1i_2,a_1i_1i_2)",,,,"i,i,a,a",";;i_1,i_2;i_1,i_2","7,7,,",7 × 7 × ? × ?,,
3,82,Tensor,leaf,f,42428,,,432,432,432,1403912192,54,0,0.0,0.0,0.0,"f(μ̃_19592,i_1)","f(μ̃_19592,i_1)",,,,"μ̃,i",;,"114,7",114 × 7,6384,0.0676692
3,82,Tensor,leaf,C,10651,,,481264,481264,481264,1403912192,60158,,,,,"C(i_1,μ̃_19592;a_1i_1)","C(i_1,μ̃_19592;a_1i_1)",,,,"i,μ̃,a",;;i_1,"7,114,",7 × 114 × ?,,
3,82,Product,intermediate,I,358002,432,481264,376,376,482072,1403912192,47,,,,,"f(μ̃_19592,i_1) * C(i_1,μ̃_19592;a_1i_1) -> I(i_1;a_1i_1)",I(i_1;a_1i_1),"f(μ̃_19592,i_1)","C(i_1,μ̃_19592;a_1i_1)",I(i_1;a_1i_1),"i,a",;i_1,"7,",7 × ?,,
3,82,Tensor,leaf,t,1841,,,5488,5488,482072,1403912192,686,,,,,t(i_1;a_1i_1),t(i_1;a_1i_1),,,,"i,a",;i_1,"7,",7 × ?,,
3,82,Product,scalar,Z,58867,376,5488,8,8,482072,1403912192,1,,,,,I(i_1;a_1i_1) * t(i_1;a_1i_1) -> Z,Z,I(i_1;a_1i_1),t(i_1;a_1i_1),Z,,,,scalar,8,1
3,82,Constant,constant,_const,1288,,,8,8,482072,1403912192,1,,,,,2,2,,,,,,,scalar,8,1
3,82,Product,scalar,E,1021,8,8,8,8,482072,1403912192,1,,,,,Z * 2 -> E,E,Z,2,E,,,,scalar,8,1
3,83,Tensor,leaf,g,12772,,,1843152,1843152,1843152,1403912192,230394,225036,-13.713518793894858,9.824790694343461,0.192547847698342,"g(μ̃_19593,i_1,Κ_1)","g(μ̃_19593,i_1,Κ_1)",,,,"μ̃,i,Κ",;;,"114,7,282",114 × 7 × 282,1800288,1.02381
3,83,Tensor,leaf,C,24801,,,2207664,2207664,2207664,1403912192,275958,,,,,"C(i_2,i_1,μ̃_19593;a_1i_1i_2)","C(i_2,i_1,μ̃_19593;a_1i_1i_2)",,,,"i,i,μ̃,a",";;;i_1,i_2","7,7,114,",7 × 7 × 114 × ?,,
3,83,Product,intermediate,I,20250622,1843152,2207664,5490816,5490816,9541632,1403912192,686352,,,,,"g(μ̃_19593,i_1,Κ_1) * C(i_2,i_1,μ̃_19593;a_1i_1i_2) -> I(i_2,i_1,Κ_1;a_1i_1i_2)","I(i_2,i_1,Κ_1;a_1i_1i_2)","g(μ̃_19593,i_1,Κ_1)","C(i_2,i_1,μ̃_19593;a_1i_1i_2)","I(i_2,i_1,Κ_1;a_1i_1i_2)","i,i,Κ,a",";;;i_1,i_2","7,7,282,",7 × 7 × 282 × ?,,
3,83,Tensor,leaf,g,16429,,,1843152,1843152,9541632,1403912192,230394,225036,-13.713518793894858,9.824790694343461,0.192547847698342,"g(μ̃_19594,i_2,Κ_1)","g(μ̃_19594,i_2,Κ_1)",,,,"μ̃,i,Κ",;;,"114,7,282",114 × 7 × 282,1800288,1.02381
3,83,Product,intermediate,I,16859887,5490816,1843152,2226240,2226240,9560208,1403912192,278280,,,,,"I(i_2,i_1,Κ_1;a_1i_1i_2) * g(μ̃_19594,i_2,Κ_1) -> I(i_2,i_1,μ̃_19594;a_1i_1i_2)","I(i_2,i_1,μ̃_19594;a_1i_1i_2)","I(i_2,i_1,Κ_1;a_1i_1i_2)","g(μ̃_19594,i_2,Κ_1)","I(i_2,i_1,μ̃_19594;a_1i_1i_2)","i,i,μ̃,a",";;;i_1,i_2","7,7,114,",7 × 7 × 114 × ?,,
3,83,Tensor,leaf,C,30067,,,2207664,2207664,9560208,1403912192,275958,,,,,"C(i_2,i_1,μ̃_19594;a_2i_1i_2)","C(i_2,i_1,μ̃_19594;a_2i_1i_2)",,,,"i,i,μ̃,a",";;;i_1,i_2","7,7,114,",7 × 7 × 114 × ?,,
3,83,Product,intermediate,I,4829873,2226240,2207664,792440,792440,9560208,1403912192,99055,,,,,"I(i_2,i_1,μ̃_19594;a_1i_1i_2) * C(i_2,i_1,μ̃_19594;a_2i_1i_2) -> I(i_2,i_1;a_2i_1i_2,a_1i_1i_2)","I(i_2,i_1;a_2i_1i_2,a_1i_1i_2)","I(i_2,i_1,μ̃_19594;a_1i_1i_2)","C(i_2,i_1,μ̃_19594;a_2i_1i_2)","I(i_2,i_1;a_2i_1i_2,a_1i_1i_2)","i,i,a,a",";;i_1,i_2;i_1,i_2","7,7,,",7 × 7 × ? × ?,,
3,83,Tensor,leaf,t,2569,,,792440,792440,9560208,1403912192,99055,,,,,"t(i_1,i_2;a_2i_1i_2,a_1i_1i_2)","t(i_1,i_2;a_2i_1i_2,a_1i_1i_2)",,,,"i,i,a,a",";;i_1,i_2;i_1,i_2","7,7,,",7 × 7 × ? × ?,,
3,83,Product,scalar,Z,246521,792440,792440,8,8,9560208,1403912192,1,,,,,"I(i_2,i_1;a_2i_1i_2,a_1i_1i_2) * t(i_1,i_2;a_2i_1i_2,a_1i_1i_2) -> Z",Z,"I(i_2,i_1;a_2i_1i_2,a_1i_1i_2)","t(i_1,i_2;a_2i_1i_2,a_1i_1i_2)",Z,,,,scalar,8,1
3,83,Constant,constant,_const,1447,,,8,8,9560208,1403912192,1,,,,,-1,-1,,,,,,,scalar,8,1
3,83,Product,scalar,E,782,8,8,8,8,9560208,1403912192,1,,,,,Z * -1 -> E,E,Z,-1,E,,,,scalar,8,1
3,83,SumInplace,scalar,E,401,,,8,0,9560208,1403912192,1,,,,,E,E,,,,,,,scalar,8,1
3,84,Tensor,leaf,g,12097,,,1843152,1843152,9560208,1403912192,230394,225036,-13.713518793894858,9.824790694343461,0.192547847698342,"g(μ̃_19595,i_1,Κ_1)","g(μ̃_19595,i_1,Κ_1)",,,,"μ̃,i,Κ",;;,"114,7,282",114 × 7 × 282,1800288,1.02381
3,84,Tensor,leaf,C,30460,,,2207664,2207664,9560208,1403912192,275958,,,,,"C(i_2,i_1,μ̃_19595;a_1i_1i_2)","C(i_2,i_1,μ̃_19595;a_1i_1i_2)",,,,"i,i,μ̃,a",";;;i_1,i_2","7,7,114,",7 × 7 × 114 × ?,,
3,84,Product,intermediate,I,20269831,1843152,2207664,5490816,5490816,9560208,1403912192,686352,,,,,"g(μ̃_19595,i_1,Κ_1) * C(i_2,i_1,μ̃_19595;a_1i_1i_2) -> I(i_2,i_1,Κ_1;a_1i_1i_2)","I(i_2,i_1,Κ_1;a_1i_1i_2)","g(μ̃_19595,i_1,Κ_1)","C(i_2,i_1,μ̃_19595;a_1i_1i_2)","I(i_2,i_1,Κ_1;a_1i_1i_2)","i,i,Κ,a",";;;i_1,i_2","7,7,282,",7 × 7 × 282 × ?,,
3,84,Tensor,leaf,g,30910,,,1843152,1843152,9560208,1403912192,230394,225036,-13.713518793894858,9.824790694343461,0.192547847698342,"g(μ̃_19596,i_2,Κ_1)","g(μ̃_19596,i_2,Κ_1)",,,,"μ̃,i,Κ",;;,"114,7,282",114 × 7 × 282,1800288,1.02381
3,84,Product,intermediate,I,16592362,5490816,1843152,2226240,2226240,9560208,1403912192,278280,,,,,"I(i_2,i_1,Κ_1;a_1i_1i_2) * g(μ̃_19596,i_2,Κ_1) -> I(i_2,i_1,μ̃_19596;a_1i_1i_2)","I(i_2,i_1,μ̃_19596;a_1i_1i_2)","I(i_2,i_1,Κ_1;a_1i_1i_2)","g(μ̃_19596,i_2,Κ_1)","I(i_2,i_1,μ̃_19596;a_1i_1i_2)","i,i,μ̃,a",";;;i_1,i_2","7,7,114,",7 × 7 × 114 × ?,,
3,84,Tensor,leaf,C,20088,,,2207664,2207664,9560208,1403912192,275958,,,,,"C(i_2,i_1,μ̃_19596;a_2i_1i_2)","C(i_2,i_1,μ̃_19596;a_2i_1i_2)",,,,"i,i,μ̃,a",";;;i_1,i_2","7,7,114,",7 × 7 × 114 × ?,,
3,84,Product,intermediate,I,4257916,2226240,2207664,792440,792440,9560208,1403912192,99055,,,,,"I(i_2,i_1,μ̃_19596;a_1i_1i_2) * C(i_2,i_1,μ̃_19596;a_2i_1i_2) -> I(i_2,i_1;a_2i_1i_2,a_1i_1i_2)","I(i_2,i_1;a_2i_1i_2,a_1i_1i_2)","I(i_2,i_1,μ̃_19596;a_1i_1i_2)","C(i_2,i_1,μ̃_19596;a_2i_1i_2)","I(i_2,i_1;a_2i_1i_2,a_1i_1i_2)","i,i,a,a",";;i_1,i_2;i_1,i_2","7,7,,",7 × 7 × ? × ?,,
3,84,Tensor,leaf,t,2220,,,792440,792440,9560208,1403912192,99055,,,,,"t(i_2,i_1;a_2i_1i_2,a_1i_1i_2)","t(i_2,i_1;a_2i_1i_2,a_1i_1i_2)",,,,"i,i,a,a",";;i_1,i_2;i_1,i_2","7,7,,",7 × 7 × ? × ?,,
3,84,Product,scalar,Z,289929,792440,792440,8,8,9560208,1403912192,1,,,,,"I(i_2,i_1;a_2i_1i_2,a_1i_1i_2) * t(i_2,i_1;a_2i_1i_2,a_1i_1i_2) -> Z",Z,"I(i_2,i_1;a_2i_1i_2,a_1i_1i_2)","t(i_2,i_1;a_2i_1i_2,a_1i_1i_2)",Z,,,,scalar,8,1
3,84,Constant,constant,_const,1071,,,8,8,9560208,1403912192,1,,,,,2,2,,,,,,,scalar,8,1
3,84,Product,scalar,E,844,8,8,8,8,9560208,1403912192,1,,,,,Z * 2 -> E,E,Z,2,E,,,,scalar,8,1
3,84,SumInplace,scalar,E,653,,,8,0,9560208,1403912192,1,,,,,E,E,,,,,,,scalar,8,1
3,85,Tensor,leaf,g,12109,,,1843152,1843152,9560208,1403912192,230394,225036,-13.713518793894858,9.824790694343461,0.192547847698342,"g(μ̃_19597,i_1,Κ_1)","g(μ̃_19597,i_1,Κ_1)",,,,"μ̃,i,Κ",;;,"114,7,282",114 × 7 × 282,1800288,1.02381
3,85,Tensor,leaf,C,11939,,,481264,481264,9560208,1403912192,60158,,,,,"C(i_2,μ̃_19597;a_1i_2)","C(i_2,μ̃_19597;a_1i_2)",,,,"i,μ̃,a",;;i_2,"7,114,",7 × 114 × ?,,
3,85,Tensor,leaf,t,1174,,,5488,5488,9560208,1403912192,686,,,,,t(i_2;a_1i_2),t(i_2;a_1i_2),,,,"i,a",;i_2,"7,",7 × ?,,
3,85,Product,intermediate,I,820931,481264,5488,12064,12064,9560208,1403912192,1508,744,0.6506112956676187,0.1255604898352605,0.10242871752972808,"C(i_2,μ̃_19597;a_1i_2) * t(i_2;a_1i_2) -> I(μ̃_19597,i_2)","I(μ̃_19597,i_2)","C(i_2,μ̃_19597;a_1i_2)",t(i_2;a_1i_2),"I(μ̃_19597,i_2)","μ̃,i",;,"114,7",114 × 7,6384,1.88972
3,85,Product,intermediate,I,2467899,1843152,12064,121536,121536,9560208,1403912192,15192,13818,-0.0009080375644060633,0.00012042407832107262,0.0015521348345011218,"g(μ̃_19597,i_1,Κ_1) * I(μ̃_19597,i_2) -> I(i_1,i_2,Κ_1)","I(i_1,i_2,Κ_1)","g(μ̃_19597,i_1,Κ_1)","I(μ̃_19597,i_2)","I(i_1,i_2,Κ_1)","i,i,Κ",;;,"7,7,282",7 × 7 × 282,110544,1.09944
3,85,Tensor,leaf,g,11073,,,1843152,1843152,9560208,1403912192,230394,225036,-13.713518793894858,9.824790694343461,0.192547847698342,"g(μ̃_19598,i_2,Κ_1)","g(μ̃_19598,i_2,Κ_1)",,,,"μ̃,i,Κ",;;,"114,7,282",114 × 7 × 282,1800288,1.02381
3,85,Product,intermediate,I,2161499,121536,1843152,12064,12064,9560208,1403912192,1508,798,0.006906872356648913,2.368117701114542e-05,0.0008517240526051789,"I(i_1,i_2,Κ_1) * g(μ̃_19598,i_2,Κ_1) -> I(i_1,μ̃_19598)","I(i_1,μ̃_19598)","I(i_1,i_2,Κ_1)","g(μ̃_19598,i_2,Κ_1)","I(i_1,μ̃_19598)","i,μ̃",;,"7,114",7 × 114,6384,1.88972
3,85,Tensor,leaf,C,27552,,,481264,481264,9560208,1403912192,60158,,,,,"C(i_1,μ̃_19598;a_2i_1)","C(i_1,μ̃_19598;a_2i_1)",,,,"i,μ̃,a",;;i_1,"7,114,",7 × 114 × ?,,
3,85,Product,intermediate,I,696607,12064,481264,5488,5488,9560208,1403912192,686,,,,,"I(i_1,μ̃_19598) * C(i_1,μ̃_19598;a_2i_1) -> I(i_1;a_2i_1)",I(i_1;a_2i_1),"I(i_1,μ̃_19598)","C(i_1,μ̃_19598;a_2i_1)",I(i_1;a_2i_1),"i,a",;i_1,"7,",7 × ?,,
3,85,Tensor,leaf,t,1724,,,5488,5488,9560208,1403912192,686,,,,,t(i_1;a_2i_1),t(i_1;a_2i_1),,,,"i,a",;i_1,"7,",7 × ?,,
3,85,Product,scalar,Z,78904,5488,5488,8,8,9560208,1403912192,1,,,,,I(i_1;a_2i_1) * t(i_1;a_2i_1) -> Z,Z,I(i_1;a_2i_1),t(i_1;a_2i_1),Z,,,,scalar,8,1
3,85,Constant,constant,_const,992,,,8,8,9560208,1403912192,1,,,,,-1,-1,,,,,,,scalar,8,1
3,85,Product,scalar,E,566,8,8,8,8,9560208,1403912192,1,,,,,Z * -1 -> E,E,Z,-1,E,,,,scalar,8,1
3,85,SumInplace,scalar,E,350,,,8,0,9560208,1403912192,1,,,,,E,E,,,,,,,scalar,8,1
3,86,Tensor,leaf,g,10914,,,1843152,1843152,9560208,1403912192,230394,225036,-13.713518793894858,9.824790694343461,0.192547847698342,"g(μ̃_19599,i_1,Κ_1)","g(μ̃_19599,i_1,Κ_1)",,,,"μ̃,i,Κ",;;,"114,7,282",114 × 7 × 282,1800288,1.02381
3,86,Tensor,leaf,C,11951,,,481264,481264,9560208,1403912192,60158,,,,,"C(i_1,μ̃_19599;a_1i_1)","C(i_1,μ̃_19599;a_1i_1)",,,,"i,μ̃,a",;;i_1,"7,114,",7 × 114 × ?,,
3,86,Tensor,leaf,t,1406,,,5488,5488,9560208,1403912192,686,,,,,t(i_1;a_1i_1),t(i_1;a_1i_1),,,,"i,a",;i_1,"7,",7 × ?,,
3,86,Product,intermediate,I,821519,481264,5488,12064,12064,9560208,1403912192,1508,744,0.6506112956676187,0.1255604898352605,0.10242871752972808,"C(i_1,μ̃_19599;a_1i_1) * t(i_1;a_1i_1) -> I(μ̃_19599,i_1)","I(μ̃_19599,i_1)","C(i_1,μ̃_19599;a_1i_1)",t(i_1;a_1i_1),"I(μ̃_19599,i_1)","μ̃,i",;,"114,7",114 × 7,6384,1.88972
3,86,Product,intermediate,I,1394820,1843152,12064,5280,5280,9560208,1403912192,660,282,0.014975755770863713,7.784096930876594e-05,0.002903967309902395,"g(μ̃_19599,i_1,Κ_1) * I(μ̃_19599,i_1) -> I(Κ_1)",I(Κ_1),"g(μ̃_19599,i_1,Κ_1)","I(μ̃_19599,i_1)",I(Κ_1),Κ,,282,282,2256,2.34043
3,86,Tensor,leaf,g,10615,,,1843152,1843152,9560208,1403912192,230394,225036,-13.713518793894858,9.824790694343461,0.192547847698342,"g(μ̃_19600,i_2,Κ_1)","g(μ̃_19600,i_2,Κ_1)",,,,"μ̃,i,Κ",;;,"114,7,282",114 × 7 × 282,1800288,1.02381
3,86,Tensor,leaf,C,23924,,,481264,481264,9560208,1403912192,60158,,,,,"C(i_2,μ̃_19600;a_2i_2)","C(i_2,μ̃_19600;a_2i_2)",,,,"i,μ̃,a",;;i_2,"7,114,",7 × 114 × ?,,
3,86,Tensor,leaf,t,1887,,,5488,5488,9560208,1403912192,686,,,,,t(i_2;a_2i_2),t(i_2;a_2i_2),,,,"i,a",;i_2,"7,",7 × ?,,
3,86,Product,intermediate,I,771019,481264,5488,12064,12064,9560208,1403912192,1508,744,0.6506112956676187,0.1255604898352605,0.10242871752972808,"C(i_2,μ̃_19600;a_2i_2) * t(i_2;a_2i_2) -> I(μ̃_19600,i_2)","I(μ̃_19600,i_2)","C(i_2,μ̃_19600;a_2i_2)",t(i_2;a_2i_2),"I(μ̃_19600,i_2)","μ̃,i",;,"114,7",114 × 7,6384,1.88972
3,86,Product,intermediate,I,1428952,1843152,12064,5280,5280,9560208,1403912192,660,282,0.014975755770863712,7.784096930876594e-05,0.002903967309902395,"g(μ̃_19600,i_2,Κ_1) * I(μ̃_19600,i_2) -> I(Κ_1)",I(Κ_1),"g(μ̃_19600,i_2,Κ_1)","I(μ̃_19600,i_2)",I(Κ_1),Κ,,282,282,2256,2.34043
3,86,Product,scalar,Z,115834,5280,5280,8,8,9560208,1403912192,1,,,,,I(Κ_1) * I(Κ_1) -> Z,Z,I(Κ_1),I(Κ_1),Z,,,,scalar,8,1
3,86,Constant,constant,_const,1108,,,8,8,9560208,1403912192,1,,,,,2,2,,,,,,,scalar,8,1
3,86,Product,scalar,E,474,8,8,8,8,9560208,1403912192,1,,,,,Z * 2 -> E,E,Z,2,E,,,,scalar,8,1
3,86,SumInplace,scalar,E,282,,,8,0,9560208,1403912192,1,,,,,E,E,,,,,,,scalar,8,1
