iter,term_idx,step_kind,kind,label,time_ns,left_B,right_B,result_B,alloc_B,hw_B,rss_B,nnz,checksum_nnz,checksum_sum,checksum_sumsq,checksum_max_abs,expr,target_expr,op_lhs,op_rhs,intermediate_label,index_labels,csv_pair_indices,shape_dense,shape_repr,dense_bytes,sparsity
1,1,Tensor,leaf,g,63598373,,,121536,121536,121536,345354240,15192,13818,10.313570711990552,5.229066732803696,0.3618052751837735,"g(i_2,i_1,Κ_1)","g(i_2,i_1,Κ_1)",,,,"i,i,Κ",;;,"7,7,282",7 × 7 × 282,110544,1.09944
1,1,Tensor,leaf,g,395820365,,,29489328,29489328,29489328,392900608,3686166,3664872,328.03408291046196,123.92989425956745,0.8503952014554764,"g(μ̃_19601,μ̃_19602,Κ_1)","g(μ̃_19601,μ̃_19602,Κ_1)",,,,"μ̃,μ̃,Κ",;;,"114,114,282",114 × 114 × 282,29318976,1.00581
1,1,Product,intermediate,I,84527685,121536,29489328,5179792,5179792,34790656,395063296,647474,636804,319.3017663066169,132.60778349602762,0.700024902177669,"g(i_2,i_1,Κ_1) * g(μ̃_19601,μ̃_19602,Κ_1) -> I(i_1,i_2,μ̃_19602,μ̃_19601)","I(i_1,i_2,μ̃_19602,μ̃_19601)","g(i_2,i_1,Κ_1)","g(μ̃_19601,μ̃_19602,Κ_1)","I(i_1,i_2,μ̃_19602,μ̃_19601)","i,i,μ̃,μ̃",;;;,"7,7,114,114",7 × 7 × 114 × 114,5094432,1.01676
1,1,Tensor,leaf,C,18718,,,481264,481264,34790656,395063296,60158,55674,23856.23808923302,118674620.50711954,1176.0636923303477,"C(i_2,μ̃_19602;a_2i_2)","C(i_2,μ̃_19602;a_2i_2)",,,,"i,μ̃,a",;;i_2,"7,114,",7 × 114 × ?,,
1,1,Tensor,leaf,t,1658,,,376,376,34790656,395063296,47,0,0.0,0.0,0.0,t(i_2;a_2i_2),t(i_2;a_2i_2),,,,"i,a",;i_2,"7,",7 × ?,,
1,1,Product,intermediate,I,7023602,481264,376,432,432,34790656,395063296,54,0,0.0,0.0,0.0,"C(i_2,μ̃_19602;a_2i_2) * t(i_2;a_2i_2) -> I(μ̃_19602,i_2)","I(μ̃_19602,i_2)","C(i_2,μ̃_19602;a_2i_2)",t(i_2;a_2i_2),"I(μ̃_19602,i_2)","μ̃,i",;,"114,7",114 × 7,6384,0.0676692
1,1,Product,intermediate,I,407279,5179792,432,432,432,34790656,395063296,54,0,0.0,0.0,0.0,"I(i_1,i_2,μ̃_19602,μ̃_19601) * I(μ̃_19602,i_2) -> I(i_1,μ̃_19601)","I(i_1,μ̃_19601)","I(i_1,i_2,μ̃_19602,μ̃_19601)","I(μ̃_19602,i_2)","I(i_1,μ̃_19601)","i,μ̃",;,"7,114",7 × 114,6384,0.0676692
1,1,Tensor,leaf,C,8550,,,481264,481264,34790656,395063296,60158,55674,23856.23808923302,118674620.50711954,1176.0636923303477,"C(i_1,μ̃_19601;a_1i_1)","C(i_1,μ̃_19601;a_1i_1)",,,,"i,μ̃,a",;;i_1,"7,114,",7 × 114 × ?,,
1,1,Product,intermediate,I,3035719,432,481264,376,376,34790656,395063296,47,0,0.0,0.0,0.0,"I(i_1,μ̃_19601) * C(i_1,μ̃_19601;a_1i_1) -> I(i_1;a_1i_1)",I(i_1;a_1i_1),"I(i_1,μ̃_19601)","C(i_1,μ̃_19601;a_1i_1)",I(i_1;a_1i_1),"i,a",;i_1,"7,",7 × ?,,
1,1,Constant,constant,_const,1928,,,8,8,34790656,395063296,1,,,,,-1,-1,,,,,,,scalar,8,1
1,1,Product,residual,R,52600,376,8,376,376,34790656,395063296,47,0,0.0,0.0,0.0,I(i_1;a_1i_1) * -1 -> R(i_1;a_1i_1),R(i_1;a_1i_1),I(i_1;a_1i_1),-1,R(i_1;a_1i_1),"i,a",;i_1,"7,",7 × ?,,
1,1,Permute,residual,R,85494,,,376,376,34790656,395063296,47,,,,,R(i_1;a_1i_1),R(i_1;a_1i_1),,,,"i,a",;i_1,"7,",7 × ?,,
1,2,Tensor,leaf,g,23810856,,,1843152,1843152,34790656,396685312,230394,225036,-13.7135187938935,9.824790694343452,0.19254784769834188,"g(μ̃_19609,i_2,Κ_1)","g(μ̃_19609,i_2,Κ_1)",,,,"μ̃,i,Κ",;;,"114,7,282",114 × 7 × 282,1800288,1.02381
1,2,Tensor,leaf,g,31580,,,1843152,1843152,34790656,396685312,230394,225036,-13.7135187938935,9.824790694343452,0.19254784769834188,"g(μ̃_19610,i_3,Κ_1)","g(μ̃_19610,i_3,Κ_1)",,,,"μ̃,i,Κ",;;,"114,7,282",114 × 7 × 282,1800288,1.02381
1,2,Product,intermediate,I,37934250,1843152,1843152,5179792,5179792,34790656,397496320,647474,636804,27.01493957359407,3.0468014162183006,0.11361118772547729,"g(μ̃_19609,i_2,Κ_1) * g(μ̃_19610,i_3,Κ_1) -> I(i_3,i_2,μ̃_19610,μ̃_19609)","I(i_3,i_2,μ̃_19610,μ̃_19609)","g(μ̃_19609,i_2,Κ_1)","g(μ̃_19610,i_3,Κ_1)","I(i_3,i_2,μ̃_19610,μ̃_19609)","i,i,μ̃,μ̃",;;;,"7,7,114,114",7 × 7 × 114 × 114,5094432,1.01676
1,2,Tensor,leaf,C,15727,,,2207664,2207664,34790656,397496320,275958,246870,-5695.615034274957,223631163.21246105,731.2730436956697,"C(i_2,i_1,μ̃_19609;a_2i_1i_2)","C(i_2,i_1,μ̃_19609;a_2i_1i_2)",,,,"i,i,μ̃,a",";;;i_1,i_2","7,7,114,",7 × 7 × 114 × ?,,
1,2,Product,intermediate,I,74121455,5179792,2207664,15528352,15528352,34790656,405340160,1941044,1742832,1.9839101028915633,11.466025220653759,0.07344893725374124,"I(i_3,i_2,μ̃_19610,μ̃_19609) * C(i_2,i_1,μ̃_19609;a_2i_1i_2) -> I(i_1,i_3,i_2,μ̃_19610;a_2i_1i_2)","I(i_1,i_3,i_2,μ̃_19610;a_2i_1i_2)","I(i_3,i_2,μ̃_19610,μ̃_19609)","C(i_2,i_1,μ̃_19609;a_2i_1i_2)","I(i_1,i_3,i_2,μ̃_19610;a_2i_1i_2)","i,i,i,μ̃,a",";;;;i_1,i_2","7,7,7,114,",7 × 7 × 7 × 114 × ?,,
1,2,Tensor,leaf,C,13119,,,2207664,2207664,34790656,405340160,275958,246870,-5695.615034274957,223631163.21246105,731.2730436956697,"C(i_2,i_1,μ̃_19610;a_3i_1i_2)","C(i_2,i_1,μ̃_19610;a_3i_1i_2)",,,,"i,i,μ̃,a",";;;i_1,i_2","7,7,114,",7 × 7 × 114 × ?,,
1,2,Product,intermediate,I,21641970,15528352,2207664,5538232,5538232,34790656,408313856,692279,690186,52.29131249547204,6.735165161897372,0.06952838378309341,"I(i_1,i_3,i_2,μ̃_19610;a_2i_1i_2) * C(i_2,i_1,μ̃_19610;a_3i_1i_2) -> I(i_1,i_3,i_2;a_3i_1i_2,a_2i_1i_2)","I(i_1,i_3,i_2;a_3i_1i_2,a_2i_1i_2)","I(i_1,i_3,i_2,μ̃_19610;a_2i_1i_2)","C(i_2,i_1,μ̃_19610;a_3i_1i_2)","I(i_1,i_3,i_2;a_3i_1i_2,a_2i_1i_2)","i,i,i,a,a",";;;i_1,i_2;i_1,i_2","7,7,7,,",7 × 7 × 7 × ? × ?,,
1,2,Tensor,leaf,t,2815,,,384,384,34790656,408313856,48,0,0.0,0.0,0.0,"t(i_2,i_1;a_3i_1i_2,a_2i_1i_2)","t(i_2,i_1;a_3i_1i_2,a_2i_1i_2)",,,,"i,i,a,a",";;i_1,i_2;i_1,i_2","7,7,,",7 × 7 × ? × ?,,
1,2,Product,intermediate,I,469394,5538232,384,384,384,34790656,408313856,48,0,0.0,0.0,0.0,"I(i_1,i_3,i_2;a_3i_1i_2,a_2i_1i_2) * t(i_2,i_1;a_3i_1i_2,a_2i_1i_2) -> I(i_3,i_1)","I(i_3,i_1)","I(i_1,i_3,i_2;a_3i_1i_2,a_2i_1i_2)","t(i_2,i_1;a_3i_1i_2,a_2i_1i_2)","I(i_3,i_1)","i,i",;,"7,7",7 × 7,392,0.979592
1,2,Tensor,leaf,s,7877702,,,125584,125584,34790656,408313856,15698,12996,138.52037144982427,140.242752948763,0.9820999861813638,"s(μ̃_19611,μ̃_19612)","s(μ̃_19611,μ̃_19612)",,,,"μ̃,μ̃",;,"114,114",114 × 114,103968,1.20791
1,2,Product,intermediate,I,193932,125584,432,432,432,34790656,408313856,54,0,0.0,0.0,0.0,"s(μ̃_19611,μ̃_19612) * I(μ̃_19611,i_3) -> I(μ̃_19612,i_3)","I(μ̃_19612,i_3)","s(μ̃_19611,μ̃_19612)","I(μ̃_19611,i_3)","I(μ̃_19612,i_3)","μ̃,i",;,"114,7",114 × 7,6384,0.0676692
1,2,Product,intermediate,I,124610,384,432,432,432,34790656,408313856,54,0,0.0,0.0,0.0,"I(i_3,i_1) * I(μ̃_19612,i_3) -> I(μ̃_19612,i_1)","I(μ̃_19612,i_1)","I(i_3,i_1)","I(μ̃_19612,i_3)","I(μ̃_19612,i_1)","μ̃,i",;,"114,7",114 × 7,6384,0.0676692
1,2,Tensor,leaf,C,9359,,,481264,481264,34790656,408313856,60158,55674,23856.23808923302,118674620.50711954,1176.0636923303477,"C(i_1,μ̃_19612;a_1i_1)","C(i_1,μ̃_19612;a_1i_1)",,,,"i,μ̃,a",;;i_1,"7,114,",7 × 114 × ?,,
1,2,Product,residual,R,270128,432,481264,376,376,34790656,408313856,47,0,0.0,0.0,0.0,"I(μ̃_19612,i_1) * C(i_1,μ̃_19612;a_1i_1) -> R(i_1;a_1i_1)",R(i_1;a_1i_1),"I(μ̃_19612,i_1)","C(i_1,μ̃_19612;a_1i_1)",R(i_1;a_1i_1),"i,a",;i_1,"7,",7 × ?,,
1,2,Permute,residual,R,51928,,,376,376,34790656,408313856,47,,,,,R(i_1;a_1i_1),R(i_1;a_1i_1),,,,"i,a",;i_1,"7,",7 × ?,,
1,3,Tensor,leaf,C,8086,,,2207664,2207664,34790656,408313856,275958,246870,-5695.615034274957,223631163.21246105,731.2730436956697,"C(i_3,i_1,μ̃_19629;a_2i_1i_3)","C(i_3,i_1,μ̃_19629;a_2i_1i_3)",,,,"i,i,μ̃,a",";;;i_1,i_3","7,7,114,",7 × 7 × 114 × ?,,
1,3,Product,intermediate,I,53522370,5179792,2207664,15528352,15528352,34790656,411017216,1941044,1742832,4.379975354272513,10.994890266794195,0.07344893725374124,"I(i_3,i_2,μ̃_19630,μ̃_19629) * C(i_3,i_1,μ̃_19629;a_2i_1i_3) -> I(i_1,i_2,i_3,μ̃_19630;a_2i_1i_3)","I(i_1,i_2,i_3,μ̃_19630;a_2i_1i_3)","I(i_3,i_2,μ̃_19630,μ̃_19629)","C(i_3,i_1,μ̃_19629;a_2i_1i_3)","I(i_1,i_2,i_3,μ̃_19630;a_2i_1i_3)","i,i,i,μ̃,a",";;;;i_1,i_3","7,7,7,114,",7 × 7 × 7 × 114 × ?,,
1,3,Tensor,leaf,C,19193,,,2207664,2207664,34790656,411017216,275958,246870,-5695.615034274957,223631163.21246105,731.2730436956697,"C(i_3,i_1,μ̃_19630;a_3i_1i_3)","C(i_3,i_1,μ̃_19630;a_3i_1i_3)",,,,"i,i,μ̃,a",";;;i_1,i_3","7,7,114,",7 × 7 × 114 × ?,,
1,3,Product,intermediate,I,23206636,15528352,2207664,5538232,5538232,34790656,412639232,692279,690186,52.29131249552523,6.73516516189733,0.06952838378309315,"I(i_1,i_2,i_3,μ̃_19630;a_2i_1i_3) * C(i_3,i_1,μ̃_19630;a_3i_1i_3) -> I(i_1,i_2,i_3;a_2i_1i_3,a_3i_1i_3)","I(i_1,i_2,i_3;a_2i_1i_3,a_3i_1i_3)","I(i_1,i_2,i_3,μ̃_19630;a_2i_1i_3)","C(i_3,i_1,μ̃_19630;a_3i_1i_3)","I(i_1,i_2,i_3;a_2i_1i_3,a_3i_1i_3)","i,i,i,a,a",";;;i_1,i_3;i_1,i_3","7,7,7,,",7 × 7 × 7 × ? × ?,,
1,3,Tensor,leaf,t,2959,,,384,384,34790656,412639232,48,0,0.0,0.0,0.0,"t(i_3,i_1;a_3i_1i_3,a_2i_1i_3)","t(i_3,i_1;a_3i_1i_3,a_2i_1i_3)",,,,"i,i,a,a",";;i_1,i_3;i_1,i_3","7,7,,",7 × 7 × ? × ?,,
1,3,Product,intermediate,I,542785,5538232,384,384,384,34790656,412639232,48,0,0.0,0.0,0.0,"I(i_1,i_2,i_3;a_2i_1i_3,a_3i_1i_3) * t(i_3,i_1;a_3i_1i_3,a_2i_1i_3) -> I(i_2,i_1)","I(i_2,i_1)","I(i_1,i_2,i_3;a_2i_1i_3,a_3i_1i_3)","t(i_3,i_1;a_3i_1i_3,a_2i_1i_3)","I(i_2,i_1)","i,i",;,"7,7",7 × 7,392,0.979592
1,3,Product,intermediate,I,139046,384,432,432,432,34790656,412639232,54,0,0.0,0.0,0.0,"I(i_2,i_1) * I(μ̃_19632,i_2) -> I(μ̃_19632,i_1)","I(μ̃_19632,i_1)","I(i_2,i_1)","I(μ̃_19632,i_2)","I(μ̃_19632,i_1)","μ̃,i",;,"114,7",114 × 7,6384,0.0676692
1,3,Tensor,leaf,C,16148,,,481264,481264,34790656,412639232,60158,55674,23856.23808923302,118674620.50711954,1176.0636923303477,"C(i_1,μ̃_19632;a_1i_1)","C(i_1,μ̃_19632;a_1i_1)",,,,"i,μ̃,a",;;i_1,"7,114,",7 × 114 × ?,,
1,3,Product,intermediate,I,265051,432,481264,376,376,34790656,412639232,47,0,0.0,0.0,0.0,"I(μ̃_19632,i_1) * C(i_1,μ̃_19632;a_1i_1) -> I(i_1;a_1i_1)",I(i_1;a_1i_1),"I(μ̃_19632,i_1)","C(i_1,μ̃_19632;a_1i_1)",I(i_1;a_1i_1),"i,a",;i_1,"7,",7 × ?,,
1,3,Constant,constant,_const,1467,,,8,8,34790656,412639232,1,,,,,-2,-2,,,,,,,scalar,8,1
1,3,Product,residual,R,48877,376,8,376,376,34790656,412639232,47,0,0.0,0.0,0.0,I(i_1;a_1i_1) * -2 -> R(i_1;a_1i_1),R(i_1;a_1i_1),I(i_1;a_1i_1),-2,R(i_1;a_1i_1),"i,a",;i_1,"7,",7 × ?,,
1,3,Permute,residual,R,47380,,,376,376,34790656,412639232,47,,,,,R(i_1;a_1i_1),R(i_1;a_1i_1),,,,"i,a",;i_1,"7,",7 × ?,,
1,4,Tensor,leaf,g,11155,,,1843152,1843152,34790656,412639232,230394,225036,-13.7135187938935,9.824790694343452,0.19254784769834188,"g(μ̃_19621,i_2,Κ_1)","g(μ̃_19621,i_2,Κ_1)",,,,"μ̃,i,Κ",;;,"114,7,282",114 × 7 × 282,1800288,1.02381
1,4,Product,intermediate,I,230683,1843152,432,400,400,34790656,412639232,50,0,0.0,0.0,0.0,"g(μ̃_19621,i_2,Κ_1) * I(μ̃_19621,i_2) -> I(Κ_1)",I(Κ_1),"g(μ̃_19621,i_2,Κ_1)","I(μ̃_19621,i_2)",I(Κ_1),Κ,,282,282,2256,0.177305
1,4,Tensor,leaf,g,8591,,,1843152,1843152,34790656,412639232,230394,225036,-13.7135187938935,9.824790694343452,0.19254784769834188,"g(μ̃_19622,i_3,Κ_1)","g(μ̃_19622,i_3,Κ_1)",,,,"μ̃,i,Κ",;;,"114,7,282",114 × 7 × 282,1800288,1.02381
1,4,Product,intermediate,I,221918,400,1843152,432,432,34790656,412639232,54,0,0.0,0.0,0.0,"I(Κ_1) * g(μ̃_19622,i_3,Κ_1) -> I(i_3,μ̃_19622)","I(i_3,μ̃_19622)",I(Κ_1),"g(μ̃_19622,i_3,Κ_1)","I(i_3,μ̃_19622)","i,μ̃",;,"7,114",7 × 114,6384,0.0676692
1,4,Product,intermediate,I,112128,432,432,384,384,34790656,412639232,48,0,0.0,0.0,0.0,"I(i_3,μ̃_19622) * I(μ̃_19622,i_1) -> I(i_3,i_1)","I(i_3,i_1)","I(i_3,μ̃_19622)","I(μ̃_19622,i_1)","I(i_3,i_1)","i,i",;,"7,7",7 × 7,392,0.979592
1,4,Product,intermediate,I,120012,384,432,432,432,34790656,412639232,54,0,0.0,0.0,0.0,"I(i_3,i_1) * I(μ̃_19624,i_3) -> I(μ̃_19624,i_1)","I(μ̃_19624,i_1)","I(i_3,i_1)","I(μ̃_19624,i_3)","I(μ̃_19624,i_1)","μ̃,i",;,"114,7",114 × 7,6384,0.0676692
1,4,Tensor,leaf,C,8829,,,481264,481264,34790656,412639232,60158,55674,23856.23808923302,118674620.50711954,1176.0636923303477,"C(i_1,μ̃_19624;a_1i_1)","C(i_1,μ̃_19624;a_1i_1)",,,,"i,μ̃,a",;;i_1,"7,114,",7 × 114 × ?,,
1,4,Product,intermediate,I,221991,432,481264,376,376,34790656,412639232,47,0,0.0,0.0,0.0,"I(μ̃_19624,i_1) * C(i_1,μ̃_19624;a_1i_1) -> I(i_1;a_1i_1)",I(i_1;a_1i_1),"I(μ̃_19624,i_1)","C(i_1,μ̃_19624;a_1i_1)",I(i_1;a_1i_1),"i,a",;i_1,"7,",7 × ?,,
1,4,Constant,constant,_const,836,,,8,8,34790656,412639232,1,,,,,-2,-2,,,,,,,scalar,8,1
1,4,Product,residual,R,55768,376,8,376,376,34790656,412639232,47,0,0.0,0.0,0.0,I(i_1;a_1i_1) * -2 -> R(i_1;a_1i_1),R(i_1;a_1i_1),I(i_1;a_1i_1),-2,R(i_1;a_1i_1),"i,a",;i_1,"7,",7 × ?,,
1,4,Permute,residual,R,68442,,,376,376,34790656,412639232,47,,,,,R(i_1;a_1i_1),R(i_1;a_1i_1),,,,"i,a",;i_1,"7,",7 × ?,,
1,5,Tensor,leaf,g,13248,,,1843152,1843152,34790656,412639232,230394,225036,-13.7135187938935,9.824790694343452,0.19254784769834188,"g(μ̃_19636,i_2,Κ_1)","g(μ̃_19636,i_2,Κ_1)",,,,"μ̃,i,Κ",;;,"114,7,282",114 × 7 × 282,1800288,1.02381
1,5,Product,intermediate,I,254399,1843152,432,496,496,34790656,412639232,62,0,0.0,0.0,0.0,"g(μ̃_19636,i_2,Κ_1) * I(μ̃_19636,i_3) -> I(i_2,i_3,Κ_1)","I(i_2,i_3,Κ_1)","g(μ̃_19636,i_2,Κ_1)","I(μ̃_19636,i_3)","I(i_2,i_3,Κ_1)","i,i,Κ",;;,"7,7,282",7 × 7 × 282,110544,0.0044869
1,5,Tensor,leaf,g,11972,,,1843152,1843152,34790656,412639232,230394,225036,-13.7135187938935,9.824790694343452,0.19254784769834188,"g(μ̃_19637,i_3,Κ_1)","g(μ̃_19637,i_3,Κ_1)",,,,"μ̃,i,Κ",;;,"114,7,282",114 × 7 × 282,1800288,1.02381
1,5,Product,intermediate,I,228056,496,1843152,432,432,34790656,412639232,54,0,0.0,0.0,0.0,"I(i_2,i_3,Κ_1) * g(μ̃_19637,i_3,Κ_1) -> I(i_2,μ̃_19637)","I(i_2,μ̃_19637)","I(i_2,i_3,Κ_1)","g(μ̃_19637,i_3,Κ_1)","I(i_2,μ̃_19637)","i,μ̃",;,"7,114",7 × 114,6384,0.0676692
1,5,Product,intermediate,I,103874,432,432,384,384,34790656,412639232,48,0,0.0,0.0,0.0,"I(i_2,μ̃_19637) * I(μ̃_19637,i_1) -> I(i_2,i_1)","I(i_2,i_1)","I(i_2,μ̃_19637)","I(μ̃_19637,i_1)","I(i_2,i_1)","i,i",;,"7,7",7 × 7,392,0.979592
1,5,Product,intermediate,I,113658,384,432,432,432,34790656,412639232,54,0,0.0,0.0,0.0,"I(i_2,i_1) * I(μ̃_19639,i_2) -> I(μ̃_19639,i_1)","I(μ̃_19639,i_1)","I(i_2,i_1)","I(μ̃_19639,i_2)","I(μ̃_19639,i_1)","μ̃,i",;,"114,7",114 × 7,6384,0.0676692
1,5,Tensor,leaf,C,10395,,,481264,481264,34790656,412639232,60158,55674,23856.23808923302,118674620.50711954,1176.0636923303477,"C(i_1,μ̃_19639;a_1i_1)","C(i_1,μ̃_19639;a_1i_1)",,,,"i,μ̃,a",;;i_1,"7,114,",7 × 114 × ?,,
1,5,Product,residual,R,233705,432,481264,376,376,34790656,412639232,47,0,0.0,0.0,0.0,"I(μ̃_19639,i_1) * C(i_1,μ̃_19639;a_1i_1) -> R(i_1;a_1i_1)",R(i_1;a_1i_1),"I(μ̃_19639,i_1)","C(i_1,μ̃_19639;a_1i_1)",R(i_1;a_1i_1),"i,a",;i_1,"7,",7 × ?,,
1,5,Permute,residual,R,35561,,,376,376,34790656,412639232,47,,,,,R(i_1;a_1i_1),R(i_1;a_1i_1),,,,"i,a",;i_1,"7,",7 × ?,,
1,6,Tensor,leaf,g,8774,,,121536,121536,34790656,412639232,15192,13818,10.313570711990552,5.229066732803696,0.3618052751837735,"g(i_1,i_2,Κ_1)","g(i_1,i_2,Κ_1)",,,,"i,i,Κ",;;,"7,7,282",7 × 7 × 282,110544,1.09944
1,6,Tensor,leaf,g,7007,,,1843152,1843152,34790656,412639232,230394,225036,-13.7135187938935,9.824790694343452,0.19254784769834188,"g(μ̃_19645,i_3,Κ_1)","g(μ̃_19645,i_3,Κ_1)",,,,"μ̃,i,Κ",;;,"114,7,282",114 × 7 × 282,1800288,1.02381
1,6,Product,intermediate,I,4252497,121536,1843152,334432,334432,34790656,412639232,41804,39102,1.6787640793177532,1.4528822879583352,0.08978178402959738,"g(i_1,i_2,Κ_1) * g(μ̃_19645,i_3,Κ_1) -> I(i_2,i_1,i_3,μ̃_19645)","I(i_2,i_1,i_3,μ̃_19645)","g(i_1,i_2,Κ_1)","g(μ̃_19645,i_3,Κ_1)","I(i_2,i_1,i_3,μ̃_19645)","i,i,i,μ̃",;;;,"7,7,7,114",7 × 7 × 7 × 114,312816,1.0691
1,6,Product,intermediate,I,235539,334432,432,384,384,34790656,412639232,48,0,0.0,0.0,0.0,"I(i_2,i_1,i_3,μ̃_19645) * I(μ̃_19645,i_2) -> I(i_3,i_1)","I(i_3,i_1)","I(i_2,i_1,i_3,μ̃_19645)","I(μ̃_19645,i_2)","I(i_3,i_1)","i,i",;,"7,7",7 × 7,392,0.979592
1,6,Product,intermediate,I,122954,384,432,432,432,34790656,412639232,54,0,0.0,0.0,0.0,"I(i_3,i_1) * I(μ̃_19647,i_3) -> I(i_1,μ̃_19647)","I(i_1,μ̃_19647)","I(i_3,i_1)","I(μ̃_19647,i_3)","I(i_1,μ̃_19647)","i,μ̃",;,"7,114",7 × 114,6384,0.0676692
1,6,Tensor,leaf,C,8119,,,481264,481264,34790656,412639232,60158,55674,23856.23808923302,118674620.50711954,1176.0636923303477,"C(i_1,μ̃_19647;a_1i_1)","C(i_1,μ̃_19647;a_1i_1)",,,,"i,μ̃,a",;;i_1,"7,114,",7 × 114 × ?,,
1,6,Product,residual,R,267374,432,481264,376,376,34790656,412639232,47,0,0.0,0.0,0.0,"I(i_1,μ̃_19647) * C(i_1,μ̃_19647;a_1i_1) -> R(i_1;a_1i_1)",R(i_1;a_1i_1),"I(i_1,μ̃_19647)","C(i_1,μ̃_19647;a_1i_1)",R(i_1;a_1i_1),"i,a",;i_1,"7,",7 × ?,,
1,6,Permute,residual,R,47537,,,376,376,34790656,412639232,47,,,,,R(i_1;a_1i_1),R(i_1;a_1i_1),,,,"i,a",;i_1,"7,",7 × ?,,
1,7,Tensor,leaf,g,6446,,,121536,121536,34790656,412639232,15192,13818,10.313570711990552,5.229066732803696,0.3618052751837735,"g(i_1,i_2,Κ_1)","g(i_1,i_2,Κ_1)",,,,"i,i,Κ",;;,"7,7,282",7 × 7 × 282,110544,1.09944
1,7,Product,intermediate,I,163410,121536,400,384,384,34790656,412639232,48,0,0.0,0.0,0.0,"g(i_1,i_2,Κ_1) * I(Κ_1) -> I(i_2,i_1)","I(i_2,i_1)","g(i_1,i_2,Κ_1)",I(Κ_1),"I(i_2,i_1)","i,i",;,"7,7",7 × 7,392,0.979592
1,7,Product,intermediate,I,117864,384,432,432,432,34790656,412639232,54,0,0.0,0.0,0.0,"I(i_2,i_1) * I(μ̃_19656,i_2) -> I(i_1,μ̃_19656)","I(i_1,μ̃_19656)","I(i_2,i_1)","I(μ̃_19656,i_2)","I(i_1,μ̃_19656)","i,μ̃",;,"7,114",7 × 114,6384,0.0676692
1,7,Tensor,leaf,C,11067,,,481264,481264,34790656,412639232,60158,55674,23856.23808923302,118674620.50711954,1176.0636923303477,"C(i_1,μ̃_19656;a_1i_1)","C(i_1,μ̃_19656;a_1i_1)",,,,"i,μ̃,a",;;i_1,"7,114,",7 × 114 × ?,,
1,7,Product,intermediate,I,226722,432,481264,376,376,34790656,412639232,47,0,0.0,0.0,0.0,"I(i_1,μ̃_19656) * C(i_1,μ̃_19656;a_1i_1) -> I(i_1;a_1i_1)",I(i_1;a_1i_1),"I(i_1,μ̃_19656)","C(i_1,μ̃_19656;a_1i_1)",I(i_1;a_1i_1),"i,a",;i_1,"7,",7 × ?,,
1,7,Constant,constant,_const,977,,,8,8,34790656,412639232,1,,,,,-2,-2,,,,,,,scalar,8,1
1,7,Product,residual,R,48855,376,8,376,376,34790656,412639232,47,0,0.0,0.0,0.0,I(i_1;a_1i_1) * -2 -> R(i_1;a_1i_1),R(i_1;a_1i_1),I(i_1;a_1i_1),-2,R(i_1;a_1i_1),"i,a",;i_1,"7,",7 × ?,,
1,7,Permute,residual,R,48596,,,376,376,34790656,412639232,47,,,,,R(i_1;a_1i_1),R(i_1;a_1i_1),,,,"i,a",;i_1,"7,",7 × ?,,
1,8,Tensor,leaf,f,17455788,,,432,432,34790656,412639232,54,0,0.0,0.0,0.0,"f(μ̃_19670,i_2)","f(μ̃_19670,i_2)",,,,"μ̃,i",;,"114,7",114 × 7,6384,0.0676692
1,8,Tensor,leaf,C,8509,,,481264,481264,34790656,412639232,60158,55674,23856.23808923302,118674620.50711954,1176.0636923303477,"C(i_1,μ̃_19670;a_2i_1)","C(i_1,μ̃_19670;a_2i_1)",,,,"i,μ̃,a",;;i_1,"7,114,",7 × 114 × ?,,
1,8,Product,intermediate,I,182272,432,481264,384,384,34790656,412639232,48,0,0.0,0.0,0.0,"f(μ̃_19670,i_2) * C(i_1,μ̃_19670;a_2i_1) -> I(i_1,i_2;a_2i_1)","I(i_1,i_2;a_2i_1)","f(μ̃_19670,i_2)","C(i_1,μ̃_19670;a_2i_1)","I(i_1,i_2;a_2i_1)","i,i,a",;;i_1,"7,7,",7 × 7 × ?,,
1,8,Tensor,leaf,t,1228,,,376,376,34790656,412639232,47,0,0.0,0.0,0.0,t(i_1;a_2i_1),t(i_1;a_2i_1),,,,"i,a",;i_1,"7,",7 × ?,,
1,8,Product,intermediate,I,216387,384,376,384,384,34790656,412639232,48,0,0.0,0.0,0.0,"I(i_1,i_2;a_2i_1) * t(i_1;a_2i_1) -> I(i_2,i_1)","I(i_2,i_1)","I(i_1,i_2;a_2i_1)",t(i_1;a_2i_1),"I(i_2,i_1)","i,i",;,"7,7",7 × 7,392,0.979592
1,8,Product,intermediate,I,125913,384,432,432,432,34790656,412639232,54,0,0.0,0.0,0.0,"I(i_2,i_1) * I(μ̃_19672,i_2) -> I(μ̃_19672,i_1)","I(μ̃_19672,i_1)","I(i_2,i_1)","I(μ̃_19672,i_2)","I(μ̃_19672,i_1)","μ̃,i",;,"114,7",114 × 7,6384,0.0676692
1,8,Tensor,leaf,C,7772,,,481264,481264,34790656,412639232,60158,55674,23856.23808923302,118674620.50711954,1176.0636923303477,"C(i_1,μ̃_19672;a_1i_1)","C(i_1,μ̃_19672;a_1i_1)",,,,"i,μ̃,a",;;i_1,"7,114,",7 × 114 × ?,,
1,8,Product,intermediate,I,217933,432,481264,376,376,34790656,412639232,47,0,0.0,0.0,0.0,"I(μ̃_19672,i_1) * C(i_1,μ̃_19672;a_1i_1) -> I(i_1;a_1i_1)",I(i_1;a_1i_1),"I(μ̃_19672,i_1)","C(i_1,μ̃_19672;a_1i_1)",I(i_1;a_1i_1),"i,a",;i_1,"7,",7 × ?,,
1,8,Constant,constant,_const,998,,,8,8,34790656,412639232,1,,,,,-1,-1,,,,,,,scalar,8,1
1,8,Product,residual,R,52087,376,8,376,376,34790656,412639232,47,0,0.0,0.0,0.0,I(i_1;a_1i_1) * -1 -> R(i_1;a_1i_1),R(i_1;a_1i_1),I(i_1;a_1i_1),-1,R(i_1;a_1i_1),"i,a",;i_1,"7,",7 × ?,,
1,8,Permute,residual,R,61394,,,376,376,34790656,412639232,47,,,,,R(i_1;a_1i_1),R(i_1;a_1i_1),,,,"i,a",;i_1,"7,",7 × ?,,
1,9,Tensor,leaf,C,7936,,,2207664,2207664,34790656,412639232,275958,246870,-5695.615034274957,223631163.21246105,731.2730436956697,"C(i_2,i_1,μ̃_19614;a_3i_1i_2)","C(i_2,i_1,μ̃_19614;a_3i_1i_2)",,,,"i,i,μ̃,a",";;;i_1,i_2","7,7,114,",7 × 7 × 114 × ?,,
1,9,Product,intermediate,I,312396,432,2207664,384,384,34790656,412639232,48,0,0.0,0.0,0.0,"I(i_2,μ̃_19614) * C(i_2,i_1,μ̃_19614;a_3i_1i_2) -> I(i_1,i_2;a_3i_1i_2)","I(i_1,i_2;a_3i_1i_2)","I(i_2,μ̃_19614)","C(i_2,i_1,μ̃_19614;a_3i_1i_2)","I(i_1,i_2;a_3i_1i_2)","i,i,a",";;i_1,i_2","7,7,",7 × 7 × ?,,
1,9,Tensor,leaf,t,1632,,,384,384,34790656,412639232,48,0,0.0,0.0,0.0,"t(i_2,i_1;a_4i_1i_2,a_3i_1i_2)","t(i_2,i_1;a_4i_1i_2,a_3i_1i_2)",,,,"i,i,a,a",";;i_1,i_2;i_1,i_2","7,7,,",7 × 7 × ? × ?,,
1,9,Product,intermediate,I,146989,384,384,384,384,34790656,412639232,48,0,0.0,0.0,0.0,"I(i_1,i_2;a_3i_1i_2) * t(i_2,i_1;a_4i_1i_2,a_3i_1i_2) -> I(i_2,i_1;a_4i_1i_2)","I(i_2,i_1;a_4i_1i_2)","I(i_1,i_2;a_3i_1i_2)","t(i_2,i_1;a_4i_1i_2,a_3i_1i_2)","I(i_2,i_1;a_4i_1i_2)","i,i,a",";;i_1,i_2","7,7,",7 × 7 × ?,,
1,9,Tensor,leaf,C,8384,,,2207664,2207664,34790656,412639232,275958,246870,-5695.615034274957,223631163.21246105,731.2730436956697,"C(i_2,i_1,μ̃_19615;a_4i_1i_2)","C(i_2,i_1,μ̃_19615;a_4i_1i_2)",,,,"i,i,μ̃,a",";;;i_1,i_2","7,7,114,",7 × 7 × 114 × ?,,
1,9,Product,intermediate,I,375815,384,2207664,432,432,34790656,412639232,54,0,0.0,0.0,0.0,"I(i_2,i_1;a_4i_1i_2) * C(i_2,i_1,μ̃_19615;a_4i_1i_2) -> I(μ̃_19615,i_1)","I(μ̃_19615,i_1)","I(i_2,i_1;a_4i_1i_2)","C(i_2,i_1,μ̃_19615;a_4i_1i_2)","I(μ̃_19615,i_1)","μ̃,i",;,"114,7",114 × 7,6384,0.0676692
1,9,Tensor,leaf,s,30608,,,125584,125584,34790656,412639232,15698,12996,138.52037144982427,140.242752948763,0.9820999861813638,"s(μ̃_19615,μ̃_19616)","s(μ̃_19615,μ̃_19616)",,,,"μ̃,μ̃",;,"114,114",114 × 114,103968,1.20791
1,9,Product,intermediate,I,186517,432,125584,432,432,34790656,412639232,54,0,0.0,0.0,0.0,"I(μ̃_19615,i_1) * s(μ̃_19615,μ̃_19616) -> I(μ̃_19616,i_1)","I(μ̃_19616,i_1)","I(μ̃_19615,i_1)","s(μ̃_19615,μ̃_19616)","I(μ̃_19616,i_1)","μ̃,i",;,"114,7",114 × 7,6384,0.0676692
1,9,Tensor,leaf,C,8979,,,481264,481264,34790656,412639232,60158,55674,23856.23808923302,118674620.50711954,1176.0636923303477,"C(i_1,μ̃_19616;a_1i_1)","C(i_1,μ̃_19616;a_1i_1)",,,,"i,μ̃,a",;;i_1,"7,114,",7 × 114 × ?,,
1,9,Product,residual,R,302834,432,481264,376,376,34790656,412639232,47,0,0.0,0.0,0.0,"I(μ̃_19616,i_1) * C(i_1,μ̃_19616;a_1i_1) -> R(i_1;a_1i_1)",R(i_1;a_1i_1),"I(μ̃_19616,i_1)","C(i_1,μ̃_19616;a_1i_1)",R(i_1;a_1i_1),"i,a",;i_1,"7,",7 × ?,,
1,9,Permute,residual,R,62440,,,376,376,34790656,412639232,47,,,,,R(i_1;a_1i_1),R(i_1;a_1i_1),,,,"i,a",;i_1,"7,",7 × ?,,
1,10,Tensor,leaf,g,13571,,,29489328,29489328,46082544,412639232,3686166,3664872,328.03408291046196,123.92989425956745,0.8503952014554764,"g(μ̃_19627,μ̃_19628,Κ_1)","g(μ̃_19627,μ̃_19628,Κ_1)",,,,"μ̃,μ̃,Κ",;;,"114,114,282",114 × 114 × 282,29318976,1.00581
1,10,Product,intermediate,I,404122,29489328,432,880,880,46083424,412639232,110,0,0.0,0.0,0.0,"g(μ̃_19627,μ̃_19628,Κ_1) * I(μ̃_19627,i_2) -> I(μ̃_19628,i_2,Κ_1)","I(μ̃_19628,i_2,Κ_1)","g(μ̃_19627,μ̃_19628,Κ_1)","I(μ̃_19627,i_2)","I(μ̃_19628,i_2,Κ_1)","μ̃,i,Κ",;;,"114,7,282",114 × 7 × 282,1800288,0.000488811
1,10,Product,intermediate,I,189596,496,880,432,432,46083424,412639232,54,0,0.0,0.0,0.0,"I(i_2,i_1,Κ_1) * I(μ̃_19628,i_2,Κ_1) -> I(μ̃_19628,i_1)","I(μ̃_19628,i_1)","I(i_2,i_1,Κ_1)","I(μ̃_19628,i_2,Κ_1)","I(μ̃_19628,i_1)","μ̃,i",;,"114,7",114 × 7,6384,0.0676692
1,10,Tensor,leaf,C,11760,,,481264,481264,46083424,412639232,60158,55674,23856.23808923302,118674620.50711954,1176.0636923303477,"C(i_1,μ̃_19628;a_1i_1)","C(i_1,μ̃_19628;a_1i_1)",,,,"i,μ̃,a",;;i_1,"7,114,",7 × 114 × ?,,
1,10,Product,intermediate,I,270478,432,481264,376,376,46083424,412639232,47,0,0.0,0.0,0.0,"I(μ̃_19628,i_1) * C(i_1,μ̃_19628;a_1i_1) -> I(i_1;a_1i_1)",I(i_1;a_1i_1),"I(μ̃_19628,i_1)","C(i_1,μ̃_19628;a_1i_1)",I(i_1;a_1i_1),"i,a",;i_1,"7,",7 × ?,,
1,10,Constant,constant,_const,1419,,,8,8,46083424,412639232,1,,,,,-1,-1,,,,,,,scalar,8,1
1,10,Product,residual,R,71045,376,8,376,376,46083424,412639232,47,0,0.0,0.0,0.0,I(i_1;a_1i_1) * -1 -> R(i_1;a_1i_1),R(i_1;a_1i_1),I(i_1;a_1i_1),-1,R(i_1;a_1i_1),"i,a",;i_1,"7,",7 × ?,,
1,10,Permute,residual,R,53145,,,376,376,46083424,412639232,47,,,,,R(i_1;a_1i_1),R(i_1;a_1i_1),,,,"i,a",;i_1,"7,",7 × ?,,
1,11,Tensor,leaf,g,8727,,,1843152,1843152,46083424,412639232,230394,225036,-13.7135187938935,9.824790694343452,0.19254784769834188,"g(μ̃_19651,i_3,Κ_1)","g(μ̃_19651,i_3,Κ_1)",,,,"μ̃,i,Κ",;;,"114,7,282",114 × 7 × 282,1800288,1.02381
1,11,Tensor,leaf,C,8151,,,2207664,2207664,46083424,412639232,275958,246870,-5695.615034274957,223631163.21246105,731.2730436956697,"C(i_3,i_2,μ̃_19651;a_3i_2i_3)","C(i_3,i_2,μ̃_19651;a_3i_2i_3)",,,,"i,i,μ̃,a",";;;i_2,i_3","7,7,114,",7 × 7 × 114 × ?,,
1,11,Product,intermediate,I,19798993,1843152,2207664,5490816,5490816,46083424,413179904,686352,615888,-4.549527698648656,48.85377150827253,0.19405695413533675,"g(μ̃_19651,i_3,Κ_1) * C(i_3,i_2,μ̃_19651;a_3i_2i_3) -> I(i_2,i_3,Κ_1;a_3i_2i_3)","I(i_2,i_3,Κ_1;a_3i_2i_3)","g(μ̃_19651,i_3,Κ_1)","C(i_3,i_2,μ̃_19651;a_3i_2i_3)","I(i_2,i_3,Κ_1;a_3i_2i_3)","i,i,Κ,a",";;;i_2,i_3","7,7,282,",7 × 7 × 282 × ?,,
1,11,Product,intermediate,I,428610,496,5490816,400,400,46083424,413179904,50,0,0.0,0.0,0.0,"I(i_2,i_1,Κ_1) * I(i_2,i_3,Κ_1;a_3i_2i_3) -> I(i_3,i_2,i_1;a_3i_2i_3)","I(i_3,i_2,i_1;a_3i_2i_3)","I(i_2,i_1,Κ_1)","I(i_2,i_3,Κ_1;a_3i_2i_3)","I(i_3,i_2,i_1;a_3i_2i_3)","i,i,i,a",";;;i_2,i_3","7,7,7,",7 × 7 × 7 × ?,,
1,11,Tensor,leaf,t,2683,,,384,384,46083424,413179904,48,0,0.0,0.0,0.0,"t(i_2,i_3;a_4i_2i_3,a_3i_2i_3)","t(i_2,i_3;a_4i_2i_3,a_3i_2i_3)",,,,"i,i,a,a",";;i_2,i_3;i_2,i_3","7,7,,",7 × 7 × ? × ?,,
1,11,Product,intermediate,I,196592,400,384,400,400,46083424,413179904,50,0,0.0,0.0,0.0,"I(i_3,i_2,i_1;a_3i_2i_3) * t(i_2,i_3;a_4i_2i_3,a_3i_2i_3) -> I(i_3,i_2,i_1;a_4i_2i_3)","I(i_3,i_2,i_1;a_4i_2i_3)","I(i_3,i_2,i_1;a_3i_2i_3)","t(i_2,i_3;a_4i_2i_3,a_3i_2i_3)","I(i_3,i_2,i_1;a_4i_2i_3)","i,i,i,a",";;;i_2,i_3","7,7,7,",7 × 7 × 7 × ?,,
1,11,Tensor,leaf,C,18885,,,2207664,2207664,46083424,413179904,275958,246870,-5695.615034274957,223631163.21246105,731.2730436956697,"C(i_3,i_2,μ̃_19652;a_4i_2i_3)","C(i_3,i_2,μ̃_19652;a_4i_2i_3)",,,,"i,i,μ̃,a",";;;i_2,i_3","7,7,114,",7 × 7 × 114 × ?,,
1,11,Product,intermediate,I,298181,400,2207664,432,432,46083424,413179904,54,0,0.0,0.0,0.0,"I(i_3,i_2,i_1;a_4i_2i_3) * C(i_3,i_2,μ̃_19652;a_4i_2i_3) -> I(μ̃_19652,i_1)","I(μ̃_19652,i_1)","I(i_3,i_2,i_1;a_4i_2i_3)","C(i_3,i_2,μ̃_19652;a_4i_2i_3)","I(μ̃_19652,i_1)","μ̃,i",;,"114,7",114 × 7,6384,0.0676692
1,11,Tensor,leaf,s,21040,,,125584,125584,46083424,413179904,15698,12996,138.52037144982427,140.242752948763,0.9820999861813638,"s(μ̃_19652,μ̃_19653)","s(μ̃_19652,μ̃_19653)",,,,"μ̃,μ̃",;,"114,114",114 × 114,103968,1.20791
1,11,Product,intermediate,I,191240,432,125584,432,432,46083424,413179904,54,0,0.0,0.0,0.0,"I(μ̃_19652,i_1) * s(μ̃_19652,μ̃_19653) -> I(μ̃_19653,i_1)","I(μ̃_19653,i_1)","I(μ̃_19652,i_1)","s(μ̃_19652,μ̃_19653)","I(μ̃_19653,i_1)","μ̃,i",;,"114,7",114 × 7,6384,0.0676692
1,11,Tensor,leaf,C,10579,,,481264,481264,46083424,413179904,60158,55674,23856.23808923302,118674620.50711954,1176.0636923303477,"C(i_1,μ̃_19653;a_1i_1)","C(i_1,μ̃_19653;a_1i_1)",,,,"i,μ̃,a",;;i_1,"7,114,",7 × 114 × ?,,
1,11,Product,intermediate,I,225926,432,481264,376,376,46083424,413179904,47,0,0.0,0.0,0.0,"I(μ̃_19653,i_1) * C(i_1,μ̃_19653;a_1i_1) -> I(i_1;a_1i_1)",I(i_1;a_1i_1),"I(μ̃_19653,i_1)","C(i_1,μ̃_19653;a_1i_1)",I(i_1;a_1i_1),"i,a",;i_1,"7,",7 × ?,,
1,11,Constant,constant,_const,1518,,,8,8,46083424,413179904,1,,,,,-2,-2,,,,,,,scalar,8,1
1,11,Product,residual,R,53109,376,8,376,376,46083424,413179904,47,0,0.0,0.0,0.0,I(i_1;a_1i_1) * -2 -> R(i_1;a_1i_1),R(i_1;a_1i_1),I(i_1;a_1i_1),-2,R(i_1;a_1i_1),"i,a",;i_1,"7,",7 × ?,,
1,11,Permute,residual,R,54467,,,376,376,46083424,413179904,47,,,,,R(i_1;a_1i_1),R(i_1;a_1i_1),,,,"i,a",;i_1,"7,",7 × ?,,
1,12,Tensor,leaf,t,1564,,,384,384,46083424,413179904,48,0,0.0,0.0,0.0,"t(i_3,i_2;a_4i_2i_3,a_3i_2i_3)","t(i_3,i_2;a_4i_2i_3,a_3i_2i_3)",,,,"i,i,a,a",";;i_2,i_3;i_2,i_3","7,7,,",7 × 7 × ? × ?,,
1,12,Product,intermediate,I,154972,400,384,400,400,46083424,413179904,50,0,0.0,0.0,0.0,"I(i_3,i_2,i_1;a_3i_2i_3) * t(i_3,i_2;a_4i_2i_3,a_3i_2i_3) -> I(i_3,i_2,i_1;a_4i_2i_3)","I(i_3,i_2,i_1;a_4i_2i_3)","I(i_3,i_2,i_1;a_3i_2i_3)","t(i_3,i_2;a_4i_2i_3,a_3i_2i_3)","I(i_3,i_2,i_1;a_4i_2i_3)","i,i,i,a",";;;i_2,i_3","7,7,7,",7 × 7 × 7 × ?,,
1,12,Tensor,leaf,C,7838,,,2207664,2207664,46083424,413179904,275958,246870,-5695.615034274957,223631163.21246105,731.2730436956697,"C(i_3,i_2,μ̃_19668;a_4i_2i_3)","C(i_3,i_2,μ̃_19668;a_4i_2i_3)",,,,"i,i,μ̃,a",";;;i_2,i_3","7,7,114,",7 × 7 × 114 × ?,,
1,12,Product,intermediate,I,260631,400,2207664,432,432,46083424,413179904,54,0,0.0,0.0,0.0,"I(i_3,i_2,i_1;a_4i_2i_3) * C(i_3,i_2,μ̃_19668;a_4i_2i_3) -> I(μ̃_19668,i_1)","I(μ̃_19668,i_1)","I(i_3,i_2,i_1;a_4i_2i_3)","C(i_3,i_2,μ̃_19668;a_4i_2i_3)","I(μ̃_19668,i_1)","μ̃,i",;,"114,7",114 × 7,6384,0.0676692
1,12,Tensor,leaf,s,13469,,,125584,125584,46083424,413179904,15698,12996,138.52037144982427,140.242752948763,0.9820999861813638,"s(μ̃_19668,μ̃_19669)","s(μ̃_19668,μ̃_19669)",,,,"μ̃,μ̃",;,"114,114",114 × 114,103968,1.20791
1,12,Product,intermediate,I,162874,432,125584,432,432,46083424,413179904,54,0,0.0,0.0,0.0,"I(μ̃_19668,i_1) * s(μ̃_19668,μ̃_19669) -> I(μ̃_19669,i_1)","I(μ̃_19669,i_1)","I(μ̃_19668,i_1)","s(μ̃_19668,μ̃_19669)","I(μ̃_19669,i_1)","μ̃,i",;,"114,7",114 × 7,6384,0.0676692
1,12,Tensor,leaf,C,10173,,,481264,481264,46083424,413179904,60158,55674,23856.23808923302,118674620.50711954,1176.0636923303477,"C(i_1,μ̃_19669;a_1i_1)","C(i_1,μ̃_19669;a_1i_1)",,,,"i,μ̃,a",;;i_1,"7,114,",7 × 114 × ?,,
1,12,Product,residual,R,226787,432,481264,376,376,46083424,413179904,47,0,0.0,0.0,0.0,"I(μ̃_19669,i_1) * C(i_1,μ̃_19669;a_1i_1) -> R(i_1;a_1i_1)",R(i_1;a_1i_1),"I(μ̃_19669,i_1)","C(i_1,μ̃_19669;a_1i_1)",R(i_1;a_1i_1),"i,a",;i_1,"7,",7 × ?,,
1,12,Permute,residual,R,39572,,,376,376,46083424,413179904,47,,,,,R(i_1;a_1i_1),R(i_1;a_1i_1),,,,"i,a",;i_1,"7,",7 × ?,,
1,13,Tensor,leaf,t,1809,,,384,384,46083424,413179904,48,0,0.0,0.0,0.0,"t(i_1,i_2;a_4i_1i_2,a_3i_1i_2)","t(i_1,i_2;a_4i_1i_2,a_3i_1i_2)",,,,"i,i,a,a",";;i_1,i_2;i_1,i_2","7,7,,",7 × 7 × ? × ?,,
1,13,Product,intermediate,I,136660,384,384,384,384,46083424,413179904,48,0,0.0,0.0,0.0,"I(i_1,i_2;a_3i_1i_2) * t(i_1,i_2;a_4i_1i_2,a_3i_1i_2) -> I(i_2,i_1;a_4i_1i_2)","I(i_2,i_1;a_4i_1i_2)","I(i_1,i_2;a_3i_1i_2)","t(i_1,i_2;a_4i_1i_2,a_3i_1i_2)","I(i_2,i_1;a_4i_1i_2)","i,i,a",";;i_1,i_2","7,7,",7 × 7 × ?,,
1,13,Tensor,leaf,C,8102,,,2207664,2207664,46083424,413179904,275958,246870,-5695.615034274957,223631163.21246105,731.2730436956697,"C(i_2,i_1,μ̃_19678;a_4i_1i_2)","C(i_2,i_1,μ̃_19678;a_4i_1i_2)",,,,"i,i,μ̃,a",";;;i_1,i_2","7,7,114,",7 × 7 × 114 × ?,,
1,13,Product,intermediate,I,368459,384,2207664,432,432,46083424,413179904,54,0,0.0,0.0,0.0,"I(i_2,i_1;a_4i_1i_2) * C(i_2,i_1,μ̃_19678;a_4i_1i_2) -> I(μ̃_19678,i_1)","I(μ̃_19678,i_1)","I(i_2,i_1;a_4i_1i_2)","C(i_2,i_1,μ̃_19678;a_4i_1i_2)","I(μ̃_19678,i_1)","μ̃,i",;,"114,7",114 × 7,6384,0.0676692
1,13,Tensor,leaf,s,10006,,,125584,125584,46083424,413179904,15698,12996,138.52037144982427,140.242752948763,0.9820999861813638,"s(μ̃_19678,μ̃_19679)","s(μ̃_19678,μ̃_19679)",,,,"μ̃,μ̃",;,"114,114",114 × 114,103968,1.20791
1,13,Product,intermediate,I,192759,432,125584,432,432,46083424,413179904,54,0,0.0,0.0,0.0,"I(μ̃_19678,i_1) * s(μ̃_19678,μ̃_19679) -> I(μ̃_19679,i_1)","I(μ̃_19679,i_1)","I(μ̃_19678,i_1)","s(μ̃_19678,μ̃_19679)","I(μ̃_19679,i_1)","μ̃,i",;,"114,7",114 × 7,6384,0.0676692
1,13,Tensor,leaf,C,10230,,,481264,481264,46083424,413179904,60158,55674,23856.23808923302,118674620.50711954,1176.0636923303477,"C(i_1,μ̃_19679;a_1i_1)","C(i_1,μ̃_19679;a_1i_1)",,,,"i,μ̃,a",;;i_1,"7,114,",7 × 114 × ?,,
1,13,Product,intermediate,I,302598,432,481264,376,376,46083424,413179904,47,0,0.0,0.0,0.0,"I(μ̃_19679,i_1) * C(i_1,μ̃_19679;a_1i_1) -> I(i_1;a_1i_1)",I(i_1;a_1i_1),"I(μ̃_19679,i_1)","C(i_1,μ̃_19679;a_1i_1)",I(i_1;a_1i_1),"i,a",;i_1,"7,",7 × ?,,
1,13,Constant,constant,_const,1057,,,8,8,46083424,413179904,1,,,,,-2,-2,,,,,,,scalar,8,1
1,13,Product,residual,R,59538,376,8,376,376,46083424,413179904,47,0,0.0,0.0,0.0,I(i_1;a_1i_1) * -2 -> R(i_1;a_1i_1),R(i_1;a_1i_1),I(i_1;a_1i_1),-2,R(i_1;a_1i_1),"i,a",;i_1,"7,",7 × ?,,
1,13,Permute,residual,R,49939,,,376,376,46083424,413179904,47,,,,,R(i_1;a_1i_1),R(i_1;a_1i_1),,,,"i,a",;i_1,"7,",7 × ?,,
1,14,Tensor,leaf,C,8104,,,2207664,2207664,46083424,413179904,275958,246870,-5695.615034274957,223631163.21246105,731.2730436956697,"C(i_3,i_1,μ̃_19618;a_3i_1i_3)","C(i_3,i_1,μ̃_19618;a_3i_1i_3)",,,,"i,i,μ̃,a",";;;i_1,i_3","7,7,114,",7 × 7 × 114 × ?,,
1,14,Product,intermediate,I,329531,432,2207664,384,384,46083424,413179904,48,0,0.0,0.0,0.0,"I(i_3,μ̃_19618) * C(i_3,i_1,μ̃_19618;a_3i_1i_3) -> I(i_1,i_3;a_3i_1i_3)","I(i_1,i_3;a_3i_1i_3)","I(i_3,μ̃_19618)","C(i_3,i_1,μ̃_19618;a_3i_1i_3)","I(i_1,i_3;a_3i_1i_3)","i,i,a",";;i_1,i_3","7,7,",7 × 7 × ?,,
1,14,Tensor,leaf,t,1207,,,384,384,46083424,413179904,48,0,0.0,0.0,0.0,"t(i_3,i_1;a_4i_1i_3,a_3i_1i_3)","t(i_3,i_1;a_4i_1i_3,a_3i_1i_3)",,,,"i,i,a,a",";;i_1,i_3;i_1,i_3","7,7,,",7 × 7 × ? × ?,,
1,14,Product,intermediate,I,179072,384,384,384,384,46083424,413179904,48,0,0.0,0.0,0.0,"I(i_1,i_3;a_3i_1i_3) * t(i_3,i_1;a_4i_1i_3,a_3i_1i_3) -> I(i_3,i_1;a_4i_1i_3)","I(i_3,i_1;a_4i_1i_3)","I(i_1,i_3;a_3i_1i_3)","t(i_3,i_1;a_4i_1i_3,a_3i_1i_3)","I(i_3,i_1;a_4i_1i_3)","i,i,a",";;i_1,i_3","7,7,",7 × 7 × ?,,
1,14,Tensor,leaf,C,9150,,,2207664,2207664,46083424,413179904,275958,246870,-5695.615034274957,223631163.21246105,731.2730436956697,"C(i_3,i_1,μ̃_19619;a_4i_1i_3)","C(i_3,i_1,μ̃_19619;a_4i_1i_3)",,,,"i,i,μ̃,a",";;;i_1,i_3","7,7,114,",7 × 7 × 114 × ?,,
1,14,Product,intermediate,I,416263,384,2207664,432,432,46083424,413179904,54,0,0.0,0.0,0.0,"I(i_3,i_1;a_4i_1i_3) * C(i_3,i_1,μ̃_19619;a_4i_1i_3) -> I(μ̃_19619,i_1)","I(μ̃_19619,i_1)","I(i_3,i_1;a_4i_1i_3)","C(i_3,i_1,μ̃_19619;a_4i_1i_3)","I(μ̃_19619,i_1)","μ̃,i",;,"114,7",114 × 7,6384,0.0676692
1,14,Tensor,leaf,s,13234,,,125584,125584,46083424,413179904,15698,12996,138.52037144982427,140.242752948763,0.9820999861813638,"s(μ̃_19619,μ̃_19620)","s(μ̃_19619,μ̃_19620)",,,,"μ̃,μ̃",;,"114,114",114 × 114,103968,1.20791
1,14,Product,intermediate,I,203603,432,125584,432,432,46083424,413179904,54,0,0.0,0.0,0.0,"I(μ̃_19619,i_1) * s(μ̃_19619,μ̃_19620) -> I(μ̃_19620,i_1)","I(μ̃_19620,i_1)","I(μ̃_19619,i_1)","s(μ̃_19619,μ̃_19620)","I(μ̃_19620,i_1)","μ̃,i",;,"114,7",114 × 7,6384,0.0676692
1,14,Tensor,leaf,C,10330,,,481264,481264,46083424,413179904,60158,55674,23856.23808923302,118674620.50711954,1176.0636923303477,"C(i_1,μ̃_19620;a_1i_1)","C(i_1,μ̃_19620;a_1i_1)",,,,"i,μ̃,a",;;i_1,"7,114,",7 × 114 × ?,,
1,14,Product,intermediate,I,236582,432,481264,376,376,46083424,413179904,47,0,0.0,0.0,0.0,"I(μ̃_19620,i_1) * C(i_1,μ̃_19620;a_1i_1) -> I(i_1;a_1i_1)",I(i_1;a_1i_1),"I(μ̃_19620,i_1)","C(i_1,μ̃_19620;a_1i_1)",I(i_1;a_1i_1),"i,a",;i_1,"7,",7 × ?,,
1,14,Constant,constant,_const,1000,,,8,8,46083424,413179904,1,,,,,-2,-2,,,,,,,scalar,8,1
1,14,Product,residual,R,39509,376,8,376,376,46083424,413179904,47,0,0.0,0.0,0.0,I(i_1;a_1i_1) * -2 -> R(i_1;a_1i_1),R(i_1;a_1i_1),I(i_1;a_1i_1),-2,R(i_1;a_1i_1),"i,a",;i_1,"7,",7 × ?,,
1,14,Permute,residual,R,50724,,,376,376,46083424,413179904,47,,,,,R(i_1;a_1i_1),R(i_1;a_1i_1),,,,"i,a",;i_1,"7,",7 × ?,,
1,15,Tensor,leaf,C,11101,,,481264,481264,46083424,413179904,60158,55674,23856.23808923302,118674620.50711954,1176.0636923303477,"C(i_1,μ̃_19649;a_1i_1)","C(i_1,μ̃_19649;a_1i_1)",,,,"i,μ̃,a",;;i_1,"7,114,",7 × 114 × ?,,
1,15,Product,intermediate,I,259608,432,481264,376,376,46083424,413179904,47,0,0.0,0.0,0.0,"I(i_1,μ̃_19649) * C(i_1,μ̃_19649;a_1i_1) -> I(i_1;a_1i_1)",I(i_1;a_1i_1),"I(i_1,μ̃_19649)","C(i_1,μ̃_19649;a_1i_1)",I(i_1;a_1i_1),"i,a",;i_1,"7,",7 × ?,,
1,15,Constant,constant,_const,758,,,8,8,46083424,413179904,1,,,,,2,2,,,,,,,scalar,8,1
1,15,Product,residual,R,68513,376,8,376,376,46083424,413179904,47,0,0.0,0.0,0.0,I(i_1;a_1i_1) * 2 -> R(i_1;a_1i_1),R(i_1;a_1i_1),I(i_1;a_1i_1),2,R(i_1;a_1i_1),"i,a",;i_1,"7,",7 × ?,,
1,15,Permute,residual,R,44043,,,376,376,46083424,413179904,47,,,,,R(i_1;a_1i_1),R(i_1;a_1i_1),,,,"i,a",;i_1,"7,",7 × ?,,
1,16,Tensor,leaf,t,1237,,,384,384,46083424,413179904,48,0,0.0,0.0,0.0,"t(i_1,i_3;a_4i_1i_3,a_3i_1i_3)","t(i_1,i_3;a_4i_1i_3,a_3i_1i_3)",,,,"i,i,a,a",";;i_1,i_3;i_1,i_3","7,7,,",7 × 7 × ? × ?,,
1,16,Product,intermediate,I,135338,384,384,384,384,46083424,413179904,48,0,0.0,0.0,0.0,"I(i_1,i_3;a_3i_1i_3) * t(i_1,i_3;a_4i_1i_3,a_3i_1i_3) -> I(i_3,i_1;a_4i_1i_3)","I(i_3,i_1;a_4i_1i_3)","I(i_1,i_3;a_3i_1i_3)","t(i_1,i_3;a_4i_1i_3,a_3i_1i_3)","I(i_3,i_1;a_4i_1i_3)","i,i,a",";;i_1,i_3","7,7,",7 × 7 × ?,,
1,16,Tensor,leaf,C,11638,,,2207664,2207664,46083424,413179904,275958,246870,-5695.615034274957,223631163.21246105,731.2730436956697,"C(i_3,i_1,μ̃_19664;a_4i_1i_3)","C(i_3,i_1,μ̃_19664;a_4i_1i_3)",,,,"i,i,μ̃,a",";;;i_1,i_3","7,7,114,",7 × 7 × 114 × ?,,
1,16,Product,intermediate,I,357308,384,2207664,432,432,46083424,413179904,54,0,0.0,0.0,0.0,"I(i_3,i_1;a_4i_1i_3) * C(i_3,i_1,μ̃_19664;a_4i_1i_3) -> I(μ̃_19664,i_1)","I(μ̃_19664,i_1)","I(i_3,i_1;a_4i_1i_3)","C(i_3,i_1,μ̃_19664;a_4i_1i_3)","I(μ̃_19664,i_1)","μ̃,i",;,"114,7",114 × 7,6384,0.0676692
1,16,Tensor,leaf,s,10770,,,125584,125584,46083424,413179904,15698,12996,138.52037144982427,140.242752948763,0.9820999861813638,"s(μ̃_19664,μ̃_19665)","s(μ̃_19664,μ̃_19665)",,,,"μ̃,μ̃",;,"114,114",114 × 114,103968,1.20791
1,16,Product,intermediate,I,185102,432,125584,432,432,46083424,413179904,54,0,0.0,0.0,0.0,"I(μ̃_19664,i_1) * s(μ̃_19664,μ̃_19665) -> I(μ̃_19665,i_1)","I(μ̃_19665,i_1)","I(μ̃_19664,i_1)","s(μ̃_19664,μ̃_19665)","I(μ̃_19665,i_1)","μ̃,i",;,"114,7",114 × 7,6384,0.0676692
1,16,Tensor,leaf,C,7601,,,481264,481264,46083424,413179904,60158,55674,23856.23808923302,118674620.50711954,1176.0636923303477,"C(i_1,μ̃_19665;a_1i_1)","C(i_1,μ̃_19665;a_1i_1)",,,,"i,μ̃,a",;;i_1,"7,114,",7 × 114 × ?,,
1,16,Product,intermediate,I,248752,432,481264,376,376,46083424,413179904,47,0,0.0,0.0,0.0,"I(μ̃_19665,i_1) * C(i_1,μ̃_19665;a_1i_1) -> I(i_1;a_1i_1)",I(i_1;a_1i_1),"I(μ̃_19665,i_1)","C(i_1,μ̃_19665;a_1i_1)",I(i_1;a_1i_1),"i,a",;i_1,"7,",7 × ?,,
1,16,Constant,constant,_const,1074,,,8,8,46083424,413179904,1,,,,,4,4,,,,,,,scalar,8,1
1,16,Product,residual,R,66673,376,8,376,376,46083424,413179904,47,0,0.0,0.0,0.0,I(i_1;a_1i_1) * 4 -> R(i_1;a_1i_1),R(i_1;a_1i_1),I(i_1;a_1i_1),4,R(i_1;a_1i_1),"i,a",;i_1,"7,",7 × ?,,
1,16,Permute,residual,R,59828,,,376,376,46083424,413179904,47,,,,,R(i_1;a_1i_1),R(i_1;a_1i_1),,,,"i,a",;i_1,"7,",7 × ?,,
1,17,Tensor,leaf,g,10387,,,29489328,29489328,51571648,413179904,3686166,3664872,328.03408291046196,123.92989425956745,0.8503952014554764,"g(μ̃_19641,μ̃_19642,Κ_1)","g(μ̃_19641,μ̃_19642,Κ_1)",,,,"μ̃,μ̃,Κ",;;,"114,114,282",114 × 114 × 282,29318976,1.00581
1,17,Product,intermediate,I,401001,400,29489328,624,624,51572672,413179904,78,0,0.0,0.0,0.0,"I(Κ_1) * g(μ̃_19641,μ̃_19642,Κ_1) -> I(μ̃_19642,μ̃_19641)","I(μ̃_19642,μ̃_19641)",I(Κ_1),"g(μ̃_19641,μ̃_19642,Κ_1)","I(μ̃_19642,μ̃_19641)","μ̃,μ̃",;,"114,114",114 × 114,103968,0.00600185
1,17,Product,intermediate,I,146402,624,432,432,432,51572672,413179904,54,0,0.0,0.0,0.0,"I(μ̃_19642,μ̃_19641) * I(μ̃_19641,i_1) -> I(μ̃_19642,i_1)","I(μ̃_19642,i_1)","I(μ̃_19642,μ̃_19641)","I(μ̃_19641,i_1)","I(μ̃_19642,i_1)","μ̃,i",;,"114,7",114 × 7,6384,0.0676692
1,17,Tensor,leaf,C,18714,,,481264,481264,51572672,413179904,60158,55674,23856.23808923302,118674620.50711954,1176.0636923303477,"C(i_1,μ̃_19642;a_1i_1)","C(i_1,μ̃_19642;a_1i_1)",,,,"i,μ̃,a",;;i_1,"7,114,",7 × 114 × ?,,
1,17,Product,intermediate,I,292909,432,481264,376,376,51572672,413179904,47,0,0.0,0.0,0.0,"I(μ̃_19642,i_1) * C(i_1,μ̃_19642;a_1i_1) -> I(i_1;a_1i_1)",I(i_1;a_1i_1),"I(μ̃_19642,i_1)","C(i_1,μ̃_19642;a_1i_1)",I(i_1;a_1i_1),"i,a",;i_1,"7,",7 × ?,,
1,17,Constant,constant,_const,1715,,,8,8,51572672,413179904,1,,,,,2,2,,,,,,,scalar,8,1
1,17,Product,residual,R,50110,376,8,376,376,51572672,413179904,47,0,0.0,0.0,0.0,I(i_1;a_1i_1) * 2 -> R(i_1;a_1i_1),R(i_1;a_1i_1),I(i_1;a_1i_1),2,R(i_1;a_1i_1),"i,a",;i_1,"7,",7 × ?,,
1,17,Permute,residual,R,66227,,,376,376,51572672,413179904,47,,,,,R(i_1;a_1i_1),R(i_1;a_1i_1),,,,"i,a",;i_1,"7,",7 × ?,,
1,18,Tensor,leaf,f,5755601,,,125584,125584,51572672,413179904,15698,12996,138.71107103388064,334.0375286392202,4.726761534856628,"f(μ̃_19643,μ̃_19644)","f(μ̃_19643,μ̃_19644)",,,,"μ̃,μ̃",;,"114,114",114 × 114,103968,1.20791
1,18,Product,intermediate,I,201247,125584,432,432,432,51572672,413179904,54,0,0.0,0.0,0.0,"f(μ̃_19643,μ̃_19644) * I(μ̃_19643,i_1) -> I(μ̃_19644,i_1)","I(μ̃_19644,i_1)","f(μ̃_19643,μ̃_19644)","I(μ̃_19643,i_1)","I(μ̃_19644,i_1)","μ̃,i",;,"114,7",114 × 7,6384,0.0676692
1,18,Tensor,leaf,C,11085,,,481264,481264,51572672,413179904,60158,55674,23856.23808923302,118674620.50711954,1176.0636923303477,"C(i_1,μ̃_19644;a_1i_1)","C(i_1,μ̃_19644;a_1i_1)",,,,"i,μ̃,a",;;i_1,"7,114,",7 × 114 × ?,,
1,18,Product,residual,R,251544,432,481264,376,376,51572672,413179904,47,0,0.0,0.0,0.0,"I(μ̃_19644,i_1) * C(i_1,μ̃_19644;a_1i_1) -> R(i_1;a_1i_1)",R(i_1;a_1i_1),"I(μ̃_19644,i_1)","C(i_1,μ̃_19644;a_1i_1)",R(i_1;a_1i_1),"i,a",;i_1,"7,",7 × ?,,
1,18,Permute,residual,R,35770,,,376,376,51572672,413179904,47,,,,,R(i_1;a_1i_1),R(i_1;a_1i_1),,,,"i,a",;i_1,"7,",7 × ?,,
1,19,Tensor,leaf,f,10286905,,,2088,2088,51572672,413179904,261,49,-3.436980213804995,3.19035087251424,0.6871376688643162,"f(i_1,i_2)","f(i_1,i_2)",,,,"i,i",;,"7,7",7 × 7,392,5.32653
1,19,Product,intermediate,I,131550,2088,432,432,432,51572672,413179904,54,0,0.0,0.0,0.0,"f(i_1,i_2) * I(μ̃_19658,i_2) -> I(i_1,μ̃_19658)","I(i_1,μ̃_19658)","f(i_1,i_2)","I(μ̃_19658,i_2)","I(i_1,μ̃_19658)","i,μ̃",;,"7,114",7 × 114,6384,0.0676692
1,19,Tensor,leaf,s,10393,,,125584,125584,51572672,413179904,15698,12996,138.52037144982427,140.242752948763,0.9820999861813638,"s(μ̃_19657,μ̃_19658)","s(μ̃_19657,μ̃_19658)",,,,"μ̃,μ̃",;,"114,114",114 × 114,103968,1.20791
1,19,Product,intermediate,I,169949,432,125584,432,432,51572672,413179904,54,0,0.0,0.0,0.0,"I(i_1,μ̃_19658) * s(μ̃_19657,μ̃_19658) -> I(i_1,μ̃_19657)","I(i_1,μ̃_19657)","I(i_1,μ̃_19658)","s(μ̃_19657,μ̃_19658)","I(i_1,μ̃_19657)","i,μ̃",;,"7,114",7 × 114,6384,0.0676692
1,19,Tensor,leaf,C,8396,,,481264,481264,51572672,413179904,60158,55674,23856.23808923302,118674620.50711954,1176.0636923303477,"C(i_1,μ̃_19657;a_1i_1)","C(i_1,μ̃_19657;a_1i_1)",,,,"i,μ̃,a",;;i_1,"7,114,",7 × 114 × ?,,
1,19,Product,intermediate,I,249462,432,481264,376,376,51572672,413179904,47,0,0.0,0.0,0.0,"I(i_1,μ̃_19657) * C(i_1,μ̃_19657;a_1i_1) -> I(i_1;a_1i_1)",I(i_1;a_1i_1),"I(i_1,μ̃_19657)","C(i_1,μ̃_19657;a_1i_1)",I(i_1;a_1i_1),"i,a",;i_1,"7,",7 × ?,,
1,19,Constant,constant,_const,1069,,,8,8,51572672,413179904,1,,,,,-1,-1,,,,,,,scalar,8,1
1,19,Product,residual,R,54583,376,8,376,376,51572672,413179904,47,0,0.0,0.0,0.0,I(i_1;a_1i_1) * -1 -> R(i_1;a_1i_1),R(i_1;a_1i_1),I(i_1;a_1i_1),-1,R(i_1;a_1i_1),"i,a",;i_1,"7,",7 × ?,,
1,19,Permute,residual,R,57572,,,376,376,51572672,413179904,47,,,,,R(i_1;a_1i_1),R(i_1;a_1i_1),,,,"i,a",;i_1,"7,",7 × ?,,
1,20,Tensor,leaf,C,8906,,,2207664,2207664,51572672,413179904,275958,246870,-5695.615034274957,223631163.21246105,731.2730436956697,"C(i_2,i_1,μ̃_19604;a_3i_1i_2)","C(i_2,i_1,μ̃_19604;a_3i_1i_2)",,,,"i,i,μ̃,a",";;;i_1,i_2","7,7,114,",7 × 7 × 114 × ?,,
1,20,Tensor,leaf,t,1695,,,384,384,51572672,413179904,48,0,0.0,0.0,0.0,"t(i_1,i_2;a_3i_1i_2,a_2i_1i_2)","t(i_1,i_2;a_3i_1i_2,a_2i_1i_2)",,,,"i,i,a,a",";;i_1,i_2;i_1,i_2","7,7,,",7 × 7 × ? × ?,,
1,20,Product,intermediate,I,268408,2207664,384,496,496,51572672,413179904,62,0,0.0,0.0,0.0,"C(i_2,i_1,μ̃_19604;a_3i_1i_2) * t(i_1,i_2;a_3i_1i_2,a_2i_1i_2) -> I(μ̃_19604,i_1,i_2;a_2i_1i_2)","I(μ̃_19604,i_1,i_2;a_2i_1i_2)","C(i_2,i_1,μ̃_19604;a_3i_1i_2)","t(i_1,i_2;a_3i_1i_2,a_2i_1i_2)","I(μ̃_19604,i_1,i_2;a_2i_1i_2)","μ̃,i,i,a",";;;i_1,i_2","114,7,7,",114 × 7 × 7 × ?,,
1,20,Product,intermediate,I,486815,5490816,496,880,880,51572672,413179904,110,0,0.0,0.0,0.0,"I(i_1,i_2,Κ_1;a_2i_1i_2) * I(μ̃_19604,i_1,i_2;a_2i_1i_2) -> I(μ̃_19604,i_1,Κ_1)","I(μ̃_19604,i_1,Κ_1)","I(i_1,i_2,Κ_1;a_2i_1i_2)","I(μ̃_19604,i_1,i_2;a_2i_1i_2)","I(μ̃_19604,i_1,Κ_1)","μ̃,i,Κ",;;,"114,7,282",114 × 7 × 282,1800288,0.000488811
1,20,Tensor,leaf,g,10946,,,29489328,29489328,51572672,413179904,3686166,3664872,328.03408291046196,123.92989425956745,0.8503952014554764,"g(μ̃_19604,μ̃_19605,Κ_1)","g(μ̃_19604,μ̃_19605,Κ_1)",,,,"μ̃,μ̃,Κ",;;,"114,114,282",114 × 114 × 282,29318976,1.00581
1,20,Product,intermediate,I,465233,880,29489328,432,432,51573024,413179904,54,0,0.0,0.0,0.0,"I(μ̃_19604,i_1,Κ_1) * g(μ̃_19604,μ̃_19605,Κ_1) -> I(μ̃_19605,i_1)","I(μ̃_19605,i_1)","I(μ̃_19604,i_1,Κ_1)","g(μ̃_19604,μ̃_19605,Κ_1)","I(μ̃_19605,i_1)","μ̃,i",;,"114,7",114 × 7,6384,0.0676692
1,20,Tensor,leaf,C,13772,,,481264,481264,51573024,413179904,60158,55674,23856.23808923302,118674620.50711954,1176.0636923303477,"C(i_1,μ̃_19605;a_1i_1)","C(i_1,μ̃_19605;a_1i_1)",,,,"i,μ̃,a",;;i_1,"7,114,",7 × 114 × ?,,
1,20,Product,intermediate,I,330621,432,481264,376,376,51573024,413179904,47,0,0.0,0.0,0.0,"I(μ̃_19605,i_1) * C(i_1,μ̃_19605;a_1i_1) -> I(i_1;a_1i_1)",I(i_1;a_1i_1),"I(μ̃_19605,i_1)","C(i_1,μ̃_19605;a_1i_1)",I(i_1;a_1i_1),"i,a",;i_1,"7,",7 × ?,,
1,20,Constant,constant,_const,1072,,,8,8,51573024,413179904,1,,,,,2,2,,,,,,,scalar,8,1
1,20,Product,residual,R,52557,376,8,376,376,51573024,413179904,47,0,0.0,0.0,0.0,I(i_1;a_1i_1) * 2 -> R(i_1;a_1i_1),R(i_1;a_1i_1),I(i_1;a_1i_1),2,R(i_1;a_1i_1),"i,a",;i_1,"7,",7 × ?,,
1,20,Permute,residual,R,56963,,,376,376,51573024,413179904,47,,,,,R(i_1;a_1i_1),R(i_1;a_1i_1),,,,"i,a",;i_1,"7,",7 × ?,,
1,21,Product,intermediate,I,549928,5490816,496,880,880,51573024,413179904,110,0,0.0,0.0,0.0,"I(i_1,i_2,Κ_1;a_2i_1i_2) * I(μ̃_19607,i_2,i_1;a_2i_1i_2) -> I(μ̃_19607,i_1,Κ_1)","I(μ̃_19607,i_1,Κ_1)","I(i_1,i_2,Κ_1;a_2i_1i_2)","I(μ̃_19607,i_2,i_1;a_2i_1i_2)","I(μ̃_19607,i_1,Κ_1)","μ̃,i,Κ",;;,"114,7,282",114 × 7 × 282,1800288,0.000488811
1,21,Tensor,leaf,g,14946,,,29489328,29489328,51573024,413179904,3686166,3664872,328.03408291046196,123.92989425956745,0.8503952014554764,"g(μ̃_19607,μ̃_19608,Κ_1)","g(μ̃_19607,μ̃_19608,Κ_1)",,,,"μ̃,μ̃,Κ",;;,"114,114,282",114 × 114 × 282,29318976,1.00581
1,21,Product,intermediate,I,518746,880,29489328,432,432,51573024,413179904,54,0,0.0,0.0,0.0,"I(μ̃_19607,i_1,Κ_1) * g(μ̃_19607,μ̃_19608,Κ_1) -> I(μ̃_19608,i_1)","I(μ̃_19608,i_1)","I(μ̃_19607,i_1,Κ_1)","g(μ̃_19607,μ̃_19608,Κ_1)","I(μ̃_19608,i_1)","μ̃,i",;,"114,7",114 × 7,6384,0.0676692
1,21,Tensor,leaf,C,16772,,,481264,481264,51573024,413179904,60158,55674,23856.23808923302,118674620.50711954,1176.0636923303477,"C(i_1,μ̃_19608;a_1i_1)","C(i_1,μ̃_19608;a_1i_1)",,,,"i,μ̃,a",;;i_1,"7,114,",7 × 114 × ?,,
1,21,Product,intermediate,I,287540,432,481264,376,376,51573024,413179904,47,0,0.0,0.0,0.0,"I(μ̃_19608,i_1) * C(i_1,μ̃_19608;a_1i_1) -> I(i_1;a_1i_1)",I(i_1;a_1i_1),"I(μ̃_19608,i_1)","C(i_1,μ̃_19608;a_1i_1)",I(i_1;a_1i_1),"i,a",;i_1,"7,",7 × ?,,
1,21,Constant,constant,_const,1226,,,8,8,51573024,413179904,1,,,,,-1,-1,,,,,,,scalar,8,1
1,21,Product,residual,R,48039,376,8,376,376,51573024,413179904,47,0,0.0,0.0,0.0,I(i_1;a_1i_1) * -1 -> R(i_1;a_1i_1),R(i_1;a_1i_1),I(i_1;a_1i_1),-1,R(i_1;a_1i_1),"i,a",;i_1,"7,",7 × ?,,
1,21,Permute,residual,R,63615,,,376,376,51573024,413179904,47,,,,,R(i_1;a_1i_1),R(i_1;a_1i_1),,,,"i,a",;i_1,"7,",7 × ?,,
1,22,Tensor,leaf,f,19201,,,432,432,51573024,413179904,54,0,0.0,0.0,0.0,"f(μ̃_19625,i_1)","f(μ̃_19625,i_1)",,,,"μ̃,i",;,"114,7",114 × 7,6384,0.0676692
1,22,Tensor,leaf,C,5925,,,481264,481264,51573024,413179904,60158,55674,23856.23808923302,118674620.50711954,1176.0636923303477,"C(i_1,μ̃_19625;a_1i_1)","C(i_1,μ̃_19625;a_1i_1)",,,,"i,μ̃,a",;;i_1,"7,114,",7 × 114 × ?,,
1,22,Product,residual,R,258656,432,481264,376,376,51573024,413179904,47,0,0.0,0.0,0.0,"f(μ̃_19625,i_1) * C(i_1,μ̃_19625;a_1i_1) -> R(i_1;a_1i_1)",R(i_1;a_1i_1),"f(μ̃_19625,i_1)","C(i_1,μ̃_19625;a_1i_1)",R(i_1;a_1i_1),"i,a",;i_1,"7,",7 × ?,,
1,22,Permute,residual,R,49954,,,376,376,51573024,413179904,47,,,,,R(i_1;a_1i_1),R(i_1;a_1i_1),,,,"i,a",;i_1,"7,",7 × ?,,
1,23,Tensor,leaf,C,9444,,,2207664,2207664,51573024,413179904,275958,246870,-5695.615034274957,223631163.21246105,731.2730436956697,"C(i_3,i_2,μ̃_19633;a_2i_2i_3)","C(i_3,i_2,μ̃_19633;a_2i_2i_3)",,,,"i,i,μ̃,a",";;;i_2,i_3","7,7,114,",7 × 7 × 114 × ?,,
1,23,Product,intermediate,I,2696697,334432,2207664,139048,139048,51573024,413179904,17381,15288,-0.022187418228381182,0.6947244946393681,0.09453598947047762,"I(i_2,i_1,i_3,μ̃_19633) * C(i_3,i_2,μ̃_19633;a_2i_2i_3) -> I(i_1,i_3,i_2;a_2i_2i_3)","I(i_1,i_3,i_2;a_2i_2i_3)","I(i_2,i_1,i_3,μ̃_19633)","C(i_3,i_2,μ̃_19633;a_2i_2i_3)","I(i_1,i_3,i_2;a_2i_2i_3)","i,i,i,a",";;;i_2,i_3","7,7,7,",7 × 7 × 7 × ?,,
1,23,Tensor,leaf,t,1939,,,384,384,51573024,413179904,48,0,0.0,0.0,0.0,"t(i_3,i_2;a_3i_2i_3,a_2i_2i_3)","t(i_3,i_2;a_3i_2i_3,a_2i_2i_3)",,,,"i,i,a,a",";;i_2,i_3;i_2,i_3","7,7,,",7 × 7 × ? × ?,,
1,23,Product,intermediate,I,225724,139048,384,400,400,51573024,413179904,50,0,0.0,0.0,0.0,"I(i_1,i_3,i_2;a_2i_2i_3) * t(i_3,i_2;a_3i_2i_3,a_2i_2i_3) -> I(i_3,i_2,i_1;a_3i_2i_3)","I(i_3,i_2,i_1;a_3i_2i_3)","I(i_1,i_3,i_2;a_2i_2i_3)","t(i_3,i_2;a_3i_2i_3,a_2i_2i_3)","I(i_3,i_2,i_1;a_3i_2i_3)","i,i,i,a",";;;i_2,i_3","7,7,7,",7 × 7 × 7 × ?,,
1,23,Tensor,leaf,C,9179,,,2207664,2207664,51573024,413179904,275958,246870,-5695.615034274957,223631163.21246105,731.2730436956697,"C(i_3,i_2,μ̃_19634;a_3i_2i_3)","C(i_3,i_2,μ̃_19634;a_3i_2i_3)",,,,"i,i,μ̃,a",";;;i_2,i_3","7,7,114,",7 × 7 × 114 × ?,,
1,23,Product,intermediate,I,324240,400,2207664,432,432,51573024,413179904,54,0,0.0,0.0,0.0,"I(i_3,i_2,i_1;a_3i_2i_3) * C(i_3,i_2,μ̃_19634;a_3i_2i_3) -> I(i_1,μ̃_19634)","I(i_1,μ̃_19634)","I(i_3,i_2,i_1;a_3i_2i_3)","C(i_3,i_2,μ̃_19634;a_3i_2i_3)","I(i_1,μ̃_19634)","i,μ̃",;,"7,114",7 × 114,6384,0.0676692
1,23,Tensor,leaf,s,13248,,,125584,125584,51573024,413179904,15698,12996,138.52037144982427,140.242752948763,0.9820999861813638,"s(μ̃_19634,μ̃_19635)","s(μ̃_19634,μ̃_19635)",,,,"μ̃,μ̃",;,"114,114",114 × 114,103968,1.20791
1,23,Product,intermediate,I,209003,432,125584,432,432,51573024,413179904,54,0,0.0,0.0,0.0,"I(i_1,μ̃_19634) * s(μ̃_19634,μ̃_19635) -> I(i_1,μ̃_19635)","I(i_1,μ̃_19635)","I(i_1,μ̃_19634)","s(μ̃_19634,μ̃_19635)","I(i_1,μ̃_19635)","i,μ̃",;,"7,114",7 × 114,6384,0.0676692
1,23,Tensor,leaf,C,35915,,,481264,481264,51573024,413179904,60158,55674,23856.23808923302,118674620.50711954,1176.0636923303477,"C(i_1,μ̃_19635;a_1i_1)","C(i_1,μ̃_19635;a_1i_1)",,,,"i,μ̃,a",;;i_1,"7,114,",7 × 114 × ?,,
1,23,Product,residual,R,230240,432,481264,376,376,51573024,413179904,47,0,0.0,0.0,0.0,"I(i_1,μ̃_19635) * C(i_1,μ̃_19635;a_1i_1) -> R(i_1;a_1i_1)",R(i_1;a_1i_1),"I(i_1,μ̃_19635)","C(i_1,μ̃_19635;a_1i_1)",R(i_1;a_1i_1),"i,a",;i_1,"7,",7 × ?,,
1,23,Permute,residual,R,52623,,,376,376,51573024,413179904,47,,,,,R(i_1;a_1i_1),R(i_1;a_1i_1),,,,"i,a",;i_1,"7,",7 × ?,,
1,24,Tensor,leaf,t,1841,,,384,384,51573024,413179904,48,0,0.0,0.0,0.0,"t(i_2,i_3;a_3i_2i_3,a_2i_2i_3)","t(i_2,i_3;a_3i_2i_3,a_2i_2i_3)",,,,"i,i,a,a",";;i_2,i_3;i_2,i_3","7,7,,",7 × 7 × ? × ?,,
1,24,Product,intermediate,I,245251,139048,384,400,400,51573024,413179904,50,0,0.0,0.0,0.0,"I(i_1,i_3,i_2;a_2i_2i_3) * t(i_2,i_3;a_3i_2i_3,a_2i_2i_3) -> I(i_3,i_2,i_1;a_3i_2i_3)","I(i_3,i_2,i_1;a_3i_2i_3)","I(i_1,i_3,i_2;a_2i_2i_3)","t(i_2,i_3;a_3i_2i_3,a_2i_2i_3)","I(i_3,i_2,i_1;a_3i_2i_3)","i,i,i,a",";;;i_2,i_3","7,7,7,",7 × 7 × 7 × ?,,
1,24,Tensor,leaf,C,11115,,,2207664,2207664,51573024,413179904,275958,246870,-5695.615034274957,223631163.21246105,731.2730436956697,"C(i_3,i_2,μ̃_19660;a_3i_2i_3)","C(i_3,i_2,μ̃_19660;a_3i_2i_3)",,,,"i,i,μ̃,a",";;;i_2,i_3","7,7,114,",7 × 7 × 114 × ?,,
1,24,Product,intermediate,I,283988,400,2207664,432,432,51573024,413179904,54,0,0.0,0.0,0.0,"I(i_3,i_2,i_1;a_3i_2i_3) * C(i_3,i_2,μ̃_19660;a_3i_2i_3) -> I(i_1,μ̃_19660)","I(i_1,μ̃_19660)","I(i_3,i_2,i_1;a_3i_2i_3)","C(i_3,i_2,μ̃_19660;a_3i_2i_3)","I(i_1,μ̃_19660)","i,μ̃",;,"7,114",7 × 114,6384,0.0676692
1,24,Tensor,leaf,s,13435,,,125584,125584,51573024,413179904,15698,12996,138.52037144982427,140.242752948763,0.9820999861813638,"s(μ̃_19660,μ̃_19661)","s(μ̃_19660,μ̃_19661)",,,,"μ̃,μ̃",;,"114,114",114 × 114,103968,1.20791
1,24,Product,intermediate,I,180239,432,125584,432,432,51573024,413179904,54,0,0.0,0.0,0.0,"I(i_1,μ̃_19660) * s(μ̃_19660,μ̃_19661) -> I(i_1,μ̃_19661)","I(i_1,μ̃_19661)","I(i_1,μ̃_19660)","s(μ̃_19660,μ̃_19661)","I(i_1,μ̃_19661)","i,μ̃",;,"7,114",7 × 114,6384,0.0676692
1,24,Tensor,leaf,C,11112,,,481264,481264,51573024,413179904,60158,55674,23856.23808923302,118674620.50711954,1176.0636923303477,"C(i_1,μ̃_19661;a_1i_1)","C(i_1,μ̃_19661;a_1i_1)",,,,"i,μ̃,a",;;i_1,"7,114,",7 × 114 × ?,,
1,24,Product,intermediate,I,240378,432,481264,376,376,51573024,413179904,47,0,0.0,0.0,0.0,"I(i_1,μ̃_19661) * C(i_1,μ̃_19661;a_1i_1) -> I(i_1;a_1i_1)",I(i_1;a_1i_1),"I(i_1,μ̃_19661)","C(i_1,μ̃_19661;a_1i_1)",I(i_1;a_1i_1),"i,a",;i_1,"7,",7 × ?,,
1,24,Constant,constant,_const,956,,,8,8,51573024,413179904,1,,,,,-2,-2,,,,,,,scalar,8,1
1,24,Product,residual,R,59034,376,8,376,376,51573024,413179904,47,0,0.0,0.0,0.0,I(i_1;a_1i_1) * -2 -> R(i_1;a_1i_1),R(i_1;a_1i_1),I(i_1;a_1i_1),-2,R(i_1;a_1i_1),"i,a",;i_1,"7,",7 × ?,,
1,24,Permute,residual,R,48078,,,376,376,51573024,413179904,47,,,,,R(i_1;a_1i_1),R(i_1;a_1i_1),,,,"i,a",;i_1,"7,",7 × ?,,
1,25,Tensor,leaf,f,12986,,,432,432,51573024,413179904,54,0,0.0,0.0,0.0,"f(μ̃_19673,i_2)","f(μ̃_19673,i_2)",,,,"μ̃,i",;,"114,7",114 × 7,6384,0.0676692
1,25,Tensor,leaf,C,7271,,,2207664,2207664,51573024,413179904,275958,246870,-5695.615034274957,223631163.21246105,731.2730436956697,"C(i_2,i_1,μ̃_19673;a_2i_1i_2)","C(i_2,i_1,μ̃_19673;a_2i_1i_2)",,,,"i,i,μ̃,a",";;;i_1,i_2","7,7,114,",7 × 7 × 114 × ?,,
1,25,Product,intermediate,I,365865,432,2207664,384,384,51573024,413179904,48,0,0.0,0.0,0.0,"f(μ̃_19673,i_2) * C(i_2,i_1,μ̃_19673;a_2i_1i_2) -> I(i_1,i_2;a_2i_1i_2)","I(i_1,i_2;a_2i_1i_2)","f(μ̃_19673,i_2)","C(i_2,i_1,μ̃_19673;a_2i_1i_2)","I(i_1,i_2;a_2i_1i_2)","i,i,a",";;i_1,i_2","7,7,",7 × 7 × ?,,
1,25,Tensor,leaf,t,1241,,,384,384,51573024,413179904,48,0,0.0,0.0,0.0,"t(i_1,i_2;a_3i_1i_2,a_2i_1i_2)","t(i_1,i_2;a_3i_1i_2,a_2i_1i_2)",,,,"i,i,a,a",";;i_1,i_2;i_1,i_2","7,7,,",7 × 7 × ? × ?,,
1,25,Product,intermediate,I,152994,384,384,384,384,51573024,413179904,48,0,0.0,0.0,0.0,"I(i_1,i_2;a_2i_1i_2) * t(i_1,i_2;a_3i_1i_2,a_2i_1i_2) -> I(i_2,i_1;a_3i_1i_2)","I(i_2,i_1;a_3i_1i_2)","I(i_1,i_2;a_2i_1i_2)","t(i_1,i_2;a_3i_1i_2,a_2i_1i_2)","I(i_2,i_1;a_3i_1i_2)","i,i,a",";;i_1,i_2","7,7,",7 × 7 × ?,,
1,25,Tensor,leaf,C,8855,,,2207664,2207664,51573024,413179904,275958,246870,-5695.615034274957,223631163.21246105,731.2730436956697,"C(i_2,i_1,μ̃_19674;a_3i_1i_2)","C(i_2,i_1,μ̃_19674;a_3i_1i_2)",,,,"i,i,μ̃,a",";;;i_1,i_2","7,7,114,",7 × 7 × 114 × ?,,
1,25,Product,intermediate,I,401128,384,2207664,432,432,51573024,413179904,54,0,0.0,0.0,0.0,"I(i_2,i_1;a_3i_1i_2) * C(i_2,i_1,μ̃_19674;a_3i_1i_2) -> I(μ̃_19674,i_1)","I(μ̃_19674,i_1)","I(i_2,i_1;a_3i_1i_2)","C(i_2,i_1,μ̃_19674;a_3i_1i_2)","I(μ̃_19674,i_1)","μ̃,i",;,"114,7",114 × 7,6384,0.0676692
1,25,Tensor,leaf,s,26515,,,125584,125584,51573024,413179904,15698,12996,138.52037144982427,140.242752948763,0.9820999861813638,"s(μ̃_19674,μ̃_19675)","s(μ̃_19674,μ̃_19675)",,,,"μ̃,μ̃",;,"114,114",114 × 114,103968,1.20791
1,25,Product,intermediate,I,192949,432,125584,432,432,51573024,413179904,54,0,0.0,0.0,0.0,"I(μ̃_19674,i_1) * s(μ̃_19674,μ̃_19675) -> I(μ̃_19675,i_1)","I(μ̃_19675,i_1)","I(μ̃_19674,i_1)","s(μ̃_19674,μ̃_19675)","I(μ̃_19675,i_1)","μ̃,i",;,"114,7",114 × 7,6384,0.0676692
1,25,Tensor,leaf,C,10369,,,481264,481264,51573024,413179904,60158,55674,23856.23808923302,118674620.50711954,1176.0636923303477,"C(i_1,μ̃_19675;a_1i_1)","C(i_1,μ̃_19675;a_1i_1)",,,,"i,μ̃,a",;;i_1,"7,114,",7 × 114 × ?,,
1,25,Product,intermediate,I,241253,432,481264,376,376,51573024,413179904,47,0,0.0,0.0,0.0,"I(μ̃_19675,i_1) * C(i_1,μ̃_19675;a_1i_1) -> I(i_1;a_1i_1)",I(i_1;a_1i_1),"I(μ̃_19675,i_1)","C(i_1,μ̃_19675;a_1i_1)",I(i_1;a_1i_1),"i,a",;i_1,"7,",7 × ?,,
1,25,Constant,constant,_const,989,,,8,8,51573024,413179904,1,,,,,2,2,,,,,,,scalar,8,1
1,25,Product,residual,R,52117,376,8,376,376,51573024,413179904,47,0,0.0,0.0,0.0,I(i_1;a_1i_1) * 2 -> R(i_1;a_1i_1),R(i_1;a_1i_1),I(i_1;a_1i_1),2,R(i_1;a_1i_1),"i,a",;i_1,"7,",7 × ?,,
1,25,Permute,residual,R,48813,,,376,376,51573024,413179904,47,,,,,R(i_1;a_1i_1),R(i_1;a_1i_1),,,,"i,a",;i_1,"7,",7 × ?,,
1,26,Tensor,leaf,t,1842,,,384,384,51573024,413179904,48,0,0.0,0.0,0.0,"t(i_2,i_1;a_3i_1i_2,a_2i_1i_2)","t(i_2,i_1;a_3i_1i_2,a_2i_1i_2)",,,,"i,i,a,a",";;i_1,i_2;i_1,i_2","7,7,,",7 × 7 × ? × ?,,
1,26,Product,intermediate,I,171901,384,384,384,384,51573024,413179904,48,0,0.0,0.0,0.0,"I(i_1,i_2;a_2i_1i_2) * t(i_2,i_1;a_3i_1i_2,a_2i_1i_2) -> I(i_2,i_1;a_3i_1i_2)","I(i_2,i_1;a_3i_1i_2)","I(i_1,i_2;a_2i_1i_2)","t(i_2,i_1;a_3i_1i_2,a_2i_1i_2)","I(i_2,i_1;a_3i_1i_2)","i,i,a",";;i_1,i_2","7,7,",7 × 7 × ?,,
1,26,Tensor,leaf,C,8552,,,2207664,2207664,51573024,413179904,275958,246870,-5695.615034274957,223631163.21246105,731.2730436956697,"C(i_2,i_1,μ̃_19681;a_3i_1i_2)","C(i_2,i_1,μ̃_19681;a_3i_1i_2)",,,,"i,i,μ̃,a",";;;i_1,i_2","7,7,114,",7 × 7 × 114 × ?,,
1,26,Product,intermediate,I,390186,384,2207664,432,432,51573024,413179904,54,0,0.0,0.0,0.0,"I(i_2,i_1;a_3i_1i_2) * C(i_2,i_1,μ̃_19681;a_3i_1i_2) -> I(μ̃_19681,i_1)","I(μ̃_19681,i_1)","I(i_2,i_1;a_3i_1i_2)","C(i_2,i_1,μ̃_19681;a_3i_1i_2)","I(μ̃_19681,i_1)","μ̃,i",;,"114,7",114 × 7,6384,0.0676692
1,26,Tensor,leaf,s,10575,,,125584,125584,51573024,413179904,15698,12996,138.52037144982427,140.242752948763,0.9820999861813638,"s(μ̃_19681,μ̃_19682)","s(μ̃_19681,μ̃_19682)",,,,"μ̃,μ̃",;,"114,114",114 × 114,103968,1.20791
1,26,Product,intermediate,I,205026,432,125584,432,432,51573024,413179904,54,0,0.0,0.0,0.0,"I(μ̃_19681,i_1) * s(μ̃_19681,μ̃_19682) -> I(μ̃_19682,i_1)","I(μ̃_19682,i_1)","I(μ̃_19681,i_1)","s(μ̃_19681,μ̃_19682)","I(μ̃_19682,i_1)","μ̃,i",;,"114,7",114 × 7,6384,0.0676692
1,26,Tensor,leaf,C,29588,,,481264,481264,51573024,413179904,60158,55674,23856.23808923302,118674620.50711954,1176.0636923303477,"C(i_1,μ̃_19682;a_1i_1)","C(i_1,μ̃_19682;a_1i_1)",,,,"i,μ̃,a",;;i_1,"7,114,",7 × 114 × ?,,
1,26,Product,intermediate,I,251618,432,481264,376,376,51573024,413179904,47,0,0.0,0.0,0.0,"I(μ̃_19682,i_1) * C(i_1,μ̃_19682;a_1i_1) -> I(i_1;a_1i_1)",I(i_1;a_1i_1),"I(μ̃_19682,i_1)","C(i_1,μ̃_19682;a_1i_1)",I(i_1;a_1i_1),"i,a",;i_1,"7,",7 × ?,,
1,26,Constant,constant,_const,877,,,8,8,51573024,413179904,1,,,,,-1,-1,,,,,,,scalar,8,1
1,26,Product,residual,R,56988,376,8,376,376,51573024,413179904,47,0,0.0,0.0,0.0,I(i_1;a_1i_1) * -1 -> R(i_1;a_1i_1),R(i_1;a_1i_1),I(i_1;a_1i_1),-1,R(i_1;a_1i_1),"i,a",;i_1,"7,",7 × ?,,
1,26,Permute,residual,R,75062,,,376,376,51573024,413179904,47,,,,,R(i_1;a_1i_1),R(i_1;a_1i_1),,,,"i,a",;i_1,"7,",7 × ?,,
1,27,Tensor,leaf,g,8659,,,1843152,1843152,1843152,413179904,230394,225036,-13.7135187938935,9.824790694343452,0.19254784769834188,"g(μ̃_19683,i_3,Κ_1)","g(μ̃_19683,i_3,Κ_1)",,,,"μ̃,i,Κ",;;,"114,7,282",114 × 7 × 282,1800288,1.02381
1,27,Tensor,leaf,C,9511,,,481264,481264,1843152,413179904,60158,55674,23856.23808923302,118674620.50711954,1176.0636923303477,"C(i_2,μ̃_19683;a_3i_2)","C(i_2,μ̃_19683;a_3i_2)",,,,"i,μ̃,a",;;i_2,"7,114,",7 × 114 × ?,,
1,27,Tensor,leaf,t,1437,,,376,376,1843152,413179904,47,0,0.0,0.0,0.0,t(i_2;a_3i_2),t(i_2;a_3i_2),,,,"i,a",;i_2,"7,",7 × ?,,
1,27,Product,intermediate,I,228029,481264,376,432,432,1843152,413179904,54,0,0.0,0.0,0.0,"C(i_2,μ̃_19683;a_3i_2) * t(i_2;a_3i_2) -> I(μ̃_19683,i_2)","I(μ̃_19683,i_2)","C(i_2,μ̃_19683;a_3i_2)",t(i_2;a_3i_2),"I(μ̃_19683,i_2)","μ̃,i",;,"114,7",114 × 7,6384,0.0676692
1,27,Product,intermediate,I,227370,1843152,432,496,496,1844080,413179904,62,0,0.0,0.0,0.0,"g(μ̃_19683,i_3,Κ_1) * I(μ̃_19683,i_2) -> I(i_3,i_2,Κ_1)","I(i_3,i_2,Κ_1)","g(μ̃_19683,i_3,Κ_1)","I(μ̃_19683,i_2)","I(i_3,i_2,Κ_1)","i,i,Κ",;;,"7,7,282",7 × 7 × 282,110544,0.0044869
1,27,Tensor,leaf,g,13213,,,1843152,1843152,1844080,413179904,230394,225036,-13.7135187938935,9.824790694343452,0.19254784769834188,"g(μ̃_19684,i_4,Κ_1)","g(μ̃_19684,i_4,Κ_1)",,,,"μ̃,i,Κ",;;,"114,7,282",114 × 7 × 282,1800288,1.02381
1,27,Product,intermediate,I,231374,496,1843152,624,624,1844704,413179904,78,0,0.0,0.0,0.0,"I(i_3,i_2,Κ_1) * g(μ̃_19684,i_4,Κ_1) -> I(i_4,i_3,μ̃_19684,i_2)","I(i_4,i_3,μ̃_19684,i_2)","I(i_3,i_2,Κ_1)","g(μ̃_19684,i_4,Κ_1)","I(i_4,i_3,μ̃_19684,i_2)","i,i,μ̃,i",;;;,"7,7,114,7",7 × 7 × 114 × 7,312816,0.00199478
1,27,Tensor,leaf,C,12348,,,2207664,2207664,2209216,413179904,275958,246870,-5695.615034274957,223631163.21246105,731.2730436956697,"C(i_4,i_1,μ̃_19684;a_4i_1i_4)","C(i_4,i_1,μ̃_19684;a_4i_1i_4)",,,,"i,i,μ̃,a",";;;i_1,i_4","7,7,114,",7 × 7 × 114 × ?,,
1,27,Product,intermediate,I,425210,624,2207664,432,432,2209648,413179904,54,0,0.0,0.0,0.0,"I(i_4,i_3,μ̃_19684,i_2) * C(i_4,i_1,μ̃_19684;a_4i_1i_4) -> I(i_1,i_3,i_4,i_2;a_4i_1i_4)","I(i_1,i_3,i_4,i_2;a_4i_1i_4)","I(i_4,i_3,μ̃_19684,i_2)","C(i_4,i_1,μ̃_19684;a_4i_1i_4)","I(i_1,i_3,i_4,i_2;a_4i_1i_4)","i,i,i,i,a",";;;;i_1,i_4","7,7,7,7,",7 × 7 × 7 × 7 × ?,,
1,27,Tensor,leaf,t,1420,,,384,384,2209648,413179904,48,0,0.0,0.0,0.0,"t(i_4,i_1;a_5i_1i_4,a_4i_1i_4)","t(i_4,i_1;a_5i_1i_4,a_4i_1i_4)",,,,"i,i,a,a",";;i_1,i_4;i_1,i_4","7,7,,",7 × 7 × ? × ?,,
1,27,Product,intermediate,I,221259,432,384,432,432,2209648,413179904,54,0,0.0,0.0,0.0,"I(i_1,i_3,i_4,i_2;a_4i_1i_4) * t(i_4,i_1;a_5i_1i_4,a_4i_1i_4) -> I(i_4,i_3,i_2,i_1;a_5i_1i_4)","I(i_4,i_3,i_2,i_1;a_5i_1i_4)","I(i_1,i_3,i_4,i_2;a_4i_1i_4)","t(i_4,i_1;a_5i_1i_4,a_4i_1i_4)","I(i_4,i_3,i_2,i_1;a_5i_1i_4)","i,i,i,i,a",";;;;i_1,i_4","7,7,7,7,",7 × 7 × 7 × 7 × ?,,
1,27,Tensor,leaf,s,10668,,,125584,125584,2209648,413179904,15698,12996,138.52037144982427,140.242752948763,0.9820999861813638,"s(μ̃_19685,μ̃_19686)","s(μ̃_19685,μ̃_19686)",,,,"μ̃,μ̃",;,"114,114",114 × 114,103968,1.20791
1,27,Tensor,leaf,C,11793,,,2207664,2207664,2209648,413179904,275958,246870,-5695.615034274957,223631163.21246105,731.2730436956697,"C(i_2,i_1,μ̃_19685;a_1i_1i_2)","C(i_2,i_1,μ̃_19685;a_1i_1i_2)",,,,"i,i,μ̃,a",";;;i_1,i_2","7,7,114,",7 × 7 × 114 × ?,,
1,27,Product,intermediate,I,8556458,125584,2207664,2226240,2226240,4561472,413179904,278280,248976,-84.4962394402487,2220.9603664075244,0.8312275770334523,"s(μ̃_19685,μ̃_19686) * C(i_2,i_1,μ̃_19685;a_1i_1i_2) -> I(i_2,i_1,μ̃_19686;a_1i_1i_2)","I(i_2,i_1,μ̃_19686;a_1i_1i_2)","s(μ̃_19685,μ̃_19686)","C(i_2,i_1,μ̃_19685;a_1i_1i_2)","I(i_2,i_1,μ̃_19686;a_1i_1i_2)","i,i,μ̃,a",";;;i_1,i_2","7,7,114,",7 × 7 × 114 × ?,,
1,27,Tensor,leaf,C,10374,,,2207664,2207664,4561472,413179904,275958,246870,-5695.615034274957,223631163.21246105,731.2730436956697,"C(i_4,i_1,μ̃_19686;a_5i_1i_4)","C(i_4,i_1,μ̃_19686;a_5i_1i_4)",,,,"i,i,μ̃,a",";;;i_1,i_4","7,7,114,",7 × 7 × 114 × ?,,
1,27,Product,intermediate,I,18278984,2226240,2207664,5489512,5489512,9925400,415072256,686189,684084,2349.015700153677,11047.441197435977,1.0000000004581602,"I(i_2,i_1,μ̃_19686;a_1i_1i_2) * C(i_4,i_1,μ̃_19686;a_5i_1i_4) -> I(i_4,i_2,i_1;a_5i_1i_4,a_1i_1i_2)","I(i_4,i_2,i_1;a_5i_1i_4,a_1i_1i_2)","I(i_2,i_1,μ̃_19686;a_1i_1i_2)","C(i_4,i_1,μ̃_19686;a_5i_1i_4)","I(i_4,i_2,i_1;a_5i_1i_4,a_1i_1i_2)","i,i,i,a,a",";;;i_1,i_4;i_1,i_2","7,7,7,,",7 × 7 × 7 × ? × ?,,
1,27,Product,intermediate,I,411737,432,5489512,400,400,9925400,415072256,50,0,0.0,0.0,0.0,"I(i_4,i_3,i_2,i_1;a_5i_1i_4) * I(i_4,i_2,i_1;a_5i_1i_4,a_1i_1i_2) -> I(i_3,i_2,i_1;a_1i_1i_2)","I(i_3,i_2,i_1;a_1i_1i_2)","I(i_4,i_3,i_2,i_1;a_5i_1i_4)","I(i_4,i_2,i_1;a_5i_1i_4,a_1i_1i_2)","I(i_3,i_2,i_1;a_1i_1i_2)","i,i,i,a",";;;i_1,i_2","7,7,7,",7 × 7 × 7 × ?,,
1,27,Tensor,leaf,s,26665,,,125584,125584,9925400,415072256,15698,12996,138.52037144982427,140.242752948763,0.9820999861813638,"s(μ̃_19687,μ̃_19688)","s(μ̃_19687,μ̃_19688)",,,,"μ̃,μ̃",;,"114,114",114 × 114,103968,1.20791
1,27,Product,intermediate,I,192522,125584,432,432,432,9925400,415072256,54,0,0.0,0.0,0.0,"s(μ̃_19687,μ̃_19688) * I(μ̃_19688,i_3) -> I(μ̃_19687,i_3)","I(μ̃_19687,i_3)","s(μ̃_19687,μ̃_19688)","I(μ̃_19688,i_3)","I(μ̃_19687,i_3)","μ̃,i",;,"114,7",114 × 7,6384,0.0676692
1,27,Tensor,leaf,C,12260,,,2207664,2207664,9925400,415072256,275958,246870,-5695.615034274957,223631163.21246105,731.2730436956697,"C(i_2,i_1,μ̃_19687;a_2i_1i_2)","C(i_2,i_1,μ̃_19687;a_2i_1i_2)",,,,"i,i,μ̃,a",";;;i_1,i_2","7,7,114,",7 × 7 × 114 × ?,,
1,27,Product,intermediate,I,219829,432,2207664,400,400,9926232,415072256,50,0,0.0,0.0,0.0,"I(μ̃_19687,i_3) * C(i_2,i_1,μ̃_19687;a_2i_1i_2) -> I(i_2,i_1,i_3;a_2i_1i_2)","I(i_2,i_1,i_3;a_2i_1i_2)","I(μ̃_19687,i_3)","C(i_2,i_1,μ̃_19687;a_2i_1i_2)","I(i_2,i_1,i_3;a_2i_1i_2)","i,i,i,a",";;;i_1,i_2","7,7,7,",7 × 7 × 7 × ?,,
1,27,Product,intermediate,I,256874,400,400,384,384,9926232,415072256,48,0,0.0,0.0,0.0,"I(i_3,i_2,i_1;a_1i_1i_2) * I(i_2,i_1,i_3;a_2i_1i_2) -> I(i_1,i_2;a_1i_1i_2,a_2i_1i_2)","I(i_1,i_2;a_1i_1i_2,a_2i_1i_2)","I(i_3,i_2,i_1;a_1i_1i_2)","I(i_2,i_1,i_3;a_2i_1i_2)","I(i_1,i_2;a_1i_1i_2,a_2i_1i_2)","i,i,a,a",";;i_1,i_2;i_1,i_2","7,7,,",7 × 7 × ? × ?,,
1,27,Constant,constant,_const,1531,,,8,8,9926232,415072256,1,,,,,2,2,,,,,,,scalar,8,1
1,27,Product,residual,R,68361,384,8,384,384,9926232,415072256,48,0,0.0,0.0,0.0,"I(i_1,i_2;a_1i_1i_2,a_2i_1i_2) * 2 -> R(i_1,i_2;a_1i_1i_2,a_2i_1i_2)","R(i_1,i_2;a_1i_1i_2,a_2i_1i_2)","I(i_1,i_2;a_1i_1i_2,a_2i_1i_2)",2,"R(i_1,i_2;a_1i_1i_2,a_2i_1i_2)","i,i,a,a",";;i_1,i_2;i_1,i_2","7,7,,",7 × 7 × ? × ?,,
1,27,Permute,residual,R,63547,,,384,384,9926232,415072256,48,,,,,"R(i_1,i_2;a_1i_1i_2,a_2i_1i_2)","R(i_1,i_2;a_1i_1i_2,a_2i_1i_2)",,,,"i,i,a,a",";;i_1,i_2;i_1,i_2","7,7,,",7 × 7 × ? × ?,,
1,28,Tensor,leaf,g,7996,,,121536,121536,9926232,415072256,15192,13818,10.313570711990552,5.229066732803696,0.3618052751837735,"g(i_2,i_3,Κ_1)","g(i_2,i_3,Κ_1)",,,,"i,i,Κ",;;,"7,7,282",7 × 7 × 282,110544,1.09944
1,28,Tensor,leaf,g,6411,,,1843152,1843152,9926232,415072256,230394,225036,-13.7135187938935,9.824790694343452,0.19254784769834188,"g(μ̃_19692,i_4,Κ_1)","g(μ̃_19692,i_4,Κ_1)",,,,"μ̃,i,Κ",;;,"114,7,282",114 × 7 × 282,1800288,1.02381
1,28,Product,intermediate,I,4159604,121536,1843152,334432,334432,10017256,415072256,41804,39102,1.6787640793177532,1.4528822879583352,0.08978178402959738,"g(i_2,i_3,Κ_1) * g(μ̃_19692,i_4,Κ_1) -> I(i_3,i_2,i_4,μ̃_19692)","I(i_3,i_2,i_4,μ̃_19692)","g(i_2,i_3,Κ_1)","g(μ̃_19692,i_4,Κ_1)","I(i_3,i_2,i_4,μ̃_19692)","i,i,i,μ̃",;;;,"7,7,7,114",7 × 7 × 7 × 114,312816,1.0691
1,28,Tensor,leaf,C,13762,,,2207664,2207664,10260232,415072256,275958,246870,-5695.615034274957,223631163.21246105,731.2730436956697,"C(i_4,i_1,μ̃_19692;a_3i_1i_4)","C(i_4,i_1,μ̃_19692;a_3i_1i_4)",,,,"i,i,μ̃,a",";;;i_1,i_4","7,7,114,",7 × 7 × 114 × ?,,
1,28,Product,intermediate,I,4627394,334432,2207664,957848,957848,11218080,415072256,119731,107016,3.378849114979845,4.814681032166791,0.09453598947047762,"I(i_3,i_2,i_4,μ̃_19692) * C(i_4,i_1,μ̃_19692;a_3i_1i_4) -> I(i_1,i_3,i_2,i_4;a_3i_1i_4)","I(i_1,i_3,i_2,i_4;a_3i_1i_4)","I(i_3,i_2,i_4,μ̃_19692)","C(i_4,i_1,μ̃_19692;a_3i_1i_4)","I(i_1,i_3,i_2,i_4;a_3i_1i_4)","i,i,i,i,a",";;;;i_1,i_4","7,7,7,7,",7 × 7 × 7 × 7 × ?,,
1,28,Tensor,leaf,t,1695,,,384,384,11218080,415072256,48,0,0.0,0.0,0.0,"t(i_1,i_4;a_4i_1i_4,a_3i_1i_4)","t(i_1,i_4;a_4i_1i_4,a_3i_1i_4)",,,,"i,i,a,a",";;i_1,i_4;i_1,i_4","7,7,,",7 × 7 × ? × ?,,
1,28,Product,intermediate,I,255291,957848,384,432,432,11218080,415072256,54,0,0.0,0.0,0.0,"I(i_1,i_3,i_2,i_4;a_3i_1i_4) * t(i_1,i_4;a_4i_1i_4,a_3i_1i_4) -> I(i_4,i_3,i_2,i_1;a_4i_1i_4)","I(i_4,i_3,i_2,i_1;a_4i_1i_4)","I(i_1,i_3,i_2,i_4;a_3i_1i_4)","t(i_1,i_4;a_4i_1i_4,a_3i_1i_4)","I(i_4,i_3,i_2,i_1;a_4i_1i_4)","i,i,i,i,a",";;;;i_1,i_4","7,7,7,7,",7 × 7 × 7 × 7 × ?,,
1,28,Product,intermediate,I,376015,432,5489512,400,400,11218080,415072256,50,0,0.0,0.0,0.0,"I(i_4,i_3,i_2,i_1;a_4i_1i_4) * I(i_2,i_4,i_1;a_1i_1i_2,a_4i_1i_4) -> I(i_3,i_2,i_1;a_1i_1i_2)","I(i_3,i_2,i_1;a_1i_1i_2)","I(i_4,i_3,i_2,i_1;a_4i_1i_4)","I(i_2,i_4,i_1;a_1i_1i_2,a_4i_1i_4)","I(i_3,i_2,i_1;a_1i_1i_2)","i,i,i,a",";;;i_1,i_2","7,7,7,",7 × 7 × 7 × ?,,
1,28,Product,intermediate,I,277474,400,400,384,384,11218080,415072256,48,0,0.0,0.0,0.0,"I(i_3,i_2,i_1;a_1i_1i_2) * I(i_2,i_1,i_3;a_2i_1i_2) -> I(i_2,i_1;a_2i_1i_2,a_1i_1i_2)","I(i_2,i_1;a_2i_1i_2,a_1i_1i_2)","I(i_3,i_2,i_1;a_1i_1i_2)","I(i_2,i_1,i_3;a_2i_1i_2)","I(i_2,i_1;a_2i_1i_2,a_1i_1i_2)","i,i,a,a",";;i_1,i_2;i_1,i_2","7,7,,",7 × 7 × ? × ?,,
1,28,Constant,constant,_const,1347,,,8,8,11218080,415072256,1,,,,,-4,-4,,,,,,,scalar,8,1
1,28,Product,residual,R,83615,384,8,384,384,11218080,415072256,48,0,0.0,0.0,0.0,"I(i_2,i_1;a_2i_1i_2,a_1i_1i_2) * -4 -> R(i_2,i_1;a_2i_1i_2,a_1i_1i_2)","R(i_2,i_1;a_2i_1i_2,a_1i_1i_2)","I(i_2,i_1;a_2i_1i_2,a_1i_1i_2)",-4,"R(i_2,i_1;a_2i_1i_2,a_1i_1i_2)","i,i,a,a",";;i_1,i_2;i_1,i_2","7,7,,",7 × 7 × ? × ?,,
1,28,Permute,residual,R,78720,,,384,384,11218080,415072256,48,,,,,"R(i_2,i_1;a_2i_1i_2,a_1i_1i_2)","R(i_2,i_1;a_2i_1i_2,a_1i_1i_2)",,,,"i,i,a,a",";;i_1,i_2;i_1,i_2","7,7,,",7 × 7 × ? × ?,,
1,29,Tensor,leaf,t,1261,,,384,384,11218080,415072256,48,0,0.0,0.0,0.0,"t(i_4,i_1;a_4i_1i_4,a_3i_1i_4)","t(i_4,i_1;a_4i_1i_4,a_3i_1i_4)",,,,"i,i,a,a",";;i_1,i_4;i_1,i_4","7,7,,",7 × 7 × ? × ?,,
1,29,Product,intermediate,I,205287,957848,384,432,432,11218080,415072256,54,0,0.0,0.0,0.0,"I(i_1,i_3,i_2,i_4;a_3i_1i_4) * t(i_4,i_1;a_4i_1i_4,a_3i_1i_4) -> I(i_4,i_3,i_2,i_1;a_4i_1i_4)","I(i_4,i_3,i_2,i_1;a_4i_1i_4)","I(i_1,i_3,i_2,i_4;a_3i_1i_4)","t(i_4,i_1;a_4i_1i_4,a_3i_1i_4)","I(i_4,i_3,i_2,i_1;a_4i_1i_4)","i,i,i,i,a",";;;;i_1,i_4","7,7,7,7,",7 × 7 × 7 × 7 × ?,,
1,29,Product,intermediate,I,364636,432,5489512,400,400,11218080,415072256,50,0,0.0,0.0,0.0,"I(i_4,i_3,i_2,i_1;a_4i_1i_4) * I(i_2,i_4,i_1;a_1i_1i_2,a_4i_1i_4) -> I(i_3,i_2,i_1;a_1i_1i_2)","I(i_3,i_2,i_1;a_1i_1i_2)","I(i_4,i_3,i_2,i_1;a_4i_1i_4)","I(i_2,i_4,i_1;a_1i_1i_2,a_4i_1i_4)","I(i_3,i_2,i_1;a_1i_1i_2)","i,i,i,a",";;;i_1,i_2","7,7,7,",7 × 7 × 7 × ?,,
1,29,Product,intermediate,I,235219,400,400,384,384,11218080,415072256,48,0,0.0,0.0,0.0,"I(i_3,i_2,i_1;a_1i_1i_2) * I(i_2,i_1,i_3;a_2i_1i_2) -> I(i_2,i_1;a_1i_1i_2,a_2i_1i_2)","I(i_2,i_1;a_1i_1i_2,a_2i_1i_2)","I(i_3,i_2,i_1;a_1i_1i_2)","I(i_2,i_1,i_3;a_2i_1i_2)","I(i_2,i_1;a_1i_1i_2,a_2i_1i_2)","i,i,a,a",";;i_1,i_2;i_1,i_2","7,7,,",7 × 7 × ? × ?,,
1,29,Constant,constant,_const,1111,,,8,8,11218080,415072256,1,,,,,2,2,,,,,,,scalar,8,1
1,29,Product,residual,R,69879,384,8,384,384,11218080,415072256,48,0,0.0,0.0,0.0,"I(i_2,i_1;a_1i_1i_2,a_2i_1i_2) * 2 -> R(i_2,i_1;a_1i_1i_2,a_2i_1i_2)","R(i_2,i_1;a_1i_1i_2,a_2i_1i_2)","I(i_2,i_1;a_1i_1i_2,a_2i_1i_2)",2,"R(i_2,i_1;a_1i_1i_2,a_2i_1i_2)","i,i,a,a",";;i_1,i_2;i_1,i_2","7,7,,",7 × 7 × ? × ?,,
1,29,Permute,residual,R,94898,,,384,384,11218080,415072256,48,,,,,"R(i_2,i_1;a_1i_1i_2,a_2i_1i_2)","R(i_2,i_1;a_1i_1i_2,a_2i_1i_2)",,,,"i,i,a,a",";;i_1,i_2;i_1,i_2","7,7,,",7 × 7 × ? × ?,,
1,30,Tensor,leaf,C,8696,,,2207664,2207664,11218080,415072256,275958,246870,-5695.615034274957,223631163.21246105,731.2730436956697,"C(i_3,i_1,μ̃_19706;a_3i_1i_3)","C(i_3,i_1,μ̃_19706;a_3i_1i_3)",,,,"i,i,μ̃,a",";;;i_1,i_3","7,7,114,",7 × 7 × 114 × ?,,
1,30,Product,intermediate,I,4472295,334432,2207664,957848,957848,12175928,415072256,119731,107016,0.9825444117962238,4.551170034386949,0.09453598947047762,"I(i_3,i_2,i_4,μ̃_19706) * C(i_3,i_1,μ̃_19706;a_3i_1i_3) -> I(i_1,i_4,i_2,i_3;a_3i_1i_3)","I(i_1,i_4,i_2,i_3;a_3i_1i_3)","I(i_3,i_2,i_4,μ̃_19706)","C(i_3,i_1,μ̃_19706;a_3i_1i_3)","I(i_1,i_4,i_2,i_3;a_3i_1i_3)","i,i,i,i,a",";;;;i_1,i_3","7,7,7,7,",7 × 7 × 7 × 7 × ?,,
1,30,Tensor,leaf,t,1958,,,384,384,12175928,415072256,48,0,0.0,0.0,0.0,"t(i_1,i_3;a_4i_1i_3,a_3i_1i_3)","t(i_1,i_3;a_4i_1i_3,a_3i_1i_3)",,,,"i,i,a,a",";;i_1,i_3;i_1,i_3","7,7,,",7 × 7 × ? × ?,,
1,30,Product,intermediate,I,263855,957848,384,432,432,12175928,415072256,54,0,0.0,0.0,0.0,"I(i_1,i_4,i_2,i_3;a_3i_1i_3) * t(i_1,i_3;a_4i_1i_3,a_3i_1i_3) -> I(i_3,i_4,i_2,i_1;a_4i_1i_3)","I(i_3,i_4,i_2,i_1;a_4i_1i_3)","I(i_1,i_4,i_2,i_3;a_3i_1i_3)","t(i_1,i_3;a_4i_1i_3,a_3i_1i_3)","I(i_3,i_4,i_2,i_1;a_4i_1i_3)","i,i,i,i,a",";;;;i_1,i_3","7,7,7,7,",7 × 7 × 7 × 7 × ?,,
1,30,Product,intermediate,I,346711,432,5489512,400,400,12175928,415072256,50,0,0.0,0.0,0.0,"I(i_3,i_4,i_2,i_1;a_4i_1i_3) * I(i_2,i_3,i_1;a_1i_1i_2,a_4i_1i_3) -> I(i_4,i_2,i_1;a_1i_1i_2)","I(i_4,i_2,i_1;a_1i_1i_2)","I(i_3,i_4,i_2,i_1;a_4i_1i_3)","I(i_2,i_3,i_1;a_1i_1i_2,a_4i_1i_3)","I(i_4,i_2,i_1;a_1i_1i_2)","i,i,i,a",";;;i_1,i_2","7,7,7,",7 × 7 × 7 × ?,,
1,30,Product,intermediate,I,280346,400,400,384,384,12175928,415072256,48,0,0.0,0.0,0.0,"I(i_4,i_2,i_1;a_1i_1i_2) * I(i_2,i_1,i_4;a_2i_1i_2) -> I(i_2,i_1;a_2i_1i_2,a_1i_1i_2)","I(i_2,i_1;a_2i_1i_2,a_1i_1i_2)","I(i_4,i_2,i_1;a_1i_1i_2)","I(i_2,i_1,i_4;a_2i_1i_2)","I(i_2,i_1;a_2i_1i_2,a_1i_1i_2)","i,i,a,a",";;i_1,i_2;i_1,i_2","7,7,,",7 × 7 × ? × ?,,
1,30,Constant,constant,_const,1081,,,8,8,12175928,415072256,1,,,,,2,2,,,,,,,scalar,8,1
1,30,Product,residual,R,66039,384,8,384,384,12175928,415072256,48,0,0.0,0.0,0.0,"I(i_2,i_1;a_2i_1i_2,a_1i_1i_2) * 2 -> R(i_2,i_1;a_2i_1i_2,a_1i_1i_2)","R(i_2,i_1;a_2i_1i_2,a_1i_1i_2)","I(i_2,i_1;a_2i_1i_2,a_1i_1i_2)",2,"R(i_2,i_1;a_2i_1i_2,a_1i_1i_2)","i,i,a,a",";;i_1,i_2;i_1,i_2","7,7,,",7 × 7 × ? × ?,,
1,30,Permute,residual,R,62413,,,384,384,12175928,415072256,48,,,,,"R(i_2,i_1;a_2i_1i_2,a_1i_1i_2)","R(i_2,i_1;a_2i_1i_2,a_1i_1i_2)",,,,"i,i,a,a",";;i_1,i_2;i_1,i_2","7,7,,",7 × 7 × ? × ?,,
1,31,Tensor,leaf,t,1365,,,384,384,12175928,415072256,48,0,0.0,0.0,0.0,"t(i_3,i_1;a_4i_1i_3,a_3i_1i_3)","t(i_3,i_1;a_4i_1i_3,a_3i_1i_3)",,,,"i,i,a,a",";;i_1,i_3;i_1,i_3","7,7,,",7 × 7 × ? × ?,,
1,31,Product,intermediate,I,227180,957848,384,432,432,12175928,415072256,54,0,0.0,0.0,0.0,"I(i_1,i_4,i_2,i_3;a_3i_1i_3) * t(i_3,i_1;a_4i_1i_3,a_3i_1i_3) -> I(i_3,i_4,i_2,i_1;a_4i_1i_3)","I(i_3,i_4,i_2,i_1;a_4i_1i_3)","I(i_1,i_4,i_2,i_3;a_3i_1i_3)","t(i_3,i_1;a_4i_1i_3,a_3i_1i_3)","I(i_3,i_4,i_2,i_1;a_4i_1i_3)","i,i,i,i,a",";;;;i_1,i_3","7,7,7,7,",7 × 7 × 7 × 7 × ?,,
1,31,Product,intermediate,I,435073,432,5489512,400,400,12175928,415072256,50,0,0.0,0.0,0.0,"I(i_3,i_4,i_2,i_1;a_4i_1i_3) * I(i_3,i_2,i_1;a_4i_1i_3,a_2i_1i_2) -> I(i_4,i_2,i_1;a_2i_1i_2)","I(i_4,i_2,i_1;a_2i_1i_2)","I(i_3,i_4,i_2,i_1;a_4i_1i_3)","I(i_3,i_2,i_1;a_4i_1i_3,a_2i_1i_2)","I(i_4,i_2,i_1;a_2i_1i_2)","i,i,i,a",";;;i_1,i_2","7,7,7,",7 × 7 × 7 × ?,,
1,31,Product,intermediate,I,240297,400,400,384,384,12175928,415072256,48,0,0.0,0.0,0.0,"I(i_4,i_2,i_1;a_2i_1i_2) * I(i_2,i_1,i_4;a_1i_1i_2) -> I(i_2,i_1;a_2i_1i_2,a_1i_1i_2)","I(i_2,i_1;a_2i_1i_2,a_1i_1i_2)","I(i_4,i_2,i_1;a_2i_1i_2)","I(i_2,i_1,i_4;a_1i_1i_2)","I(i_2,i_1;a_2i_1i_2,a_1i_1i_2)","i,i,a,a",";;i_1,i_2;i_1,i_2","7,7,,",7 × 7 × ? × ?,,
1,31,Constant,constant,_const,1647,,,8,8,12175928,415072256,1,,,,,2,2,,,,,,,scalar,8,1
1,31,Product,residual,R,65890,384,8,384,384,12175928,415072256,48,0,0.0,0.0,0.0,"I(i_2,i_1;a_2i_1i_2,a_1i_1i_2) * 2 -> R(i_2,i_1;a_2i_1i_2,a_1i_1i_2)","R(i_2,i_1;a_2i_1i_2,a_1i_1i_2)","I(i_2,i_1;a_2i_1i_2,a_1i_1i_2)",2,"R(i_2,i_1;a_2i_1i_2,a_1i_1i_2)","i,i,a,a",";;i_1,i_2;i_1,i_2","7,7,,",7 × 7 × ? × ?,,
1,31,Permute,residual,R,69206,,,384,384,12175928,415072256,48,,,,,"R(i_2,i_1;a_2i_1i_2,a_1i_1i_2)","R(i_2,i_1;a_2i_1i_2,a_1i_1i_2)",,,,"i,i,a,a",";;i_1,i_2;i_1,i_2","7,7,,",7 × 7 × ? × ?,,
1,32,Product,intermediate,I,254299,334432,432,432,432,12175928,415072256,54,0,0.0,0.0,0.0,"I(i_3,i_2,i_4,μ̃_19711) * I(μ̃_19711,i_1) -> I(i_3,i_2,i_4,i_1)","I(i_3,i_2,i_4,i_1)","I(i_3,i_2,i_4,μ̃_19711)","I(μ̃_19711,i_1)","I(i_3,i_2,i_4,i_1)","i,i,i,i",;;;,"7,7,7,7",7 × 7 × 7 × 7,19208,0.0224906
1,32,Product,intermediate,I,298956,432,400,400,400,12175928,415072256,50,0,0.0,0.0,0.0,"I(i_3,i_2,i_4,i_1) * I(i_2,i_1,i_4;a_1i_1i_2) -> I(i_3,i_2,i_1;a_1i_1i_2)","I(i_3,i_2,i_1;a_1i_1i_2)","I(i_3,i_2,i_4,i_1)","I(i_2,i_1,i_4;a_1i_1i_2)","I(i_3,i_2,i_1;a_1i_1i_2)","i,i,i,a",";;;i_1,i_2","7,7,7,",7 × 7 × 7 × ?,,
1,32,Product,intermediate,I,322764,400,400,384,384,12175928,415072256,48,0,0.0,0.0,0.0,"I(i_3,i_2,i_1;a_1i_1i_2) * I(i_2,i_1,i_3;a_2i_1i_2) -> I(i_2,i_1;a_2i_1i_2,a_1i_1i_2)","I(i_2,i_1;a_2i_1i_2,a_1i_1i_2)","I(i_3,i_2,i_1;a_1i_1i_2)","I(i_2,i_1,i_3;a_2i_1i_2)","I(i_2,i_1;a_2i_1i_2,a_1i_1i_2)","i,i,a,a",";;i_1,i_2;i_1,i_2","7,7,,",7 × 7 × ? × ?,,
1,32,Constant,constant,_const,1099,,,8,8,12175928,415072256,1,,,,,2,2,,,,,,,scalar,8,1
1,32,Product,residual,R,63989,384,8,384,384,12175928,415072256,48,0,0.0,0.0,0.0,"I(i_2,i_1;a_2i_1i_2,a_1i_1i_2) * 2 -> R(i_2,i_1;a_2i_1i_2,a_1i_1i_2)","R(i_2,i_1;a_2i_1i_2,a_1i_1i_2)","I(i_2,i_1;a_2i_1i_2,a_1i_1i_2)",2,"R(i_2,i_1;a_2i_1i_2,a_1i_1i_2)","i,i,a,a",";;i_1,i_2;i_1,i_2","7,7,,",7 × 7 × ? × ?,,
1,32,Permute,residual,R,65113,,,384,384,12175928,415072256,48,,,,,"R(i_2,i_1;a_2i_1i_2,a_1i_1i_2)","R(i_2,i_1;a_2i_1i_2,a_1i_1i_2)",,,,"i,i,a,a",";;i_1,i_2;i_1,i_2","7,7,,",7 × 7 × ? × ?,,
1,33,Tensor,leaf,C,14053,,,2207664,2207664,12175928,415072256,275958,246870,-5695.615034274957,223631163.21246105,731.2730436956697,"C(i_4,i_3,μ̃_19902;a_5i_3i_4)","C(i_4,i_3,μ̃_19902;a_5i_3i_4)",,,,"i,i,μ̃,a",";;;i_3,i_4","7,7,114,",7 × 7 × 114 × ?,,
1,33,Tensor,leaf,t,1352,,,384,384,12175928,415072256,48,0,0.0,0.0,0.0,"t(i_4,i_3;a_5i_3i_4,a_4i_3i_4)","t(i_4,i_3;a_5i_3i_4,a_4i_3i_4)",,,,"i,i,a,a",";;i_3,i_4;i_3,i_4","7,7,,",7 × 7 × ? × ?,,
1,33,Product,intermediate,I,214452,2207664,384,496,496,12176808,415072256,62,0,0.0,0.0,0.0,"C(i_4,i_3,μ̃_19902;a_5i_3i_4) * t(i_4,i_3;a_5i_3i_4,a_4i_3i_4) -> I(μ̃_19902,i_4,i_3;a_4i_3i_4)","I(μ̃_19902,i_4,i_3;a_4i_3i_4)","C(i_4,i_3,μ̃_19902;a_5i_3i_4)","t(i_4,i_3;a_5i_3i_4,a_4i_3i_4)","I(μ̃_19902,i_4,i_3;a_4i_3i_4)","μ̃,i,i,a",";;;i_3,i_4","114,7,7,",114 × 7 × 7 × ?,,
1,33,Tensor,leaf,C,7484,,,2207664,2207664,12176808,415072256,275958,246870,-5695.615034274957,223631163.21246105,731.2730436956697,"C(i_4,i_3,μ̃_19903;a_4i_3i_4)","C(i_4,i_3,μ̃_19903;a_4i_3i_4)",,,,"i,i,μ̃,a",";;;i_3,i_4","7,7,114,",7 × 7 × 114 × ?,,
1,33,Product,intermediate,I,474851,496,2207664,1392,1392,12177816,415072256,174,0,0.0,0.0,0.0,"I(μ̃_19902,i_4,i_3;a_4i_3i_4) * C(i_4,i_3,μ̃_19903;a_4i_3i_4) -> I(μ̃_19903,μ̃_19902,i_3,i_4)","I(μ̃_19903,μ̃_19902,i_3,i_4)","I(μ̃_19902,i_4,i_3;a_4i_3i_4)","C(i_4,i_3,μ̃_19903;a_4i_3i_4)","I(μ̃_19903,μ̃_19902,i_3,i_4)","μ̃,μ̃,i,i",;;;,"114,114,7,7",114 × 114 × 7 × 7,5094432,0.000273239
1,33,Product,intermediate,I,250985,432,1392,1392,1392,12177816,415072256,174,0,0.0,0.0,0.0,"I(i_3,i_1,i_4,i_2) * I(μ̃_19903,μ̃_19902,i_3,i_4) -> I(i_1,μ̃_19902,μ̃_19903,i_2)","I(i_1,μ̃_19902,μ̃_19903,i_2)","I(i_3,i_1,i_4,i_2)","I(μ̃_19903,μ̃_19902,i_3,i_4)","I(i_1,μ̃_19902,μ̃_19903,i_2)","i,μ̃,μ̃,i",;;;,"7,114,114,7",7 × 114 × 114 × 7,5094432,0.000273239
1,33,Product,intermediate,I,581372,1392,2226240,496,496,12177816,415072256,62,0,0.0,0.0,0.0,"I(i_1,μ̃_19902,μ̃_19903,i_2) * I(i_2,i_1,μ̃_19902;a_2i_1i_2) -> I(i_1,μ̃_19903,i_2;a_2i_1i_2)","I(i_1,μ̃_19903,i_2;a_2i_1i_2)","I(i_1,μ̃_19902,μ̃_19903,i_2)","I(i_2,i_1,μ̃_19902;a_2i_1i_2)","I(i_1,μ̃_19903,i_2;a_2i_1i_2)","i,μ̃,i,a",";;;i_1,i_2","7,114,7,",7 × 114 × 7 × ?,,
1,33,Product,intermediate,I,385350,496,2226240,384,384,12177816,415072256,48,0,0.0,0.0,0.0,"I(i_1,μ̃_19903,i_2;a_2i_1i_2) * I(i_2,i_1,μ̃_19903;a_1i_1i_2) -> I(i_1,i_2;a_2i_1i_2,a_1i_1i_2)","I(i_1,i_2;a_2i_1i_2,a_1i_1i_2)","I(i_1,μ̃_19903,i_2;a_2i_1i_2)","I(i_2,i_1,μ̃_19903;a_1i_1i_2)","I(i_1,i_2;a_2i_1i_2,a_1i_1i_2)","i,i,a,a",";;i_1,i_2;i_1,i_2","7,7,,",7 × 7 × ? × ?,,
1,33,Constant,constant,_const,978,,,8,8,12177816,415072256,1,,,,,2,2,,,,,,,scalar,8,1
1,33,Product,residual,R,70636,384,8,384,384,12177816,415072256,48,0,0.0,0.0,0.0,"I(i_1,i_2;a_2i_1i_2,a_1i_1i_2) * 2 -> R(i_1,i_2;a_2i_1i_2,a_1i_1i_2)","R(i_1,i_2;a_2i_1i_2,a_1i_1i_2)","I(i_1,i_2;a_2i_1i_2,a_1i_1i_2)",2,"R(i_1,i_2;a_2i_1i_2,a_1i_1i_2)","i,i,a,a",";;i_1,i_2;i_1,i_2","7,7,,",7 × 7 × ? × ?,,
1,33,Permute,residual,R,63374,,,384,384,12177816,415072256,48,,,,,"R(i_1,i_2;a_2i_1i_2,a_1i_1i_2)","R(i_1,i_2;a_2i_1i_2,a_1i_1i_2)",,,,"i,i,a,a",";;i_1,i_2;i_1,i_2","7,7,,",7 × 7 × ? × ?,,
1,34,Product,intermediate,I,224620,334432,432,384,384,12177816,415072256,48,0,0.0,0.0,0.0,"I(i_3,i_2,i_4,μ̃_19767) * I(μ̃_19767,i_3) -> I(i_4,i_2)","I(i_4,i_2)","I(i_3,i_2,i_4,μ̃_19767)","I(μ̃_19767,i_3)","I(i_4,i_2)","i,i",;,"7,7",7 × 7,392,0.979592
1,34,Product,intermediate,I,1780829,384,5489512,400,400,12177816,416370688,50,0,0.0,0.0,0.0,"I(i_4,i_2) * I(i_2,i_4,i_1;a_1i_1i_2,a_4i_1i_4) -> I(i_1,i_2,i_4;a_1i_1i_2,a_4i_1i_4)","I(i_1,i_2,i_4;a_1i_1i_2,a_4i_1i_4)","I(i_4,i_2)","I(i_2,i_4,i_1;a_1i_1i_2,a_4i_1i_4)","I(i_1,i_2,i_4;a_1i_1i_2,a_4i_1i_4)","i,i,i,a,a",";;;i_1,i_2;i_1,i_4","7,7,7,,",7 × 7 × 7 × ? × ?,,
1,34,Tensor,leaf,t,1266,,,384,384,12177816,416370688,48,0,0.0,0.0,0.0,"t(i_4,i_1;a_5i_1i_4,a_4i_1i_4)","t(i_4,i_1;a_5i_1i_4,a_4i_1i_4)",,,,"i,i,a,a",";;i_1,i_4;i_1,i_4","7,7,,",7 × 7 × ? × ?,,
1,34,Product,intermediate,I,279695,5489512,384,400,400,12177816,416370688,50,0,0.0,0.0,0.0,"I(i_4,i_2,i_1;a_5i_1i_4,a_2i_1i_2) * t(i_4,i_1;a_5i_1i_4,a_4i_1i_4) -> I(i_2,i_4,i_1;a_2i_1i_2,a_4i_1i_4)","I(i_2,i_4,i_1;a_2i_1i_2,a_4i_1i_4)","I(i_4,i_2,i_1;a_5i_1i_4,a_2i_1i_2)","t(i_4,i_1;a_5i_1i_4,a_4i_1i_4)","I(i_2,i_4,i_1;a_2i_1i_2,a_4i_1i_4)","i,i,i,a,a",";;;i_1,i_2;i_1,i_4","7,7,7,,",7 × 7 × 7 × ? × ?,,
1,34,Product,intermediate,I,284883,400,400,384,384,12177816,416370688,48,0,0.0,0.0,0.0,"I(i_1,i_2,i_4;a_1i_1i_2,a_4i_1i_4) * I(i_2,i_4,i_1;a_2i_1i_2,a_4i_1i_4) -> I(i_2,i_1;a_2i_1i_2,a_1i_1i_2)","I(i_2,i_1;a_2i_1i_2,a_1i_1i_2)","I(i_1,i_2,i_4;a_1i_1i_2,a_4i_1i_4)","I(i_2,i_4,i_1;a_2i_1i_2,a_4i_1i_4)","I(i_2,i_1;a_2i_1i_2,a_1i_1i_2)","i,i,a,a",";;i_1,i_2;i_1,i_2","7,7,,",7 × 7 × ? × ?,,
1,34,Constant,constant,_const,1015,,,8,8,12177816,416370688,1,,,,,2,2,,,,,,,scalar,8,1
1,34,Product,residual,R,64174,384,8,384,384,12177816,416370688,48,0,0.0,0.0,0.0,"I(i_2,i_1;a_2i_1i_2,a_1i_1i_2) * 2 -> R(i_2,i_1;a_2i_1i_2,a_1i_1i_2)","R(i_2,i_1;a_2i_1i_2,a_1i_1i_2)","I(i_2,i_1;a_2i_1i_2,a_1i_1i_2)",2,"R(i_2,i_1;a_2i_1i_2,a_1i_1i_2)","i,i,a,a",";;i_1,i_2;i_1,i_2","7,7,,",7 × 7 × ? × ?,,
1,34,Permute,residual,R,65507,,,384,384,12177816,416370688,48,,,,,"R(i_2,i_1;a_2i_1i_2,a_1i_1i_2)","R(i_2,i_1;a_2i_1i_2,a_1i_1i_2)",,,,"i,i,a,a",";;i_1,i_2;i_1,i_2","7,7,,",7 × 7 × ? × ?,,
1,35,Tensor,leaf,C,13798,,,2207664,2207664,12178216,416370688,275958,246870,-5695.615034274957,223631163.21246105,731.2730436956697,"C(i_2,i_1,μ̃_19871;a_2i_1i_2)","C(i_2,i_1,μ̃_19871;a_2i_1i_2)",,,,"i,i,μ̃,a",";;;i_1,i_2","7,7,114,",7 × 7 × 114 × ?,,
1,35,Product,intermediate,I,2392194,334432,2207664,139048,139048,12317264,416370688,17381,15288,-0.022187418228380072,0.6947244946393683,0.09453598947047762,"I(i_1,i_3,i_2,μ̃_19871) * C(i_2,i_1,μ̃_19871;a_2i_1i_2) -> I(i_3,i_2,i_1;a_2i_1i_2)","I(i_3,i_2,i_1;a_2i_1i_2)","I(i_1,i_3,i_2,μ̃_19871)","C(i_2,i_1,μ̃_19871;a_2i_1i_2)","I(i_3,i_2,i_1;a_2i_1i_2)","i,i,i,a",";;;i_1,i_2","7,7,7,",7 × 7 × 7 × ?,,
1,35,Product,intermediate,I,249077,139048,400,384,384,12317264,416370688,48,0,0.0,0.0,0.0,"I(i_3,i_2,i_1;a_2i_1i_2) * I(i_2,i_1,i_3;a_1i_1i_2) -> I(i_2,i_1;a_2i_1i_2,a_1i_1i_2)","I(i_2,i_1;a_2i_1i_2,a_1i_1i_2)","I(i_3,i_2,i_1;a_2i_1i_2)","I(i_2,i_1,i_3;a_1i_1i_2)","I(i_2,i_1;a_2i_1i_2,a_1i_1i_2)","i,i,a,a",";;i_1,i_2;i_1,i_2","7,7,,",7 × 7 × ? × ?,,
1,35,Constant,constant,_const,1152,,,8,8,12317264,416370688,1,,,,,-2,-2,,,,,,,scalar,8,1
1,35,Product,residual,R,61434,384,8,384,384,12317264,416370688,48,0,0.0,0.0,0.0,"I(i_2,i_1;a_2i_1i_2,a_1i_1i_2) * -2 -> R(i_2,i_1;a_2i_1i_2,a_1i_1i_2)","R(i_2,i_1;a_2i_1i_2,a_1i_1i_2)","I(i_2,i_1;a_2i_1i_2,a_1i_1i_2)",-2,"R(i_2,i_1;a_2i_1i_2,a_1i_1i_2)","i,i,a,a",";;i_1,i_2;i_1,i_2","7,7,,",7 × 7 × ? × ?,,
1,35,Permute,residual,R,63708,,,384,384,12317264,416370688,48,,,,,"R(i_2,i_1;a_2i_1i_2,a_1i_1i_2)","R(i_2,i_1;a_2i_1i_2,a_1i_1i_2)",,,,"i,i,a,a",";;i_1,i_2;i_1,i_2","7,7,,",7 × 7 × ? × ?,,
1,36,Tensor,leaf,g,11696,,,1843152,1843152,12317264,416370688,230394,225036,-13.7135187938935,9.824790694343452,0.19254784769834188,"g(μ̃_19700,i_3,Κ_1)","g(μ̃_19700,i_3,Κ_1)",,,,"μ̃,i,Κ",;;,"114,7,282",114 × 7 × 282,1800288,1.02381
1,36,Tensor,leaf,g,9328,,,1843152,1843152,12317264,416370688,230394,225036,-13.7135187938935,9.824790694343452,0.19254784769834188,"g(μ̃_19701,i_4,Κ_1)","g(μ̃_19701,i_4,Κ_1)",,,,"μ̃,i,Κ",;;,"114,7,282",114 × 7 × 282,1800288,1.02381
1,36,Product,intermediate,I,63098067,1843152,1843152,5179792,5179792,18975696,416911360,647474,636804,27.01493957359407,3.0468014162183006,0.11361118772547729,"g(μ̃_19700,i_3,Κ_1) * g(μ̃_19701,i_4,Κ_1) -> I(i_4,i_3,μ̃_19701,μ̃_19700)","I(i_4,i_3,μ̃_19701,μ̃_19700)","g(μ̃_19700,i_3,Κ_1)","g(μ̃_19701,i_4,Κ_1)","I(i_4,i_3,μ̃_19701,μ̃_19700)","i,i,μ̃,μ̃",;;;,"7,7,114,114",7 × 7 × 114 × 114,5094432,1.01676
1,36,Product,intermediate,I,416330,5179792,1392,432,432,18975696,416911360,54,0,0.0,0.0,0.0,"I(i_4,i_3,μ̃_19701,μ̃_19700) * I(μ̃_19701,μ̃_19700,i_2,i_1) -> I(i_4,i_3,i_2,i_1)","I(i_4,i_3,i_2,i_1)","I(i_4,i_3,μ̃_19701,μ̃_19700)","I(μ̃_19701,μ̃_19700,i_2,i_1)","I(i_4,i_3,i_2,i_1)","i,i,i,i",;;;,"7,7,7,7",7 × 7 × 7 × 7,19208,0.0224906
1,36,Product,intermediate,I,222370,432,1392,1392,1392,18975696,416911360,174,0,0.0,0.0,0.0,"I(i_4,i_3,i_2,i_1) * I(μ̃_19704,μ̃_19702,i_4,i_3) -> I(μ̃_19704,μ̃_19702,i_2,i_1)","I(μ̃_19704,μ̃_19702,i_2,i_1)","I(i_4,i_3,i_2,i_1)","I(μ̃_19704,μ̃_19702,i_4,i_3)","I(μ̃_19704,μ̃_19702,i_2,i_1)","μ̃,μ̃,i,i",;;;,"114,114,7,7",114 × 114 × 7 × 7,5094432,0.000273239
1,36,Product,intermediate,I,455459,1392,2226240,496,496,18975696,416911360,62,0,0.0,0.0,0.0,"I(μ̃_19704,μ̃_19702,i_2,i_1) * I(i_2,i_1,μ̃_19702;a_1i_1i_2) -> I(μ̃_19704,i_2,i_1;a_1i_1i_2)","I(μ̃_19704,i_2,i_1;a_1i_1i_2)","I(μ̃_19704,μ̃_19702,i_2,i_1)","I(i_2,i_1,μ̃_19702;a_1i_1i_2)","I(μ̃_19704,i_2,i_1;a_1i_1i_2)","μ̃,i,i,a",";;;i_1,i_2","114,7,7,",114 × 7 × 7 × ?,,
1,36,Product,residual,R,419213,496,2226240,384,384,18975696,416911360,48,0,0.0,0.0,0.0,"I(μ̃_19704,i_2,i_1;a_1i_1i_2) * I(i_2,i_1,μ̃_19704;a_2i_1i_2) -> R(i_2,i_1;a_2i_1i_2,a_1i_1i_2)","R(i_2,i_1;a_2i_1i_2,a_1i_1i_2)","I(μ̃_19704,i_2,i_1;a_1i_1i_2)","I(i_2,i_1,μ̃_19704;a_2i_1i_2)","R(i_2,i_1;a_2i_1i_2,a_1i_1i_2)","i,i,a,a",";;i_1,i_2;i_1,i_2","7,7,,",7 × 7 × ? × ?,,
1,36,Permute,residual,R,68742,,,384,384,18975696,416911360,48,,,,,"R(i_2,i_1;a_2i_1i_2,a_1i_1i_2)","R(i_2,i_1;a_2i_1i_2,a_1i_1i_2)",,,,"i,i,a,a",";;i_1,i_2;i_1,i_2","7,7,,",7 × 7 × ? × ?,,
1,37,Product,intermediate,I,159609,496,496,432,432,18975696,416911360,54,0,0.0,0.0,0.0,"I(i_3,i_1,Κ_1) * I(i_4,i_2,Κ_1) -> I(i_4,i_3,i_2,i_1)","I(i_4,i_3,i_2,i_1)","I(i_3,i_1,Κ_1)","I(i_4,i_2,Κ_1)","I(i_4,i_3,i_2,i_1)","i,i,i,i",;;;,"7,7,7,7",7 × 7 × 7 × 7,19208,0.0224906
1,37,Product,intermediate,I,228819,432,1392,1392,1392,18975696,416911360,174,0,0.0,0.0,0.0,"I(i_4,i_3,i_2,i_1) * I(μ̃_19734,μ̃_19732,i_4,i_3) -> I(μ̃_19734,μ̃_19732,i_2,i_1)","I(μ̃_19734,μ̃_19732,i_2,i_1)","I(i_4,i_3,i_2,i_1)","I(μ̃_19734,μ̃_19732,i_4,i_3)","I(μ̃_19734,μ̃_19732,i_2,i_1)","μ̃,μ̃,i,i",;;;,"114,114,7,7",114 × 114 × 7 × 7,5094432,0.000273239
1,37,Product,intermediate,I,443000,1392,2226240,496,496,18975696,416911360,62,0,0.0,0.0,0.0,"I(μ̃_19734,μ̃_19732,i_2,i_1) * I(i_2,i_1,μ̃_19732;a_1i_1i_2) -> I(μ̃_19734,i_1,i_2;a_1i_1i_2)","I(μ̃_19734,i_1,i_2;a_1i_1i_2)","I(μ̃_19734,μ̃_19732,i_2,i_1)","I(i_2,i_1,μ̃_19732;a_1i_1i_2)","I(μ̃_19734,i_1,i_2;a_1i_1i_2)","μ̃,i,i,a",";;;i_1,i_2","114,7,7,",114 × 7 × 7 × ?,,
1,37,Product,residual,R,382474,496,2226240,384,384,18975696,416911360,48,0,0.0,0.0,0.0,"I(μ̃_19734,i_1,i_2;a_1i_1i_2) * I(i_2,i_1,μ̃_19734;a_2i_1i_2) -> R(i_2,i_1;a_2i_1i_2,a_1i_1i_2)","R(i_2,i_1;a_2i_1i_2,a_1i_1i_2)","I(μ̃_19734,i_1,i_2;a_1i_1i_2)","I(i_2,i_1,μ̃_19734;a_2i_1i_2)","R(i_2,i_1;a_2i_1i_2,a_1i_1i_2)","i,i,a,a",";;i_1,i_2;i_1,i_2","7,7,,",7 × 7 × ? × ?,,
1,37,Permute,residual,R,77505,,,384,384,18975696,416911360,48,,,,,"R(i_2,i_1;a_2i_1i_2,a_1i_1i_2)","R(i_2,i_1;a_2i_1i_2,a_1i_1i_2)",,,,"i,i,a,a",";;i_1,i_2;i_1,i_2","7,7,,",7 × 7 × ? × ?,,
1,38,Product,intermediate,I,287022,432,400,400,400,18975696,416911360,50,0,0.0,0.0,0.0,"I(i_4,i_3,i_2,i_1) * I(i_2,i_1,i_3;a_1i_1i_2) -> I(i_4,i_1,i_2;a_1i_1i_2)","I(i_4,i_1,i_2;a_1i_1i_2)","I(i_4,i_3,i_2,i_1)","I(i_2,i_1,i_3;a_1i_1i_2)","I(i_4,i_1,i_2;a_1i_1i_2)","i,i,i,a",";;;i_1,i_2","7,7,7,",7 × 7 × 7 × ?,,
1,38,Product,residual,R,262069,400,400,384,384,18975696,416911360,48,0,0.0,0.0,0.0,"I(i_4,i_1,i_2;a_1i_1i_2) * I(i_2,i_1,i_4;a_2i_1i_2) -> R(i_2,i_1;a_2i_1i_2,a_1i_1i_2)","R(i_2,i_1;a_2i_1i_2,a_1i_1i_2)","I(i_4,i_1,i_2;a_1i_1i_2)","I(i_2,i_1,i_4;a_2i_1i_2)","R(i_2,i_1;a_2i_1i_2,a_1i_1i_2)","i,i,a,a",";;i_1,i_2;i_1,i_2","7,7,,",7 × 7 × ? × ?,,
1,38,Permute,residual,R,67177,,,384,384,18975696,416911360,48,,,,,"R(i_2,i_1;a_2i_1i_2,a_1i_1i_2)","R(i_2,i_1;a_2i_1i_2,a_1i_1i_2)",,,,"i,i,a,a",";;i_1,i_2;i_1,i_2","7,7,,",7 × 7 × ? × ?,,
1,39,Tensor,leaf,g,13774,,,1843152,1843152,18975696,416911360,230394,225036,-13.7135187938935,9.824790694343452,0.19254784769834188,"g(μ̃_19735,i_3,Κ_1)","g(μ̃_19735,i_3,Κ_1)",,,,"μ̃,i,Κ",;;,"114,7,282",114 × 7 × 282,1800288,1.02381
1,39,Tensor,leaf,g,17847,,,29489328,29489328,44779152,416911360,3686166,3664872,328.03408291046196,123.92989425956745,0.8503952014554764,"g(μ̃_19736,μ̃_19737,Κ_1)","g(μ̃_19736,μ̃_19737,Κ_1)",,,,"μ̃,μ̃,Κ",;;,"114,114,282",114 × 114 × 282,29318976,1.00581
1,39,Product,intermediate,I,412362615,1843152,29489328,83306800,83306800,129929104,476106752,10413350,10370808,2.6346865216342534,25.446629685846204,0.22485796142286643,"g(μ̃_19735,i_3,Κ_1) * g(μ̃_19736,μ̃_19737,Κ_1) -> I(i_3,μ̃_19737,μ̃_19736,μ̃_19735)","I(i_3,μ̃_19737,μ̃_19736,μ̃_19735)","g(μ̃_19735,i_3,Κ_1)","g(μ̃_19736,μ̃_19737,Κ_1)","I(i_3,μ̃_19737,μ̃_19736,μ̃_19735)","i,μ̃,μ̃,μ̃",;;;,"7,114,114,114",7 × 114 × 114 × 114,82966464,1.0041
1,39,Product,intermediate,I,614134,83306800,1392,624,624,129929104,476106752,78,0,0.0,0.0,0.0,"I(i_3,μ̃_19737,μ̃_19736,μ̃_19735) * I(μ̃_19736,μ̃_19735,i_1,i_2) -> I(i_3,μ̃_19737,i_1,i_2)","I(i_3,μ̃_19737,i_1,i_2)","I(i_3,μ̃_19737,μ̃_19736,μ̃_19735)","I(μ̃_19736,μ̃_19735,i_1,i_2)","I(i_3,μ̃_19737,i_1,i_2)","i,μ̃,i,i",;;;,"7,114,7,7",7 × 114 × 7 × 7,312816,0.00199478
1,39,Tensor,leaf,C,29069,,,2207664,2207664,129929104,476106752,275958,246870,-5695.615034274957,223631163.21246105,731.2730436956697,"C(i_2,i_1,μ̃_19737;a_1i_1i_2)","C(i_2,i_1,μ̃_19737;a_1i_1i_2)",,,,"i,i,μ̃,a",";;;i_1,i_2","7,7,114,",7 × 7 × 114 × ?,,
1,39,Product,intermediate,I,431133,624,2207664,400,400,129929104,476106752,50,0,0.0,0.0,0.0,"I(i_3,μ̃_19737,i_1,i_2) * C(i_2,i_1,μ̃_19737;a_1i_1i_2) -> I(i_3,i_1,i_2;a_1i_1i_2)","I(i_3,i_1,i_2;a_1i_1i_2)","I(i_3,μ̃_19737,i_1,i_2)","C(i_2,i_1,μ̃_19737;a_1i_1i_2)","I(i_3,i_1,i_2;a_1i_1i_2)","i,i,i,a",";;;i_1,i_2","7,7,7,",7 × 7 × 7 × ?,,
1,39,Product,intermediate,I,297257,400,400,384,384,129929104,476106752,48,0,0.0,0.0,0.0,"I(i_3,i_1,i_2;a_1i_1i_2) * I(i_2,i_1,i_3;a_2i_1i_2) -> I(i_1,i_2;a_1i_1i_2,a_2i_1i_2)","I(i_1,i_2;a_1i_1i_2,a_2i_1i_2)","I(i_3,i_1,i_2;a_1i_1i_2)","I(i_2,i_1,i_3;a_2i_1i_2)","I(i_1,i_2;a_1i_1i_2,a_2i_1i_2)","i,i,a,a",";;i_1,i_2;i_1,i_2","7,7,,",7 × 7 × ? × ?,,
1,39,Constant,constant,_const,1819,,,8,8,129929104,476106752,1,,,,,-2,-2,,,,,,,scalar,8,1
1,39,Product,residual,R,58297,384,8,384,384,129929104,476106752,48,0,0.0,0.0,0.0,"I(i_1,i_2;a_1i_1i_2,a_2i_1i_2) * -2 -> R(i_1,i_2;a_1i_1i_2,a_2i_1i_2)","R(i_1,i_2;a_1i_1i_2,a_2i_1i_2)","I(i_1,i_2;a_1i_1i_2,a_2i_1i_2)",-2,"R(i_1,i_2;a_1i_1i_2,a_2i_1i_2)","i,i,a,a",";;i_1,i_2;i_1,i_2","7,7,,",7 × 7 × ? × ?,,
1,39,Permute,residual,R,59983,,,384,384,129929104,476106752,48,,,,,"R(i_1,i_2;a_1i_1i_2,a_2i_1i_2)","R(i_1,i_2;a_1i_1i_2,a_2i_1i_2)",,,,"i,i,a,a",";;i_1,i_2;i_1,i_2","7,7,,",7 × 7 × ? × ?,,
1,40,Product,intermediate,I,319855,432,400,400,400,129929104,476106752,50,0,0.0,0.0,0.0,"I(i_4,i_3,i_2,i_1) * I(i_2,i_1,i_3;a_1i_1i_2) -> I(i_4,i_1,i_2;a_1i_1i_2)","I(i_4,i_1,i_2;a_1i_1i_2)","I(i_4,i_3,i_2,i_1)","I(i_2,i_1,i_3;a_1i_1i_2)","I(i_4,i_1,i_2;a_1i_1i_2)","i,i,i,a",";;;i_1,i_2","7,7,7,",7 × 7 × 7 × ?,,
1,40,Product,residual,R,301345,400,400,384,384,129929104,476106752,48,0,0.0,0.0,0.0,"I(i_4,i_1,i_2;a_1i_1i_2) * I(i_2,i_1,i_4;a_2i_1i_2) -> R(i_2,i_1;a_2i_1i_2,a_1i_1i_2)","R(i_2,i_1;a_2i_1i_2,a_1i_1i_2)","I(i_4,i_1,i_2;a_1i_1i_2)","I(i_2,i_1,i_4;a_2i_1i_2)","R(i_2,i_1;a_2i_1i_2,a_1i_1i_2)","i,i,a,a",";;i_1,i_2;i_1,i_2","7,7,,",7 × 7 × ? × ?,,
1,40,Permute,residual,R,67494,,,384,384,129929104,476106752,48,,,,,"R(i_2,i_1;a_2i_1i_2,a_1i_1i_2)","R(i_2,i_1;a_2i_1i_2,a_1i_1i_2)",,,,"i,i,a,a",";;i_1,i_2;i_1,i_2","7,7,,",7 × 7 × ? × ?,,
1,41,Tensor,leaf,g,9204,,,1843152,1843152,129929104,476106752,230394,225036,-13.7135187938935,9.824790694343452,0.19254784769834188,"g(μ̃_19776,i_3,Κ_1)","g(μ̃_19776,i_3,Κ_1)",,,,"μ̃,i,Κ",;;,"114,7,282",114 × 7 × 282,1800288,1.02381
1,41,Tensor,leaf,C,12696,,,2207664,2207664,129929104,476106752,275958,246870,-5695.615034274957,223631163.21246105,731.2730436956697,"C(i_3,i_1,μ̃_19776;a_3i_1i_3)","C(i_3,i_1,μ̃_19776;a_3i_1i_3)",,,,"i,i,μ̃,a",";;;i_1,i_3","7,7,114,",7 × 7 × 114 × ?,,
1,41,Product,intermediate,I,18608600,1843152,2207664,5490816,5490816,129929104,478269440,686352,615888,-4.549527698648659,48.85377150827255,0.19405695413533675,"g(μ̃_19776,i_3,Κ_1) * C(i_3,i_1,μ̃_19776;a_3i_1i_3) -> I(i_1,i_3,Κ_1;a_3i_1i_3)","I(i_1,i_3,Κ_1;a_3i_1i_3)","g(μ̃_19776,i_3,Κ_1)","C(i_3,i_1,μ̃_19776;a_3i_1i_3)","I(i_1,i_3,Κ_1;a_3i_1i_3)","i,i,Κ,a",";;;i_1,i_3","7,7,282,",7 × 7 × 282 × ?,,
1,41,Product,intermediate,I,526850,5490816,496,880,880,129929104,478269440,110,0,0.0,0.0,0.0,"I(i_1,i_3,Κ_1;a_3i_1i_3) * I(μ̃_19779,i_3,i_1;a_3i_1i_3) -> I(μ̃_19779,i_1,Κ_1)","I(μ̃_19779,i_1,Κ_1)","I(i_1,i_3,Κ_1;a_3i_1i_3)","I(μ̃_19779,i_3,i_1;a_3i_1i_3)","I(μ̃_19779,i_1,Κ_1)","μ̃,i,Κ",;;,"114,7,282",114 × 7 × 282,1800288,0.000488811
1,41,Product,intermediate,I,571638,880,2226240,496,496,129929104,478269440,62,0,0.0,0.0,0.0,"I(μ̃_19779,i_1,Κ_1) * I(i_2,i_1,μ̃_19779;a_1i_1i_2) -> I(i_2,i_1,Κ_1;a_1i_1i_2)","I(i_2,i_1,Κ_1;a_1i_1i_2)","I(μ̃_19779,i_1,Κ_1)","I(i_2,i_1,μ̃_19779;a_1i_1i_2)","I(i_2,i_1,Κ_1;a_1i_1i_2)","i,i,Κ,a",";;;i_1,i_2","7,7,282,",7 × 7 × 282 × ?,,
1,41,Product,intermediate,I,566239,5490816,496,880,880,129929104,478269440,110,0,0.0,0.0,0.0,"I(i_2,i_4,Κ_1;a_4i_2i_4) * I(μ̃_19781,i_2,i_4;a_4i_2i_4) -> I(μ̃_19781,i_2,Κ_1)","I(μ̃_19781,i_2,Κ_1)","I(i_2,i_4,Κ_1;a_4i_2i_4)","I(μ̃_19781,i_2,i_4;a_4i_2i_4)","I(μ̃_19781,i_2,Κ_1)","μ̃,i,Κ",;;,"114,7,282",114 × 7 × 282,1800288,0.000488811
1,41,Product,intermediate,I,443060,496,880,496,496,129929104,478269440,62,0,0.0,0.0,0.0,"I(i_2,i_1,Κ_1;a_1i_1i_2) * I(μ̃_19781,i_2,Κ_1) -> I(μ̃_19781,i_1,i_2;a_1i_1i_2)","I(μ̃_19781,i_1,i_2;a_1i_1i_2)","I(i_2,i_1,Κ_1;a_1i_1i_2)","I(μ̃_19781,i_2,Κ_1)","I(μ̃_19781,i_1,i_2;a_1i_1i_2)","μ̃,i,i,a",";;;i_1,i_2","114,7,7,",114 × 7 × 7 × ?,,
1,41,Product,intermediate,I,386259,496,2226240,384,384,129929104,478269440,48,0,0.0,0.0,0.0,"I(μ̃_19781,i_1,i_2;a_1i_1i_2) * I(i_2,i_1,μ̃_19781;a_2i_1i_2) -> I(i_2,i_1;a_1i_1i_2,a_2i_1i_2)","I(i_2,i_1;a_1i_1i_2,a_2i_1i_2)","I(μ̃_19781,i_1,i_2;a_1i_1i_2)","I(i_2,i_1,μ̃_19781;a_2i_1i_2)","I(i_2,i_1;a_1i_1i_2,a_2i_1i_2)","i,i,a,a",";;i_1,i_2;i_1,i_2","7,7,,",7 × 7 × ? × ?,,
1,41,Constant,constant,_const,1959,,,8,8,129929104,478269440,1,,,,,-4,-4,,,,,,,scalar,8,1
1,41,Product,residual,R,71358,384,8,384,384,129929104,478269440,48,0,0.0,0.0,0.0,"I(i_2,i_1;a_1i_1i_2,a_2i_1i_2) * -4 -> R(i_2,i_1;a_1i_1i_2,a_2i_1i_2)","R(i_2,i_1;a_1i_1i_2,a_2i_1i_2)","I(i_2,i_1;a_1i_1i_2,a_2i_1i_2)",-4,"R(i_2,i_1;a_1i_1i_2,a_2i_1i_2)","i,i,a,a",";;i_1,i_2;i_1,i_2","7,7,,",7 × 7 × ? × ?,,
1,41,Permute,residual,R,68637,,,384,384,129929104,478269440,48,,,,,"R(i_2,i_1;a_1i_1i_2,a_2i_1i_2)","R(i_2,i_1;a_1i_1i_2,a_2i_1i_2)",,,,"i,i,a,a",";;i_1,i_2;i_1,i_2","7,7,,",7 × 7 × ? × ?,,
1,42,Tensor,leaf,g,13972,,,29489328,29489328,133578592,478269440,3686166,3664872,328.03408291046196,123.92989425956745,0.8503952014554764,"g(μ̃_19895,μ̃_19896,Κ_1)","g(μ̃_19895,μ̃_19896,Κ_1)",,,,"μ̃,μ̃,Κ",;;,"114,114,282",114 × 114 × 282,29318976,1.00581
1,42,Product,intermediate,I,403683,29489328,432,880,880,133579472,478269440,110,0,0.0,0.0,0.0,"g(μ̃_19895,μ̃_19896,Κ_1) * I(μ̃_19895,i_2) -> I(μ̃_19896,i_2,Κ_1)","I(μ̃_19896,i_2,Κ_1)","g(μ̃_19895,μ̃_19896,Κ_1)","I(μ̃_19895,i_2)","I(μ̃_19896,i_2,Κ_1)","μ̃,i,Κ",;;,"114,7,282",114 × 7 × 282,1800288,0.000488811
1,42,Tensor,leaf,C,15717,,,2207664,2207664,133579472,478269440,275958,246870,-5695.615034274957,223631163.21246105,731.2730436956697,"C(i_2,i_1,μ̃_19896;a_2i_1i_2)","C(i_2,i_1,μ̃_19896;a_2i_1i_2)",,,,"i,i,μ̃,a",";;;i_1,i_2","7,7,114,",7 × 7 × 114 × ?,,
1,42,Product,intermediate,I,442215,880,2207664,496,496,133579472,478269440,62,0,0.0,0.0,0.0,"I(μ̃_19896,i_2,Κ_1) * C(i_2,i_1,μ̃_19896;a_2i_1i_2) -> I(i_1,i_2,Κ_1;a_2i_1i_2)","I(i_1,i_2,Κ_1;a_2i_1i_2)","I(μ̃_19896,i_2,Κ_1)","C(i_2,i_1,μ̃_19896;a_2i_1i_2)","I(i_1,i_2,Κ_1;a_2i_1i_2)","i,i,Κ,a",";;;i_1,i_2","7,7,282,",7 × 7 × 282 × ?,,
1,42,Product,intermediate,I,405348,496,880,496,496,133579472,478269440,62,0,0.0,0.0,0.0,"I(i_1,i_2,Κ_1;a_2i_1i_2) * I(μ̃_19898,i_1,Κ_1) -> I(μ̃_19898,i_2,i_1;a_2i_1i_2)","I(μ̃_19898,i_2,i_1;a_2i_1i_2)","I(i_1,i_2,Κ_1;a_2i_1i_2)","I(μ̃_19898,i_1,Κ_1)","I(μ̃_19898,i_2,i_1;a_2i_1i_2)","μ̃,i,i,a",";;;i_1,i_2","114,7,7,",114 × 7 × 7 × ?,,
1,42,Product,intermediate,I,414923,496,2226240,384,384,133579472,478269440,48,0,0.0,0.0,0.0,"I(μ̃_19898,i_2,i_1;a_2i_1i_2) * I(i_2,i_1,μ̃_19898;a_1i_1i_2) -> I(i_1,i_2;a_1i_1i_2,a_2i_1i_2)","I(i_1,i_2;a_1i_1i_2,a_2i_1i_2)","I(μ̃_19898,i_2,i_1;a_2i_1i_2)","I(i_2,i_1,μ̃_19898;a_1i_1i_2)","I(i_1,i_2;a_1i_1i_2,a_2i_1i_2)","i,i,a,a",";;i_1,i_2;i_1,i_2","7,7,,",7 × 7 × ? × ?,,
1,42,Constant,constant,_const,1285,,,8,8,133579472,478269440,1,,,,,-2,-2,,,,,,,scalar,8,1
1,42,Product,residual,R,67228,384,8,384,384,133579472,478269440,48,0,0.0,0.0,0.0,"I(i_1,i_2;a_1i_1i_2,a_2i_1i_2) * -2 -> R(i_1,i_2;a_1i_1i_2,a_2i_1i_2)","R(i_1,i_2;a_1i_1i_2,a_2i_1i_2)","I(i_1,i_2;a_1i_1i_2,a_2i_1i_2)",-2,"R(i_1,i_2;a_1i_1i_2,a_2i_1i_2)","i,i,a,a",";;i_1,i_2;i_1,i_2","7,7,,",7 × 7 × ? × ?,,
1,42,Permute,residual,R,72170,,,384,384,133579472,478269440,48,,,,,"R(i_1,i_2;a_1i_1i_2,a_2i_1i_2)","R(i_1,i_2;a_1i_1i_2,a_2i_1i_2)",,,,"i,i,a,a",";;i_1,i_2;i_1,i_2","7,7,,",7 × 7 × ? × ?,,
1,43,Product,intermediate,I,8433733,496,880,496,496,133579472,478269440,62,0,0.0,0.0,0.0,"I(i_2,i_1,Κ_1;a_1i_1i_2) * I(μ̃_19944,i_2,Κ_1) -> I(μ̃_19944,i_1,i_2;a_1i_1i_2)","I(μ̃_19944,i_1,i_2;a_1i_1i_2)","I(i_2,i_1,Κ_1;a_1i_1i_2)","I(μ̃_19944,i_2,Κ_1)","I(μ̃_19944,i_1,i_2;a_1i_1i_2)","μ̃,i,i,a",";;;i_1,i_2","114,7,7,",114 × 7 × 7 × ?,,
1,43,Product,residual,R,506697,496,2226240,384,384,133579472,478269440,48,0,0.0,0.0,0.0,"I(μ̃_19944,i_1,i_2;a_1i_1i_2) * I(i_2,i_1,μ̃_19944;a_2i_1i_2) -> R(i_2,i_1;a_2i_1i_2,a_1i_1i_2)","R(i_2,i_1;a_2i_1i_2,a_1i_1i_2)","I(μ̃_19944,i_1,i_2;a_1i_1i_2)","I(i_2,i_1,μ̃_19944;a_2i_1i_2)","R(i_2,i_1;a_2i_1i_2,a_1i_1i_2)","i,i,a,a",";;i_1,i_2;i_1,i_2","7,7,,",7 × 7 × ? × ?,,
1,43,Permute,residual,R,73792,,,384,384,133579472,478269440,48,,,,,"R(i_2,i_1;a_2i_1i_2,a_1i_1i_2)","R(i_2,i_1;a_2i_1i_2,a_1i_1i_2)",,,,"i,i,a,a",";;i_1,i_2;i_1,i_2","7,7,,",7 × 7 × ? × ?,,
1,44,Product,intermediate,I,410996,496,880,496,496,133579472,478269440,62,0,0.0,0.0,0.0,"I(i_1,i_2,Κ_1;a_2i_1i_2) * I(μ̃_19836,i_1,Κ_1) -> I(μ̃_19836,i_2,i_1;a_2i_1i_2)","I(μ̃_19836,i_2,i_1;a_2i_1i_2)","I(i_1,i_2,Κ_1;a_2i_1i_2)","I(μ̃_19836,i_1,Κ_1)","I(μ̃_19836,i_2,i_1;a_2i_1i_2)","μ̃,i,i,a",";;;i_1,i_2","114,7,7,",114 × 7 × 7 × ?,,
1,44,Product,intermediate,I,400000,496,2226240,384,384,133579472,478269440,48,0,0.0,0.0,0.0,"I(μ̃_19836,i_2,i_1;a_2i_1i_2) * I(i_2,i_1,μ̃_19836;a_1i_1i_2) -> I(i_1,i_2;a_1i_1i_2,a_2i_1i_2)","I(i_1,i_2;a_1i_1i_2,a_2i_1i_2)","I(μ̃_19836,i_2,i_1;a_2i_1i_2)","I(i_2,i_1,μ̃_19836;a_1i_1i_2)","I(i_1,i_2;a_1i_1i_2,a_2i_1i_2)","i,i,a,a",";;i_1,i_2;i_1,i_2","7,7,,",7 × 7 × ? × ?,,
1,44,Constant,constant,_const,1799,,,8,8,133579472,478269440,1,,,,,4,4,,,,,,,scalar,8,1
1,44,Product,residual,R,68677,384,8,384,384,133579472,478269440,48,0,0.0,0.0,0.0,"I(i_1,i_2;a_1i_1i_2,a_2i_1i_2) * 4 -> R(i_1,i_2;a_1i_1i_2,a_2i_1i_2)","R(i_1,i_2;a_1i_1i_2,a_2i_1i_2)","I(i_1,i_2;a_1i_1i_2,a_2i_1i_2)",4,"R(i_1,i_2;a_1i_1i_2,a_2i_1i_2)","i,i,a,a",";;i_1,i_2;i_1,i_2","7,7,,",7 × 7 × ? × ?,,
1,44,Permute,residual,R,60635,,,384,384,133579472,478269440,48,,,,,"R(i_1,i_2;a_1i_1i_2,a_2i_1i_2)","R(i_1,i_2;a_1i_1i_2,a_2i_1i_2)",,,,"i,i,a,a",";;i_1,i_2;i_1,i_2","7,7,,",7 × 7 × ? × ?,,
1,45,Product,intermediate,I,390839,496,880,496,496,133579472,478269440,62,0,0.0,0.0,0.0,"I(i_2,i_1,Κ_1;a_1i_1i_2) * I(μ̃_19917,i_2,Κ_1) -> I(μ̃_19917,i_2,i_1;a_1i_1i_2)","I(μ̃_19917,i_2,i_1;a_1i_1i_2)","I(i_2,i_1,Κ_1;a_1i_1i_2)","I(μ̃_19917,i_2,Κ_1)","I(μ̃_19917,i_2,i_1;a_1i_1i_2)","μ̃,i,i,a",";;;i_1,i_2","114,7,7,",114 × 7 × 7 × ?,,
1,45,Tensor,leaf,C,31031,,,2207664,2207664,133579472,478269440,275958,246870,-5695.615034274957,223631163.21246105,731.2730436956697,"C(i_2,i_1,μ̃_19917;a_2i_1i_2)","C(i_2,i_1,μ̃_19917;a_2i_1i_2)",,,,"i,i,μ̃,a",";;;i_1,i_2","7,7,114,",7 × 7 × 114 × ?,,
1,45,Product,residual,R,444481,496,2207664,384,384,133579472,478269440,48,0,0.0,0.0,0.0,"I(μ̃_19917,i_2,i_1;a_1i_1i_2) * C(i_2,i_1,μ̃_19917;a_2i_1i_2) -> R(i_2,i_1;a_2i_1i_2,a_1i_1i_2)","R(i_2,i_1;a_2i_1i_2,a_1i_1i_2)","I(μ̃_19917,i_2,i_1;a_1i_1i_2)","C(i_2,i_1,μ̃_19917;a_2i_1i_2)","R(i_2,i_1;a_2i_1i_2,a_1i_1i_2)","i,i,a,a",";;i_1,i_2;i_1,i_2","7,7,,",7 × 7 × ? × ?,,
1,45,Permute,residual,R,69295,,,384,384,133579472,478269440,48,,,,,"R(i_2,i_1;a_2i_1i_2,a_1i_1i_2)","R(i_2,i_1;a_2i_1i_2,a_1i_1i_2)",,,,"i,i,a,a",";;i_1,i_2;i_1,i_2","7,7,,",7 × 7 × ? × ?,,
1,46,Product,intermediate,I,477209,880,2226240,496,496,133579472,478269440,62,0,0.0,0.0,0.0,"I(μ̃_19862,i_1,Κ_1) * I(i_2,i_1,μ̃_19862;a_1i_1i_2) -> I(i_2,i_1,Κ_1;a_1i_1i_2)","I(i_2,i_1,Κ_1;a_1i_1i_2)","I(μ̃_19862,i_1,Κ_1)","I(i_2,i_1,μ̃_19862;a_1i_1i_2)","I(i_2,i_1,Κ_1;a_1i_1i_2)","i,i,Κ,a",";;;i_1,i_2","7,7,282,",7 × 7 × 282 × ?,,
1,46,Product,intermediate,I,334542,496,880,496,496,133579472,478269440,62,0,0.0,0.0,0.0,"I(i_2,i_1,Κ_1;a_1i_1i_2) * I(μ̃_19864,i_2,Κ_1) -> I(μ̃_19864,i_1,i_2;a_1i_1i_2)","I(μ̃_19864,i_1,i_2;a_1i_1i_2)","I(i_2,i_1,Κ_1;a_1i_1i_2)","I(μ̃_19864,i_2,Κ_1)","I(μ̃_19864,i_1,i_2;a_1i_1i_2)","μ̃,i,i,a",";;;i_1,i_2","114,7,7,",114 × 7 × 7 × ?,,
1,46,Product,intermediate,I,418377,496,2226240,384,384,133579472,478269440,48,0,0.0,0.0,0.0,"I(μ̃_19864,i_1,i_2;a_1i_1i_2) * I(i_2,i_1,μ̃_19864;a_2i_1i_2) -> I(i_2,i_1;a_2i_1i_2,a_1i_1i_2)","I(i_2,i_1;a_2i_1i_2,a_1i_1i_2)","I(μ̃_19864,i_1,i_2;a_1i_1i_2)","I(i_2,i_1,μ̃_19864;a_2i_1i_2)","I(i_2,i_1;a_2i_1i_2,a_1i_1i_2)","i,i,a,a",";;i_1,i_2;i_1,i_2","7,7,,",7 × 7 × ? × ?,,
1,46,Constant,constant,_const,1000,,,8,8,133579472,478269440,1,,,,,4,4,,,,,,,scalar,8,1
1,46,Product,residual,R,60781,384,8,384,384,133579472,478269440,48,0,0.0,0.0,0.0,"I(i_2,i_1;a_2i_1i_2,a_1i_1i_2) * 4 -> R(i_2,i_1;a_2i_1i_2,a_1i_1i_2)","R(i_2,i_1;a_2i_1i_2,a_1i_1i_2)","I(i_2,i_1;a_2i_1i_2,a_1i_1i_2)",4,"R(i_2,i_1;a_2i_1i_2,a_1i_1i_2)","i,i,a,a",";;i_1,i_2;i_1,i_2","7,7,,",7 × 7 × ? × ?,,
1,46,Permute,residual,R,65499,,,384,384,133579472,478269440,48,,,,,"R(i_2,i_1;a_2i_1i_2,a_1i_1i_2)","R(i_2,i_1;a_2i_1i_2,a_1i_1i_2)",,,,"i,i,a,a",";;i_1,i_2;i_1,i_2","7,7,,",7 × 7 × ? × ?,,
1,47,Tensor,leaf,g,10279,,,29489328,29489328,133579472,478269440,3686166,3664872,328.03408291046196,123.92989425956745,0.8503952014554764,"g(μ̃_19829,μ̃_19830,Κ_1)","g(μ̃_19829,μ̃_19830,Κ_1)",,,,"μ̃,μ̃,Κ",;;,"114,114,282",114 × 114 × 282,29318976,1.00581
1,47,Product,intermediate,I,442102,496,29489328,1392,1392,133579472,478269440,174,0,0.0,0.0,0.0,"I(i_3,i_1,Κ_1) * g(μ̃_19829,μ̃_19830,Κ_1) -> I(i_3,μ̃_19830,μ̃_19829,i_1)","I(i_3,μ̃_19830,μ̃_19829,i_1)","I(i_3,i_1,Κ_1)","g(μ̃_19829,μ̃_19830,Κ_1)","I(i_3,μ̃_19830,μ̃_19829,i_1)","i,μ̃,μ̃,i",;;;,"7,114,114,7",7 × 114 × 114 × 7,5094432,0.000273239
1,47,Product,intermediate,I,388096,496,5489512,624,624,133579472,478269440,78,0,0.0,0.0,0.0,"I(μ̃_19829,i_2,i_3;a_5i_2i_3) * I(i_3,i_1,i_2;a_5i_2i_3,a_1i_1i_2) -> I(i_1,μ̃_19829,i_3,i_2;a_1i_1i_2)","I(i_1,μ̃_19829,i_3,i_2;a_1i_1i_2)","I(μ̃_19829,i_2,i_3;a_5i_2i_3)","I(i_3,i_1,i_2;a_5i_2i_3,a_1i_1i_2)","I(i_1,μ̃_19829,i_3,i_2;a_1i_1i_2)","i,μ̃,i,i,a",";;;;i_1,i_2","7,114,7,7,",7 × 114 × 7 × 7 × ?,,
1,47,Product,intermediate,I,480101,1392,624,496,496,133579472,478269440,62,0,0.0,0.0,0.0,"I(i_3,μ̃_19830,μ̃_19829,i_1) * I(i_1,μ̃_19829,i_3,i_2;a_1i_1i_2) -> I(μ̃_19830,i_1,i_2;a_1i_1i_2)","I(μ̃_19830,i_1,i_2;a_1i_1i_2)","I(i_3,μ̃_19830,μ̃_19829,i_1)","I(i_1,μ̃_19829,i_3,i_2;a_1i_1i_2)","I(μ̃_19830,i_1,i_2;a_1i_1i_2)","μ̃,i,i,a",";;;i_1,i_2","114,7,7,",114 × 7 × 7 × ?,,
1,47,Tensor,leaf,C,13187,,,2207664,2207664,133579472,478269440,275958,246870,-5695.615034274957,223631163.21246105,731.2730436956697,"C(i_2,i_1,μ̃_19830;a_2i_1i_2)","C(i_2,i_1,μ̃_19830;a_2i_1i_2)",,,,"i,i,μ̃,a",";;;i_1,i_2","7,7,114,",7 × 7 × 114 × ?,,
1,47,Product,intermediate,I,367981,496,2207664,384,384,133579472,478269440,48,0,0.0,0.0,0.0,"I(μ̃_19830,i_1,i_2;a_1i_1i_2) * C(i_2,i_1,μ̃_19830;a_2i_1i_2) -> I(i_1,i_2;a_2i_1i_2,a_1i_1i_2)","I(i_1,i_2;a_2i_1i_2,a_1i_1i_2)","I(μ̃_19830,i_1,i_2;a_1i_1i_2)","C(i_2,i_1,μ̃_19830;a_2i_1i_2)","I(i_1,i_2;a_2i_1i_2,a_1i_1i_2)","i,i,a,a",";;i_1,i_2;i_1,i_2","7,7,,",7 × 7 × ? × ?,,
1,47,Constant,constant,_const,1522,,,8,8,133579472,478269440,1,,,,,-2,-2,,,,,,,scalar,8,1
1,47,Product,residual,R,60152,384,8,384,384,133579472,478269440,48,0,0.0,0.0,0.0,"I(i_1,i_2;a_2i_1i_2,a_1i_1i_2) * -2 -> R(i_1,i_2;a_2i_1i_2,a_1i_1i_2)","R(i_1,i_2;a_2i_1i_2,a_1i_1i_2)","I(i_1,i_2;a_2i_1i_2,a_1i_1i_2)",-2,"R(i_1,i_2;a_2i_1i_2,a_1i_1i_2)","i,i,a,a",";;i_1,i_2;i_1,i_2","7,7,,",7 × 7 × ? × ?,,
1,47,Permute,residual,R,55557,,,384,384,133579472,478269440,48,,,,,"R(i_1,i_2;a_2i_1i_2,a_1i_1i_2)","R(i_1,i_2;a_2i_1i_2,a_1i_1i_2)",,,,"i,i,a,a",";;i_1,i_2;i_1,i_2","7,7,,",7 × 7 × ? × ?,,
1,48,Product,intermediate,I,326415,496,5489512,624,624,133579472,478269440,78,0,0.0,0.0,0.0,"I(μ̃_19880,i_3,i_2;a_5i_2i_3) * I(i_1,i_3,i_2;a_2i_1i_2,a_5i_2i_3) -> I(i_1,μ̃_19880,i_3,i_2;a_2i_1i_2)","I(i_1,μ̃_19880,i_3,i_2;a_2i_1i_2)","I(μ̃_19880,i_3,i_2;a_5i_2i_3)","I(i_1,i_3,i_2;a_2i_1i_2,a_5i_2i_3)","I(i_1,μ̃_19880,i_3,i_2;a_2i_1i_2)","i,μ̃,i,i,a",";;;;i_1,i_2","7,114,7,7,",7 × 114 × 7 × 7 × ?,,
1,48,Product,intermediate,I,432276,1392,624,496,496,133579472,478269440,62,0,0.0,0.0,0.0,"I(i_3,μ̃_19881,μ̃_19880,i_1) * I(i_1,μ̃_19880,i_3,i_2;a_2i_1i_2) -> I(μ̃_19881,i_1,i_2;a_2i_1i_2)","I(μ̃_19881,i_1,i_2;a_2i_1i_2)","I(i_3,μ̃_19881,μ̃_19880,i_1)","I(i_1,μ̃_19880,i_3,i_2;a_2i_1i_2)","I(μ̃_19881,i_1,i_2;a_2i_1i_2)","μ̃,i,i,a",";;;i_1,i_2","114,7,7,",114 × 7 × 7 × ?,,
1,48,Tensor,leaf,C,9267,,,2207664,2207664,133579472,478269440,275958,246870,-5695.615034274957,223631163.21246105,731.2730436956697,"C(i_2,i_1,μ̃_19881;a_1i_1i_2)","C(i_2,i_1,μ̃_19881;a_1i_1i_2)",,,,"i,i,μ̃,a",";;;i_1,i_2","7,7,114,",7 × 7 × 114 × ?,,
1,48,Product,intermediate,I,348455,496,2207664,384,384,133579472,478269440,48,0,0.0,0.0,0.0,"I(μ̃_19881,i_1,i_2;a_2i_1i_2) * C(i_2,i_1,μ̃_19881;a_1i_1i_2) -> I(i_1,i_2;a_1i_1i_2,a_2i_1i_2)","I(i_1,i_2;a_1i_1i_2,a_2i_1i_2)","I(μ̃_19881,i_1,i_2;a_2i_1i_2)","C(i_2,i_1,μ̃_19881;a_1i_1i_2)","I(i_1,i_2;a_1i_1i_2,a_2i_1i_2)","i,i,a,a",";;i_1,i_2;i_1,i_2","7,7,,",7 × 7 × ? × ?,,
1,48,Constant,constant,_const,749,,,8,8,133579472,478269440,1,,,,,-2,-2,,,,,,,scalar,8,1
1,48,Product,residual,R,85878,384,8,384,384,133579472,478269440,48,0,0.0,0.0,0.0,"I(i_1,i_2;a_1i_1i_2,a_2i_1i_2) * -2 -> R(i_1,i_2;a_1i_1i_2,a_2i_1i_2)","R(i_1,i_2;a_1i_1i_2,a_2i_1i_2)","I(i_1,i_2;a_1i_1i_2,a_2i_1i_2)",-2,"R(i_1,i_2;a_1i_1i_2,a_2i_1i_2)","i,i,a,a",";;i_1,i_2;i_1,i_2","7,7,,",7 × 7 × ? × ?,,
1,48,Permute,residual,R,68464,,,384,384,133579472,478269440,48,,,,,"R(i_1,i_2;a_1i_1i_2,a_2i_1i_2)","R(i_1,i_2;a_1i_1i_2,a_2i_1i_2)",,,,"i,i,a,a",";;i_1,i_2;i_1,i_2","7,7,,",7 × 7 × ? × ?,,
1,49,Tensor,leaf,g,10706,,,121536,121536,133579472,478269440,15192,13818,10.313570711990552,5.229066732803696,0.3618052751837735,"g(i_1,i_3,Κ_1)","g(i_1,i_3,Κ_1)",,,,"i,i,Κ",;;,"7,7,282",7 × 7 × 282,110544,1.09944
1,49,Tensor,leaf,g,5763,,,121536,121536,133579472,478269440,15192,13818,10.313570711990552,5.229066732803696,0.3618052751837735,"g(i_2,i_4,Κ_1)","g(i_2,i_4,Κ_1)",,,,"i,i,Κ",;;,"7,7,282",7 × 7 × 282,110544,1.09944
1,49,Product,intermediate,I,10054264,121536,121536,24888,24888,133579472,478269440,3111,2401,18.423459029187693,8.276222947679729,0.6956910132492894,"g(i_1,i_3,Κ_1) * g(i_2,i_4,Κ_1) -> I(i_3,i_1,i_4,i_2)","I(i_3,i_1,i_4,i_2)","g(i_1,i_3,Κ_1)","g(i_2,i_4,Κ_1)","I(i_3,i_1,i_4,i_2)","i,i,i,i",;;;,"7,7,7,7",7 × 7 × 7 × 7,19208,1.29571
1,49,Product,intermediate,I,301327,24888,1392,1392,1392,133579472,478269440,174,0,0.0,0.0,0.0,"I(i_3,i_1,i_4,i_2) * I(μ̃_19841,μ̃_19839,i_4,i_3) -> I(i_2,i_1,μ̃_19841,μ̃_19839)","I(i_2,i_1,μ̃_19841,μ̃_19839)","I(i_3,i_1,i_4,i_2)","I(μ̃_19841,μ̃_19839,i_4,i_3)","I(i_2,i_1,μ̃_19841,μ̃_19839)","i,i,μ̃,μ̃",;;;,"7,7,114,114",7 × 7 × 114 × 114,5094432,0.000273239
1,49,Product,intermediate,I,463605,1392,2226240,496,496,133579472,478269440,62,0,0.0,0.0,0.0,"I(i_2,i_1,μ̃_19841,μ̃_19839) * I(i_2,i_1,μ̃_19839;a_1i_1i_2) -> I(i_1,i_2,μ̃_19841;a_1i_1i_2)","I(i_1,i_2,μ̃_19841;a_1i_1i_2)","I(i_2,i_1,μ̃_19841,μ̃_19839)","I(i_2,i_1,μ̃_19839;a_1i_1i_2)","I(i_1,i_2,μ̃_19841;a_1i_1i_2)","i,i,μ̃,a",";;;i_1,i_2","7,7,114,",7 × 7 × 114 × ?,,
1,49,Product,residual,R,370992,496,2226240,384,384,133579472,478269440,48,0,0.0,0.0,0.0,"I(i_1,i_2,μ̃_19841;a_1i_1i_2) * I(i_2,i_1,μ̃_19841;a_2i_1i_2) -> R(i_2,i_1;a_2i_1i_2,a_1i_1i_2)","R(i_2,i_1;a_2i_1i_2,a_1i_1i_2)","I(i_1,i_2,μ̃_19841;a_1i_1i_2)","I(i_2,i_1,μ̃_19841;a_2i_1i_2)","R(i_2,i_1;a_2i_1i_2,a_1i_1i_2)","i,i,a,a",";;i_1,i_2;i_1,i_2","7,7,,",7 × 7 × ? × ?,,
1,49,Permute,residual,R,60995,,,384,384,133579472,478269440,48,,,,,"R(i_2,i_1;a_2i_1i_2,a_1i_1i_2)","R(i_2,i_1;a_2i_1i_2,a_1i_1i_2)",,,,"i,i,a,a",";;i_1,i_2;i_1,i_2","7,7,,",7 × 7 × ? × ?,,
1,50,Tensor,leaf,C,9169,,,2207664,2207664,133579472,478269440,275958,246870,-5695.615034274957,223631163.21246105,731.2730436956697,"C(i_4,i_2,μ̃_19740;a_3i_2i_4)","C(i_4,i_2,μ̃_19740;a_3i_2i_4)",,,,"i,i,μ̃,a",";;;i_2,i_4","7,7,114,",7 × 7 × 114 × ?,,
1,50,Product,intermediate,I,103383441,5179792,2207664,15528352,15528352,133579472,489623552,1941044,1742832,4.379975354272573,10.994890266794185,0.07344893725374124,"I(i_4,i_3,μ̃_19741,μ̃_19740) * C(i_4,i_2,μ̃_19740;a_3i_2i_4) -> I(i_2,i_3,i_4,μ̃_19741;a_3i_2i_4)","I(i_2,i_3,i_4,μ̃_19741;a_3i_2i_4)","I(i_4,i_3,μ̃_19741,μ̃_19740)","C(i_4,i_2,μ̃_19740;a_3i_2i_4)","I(i_2,i_3,i_4,μ̃_19741;a_3i_2i_4)","i,i,i,μ̃,a",";;;;i_2,i_4","7,7,7,114,",7 × 7 × 7 × 114 × ?,,
1,50,Tensor,leaf,C,18323,,,2207664,2207664,133579472,489623552,275958,246870,-5695.615034274957,223631163.21246105,731.2730436956697,"C(i_3,i_1,μ̃_19741;a_4i_1i_3)","C(i_3,i_1,μ̃_19741;a_4i_1i_3)",,,,"i,i,μ̃,a",";;;i_1,i_3","7,7,114,",7 × 7 × 114 × ?,,
1,50,Product,intermediate,I,135636764,15528352,2207664,38260568,38260568,160107472,514224128,4782571,4769856,66.69352867703225,44.97225099859404,0.06952838378309312,"I(i_2,i_3,i_4,μ̃_19741;a_3i_2i_4) * C(i_3,i_1,μ̃_19741;a_4i_1i_3) -> I(i_2,i_1,i_4,i_3;a_3i_2i_4,a_4i_1i_3)","I(i_2,i_1,i_4,i_3;a_3i_2i_4,a_4i_1i_3)","I(i_2,i_3,i_4,μ̃_19741;a_3i_2i_4)","C(i_3,i_1,μ̃_19741;a_4i_1i_3)","I(i_2,i_1,i_4,i_3;a_3i_2i_4,a_4i_1i_3)","i,i,i,i,a,a",";;;;i_2,i_4;i_1,i_3","7,7,7,7,,",7 × 7 × 7 × 7 × ? × ?,,
1,50,Tensor,leaf,t,2586,,,384,384,160107472,514224128,48,0,0.0,0.0,0.0,"t(i_2,i_4;a_6i_2i_4,a_3i_2i_4)","t(i_2,i_4;a_6i_2i_4,a_3i_2i_4)",,,,"i,i,a,a",";;i_2,i_4;i_2,i_4","7,7,,",7 × 7 × ? × ?,,
1,50,Product,intermediate,I,311447,5489512,384,400,400,160107472,514224128,50,0,0.0,0.0,0.0,"I(i_4,i_1,i_2;a_6i_2i_4,a_2i_1i_2) * t(i_2,i_4;a_6i_2i_4,a_3i_2i_4) -> I(i_1,i_4,i_2;a_2i_1i_2,a_3i_2i_4)","I(i_1,i_4,i_2;a_2i_1i_2,a_3i_2i_4)","I(i_4,i_1,i_2;a_6i_2i_4,a_2i_1i_2)","t(i_2,i_4;a_6i_2i_4,a_3i_2i_4)","I(i_1,i_4,i_2;a_2i_1i_2,a_3i_2i_4)","i,i,i,a,a",";;;i_1,i_2;i_2,i_4","7,7,7,,",7 × 7 × 7 × ? × ?,,
1,50,Product,intermediate,I,391068,38260568,400,400,400,160107472,514224128,50,0,0.0,0.0,0.0,"I(i_2,i_1,i_4,i_3;a_3i_2i_4,a_4i_1i_3) * I(i_1,i_4,i_2;a_2i_1i_2,a_3i_2i_4) -> I(i_1,i_3,i_2;a_4i_1i_3,a_2i_1i_2)","I(i_1,i_3,i_2;a_4i_1i_3,a_2i_1i_2)","I(i_2,i_1,i_4,i_3;a_3i_2i_4,a_4i_1i_3)","I(i_1,i_4,i_2;a_2i_1i_2,a_3i_2i_4)","I(i_1,i_3,i_2;a_4i_1i_3,a_2i_1i_2)","i,i,i,a,a",";;;i_1,i_3;i_1,i_2","7,7,7,,",7 × 7 × 7 × ? × ?,,
1,50,Product,intermediate,I,276604,400,400,384,384,160107472,514224128,48,0,0.0,0.0,0.0,"I(i_1,i_3,i_2;a_4i_1i_3,a_2i_1i_2) * I(i_2,i_3,i_1;a_1i_1i_2,a_4i_1i_3) -> I(i_1,i_2;a_1i_1i_2,a_2i_1i_2)","I(i_1,i_2;a_1i_1i_2,a_2i_1i_2)","I(i_1,i_3,i_2;a_4i_1i_3,a_2i_1i_2)","I(i_2,i_3,i_1;a_1i_1i_2,a_4i_1i_3)","I(i_1,i_2;a_1i_1i_2,a_2i_1i_2)","i,i,a,a",";;i_1,i_2;i_1,i_2","7,7,,",7 × 7 × ? × ?,,
1,50,Constant,constant,_const,1492,,,8,8,160107472,514224128,1,,,,,-2,-2,,,,,,,scalar,8,1
1,50,Product,residual,R,59960,384,8,384,384,160107472,514224128,48,0,0.0,0.0,0.0,"I(i_1,i_2;a_1i_1i_2,a_2i_1i_2) * -2 -> R(i_1,i_2;a_1i_1i_2,a_2i_1i_2)","R(i_1,i_2;a_1i_1i_2,a_2i_1i_2)","I(i_1,i_2;a_1i_1i_2,a_2i_1i_2)",-2,"R(i_1,i_2;a_1i_1i_2,a_2i_1i_2)","i,i,a,a",";;i_1,i_2;i_1,i_2","7,7,,",7 × 7 × ? × ?,,
1,50,Permute,residual,R,60212,,,384,384,160107472,514224128,48,,,,,"R(i_1,i_2;a_1i_1i_2,a_2i_1i_2)","R(i_1,i_2;a_1i_1i_2,a_2i_1i_2)",,,,"i,i,a,a",";;i_1,i_2;i_1,i_2","7,7,,",7 × 7 × ? × ?,,
1,51,Tensor,leaf,C,28613,,,2207664,2207664,160107472,514224128,275958,246870,-5695.615034274957,223631163.21246105,731.2730436956697,"C(i_4,i_1,μ̃_19752;a_4i_1i_4)","C(i_4,i_1,μ̃_19752;a_4i_1i_4)",,,,"i,i,μ̃,a",";;;i_1,i_4","7,7,114,",7 × 7 × 114 × ?,,
1,51,Product,intermediate,I,21339996,15528352,2207664,5538232,5538232,165646104,516116480,692279,690186,52.29131249551122,6.735165161897185,0.06952838378309312,"I(i_1,i_3,i_4,μ̃_19752;a_3i_1i_4) * C(i_4,i_1,μ̃_19752;a_4i_1i_4) -> I(i_1,i_3,i_4;a_3i_1i_4,a_4i_1i_4)","I(i_1,i_3,i_4;a_3i_1i_4,a_4i_1i_4)","I(i_1,i_3,i_4,μ̃_19752;a_3i_1i_4)","C(i_4,i_1,μ̃_19752;a_4i_1i_4)","I(i_1,i_3,i_4;a_3i_1i_4,a_4i_1i_4)","i,i,i,a,a",";;;i_1,i_4;i_1,i_4","7,7,7,,",7 × 7 × 7 × ? × ?,,
1,51,Tensor,leaf,t,2439,,,384,384,165646104,516116480,48,0,0.0,0.0,0.0,"t(i_4,i_1;a_4i_1i_4,a_3i_1i_4)","t(i_4,i_1;a_4i_1i_4,a_3i_1i_4)",,,,"i,i,a,a",";;i_1,i_4;i_1,i_4","7,7,,",7 × 7 × ? × ?,,
1,51,Product,intermediate,I,449609,5538232,384,384,384,165646104,516116480,48,0,0.0,0.0,0.0,"I(i_1,i_3,i_4;a_3i_1i_4,a_4i_1i_4) * t(i_4,i_1;a_4i_1i_4,a_3i_1i_4) -> I(i_3,i_1)","I(i_3,i_1)","I(i_1,i_3,i_4;a_3i_1i_4,a_4i_1i_4)","t(i_4,i_1;a_4i_1i_4,a_3i_1i_4)","I(i_3,i_1)","i,i",;,"7,7",7 × 7,392,0.979592
1,51,Product,intermediate,I,220986,384,5489512,400,400,165646104,516116480,50,0,0.0,0.0,0.0,"I(i_3,i_1) * I(i_3,i_1,i_2;a_6i_2i_3,a_2i_1i_2) -> I(i_2,i_3,i_1;a_6i_2i_3,a_2i_1i_2)","I(i_2,i_3,i_1;a_6i_2i_3,a_2i_1i_2)","I(i_3,i_1)","I(i_3,i_1,i_2;a_6i_2i_3,a_2i_1i_2)","I(i_2,i_3,i_1;a_6i_2i_3,a_2i_1i_2)","i,i,i,a,a",";;;i_2,i_3;i_1,i_2","7,7,7,,",7 × 7 × 7 × ? × ?,,
1,51,Product,intermediate,I,331215,400,400,384,384,165646104,516116480,48,0,0.0,0.0,0.0,"I(i_2,i_3,i_1;a_6i_2i_3,a_2i_1i_2) * I(i_1,i_3,i_2;a_1i_1i_2,a_6i_2i_3) -> I(i_2,i_1;a_1i_1i_2,a_2i_1i_2)","I(i_2,i_1;a_1i_1i_2,a_2i_1i_2)","I(i_2,i_3,i_1;a_6i_2i_3,a_2i_1i_2)","I(i_1,i_3,i_2;a_1i_1i_2,a_6i_2i_3)","I(i_2,i_1;a_1i_1i_2,a_2i_1i_2)","i,i,a,a",";;i_1,i_2;i_1,i_2","7,7,,",7 × 7 × ? × ?,,
1,51,Constant,constant,_const,1948,,,8,8,165646104,516116480,1,,,,,-4,-4,,,,,,,scalar,8,1
1,51,Product,residual,R,71904,384,8,384,384,165646104,516116480,48,0,0.0,0.0,0.0,"I(i_2,i_1;a_1i_1i_2,a_2i_1i_2) * -4 -> R(i_2,i_1;a_1i_1i_2,a_2i_1i_2)","R(i_2,i_1;a_1i_1i_2,a_2i_1i_2)","I(i_2,i_1;a_1i_1i_2,a_2i_1i_2)",-4,"R(i_2,i_1;a_1i_1i_2,a_2i_1i_2)","i,i,a,a",";;i_1,i_2;i_1,i_2","7,7,,",7 × 7 × ? × ?,,
1,51,Permute,residual,R,71111,,,384,384,165646104,516116480,48,,,,,"R(i_2,i_1;a_1i_1i_2,a_2i_1i_2)","R(i_2,i_1;a_1i_1i_2,a_2i_1i_2)",,,,"i,i,a,a",";;i_1,i_2;i_1,i_2","7,7,,",7 × 7 × ? × ?,,
1,52,Tensor,leaf,f,22965,,,432,432,165646104,516116480,54,0,0.0,0.0,0.0,"f(μ̃_19800,i_3)","f(μ̃_19800,i_3)",,,,"μ̃,i",;,"114,7",114 × 7,6384,0.0676692
1,52,Tensor,leaf,C,8954,,,481264,481264,165646104,516116480,60158,55674,23856.23808923302,118674620.50711954,1176.0636923303477,"C(i_1,μ̃_19800;a_3i_1)","C(i_1,μ̃_19800;a_3i_1)",,,,"i,μ̃,a",;;i_1,"7,114,",7 × 114 × ?,,
1,52,Product,intermediate,I,249731,432,481264,384,384,165646104,516116480,48,0,0.0,0.0,0.0,"f(μ̃_19800,i_3) * C(i_1,μ̃_19800;a_3i_1) -> I(i_1,i_3;a_3i_1)","I(i_1,i_3;a_3i_1)","f(μ̃_19800,i_3)","C(i_1,μ̃_19800;a_3i_1)","I(i_1,i_3;a_3i_1)","i,i,a",;;i_1,"7,7,",7 × 7 × ?,,
1,52,Tensor,leaf,t,1730,,,376,376,165646104,516116480,47,0,0.0,0.0,0.0,t(i_1;a_3i_1),t(i_1;a_3i_1),,,,"i,a",;i_1,"7,",7 × ?,,
1,52,Product,intermediate,I,233174,384,376,384,384,165646104,516116480,48,0,0.0,0.0,0.0,"I(i_1,i_3;a_3i_1) * t(i_1;a_3i_1) -> I(i_3,i_1)","I(i_3,i_1)","I(i_1,i_3;a_3i_1)",t(i_1;a_3i_1),"I(i_3,i_1)","i,i",;,"7,7",7 × 7,392,0.979592
1,52,Product,intermediate,I,280394,384,5489512,400,400,165646104,516116480,50,0,0.0,0.0,0.0,"I(i_3,i_1) * I(i_1,i_3,i_2;a_2i_1i_2,a_5i_2i_3) -> I(i_2,i_3,i_1;a_5i_2i_3,a_2i_1i_2)","I(i_2,i_3,i_1;a_5i_2i_3,a_2i_1i_2)","I(i_3,i_1)","I(i_1,i_3,i_2;a_2i_1i_2,a_5i_2i_3)","I(i_2,i_3,i_1;a_5i_2i_3,a_2i_1i_2)","i,i,i,a,a",";;;i_2,i_3;i_1,i_2","7,7,7,,",7 × 7 × 7 × ? × ?,,
1,52,Product,intermediate,I,252937,400,400,384,384,165646104,516116480,48,0,0.0,0.0,0.0,"I(i_2,i_3,i_1;a_5i_2i_3,a_2i_1i_2) * I(i_1,i_3,i_2;a_1i_1i_2,a_5i_2i_3) -> I(i_1,i_2;a_2i_1i_2,a_1i_1i_2)","I(i_1,i_2;a_2i_1i_2,a_1i_1i_2)","I(i_2,i_3,i_1;a_5i_2i_3,a_2i_1i_2)","I(i_1,i_3,i_2;a_1i_1i_2,a_5i_2i_3)","I(i_1,i_2;a_2i_1i_2,a_1i_1i_2)","i,i,a,a",";;i_1,i_2;i_1,i_2","7,7,,",7 × 7 × ? × ?,,
1,52,Constant,constant,_const,867,,,8,8,165646104,516116480,1,,,,,-2,-2,,,,,,,scalar,8,1
1,52,Product,residual,R,62479,384,8,384,384,165646104,516116480,48,0,0.0,0.0,0.0,"I(i_1,i_2;a_2i_1i_2,a_1i_1i_2) * -2 -> R(i_1,i_2;a_2i_1i_2,a_1i_1i_2)","R(i_1,i_2;a_2i_1i_2,a_1i_1i_2)","I(i_1,i_2;a_2i_1i_2,a_1i_1i_2)",-2,"R(i_1,i_2;a_2i_1i_2,a_1i_1i_2)","i,i,a,a",";;i_1,i_2;i_1,i_2","7,7,,",7 × 7 × ? × ?,,
1,52,Permute,residual,R,66342,,,384,384,165646104,516116480,48,,,,,"R(i_1,i_2;a_2i_1i_2,a_1i_1i_2)","R(i_1,i_2;a_2i_1i_2,a_1i_1i_2)",,,,"i,i,a,a",";;i_1,i_2;i_1,i_2","7,7,,",7 × 7 × ? × ?,,
1,53,Product,intermediate,I,405905,38260568,400,400,400,165646104,516116480,50,0,0.0,0.0,0.0,"I(i_2,i_1,i_4,i_3;a_3i_2i_4,a_4i_1i_3) * I(i_1,i_4,i_2;a_1i_1i_2,a_3i_2i_4) -> I(i_1,i_3,i_2;a_4i_1i_3,a_1i_1i_2)","I(i_1,i_3,i_2;a_4i_1i_3,a_1i_1i_2)","I(i_2,i_1,i_4,i_3;a_3i_2i_4,a_4i_1i_3)","I(i_1,i_4,i_2;a_1i_1i_2,a_3i_2i_4)","I(i_1,i_3,i_2;a_4i_1i_3,a_1i_1i_2)","i,i,i,a,a",";;;i_1,i_3;i_1,i_2","7,7,7,,",7 × 7 × 7 × ? × ?,,
1,53,Product,residual,R,295954,400,400,384,384,165646104,516116480,48,0,0.0,0.0,0.0,"I(i_1,i_3,i_2;a_4i_1i_3,a_1i_1i_2) * I(i_2,i_3,i_1;a_2i_1i_2,a_4i_1i_3) -> R(i_1,i_2;a_2i_1i_2,a_1i_1i_2)","R(i_1,i_2;a_2i_1i_2,a_1i_1i_2)","I(i_1,i_3,i_2;a_4i_1i_3,a_1i_1i_2)","I(i_2,i_3,i_1;a_2i_1i_2,a_4i_1i_3)","R(i_1,i_2;a_2i_1i_2,a_1i_1i_2)","i,i,a,a",";;i_1,i_2;i_1,i_2","7,7,,",7 × 7 × ? × ?,,
1,53,Permute,residual,R,59089,,,384,384,165646104,516116480,48,,,,,"R(i_1,i_2;a_2i_1i_2,a_1i_1i_2)","R(i_1,i_2;a_2i_1i_2,a_1i_1i_2)",,,,"i,i,a,a",";;i_1,i_2;i_1,i_2","7,7,,",7 × 7 × ? × ?,,
1,54,Product,intermediate,I,206083,400,400,384,384,165646104,516116480,48,0,0.0,0.0,0.0,"I(i_2,i_3,i_1;a_4i_2i_3,a_1i_1i_2) * I(i_1,i_3,i_2;a_2i_1i_2,a_4i_2i_3) -> I(i_2,i_1;a_1i_1i_2,a_2i_1i_2)","I(i_2,i_1;a_1i_1i_2,a_2i_1i_2)","I(i_2,i_3,i_1;a_4i_2i_3,a_1i_1i_2)","I(i_1,i_3,i_2;a_2i_1i_2,a_4i_2i_3)","I(i_2,i_1;a_1i_1i_2,a_2i_1i_2)","i,i,a,a",";;i_1,i_2;i_1,i_2","7,7,,",7 × 7 × ? × ?,,
1,54,Constant,constant,_const,742,,,8,8,165646104,516116480,1,,,,,2,2,,,,,,,scalar,8,1
1,54,Product,residual,R,59108,384,8,384,384,165646104,516116480,48,0,0.0,0.0,0.0,"I(i_2,i_1;a_1i_1i_2,a_2i_1i_2) * 2 -> R(i_2,i_1;a_1i_1i_2,a_2i_1i_2)","R(i_2,i_1;a_1i_1i_2,a_2i_1i_2)","I(i_2,i_1;a_1i_1i_2,a_2i_1i_2)",2,"R(i_2,i_1;a_1i_1i_2,a_2i_1i_2)","i,i,a,a",";;i_1,i_2;i_1,i_2","7,7,,",7 × 7 × ? × ?,,
1,54,Permute,residual,R,68779,,,384,384,165646104,516116480,48,,,,,"R(i_2,i_1;a_1i_1i_2,a_2i_1i_2)","R(i_2,i_1;a_1i_1i_2,a_2i_1i_2)",,,,"i,i,a,a",";;i_1,i_2;i_1,i_2","7,7,,",7 × 7 × ? × ?,,
1,55,Tensor,leaf,C,10827,,,2207664,2207664,165646104,516116480,275958,246870,-5695.615034274957,223631163.21246105,731.2730436956697,"C(i_3,i_1,μ̃_19905;a_3i_1i_3)","C(i_3,i_1,μ̃_19905;a_3i_1i_3)",,,,"i,i,μ̃,a",";;;i_1,i_3","7,7,114,",7 × 7 × 114 × ?,,
1,55,Product,intermediate,I,66855163,5179792,2207664,15528352,15528352,165646488,523415552,1941044,1742832,1.9839101028915676,11.466025220653751,0.07344893725374124,"I(i_4,i_3,μ̃_19906,μ̃_19905) * C(i_3,i_1,μ̃_19905;a_3i_1i_3) -> I(i_1,i_4,i_3,μ̃_19906;a_3i_1i_3)","I(i_1,i_4,i_3,μ̃_19906;a_3i_1i_3)","I(i_4,i_3,μ̃_19906,μ̃_19905)","C(i_3,i_1,μ̃_19905;a_3i_1i_3)","I(i_1,i_4,i_3,μ̃_19906;a_3i_1i_3)","i,i,i,μ̃,a",";;;;i_1,i_3","7,7,7,114,",7 × 7 × 7 × 114 × ?,,
1,55,Tensor,leaf,C,19681,,,2207664,2207664,165646488,523415552,275958,246870,-5695.615034274957,223631163.21246105,731.2730436956697,"C(i_3,i_1,μ̃_19906;a_4i_1i_3)","C(i_3,i_1,μ̃_19906;a_4i_1i_3)",,,,"i,i,μ̃,a",";;;i_1,i_3","7,7,114,",7 × 7 × 114 × ?,,
1,55,Product,intermediate,I,20128719,15528352,2207664,5538232,5538232,171184720,528281600,692279,690186,52.29131249544695,6.735165161897269,0.06952838378309312,"I(i_1,i_4,i_3,μ̃_19906;a_3i_1i_3) * C(i_3,i_1,μ̃_19906;a_4i_1i_3) -> I(i_1,i_4,i_3;a_4i_1i_3,a_3i_1i_3)","I(i_1,i_4,i_3;a_4i_1i_3,a_3i_1i_3)","I(i_1,i_4,i_3,μ̃_19906;a_3i_1i_3)","C(i_3,i_1,μ̃_19906;a_4i_1i_3)","I(i_1,i_4,i_3;a_4i_1i_3,a_3i_1i_3)","i,i,i,a,a",";;;i_1,i_3;i_1,i_3","7,7,7,,",7 × 7 × 7 × ? × ?,,
1,55,Tensor,leaf,t,3151,,,384,384,171184720,528281600,48,0,0.0,0.0,0.0,"t(i_3,i_1;a_4i_1i_3,a_3i_1i_3)","t(i_3,i_1;a_4i_1i_3,a_3i_1i_3)",,,,"i,i,a,a",";;i_1,i_3;i_1,i_3","7,7,,",7 × 7 × ? × ?,,
1,55,Product,intermediate,I,429565,5538232,384,384,384,171184720,528281600,48,0,0.0,0.0,0.0,"I(i_1,i_4,i_3;a_4i_1i_3,a_3i_1i_3) * t(i_3,i_1;a_4i_1i_3,a_3i_1i_3) -> I(i_4,i_1)","I(i_4,i_1)","I(i_1,i_4,i_3;a_4i_1i_3,a_3i_1i_3)","t(i_3,i_1;a_4i_1i_3,a_3i_1i_3)","I(i_4,i_1)","i,i",;,"7,7",7 × 7,392,0.979592
1,55,Product,intermediate,I,237317,384,5489512,400,400,171184720,528281600,50,0,0.0,0.0,0.0,"I(i_4,i_1) * I(i_4,i_1,i_2;a_6i_2i_4,a_2i_1i_2) -> I(i_2,i_4,i_1;a_6i_2i_4,a_2i_1i_2)","I(i_2,i_4,i_1;a_6i_2i_4,a_2i_1i_2)","I(i_4,i_1)","I(i_4,i_1,i_2;a_6i_2i_4,a_2i_1i_2)","I(i_2,i_4,i_1;a_6i_2i_4,a_2i_1i_2)","i,i,i,a,a",";;;i_2,i_4;i_1,i_2","7,7,7,,",7 × 7 × 7 × ? × ?,,
1,55,Product,intermediate,I,315862,400,400,384,384,171184720,528281600,48,0,0.0,0.0,0.0,"I(i_2,i_4,i_1;a_6i_2i_4,a_2i_1i_2) * I(i_1,i_4,i_2;a_1i_1i_2,a_6i_2i_4) -> I(i_2,i_1;a_1i_1i_2,a_2i_1i_2)","I(i_2,i_1;a_1i_1i_2,a_2i_1i_2)","I(i_2,i_4,i_1;a_6i_2i_4,a_2i_1i_2)","I(i_1,i_4,i_2;a_1i_1i_2,a_6i_2i_4)","I(i_2,i_1;a_1i_1i_2,a_2i_1i_2)","i,i,a,a",";;i_1,i_2;i_1,i_2","7,7,,",7 × 7 × ? × ?,,
1,55,Constant,constant,_const,1512,,,8,8,171184720,528281600,1,,,,,2,2,,,,,,,scalar,8,1
1,55,Product,residual,R,71882,384,8,384,384,171184720,528281600,48,0,0.0,0.0,0.0,"I(i_2,i_1;a_1i_1i_2,a_2i_1i_2) * 2 -> R(i_2,i_1;a_1i_1i_2,a_2i_1i_2)","R(i_2,i_1;a_1i_1i_2,a_2i_1i_2)","I(i_2,i_1;a_1i_1i_2,a_2i_1i_2)",2,"R(i_2,i_1;a_1i_1i_2,a_2i_1i_2)","i,i,a,a",";;i_1,i_2;i_1,i_2","7,7,,",7 × 7 × ? × ?,,
1,55,Permute,residual,R,58779,,,384,384,171184720,528281600,48,,,,,"R(i_2,i_1;a_1i_1i_2,a_2i_1i_2)","R(i_2,i_1;a_1i_1i_2,a_2i_1i_2)",,,,"i,i,a,a",";;i_1,i_2;i_1,i_2","7,7,,",7 × 7 × ? × ?,,
1,56,Tensor,leaf,g,9958,,,1843152,1843152,171184720,528281600,230394,225036,-13.7135187938935,9.824790694343452,0.19254784769834188,"g(μ̃_19885,i_4,Κ_1)","g(μ̃_19885,i_4,Κ_1)",,,,"μ̃,i,Κ",;;,"114,7,282",114 × 7 × 282,1800288,1.02381
1,56,Product,intermediate,I,281188,496,1843152,432,432,171184720,528281600,54,0,0.0,0.0,0.0,"I(i_3,i_4,Κ_1) * g(μ̃_19885,i_4,Κ_1) -> I(i_3,μ̃_19885)","I(i_3,μ̃_19885)","I(i_3,i_4,Κ_1)","g(μ̃_19885,i_4,Κ_1)","I(i_3,μ̃_19885)","i,μ̃",;,"7,114",7 × 114,6384,0.0676692
1,56,Product,intermediate,I,111933,432,432,384,384,171184720,528281600,48,0,0.0,0.0,0.0,"I(i_3,μ̃_19885) * I(μ̃_19885,i_2) -> I(i_3,i_2)","I(i_3,i_2)","I(i_3,μ̃_19885)","I(μ̃_19885,i_2)","I(i_3,i_2)","i,i",;,"7,7",7 × 7,392,0.979592
1,56,Product,intermediate,I,265761,384,5489512,400,400,171184720,528281600,50,0,0.0,0.0,0.0,"I(i_3,i_2) * I(i_2,i_3,i_1;a_2i_1i_2,a_6i_1i_3) -> I(i_1,i_3,i_2;a_6i_1i_3,a_2i_1i_2)","I(i_1,i_3,i_2;a_6i_1i_3,a_2i_1i_2)","I(i_3,i_2)","I(i_2,i_3,i_1;a_2i_1i_2,a_6i_1i_3)","I(i_1,i_3,i_2;a_6i_1i_3,a_2i_1i_2)","i,i,i,a,a",";;;i_1,i_3;i_1,i_2","7,7,7,,",7 × 7 × 7 × ? × ?,,
1,56,Product,intermediate,I,329521,400,400,384,384,171184720,528281600,48,0,0.0,0.0,0.0,"I(i_1,i_3,i_2;a_6i_1i_3,a_2i_1i_2) * I(i_2,i_3,i_1;a_1i_1i_2,a_6i_1i_3) -> I(i_1,i_2;a_1i_1i_2,a_2i_1i_2)","I(i_1,i_2;a_1i_1i_2,a_2i_1i_2)","I(i_1,i_3,i_2;a_6i_1i_3,a_2i_1i_2)","I(i_2,i_3,i_1;a_1i_1i_2,a_6i_1i_3)","I(i_1,i_2;a_1i_1i_2,a_2i_1i_2)","i,i,a,a",";;i_1,i_2;i_1,i_2","7,7,,",7 × 7 × ? × ?,,
1,56,Constant,constant,_const,817,,,8,8,171184720,528281600,1,,,,,2,2,,,,,,,scalar,8,1
1,56,Product,residual,R,64640,384,8,384,384,171184720,528281600,48,0,0.0,0.0,0.0,"I(i_1,i_2;a_1i_1i_2,a_2i_1i_2) * 2 -> R(i_1,i_2;a_1i_1i_2,a_2i_1i_2)","R(i_1,i_2;a_1i_1i_2,a_2i_1i_2)","I(i_1,i_2;a_1i_1i_2,a_2i_1i_2)",2,"R(i_1,i_2;a_1i_1i_2,a_2i_1i_2)","i,i,a,a",";;i_1,i_2;i_1,i_2","7,7,,",7 × 7 × ? × ?,,
1,56,Permute,residual,R,57834,,,384,384,171184720,528281600,48,,,,,"R(i_1,i_2;a_1i_1i_2,a_2i_1i_2)","R(i_1,i_2;a_1i_1i_2,a_2i_1i_2)",,,,"i,i,a,a",";;i_1,i_2;i_1,i_2","7,7,,",7 × 7 × ? × ?,,
1,57,Tensor,leaf,g,7039,,,121536,121536,171184720,528281600,15192,13818,10.313570711990552,5.229066732803696,0.3618052751837735,"g(i_2,i_3,Κ_1)","g(i_2,i_3,Κ_1)",,,,"i,i,Κ",;;,"7,7,282",7 × 7 × 282,110544,1.09944
1,57,Tensor,leaf,g,9564,,,1843152,1843152,171184720,528281600,230394,225036,-13.7135187938935,9.824790694343452,0.19254784769834188,"g(μ̃_19890,i_4,Κ_1)","g(μ̃_19890,i_4,Κ_1)",,,,"μ̃,i,Κ",;;,"114,7,282",114 × 7 × 282,1800288,1.02381
1,57,Product,intermediate,I,200577,1843152,432,400,400,171184720,528281600,50,0,0.0,0.0,0.0,"g(μ̃_19890,i_4,Κ_1) * I(μ̃_19890,i_4) -> I(Κ_1)",I(Κ_1),"g(μ̃_19890,i_4,Κ_1)","I(μ̃_19890,i_4)",I(Κ_1),Κ,,282,282,2256,0.177305
1,57,Product,intermediate,I,140535,121536,400,384,384,171184720,528281600,48,0,0.0,0.0,0.0,"g(i_2,i_3,Κ_1) * I(Κ_1) -> I(i_3,i_2)","I(i_3,i_2)","g(i_2,i_3,Κ_1)",I(Κ_1),"I(i_3,i_2)","i,i",;,"7,7",7 × 7,392,0.979592
1,57,Product,intermediate,I,192062,384,5489512,400,400,171184720,528281600,50,0,0.0,0.0,0.0,"I(i_3,i_2) * I(i_2,i_3,i_1;a_2i_1i_2,a_5i_1i_3) -> I(i_1,i_2,i_3;a_2i_1i_2,a_5i_1i_3)","I(i_1,i_2,i_3;a_2i_1i_2,a_5i_1i_3)","I(i_3,i_2)","I(i_2,i_3,i_1;a_2i_1i_2,a_5i_1i_3)","I(i_1,i_2,i_3;a_2i_1i_2,a_5i_1i_3)","i,i,i,a,a",";;;i_1,i_2;i_1,i_3","7,7,7,,",7 × 7 × 7 × ? × ?,,
1,57,Product,intermediate,I,243324,400,400,384,384,171184720,528281600,48,0,0.0,0.0,0.0,"I(i_1,i_2,i_3;a_2i_1i_2,a_5i_1i_3) * I(i_2,i_3,i_1;a_1i_1i_2,a_5i_1i_3) -> I(i_2,i_1;a_2i_1i_2,a_1i_1i_2)","I(i_2,i_1;a_2i_1i_2,a_1i_1i_2)","I(i_1,i_2,i_3;a_2i_1i_2,a_5i_1i_3)","I(i_2,i_3,i_1;a_1i_1i_2,a_5i_1i_3)","I(i_2,i_1;a_2i_1i_2,a_1i_1i_2)","i,i,a,a",";;i_1,i_2;i_1,i_2","7,7,,",7 × 7 × ? × ?,,
1,57,Constant,constant,_const,1012,,,8,8,171184720,528281600,1,,,,,-4,-4,,,,,,,scalar,8,1
1,57,Product,residual,R,65058,384,8,384,384,171184720,528281600,48,0,0.0,0.0,0.0,"I(i_2,i_1;a_2i_1i_2,a_1i_1i_2) * -4 -> R(i_2,i_1;a_2i_1i_2,a_1i_1i_2)","R(i_2,i_1;a_2i_1i_2,a_1i_1i_2)","I(i_2,i_1;a_2i_1i_2,a_1i_1i_2)",-4,"R(i_2,i_1;a_2i_1i_2,a_1i_1i_2)","i,i,a,a",";;i_1,i_2;i_1,i_2","7,7,,",7 × 7 × ? × ?,,
1,57,Permute,residual,R,66506,,,384,384,171184720,528281600,48,,,,,"R(i_2,i_1;a_2i_1i_2,a_1i_1i_2)","R(i_2,i_1;a_2i_1i_2,a_1i_1i_2)",,,,"i,i,a,a",";;i_1,i_2;i_1,i_2","7,7,,",7 × 7 × ? × ?,,
1,58,Tensor,leaf,f,22438,,,2088,2088,171184720,528281600,261,49,-3.436980213804995,3.19035087251424,0.6871376688643162,"f(i_3,i_1)","f(i_3,i_1)",,,,"i,i",;,"7,7",7 × 7,392,5.32653
1,58,Product,intermediate,I,3052554,2088,5489512,5489512,5489512,171184720,530165760,686189,684084,-1413.8032897850346,978.7452420322537,0.6871376691791353,"f(i_3,i_1) * I(i_1,i_3,i_2;a_1i_1i_2,a_4i_2i_3) -> I(i_2,i_1,i_3;a_1i_1i_2,a_4i_2i_3)","I(i_2,i_1,i_3;a_1i_1i_2,a_4i_2i_3)","f(i_3,i_1)","I(i_1,i_3,i_2;a_1i_1i_2,a_4i_2i_3)","I(i_2,i_1,i_3;a_1i_1i_2,a_4i_2i_3)","i,i,i,a,a",";;;i_1,i_2;i_2,i_3","7,7,7,,",7 × 7 × 7 × ? × ?,,
1,58,Product,intermediate,I,291136,5489512,400,384,384,171184720,530165760,48,0,0.0,0.0,0.0,"I(i_2,i_1,i_3;a_1i_1i_2,a_4i_2i_3) * I(i_1,i_3,i_2;a_2i_1i_2,a_4i_2i_3) -> I(i_1,i_2;a_1i_1i_2,a_2i_1i_2)","I(i_1,i_2;a_1i_1i_2,a_2i_1i_2)","I(i_2,i_1,i_3;a_1i_1i_2,a_4i_2i_3)","I(i_1,i_3,i_2;a_2i_1i_2,a_4i_2i_3)","I(i_1,i_2;a_1i_1i_2,a_2i_1i_2)","i,i,a,a",";;i_1,i_2;i_1,i_2","7,7,,",7 × 7 × ? × ?,,
1,58,Constant,constant,_const,1519,,,8,8,171184720,530165760,1,,,,,-2,-2,,,,,,,scalar,8,1
1,58,Product,residual,R,50998,384,8,384,384,171184720,530165760,48,0,0.0,0.0,0.0,"I(i_1,i_2;a_1i_1i_2,a_2i_1i_2) * -2 -> R(i_1,i_2;a_1i_1i_2,a_2i_1i_2)","R(i_1,i_2;a_1i_1i_2,a_2i_1i_2)","I(i_1,i_2;a_1i_1i_2,a_2i_1i_2)",-2,"R(i_1,i_2;a_1i_1i_2,a_2i_1i_2)","i,i,a,a",";;i_1,i_2;i_1,i_2","7,7,,",7 × 7 × ? × ?,,
1,58,Permute,residual,R,57787,,,384,384,171184720,530165760,48,,,,,"R(i_1,i_2;a_1i_1i_2,a_2i_1i_2)","R(i_1,i_2;a_1i_1i_2,a_2i_1i_2)",,,,"i,i,a,a",";;i_1,i_2;i_1,i_2","7,7,,",7 × 7 × ? × ?,,
1,59,Tensor,leaf,g,11630,,,1843152,1843152,171184720,530165760,230394,225036,-13.7135187938935,9.824790694343452,0.19254784769834188,"g(μ̃_19934,i_4,Κ_1)","g(μ̃_19934,i_4,Κ_1)",,,,"μ̃,i,Κ",;;,"114,7,282",114 × 7 × 282,1800288,1.02381
1,59,Product,intermediate,I,223265,400,1843152,432,432,171184720,530165760,54,0,0.0,0.0,0.0,"I(Κ_1) * g(μ̃_19934,i_4,Κ_1) -> I(i_4,μ̃_19934)","I(i_4,μ̃_19934)",I(Κ_1),"g(μ̃_19934,i_4,Κ_1)","I(i_4,μ̃_19934)","i,μ̃",;,"7,114",7 × 114,6384,0.0676692
1,59,Product,intermediate,I,113088,432,432,384,384,171184720,530165760,48,0,0.0,0.0,0.0,"I(i_4,μ̃_19934) * I(μ̃_19934,i_2) -> I(i_4,i_2)","I(i_4,i_2)","I(i_4,μ̃_19934)","I(μ̃_19934,i_2)","I(i_4,i_2)","i,i",;,"7,7",7 × 7,392,0.979592
1,59,Product,intermediate,I,312201,384,5489512,400,400,171184720,530165760,50,0,0.0,0.0,0.0,"I(i_4,i_2) * I(i_2,i_4,i_1;a_2i_1i_2,a_6i_1i_4) -> I(i_1,i_4,i_2;a_6i_1i_4,a_2i_1i_2)","I(i_1,i_4,i_2;a_6i_1i_4,a_2i_1i_2)","I(i_4,i_2)","I(i_2,i_4,i_1;a_2i_1i_2,a_6i_1i_4)","I(i_1,i_4,i_2;a_6i_1i_4,a_2i_1i_2)","i,i,i,a,a",";;;i_1,i_4;i_1,i_2","7,7,7,,",7 × 7 × 7 × ? × ?,,
1,59,Product,intermediate,I,306699,400,400,384,384,171184720,530165760,48,0,0.0,0.0,0.0,"I(i_1,i_4,i_2;a_6i_1i_4,a_2i_1i_2) * I(i_2,i_4,i_1;a_1i_1i_2,a_6i_1i_4) -> I(i_1,i_2;a_1i_1i_2,a_2i_1i_2)","I(i_1,i_2;a_1i_1i_2,a_2i_1i_2)","I(i_1,i_4,i_2;a_6i_1i_4,a_2i_1i_2)","I(i_2,i_4,i_1;a_1i_1i_2,a_6i_1i_4)","I(i_1,i_2;a_1i_1i_2,a_2i_1i_2)","i,i,a,a",";;i_1,i_2;i_1,i_2","7,7,,",7 × 7 × ? × ?,,
1,59,Constant,constant,_const,1412,,,8,8,171184720,530165760,1,,,,,-4,-4,,,,,,,scalar,8,1
1,59,Product,residual,R,65170,384,8,384,384,171184720,530165760,48,0,0.0,0.0,0.0,"I(i_1,i_2;a_1i_1i_2,a_2i_1i_2) * -4 -> R(i_1,i_2;a_1i_1i_2,a_2i_1i_2)","R(i_1,i_2;a_1i_1i_2,a_2i_1i_2)","I(i_1,i_2;a_1i_1i_2,a_2i_1i_2)",-4,"R(i_1,i_2;a_1i_1i_2,a_2i_1i_2)","i,i,a,a",";;i_1,i_2;i_1,i_2","7,7,,",7 × 7 × ? × ?,,
1,59,Permute,residual,R,59687,,,384,384,171184720,530165760,48,,,,,"R(i_1,i_2;a_1i_1i_2,a_2i_1i_2)","R(i_1,i_2;a_1i_1i_2,a_2i_1i_2)",,,,"i,i,a,a",";;i_1,i_2;i_1,i_2","7,7,,",7 × 7 × ? × ?,,
1,60,Tensor,leaf,g,9757,,,121536,121536,171184720,530165760,15192,13818,10.313570711990552,5.229066732803696,0.3618052751837735,"g(i_3,i_1,Κ_1)","g(i_3,i_1,Κ_1)",,,,"i,i,Κ",;;,"7,7,282",7 × 7 × 282,110544,1.09944
1,60,Tensor,leaf,g,11841,,,29489328,29489328,188428008,530165760,3686166,3664872,328.03408291046196,123.92989425956745,0.8503952014554764,"g(μ̃_19772,μ̃_19773,Κ_1)","g(μ̃_19772,μ̃_19773,Κ_1)",,,,"μ̃,μ̃,Κ",;;,"114,114,282",114 × 114 × 282,29318976,1.00581
1,60,Product,intermediate,I,64687817,121536,29489328,5179792,5179792,193729336,532328448,647474,636804,319.3017663066169,132.60778349602762,0.700024902177669,"g(i_3,i_1,Κ_1) * g(μ̃_19772,μ̃_19773,Κ_1) -> I(i_1,i_3,μ̃_19773,μ̃_19772)","I(i_1,i_3,μ̃_19773,μ̃_19772)","g(i_3,i_1,Κ_1)","g(μ̃_19772,μ̃_19773,Κ_1)","I(i_1,i_3,μ̃_19773,μ̃_19772)","i,i,μ̃,μ̃",;;;,"7,7,114,114",7 × 7 × 114 × 114,5094432,1.01676
1,60,Tensor,leaf,C,16299,,,2207664,2207664,193729336,532328448,275958,246870,-5695.615034274957,223631163.21246105,731.2730436956697,"C(i_2,i_1,μ̃_19772;a_1i_1i_2)","C(i_2,i_1,μ̃_19772;a_1i_1i_2)",,,,"i,i,μ̃,a",";;;i_1,i_2","7,7,114,",7 × 7 × 114 × ?,,
1,60,Product,intermediate,I,60217536,5179792,2207664,15528352,15528352,193729336,538546176,1941044,1742832,-23.039075389954952,417.01280766131424,0.5319802302413015,"I(i_1,i_3,μ̃_19773,μ̃_19772) * C(i_2,i_1,μ̃_19772;a_1i_1i_2) -> I(i_2,i_3,i_1,μ̃_19773;a_1i_1i_2)","I(i_2,i_3,i_1,μ̃_19773;a_1i_1i_2)","I(i_1,i_3,μ̃_19773,μ̃_19772)","C(i_2,i_1,μ̃_19772;a_1i_1i_2)","I(i_2,i_3,i_1,μ̃_19773;a_1i_1i_2)","i,i,i,μ̃,a",";;;;i_1,i_2","7,7,7,114,",7 × 7 × 7 × 114 × ?,,
1,60,Tensor,leaf,C,28996,,,2207664,2207664,193729336,538546176,275958,246870,-5695.615034274957,223631163.21246105,731.2730436956697,"C(i_3,i_2,μ̃_19773;a_3i_2i_3)","C(i_3,i_2,μ̃_19773;a_3i_2i_3)",,,,"i,i,μ̃,a",";;;i_2,i_3","7,7,114,",7 × 7 × 114 × ?,,
1,60,Product,intermediate,I,19259271,15528352,2207664,5489512,5489512,193729336,544493568,686189,684096,878.173134105697,401.06716481784116,0.637012795193581,"I(i_2,i_3,i_1,μ̃_19773;a_1i_1i_2) * C(i_3,i_2,μ̃_19773;a_3i_2i_3) -> I(i_2,i_3,i_1;a_3i_2i_3,a_1i_1i_2)","I(i_2,i_3,i_1;a_3i_2i_3,a_1i_1i_2)","I(i_2,i_3,i_1,μ̃_19773;a_1i_1i_2)","C(i_3,i_2,μ̃_19773;a_3i_2i_3)","I(i_2,i_3,i_1;a_3i_2i_3,a_1i_1i_2)","i,i,i,a,a",";;;i_2,i_3;i_1,i_2","7,7,7,,",7 × 7 × 7 × ? × ?,,
1,60,Tensor,leaf,t,3185,,,384,384,193729336,544493568,48,0,0.0,0.0,0.0,"t(i_2,i_3;a_4i_2i_3,a_3i_2i_3)","t(i_2,i_3;a_4i_2i_3,a_3i_2i_3)",,,,"i,i,a,a",";;i_2,i_3;i_2,i_3","7,7,,",7 × 7 × ? × ?,,
1,60,Product,intermediate,I,371497,5489512,384,400,400,193729336,544493568,50,0,0.0,0.0,0.0,"I(i_2,i_3,i_1;a_3i_2i_3,a_1i_1i_2) * t(i_2,i_3;a_4i_2i_3,a_3i_2i_3) -> I(i_3,i_1,i_2;a_1i_1i_2,a_4i_2i_3)","I(i_3,i_1,i_2;a_1i_1i_2,a_4i_2i_3)","I(i_2,i_3,i_1;a_3i_2i_3,a_1i_1i_2)","t(i_2,i_3;a_4i_2i_3,a_3i_2i_3)","I(i_3,i_1,i_2;a_1i_1i_2,a_4i_2i_3)","i,i,i,a,a",";;;i_1,i_2;i_2,i_3","7,7,7,,",7 × 7 × 7 × ? × ?,,
1,60,Product,intermediate,I,268765,400,5489512,384,384,193729336,544493568,48,0,0.0,0.0,0.0,"I(i_3,i_1,i_2;a_1i_1i_2,a_4i_2i_3) * I(i_1,i_3,i_2;a_2i_1i_2,a_4i_2i_3) -> I(i_1,i_2;a_1i_1i_2,a_2i_1i_2)","I(i_1,i_2;a_1i_1i_2,a_2i_1i_2)","I(i_3,i_1,i_2;a_1i_1i_2,a_4i_2i_3)","I(i_1,i_3,i_2;a_2i_1i_2,a_4i_2i_3)","I(i_1,i_2;a_1i_1i_2,a_2i_1i_2)","i,i,a,a",";;i_1,i_2;i_1,i_2","7,7,,",7 × 7 × ? × ?,,
1,60,Constant,constant,_const,1790,,,8,8,193729336,544493568,1,,,,,-2,-2,,,,,,,scalar,8,1
1,60,Product,residual,R,72084,384,8,384,384,193729336,544493568,48,0,0.0,0.0,0.0,"I(i_1,i_2;a_1i_1i_2,a_2i_1i_2) * -2 -> R(i_1,i_2;a_1i_1i_2,a_2i_1i_2)","R(i_1,i_2;a_1i_1i_2,a_2i_1i_2)","I(i_1,i_2;a_1i_1i_2,a_2i_1i_2)",-2,"R(i_1,i_2;a_1i_1i_2,a_2i_1i_2)","i,i,a,a",";;i_1,i_2;i_1,i_2","7,7,,",7 × 7 × ? × ?,,
1,60,Permute,residual,R,76980,,,384,384,193729336,544493568,48,,,,,"R(i_1,i_2;a_1i_1i_2,a_2i_1i_2)","R(i_1,i_2;a_1i_1i_2,a_2i_1i_2)",,,,"i,i,a,a",";;i_1,i_2;i_1,i_2","7,7,,",7 × 7 × ? × ?,,
1,61,Tensor,leaf,t,1442,,,384,384,193729336,544493568,48,0,0.0,0.0,0.0,"t(i_3,i_2;a_4i_2i_3,a_3i_2i_3)","t(i_3,i_2;a_4i_2i_3,a_3i_2i_3)",,,,"i,i,a,a",";;i_2,i_3;i_2,i_3","7,7,,",7 × 7 × ? × ?,,
1,61,Product,intermediate,I,296749,5489512,384,400,400,193729336,544493568,50,0,0.0,0.0,0.0,"I(i_2,i_3,i_1;a_3i_2i_3,a_2i_1i_2) * t(i_3,i_2;a_4i_2i_3,a_3i_2i_3) -> I(i_3,i_1,i_2;a_2i_1i_2,a_4i_2i_3)","I(i_3,i_1,i_2;a_2i_1i_2,a_4i_2i_3)","I(i_2,i_3,i_1;a_3i_2i_3,a_2i_1i_2)","t(i_3,i_2;a_4i_2i_3,a_3i_2i_3)","I(i_3,i_1,i_2;a_2i_1i_2,a_4i_2i_3)","i,i,i,a,a",";;;i_1,i_2;i_2,i_3","7,7,7,,",7 × 7 × 7 × ? × ?,,
1,61,Product,intermediate,I,343873,400,5489512,384,384,193729336,544493568,48,0,0.0,0.0,0.0,"I(i_3,i_1,i_2;a_2i_1i_2,a_4i_2i_3) * I(i_1,i_3,i_2;a_1i_1i_2,a_4i_2i_3) -> I(i_1,i_2;a_1i_1i_2,a_2i_1i_2)","I(i_1,i_2;a_1i_1i_2,a_2i_1i_2)","I(i_3,i_1,i_2;a_2i_1i_2,a_4i_2i_3)","I(i_1,i_3,i_2;a_1i_1i_2,a_4i_2i_3)","I(i_1,i_2;a_1i_1i_2,a_2i_1i_2)","i,i,a,a",";;i_1,i_2;i_1,i_2","7,7,,",7 × 7 × ? × ?,,
1,61,Constant,constant,_const,803,,,8,8,193729336,544493568,1,,,,,-2,-2,,,,,,,scalar,8,1
1,61,Product,residual,R,58934,384,8,384,384,193729336,544493568,48,0,0.0,0.0,0.0,"I(i_1,i_2;a_1i_1i_2,a_2i_1i_2) * -2 -> R(i_1,i_2;a_1i_1i_2,a_2i_1i_2)","R(i_1,i_2;a_1i_1i_2,a_2i_1i_2)","I(i_1,i_2;a_1i_1i_2,a_2i_1i_2)",-2,"R(i_1,i_2;a_1i_1i_2,a_2i_1i_2)","i,i,a,a",";;i_1,i_2;i_1,i_2","7,7,,",7 × 7 × ? × ?,,
1,61,Permute,residual,R,58229,,,384,384,193729336,544493568,48,,,,,"R(i_1,i_2;a_1i_1i_2,a_2i_1i_2)","R(i_1,i_2;a_1i_1i_2,a_2i_1i_2)",,,,"i,i,a,a",";;i_1,i_2;i_1,i_2","7,7,,",7 × 7 × ? × ?,,
1,62,Tensor,leaf,C,16881,,,2207664,2207664,193729336,544493568,275958,246870,-5695.615034274957,223631163.21246105,731.2730436956697,"C(i_3,i_1,μ̃_19783;a_4i_1i_3)","C(i_3,i_1,μ̃_19783;a_4i_1i_3)",,,,"i,i,μ̃,a",";;;i_1,i_3","7,7,114,",7 × 7 × 114 × ?,,
1,62,Product,intermediate,I,2471484,624,2207664,432,432,193729336,544493568,54,0,0.0,0.0,0.0,"I(i_4,i_3,μ̃_19783,i_2) * C(i_3,i_1,μ̃_19783;a_4i_1i_3) -> I(i_1,i_4,i_3,i_2;a_4i_1i_3)","I(i_1,i_4,i_3,i_2;a_4i_1i_3)","I(i_4,i_3,μ̃_19783,i_2)","C(i_3,i_1,μ̃_19783;a_4i_1i_3)","I(i_1,i_4,i_3,i_2;a_4i_1i_3)","i,i,i,i,a",";;;;i_1,i_3","7,7,7,7,",7 × 7 × 7 × 7 × ?,,
1,62,Tensor,leaf,t,1705,,,384,384,193729336,544493568,48,0,0.0,0.0,0.0,"t(i_3,i_1;a_6i_1i_3,a_4i_1i_3)","t(i_3,i_1;a_6i_1i_3,a_4i_1i_3)",,,,"i,i,a,a",";;i_1,i_3;i_1,i_3","7,7,,",7 × 7 × ? × ?,,
1,62,Product,intermediate,I,226407,432,384,432,432,193729336,544493568,54,0,0.0,0.0,0.0,"I(i_1,i_4,i_3,i_2;a_4i_1i_3) * t(i_3,i_1;a_6i_1i_3,a_4i_1i_3) -> I(i_3,i_4,i_2,i_1;a_6i_1i_3)","I(i_3,i_4,i_2,i_1;a_6i_1i_3)","I(i_1,i_4,i_3,i_2;a_4i_1i_3)","t(i_3,i_1;a_6i_1i_3,a_4i_1i_3)","I(i_3,i_4,i_2,i_1;a_6i_1i_3)","i,i,i,i,a",";;;;i_1,i_3","7,7,7,7,",7 × 7 × 7 × 7 × ?,,
1,62,Product,intermediate,I,365188,432,5489512,400,400,193729336,544493568,50,0,0.0,0.0,0.0,"I(i_3,i_4,i_2,i_1;a_6i_1i_3) * I(i_2,i_3,i_1;a_2i_1i_2,a_6i_1i_3) -> I(i_4,i_2,i_1;a_2i_1i_2)","I(i_4,i_2,i_1;a_2i_1i_2)","I(i_3,i_4,i_2,i_1;a_6i_1i_3)","I(i_2,i_3,i_1;a_2i_1i_2,a_6i_1i_3)","I(i_4,i_2,i_1;a_2i_1i_2)","i,i,i,a",";;;i_1,i_2","7,7,7,",7 × 7 × 7 × ?,,
1,62,Product,intermediate,I,221426,400,400,384,384,193729336,544493568,48,0,0.0,0.0,0.0,"I(i_4,i_2,i_1;a_2i_1i_2) * I(i_2,i_1,i_4;a_1i_1i_2) -> I(i_1,i_2;a_2i_1i_2,a_1i_1i_2)","I(i_1,i_2;a_2i_1i_2,a_1i_1i_2)","I(i_4,i_2,i_1;a_2i_1i_2)","I(i_2,i_1,i_4;a_1i_1i_2)","I(i_1,i_2;a_2i_1i_2,a_1i_1i_2)","i,i,a,a",";;i_1,i_2;i_1,i_2","7,7,,",7 × 7 × ? × ?,,
1,62,Constant,constant,_const,840,,,8,8,193729336,544493568,1,,,,,2,2,,,,,,,scalar,8,1
1,62,Product,residual,R,64223,384,8,384,384,193729336,544493568,48,0,0.0,0.0,0.0,"I(i_1,i_2;a_2i_1i_2,a_1i_1i_2) * 2 -> R(i_1,i_2;a_2i_1i_2,a_1i_1i_2)","R(i_1,i_2;a_2i_1i_2,a_1i_1i_2)","I(i_1,i_2;a_2i_1i_2,a_1i_1i_2)",2,"R(i_1,i_2;a_2i_1i_2,a_1i_1i_2)","i,i,a,a",";;i_1,i_2;i_1,i_2","7,7,,",7 × 7 × ? × ?,,
1,62,Permute,residual,R,74554,,,384,384,193729336,544493568,48,,,,,"R(i_1,i_2;a_2i_1i_2,a_1i_1i_2)","R(i_1,i_2;a_2i_1i_2,a_1i_1i_2)",,,,"i,i,a,a",";;i_1,i_2;i_1,i_2","7,7,,",7 × 7 × ? × ?,,
1,63,Tensor,leaf,t,1330,,,384,384,193729336,544493568,48,0,0.0,0.0,0.0,"t(i_1,i_3;a_5i_1i_3,a_4i_1i_3)","t(i_1,i_3;a_5i_1i_3,a_4i_1i_3)",,,,"i,i,a,a",";;i_1,i_3;i_1,i_3","7,7,,",7 × 7 × ? × ?,,
1,63,Product,intermediate,I,203431,432,384,432,432,193729336,544493568,54,0,0.0,0.0,0.0,"I(i_1,i_4,i_3,i_2;a_4i_1i_3) * t(i_1,i_3;a_5i_1i_3,a_4i_1i_3) -> I(i_3,i_4,i_2,i_1;a_5i_1i_3)","I(i_3,i_4,i_2,i_1;a_5i_1i_3)","I(i_1,i_4,i_3,i_2;a_4i_1i_3)","t(i_1,i_3;a_5i_1i_3,a_4i_1i_3)","I(i_3,i_4,i_2,i_1;a_5i_1i_3)","i,i,i,i,a",";;;;i_1,i_3","7,7,7,7,",7 × 7 × 7 × 7 × ?,,
1,63,Product,intermediate,I,363137,432,5489512,400,400,193729336,544493568,50,0,0.0,0.0,0.0,"I(i_3,i_4,i_2,i_1;a_5i_1i_3) * I(i_3,i_2,i_1;a_5i_1i_3,a_1i_1i_2) -> I(i_4,i_2,i_1;a_1i_1i_2)","I(i_4,i_2,i_1;a_1i_1i_2)","I(i_3,i_4,i_2,i_1;a_5i_1i_3)","I(i_3,i_2,i_1;a_5i_1i_3,a_1i_1i_2)","I(i_4,i_2,i_1;a_1i_1i_2)","i,i,i,a",";;;i_1,i_2","7,7,7,",7 × 7 × 7 × ?,,
1,63,Product,intermediate,I,222315,400,400,384,384,193729336,544493568,48,0,0.0,0.0,0.0,"I(i_4,i_2,i_1;a_1i_1i_2) * I(i_2,i_1,i_4;a_2i_1i_2) -> I(i_1,i_2;a_1i_1i_2,a_2i_1i_2)","I(i_1,i_2;a_1i_1i_2,a_2i_1i_2)","I(i_4,i_2,i_1;a_1i_1i_2)","I(i_2,i_1,i_4;a_2i_1i_2)","I(i_1,i_2;a_1i_1i_2,a_2i_1i_2)","i,i,a,a",";;i_1,i_2;i_1,i_2","7,7,,",7 × 7 × ? × ?,,
1,63,Constant,constant,_const,1076,,,8,8,193729336,544493568,1,,,,,2,2,,,,,,,scalar,8,1
1,63,Product,residual,R,66317,384,8,384,384,193729336,544493568,48,0,0.0,0.0,0.0,"I(i_1,i_2;a_1i_1i_2,a_2i_1i_2) * 2 -> R(i_1,i_2;a_1i_1i_2,a_2i_1i_2)","R(i_1,i_2;a_1i_1i_2,a_2i_1i_2)","I(i_1,i_2;a_1i_1i_2,a_2i_1i_2)",2,"R(i_1,i_2;a_1i_1i_2,a_2i_1i_2)","i,i,a,a",";;i_1,i_2;i_1,i_2","7,7,,",7 × 7 × ? × ?,,
1,63,Permute,residual,R,61198,,,384,384,193729336,544493568,48,,,,,"R(i_1,i_2;a_1i_1i_2,a_2i_1i_2)","R(i_1,i_2;a_1i_1i_2,a_2i_1i_2)",,,,"i,i,a,a",";;i_1,i_2;i_1,i_2","7,7,,",7 × 7 × ? × ?,,
1,64,Product,intermediate,I,33234900,5490816,5490816,5489512,5489512,193729336,546926592,686189,684096,54.5653037193534,7.003661237421107,0.06952838378309498,"I(i_2,i_3,Κ_1;a_3i_2i_3) * I(i_2,i_1,Κ_1;a_1i_1i_2) -> I(i_2,i_1,i_3;a_1i_1i_2,a_3i_2i_3)","I(i_2,i_1,i_3;a_1i_1i_2,a_3i_2i_3)","I(i_2,i_3,Κ_1;a_3i_2i_3)","I(i_2,i_1,Κ_1;a_1i_1i_2)","I(i_2,i_1,i_3;a_1i_1i_2,a_3i_2i_3)","i,i,i,a,a",";;;i_1,i_2;i_2,i_3","7,7,7,,",7 × 7 × 7 × ? × ?,,
1,64,Tensor,leaf,t,2900,,,384,384,193729336,546926592,48,0,0.0,0.0,0.0,"t(i_3,i_2;a_4i_2i_3,a_3i_2i_3)","t(i_3,i_2;a_4i_2i_3,a_3i_2i_3)",,,,"i,i,a,a",";;i_2,i_3;i_2,i_3","7,7,,",7 × 7 × ? × ?,,
1,64,Product,intermediate,I,253921,5489512,384,400,400,193729336,546926592,50,0,0.0,0.0,0.0,"I(i_2,i_1,i_3;a_1i_1i_2,a_3i_2i_3) * t(i_3,i_2;a_4i_2i_3,a_3i_2i_3) -> I(i_3,i_1,i_2;a_4i_2i_3,a_1i_1i_2)","I(i_3,i_1,i_2;a_4i_2i_3,a_1i_1i_2)","I(i_2,i_1,i_3;a_1i_1i_2,a_3i_2i_3)","t(i_3,i_2;a_4i_2i_3,a_3i_2i_3)","I(i_3,i_1,i_2;a_4i_2i_3,a_1i_1i_2)","i,i,i,a,a",";;;i_2,i_3;i_1,i_2","7,7,7,,",7 × 7 × 7 × ? × ?,,
1,64,Product,intermediate,I,305102,400,5489512,384,384,193729336,546926592,48,0,0.0,0.0,0.0,"I(i_3,i_1,i_2;a_4i_2i_3,a_1i_1i_2) * I(i_1,i_3,i_2;a_2i_1i_2,a_4i_2i_3) -> I(i_1,i_2;a_1i_1i_2,a_2i_1i_2)","I(i_1,i_2;a_1i_1i_2,a_2i_1i_2)","I(i_3,i_1,i_2;a_4i_2i_3,a_1i_1i_2)","I(i_1,i_3,i_2;a_2i_1i_2,a_4i_2i_3)","I(i_1,i_2;a_1i_1i_2,a_2i_1i_2)","i,i,a,a",";;i_1,i_2;i_1,i_2","7,7,,",7 × 7 × ? × ?,,
1,64,Constant,constant,_const,1248,,,8,8,193729336,546926592,1,,,,,-2,-2,,,,,,,scalar,8,1
1,64,Product,residual,R,71350,384,8,384,384,193729336,546926592,48,0,0.0,0.0,0.0,"I(i_1,i_2;a_1i_1i_2,a_2i_1i_2) * -2 -> R(i_1,i_2;a_1i_1i_2,a_2i_1i_2)","R(i_1,i_2;a_1i_1i_2,a_2i_1i_2)","I(i_1,i_2;a_1i_1i_2,a_2i_1i_2)",-2,"R(i_1,i_2;a_1i_1i_2,a_2i_1i_2)","i,i,a,a",";;i_1,i_2;i_1,i_2","7,7,,",7 × 7 × ? × ?,,
1,64,Permute,residual,R,56873,,,384,384,193729336,546926592,48,,,,,"R(i_1,i_2;a_1i_1i_2,a_2i_1i_2)","R(i_1,i_2;a_1i_1i_2,a_2i_1i_2)",,,,"i,i,a,a",";;i_1,i_2;i_1,i_2","7,7,,",7 × 7 × ? × ?,,
1,65,Tensor,leaf,t,2310,,,384,384,193729336,546926592,48,0,0.0,0.0,0.0,"t(i_2,i_3;a_4i_2i_3,a_3i_2i_3)","t(i_2,i_3;a_4i_2i_3,a_3i_2i_3)",,,,"i,i,a,a",";;i_2,i_3;i_2,i_3","7,7,,",7 × 7 × ? × ?,,
1,65,Product,intermediate,I,235948,5489512,384,400,400,193729336,546926592,50,0,0.0,0.0,0.0,"I(i_2,i_1,i_3;a_1i_1i_2,a_3i_2i_3) * t(i_2,i_3;a_4i_2i_3,a_3i_2i_3) -> I(i_3,i_1,i_2;a_4i_2i_3,a_1i_1i_2)","I(i_3,i_1,i_2;a_4i_2i_3,a_1i_1i_2)","I(i_2,i_1,i_3;a_1i_1i_2,a_3i_2i_3)","t(i_2,i_3;a_4i_2i_3,a_3i_2i_3)","I(i_3,i_1,i_2;a_4i_2i_3,a_1i_1i_2)","i,i,i,a,a",";;;i_2,i_3;i_1,i_2","7,7,7,,",7 × 7 × 7 × ? × ?,,
1,65,Product,intermediate,I,346341,400,5489512,384,384,193729336,546926592,48,0,0.0,0.0,0.0,"I(i_3,i_1,i_2;a_4i_2i_3,a_1i_1i_2) * I(i_1,i_3,i_2;a_2i_1i_2,a_4i_2i_3) -> I(i_1,i_2;a_2i_1i_2,a_1i_1i_2)","I(i_1,i_2;a_2i_1i_2,a_1i_1i_2)","I(i_3,i_1,i_2;a_4i_2i_3,a_1i_1i_2)","I(i_1,i_3,i_2;a_2i_1i_2,a_4i_2i_3)","I(i_1,i_2;a_2i_1i_2,a_1i_1i_2)","i,i,a,a",";;i_1,i_2;i_1,i_2","7,7,,",7 × 7 × ? × ?,,
1,65,Constant,constant,_const,988,,,8,8,193729336,546926592,1,,,,,4,4,,,,,,,scalar,8,1
1,65,Product,residual,R,53603,384,8,384,384,193729336,546926592,48,0,0.0,0.0,0.0,"I(i_1,i_2;a_2i_1i_2,a_1i_1i_2) * 4 -> R(i_1,i_2;a_2i_1i_2,a_1i_1i_2)","R(i_1,i_2;a_2i_1i_2,a_1i_1i_2)","I(i_1,i_2;a_2i_1i_2,a_1i_1i_2)",4,"R(i_1,i_2;a_2i_1i_2,a_1i_1i_2)","i,i,a,a",";;i_1,i_2;i_1,i_2","7,7,,",7 × 7 × ? × ?,,
1,65,Permute,residual,R,72000,,,384,384,193729336,546926592,48,,,,,"R(i_1,i_2;a_2i_1i_2,a_1i_1i_2)","R(i_1,i_2;a_2i_1i_2,a_1i_1i_2)",,,,"i,i,a,a",";;i_1,i_2;i_1,i_2","7,7,,",7 × 7 × ? × ?,,
1,66,Tensor,leaf,t,1319,,,384,384,193729336,546926592,48,0,0.0,0.0,0.0,"t(i_1,i_4;a_5i_1i_4,a_4i_1i_4)","t(i_1,i_4;a_5i_1i_4,a_4i_1i_4)",,,,"i,i,a,a",";;i_1,i_4;i_1,i_4","7,7,,",7 × 7 × ? × ?,,
1,66,Product,intermediate,I,226127,432,384,432,432,193729336,546926592,54,0,0.0,0.0,0.0,"I(i_1,i_3,i_4,i_2;a_4i_1i_4) * t(i_1,i_4;a_5i_1i_4,a_4i_1i_4) -> I(i_4,i_3,i_2,i_1;a_5i_1i_4)","I(i_4,i_3,i_2,i_1;a_5i_1i_4)","I(i_1,i_3,i_4,i_2;a_4i_1i_4)","t(i_1,i_4;a_5i_1i_4,a_4i_1i_4)","I(i_4,i_3,i_2,i_1;a_5i_1i_4)","i,i,i,i,a",";;;;i_1,i_4","7,7,7,7,",7 × 7 × 7 × 7 × ?,,
1,66,Product,intermediate,I,338310,432,5489512,400,400,193729336,546926592,50,0,0.0,0.0,0.0,"I(i_4,i_3,i_2,i_1;a_5i_1i_4) * I(i_4,i_2,i_1;a_5i_1i_4,a_1i_1i_2) -> I(i_3,i_2,i_1;a_1i_1i_2)","I(i_3,i_2,i_1;a_1i_1i_2)","I(i_4,i_3,i_2,i_1;a_5i_1i_4)","I(i_4,i_2,i_1;a_5i_1i_4,a_1i_1i_2)","I(i_3,i_2,i_1;a_1i_1i_2)","i,i,i,a",";;;i_1,i_2","7,7,7,",7 × 7 × 7 × ?,,
1,66,Product,intermediate,I,222469,400,400,384,384,193729336,546926592,48,0,0.0,0.0,0.0,"I(i_3,i_2,i_1;a_1i_1i_2) * I(i_2,i_1,i_3;a_2i_1i_2) -> I(i_1,i_2;a_1i_1i_2,a_2i_1i_2)","I(i_1,i_2;a_1i_1i_2,a_2i_1i_2)","I(i_3,i_2,i_1;a_1i_1i_2)","I(i_2,i_1,i_3;a_2i_1i_2)","I(i_1,i_2;a_1i_1i_2,a_2i_1i_2)","i,i,a,a",";;i_1,i_2;i_1,i_2","7,7,,",7 × 7 × ? × ?,,
1,66,Constant,constant,_const,819,,,8,8,193729336,546926592,1,,,,,-4,-4,,,,,,,scalar,8,1
1,66,Product,residual,R,63019,384,8,384,384,193729336,546926592,48,0,0.0,0.0,0.0,"I(i_1,i_2;a_1i_1i_2,a_2i_1i_2) * -4 -> R(i_1,i_2;a_1i_1i_2,a_2i_1i_2)","R(i_1,i_2;a_1i_1i_2,a_2i_1i_2)","I(i_1,i_2;a_1i_1i_2,a_2i_1i_2)",-4,"R(i_1,i_2;a_1i_1i_2,a_2i_1i_2)","i,i,a,a",";;i_1,i_2;i_1,i_2","7,7,,",7 × 7 × ? × ?,,
1,66,Permute,residual,R,56629,,,384,384,193729336,546926592,48,,,,,"R(i_1,i_2;a_1i_1i_2,a_2i_1i_2)","R(i_1,i_2;a_1i_1i_2,a_2i_1i_2)",,,,"i,i,a,a",";;i_1,i_2;i_1,i_2","7,7,,",7 × 7 × ? × ?,,
1,67,Tensor,leaf,C,17261,,,2207664,2207664,193729336,546926592,275958,246870,-5695.615034274957,223631163.21246105,731.2730436956697,"C(i_2,i_1,μ̃_19721;a_4i_1i_2)","C(i_2,i_1,μ̃_19721;a_4i_1i_2)",,,,"i,i,μ̃,a",";;;i_1,i_2","7,7,114,",7 × 7 × 114 × ?,,
1,67,Product,intermediate,I,255527,432,2207664,400,400,193729336,546926592,50,0,0.0,0.0,0.0,"I(i_3,μ̃_19721) * C(i_2,i_1,μ̃_19721;a_4i_1i_2) -> I(i_2,i_1,i_3;a_4i_1i_2)","I(i_2,i_1,i_3;a_4i_1i_2)","I(i_3,μ̃_19721)","C(i_2,i_1,μ̃_19721;a_4i_1i_2)","I(i_2,i_1,i_3;a_4i_1i_2)","i,i,i,a",";;;i_1,i_2","7,7,7,",7 × 7 × 7 × ?,,
1,67,Tensor,leaf,t,1363,,,384,384,193729336,546926592,48,0,0.0,0.0,0.0,"t(i_2,i_1;a_4i_1i_2,a_1i_1i_2)","t(i_2,i_1;a_4i_1i_2,a_1i_1i_2)",,,,"i,i,a,a",";;i_1,i_2;i_1,i_2","7,7,,",7 × 7 × ? × ?,,
1,67,Product,intermediate,I,204443,400,384,400,400,193729336,546926592,50,0,0.0,0.0,0.0,"I(i_2,i_1,i_3;a_4i_1i_2) * t(i_2,i_1;a_4i_1i_2,a_1i_1i_2) -> I(i_3,i_2,i_1;a_1i_1i_2)","I(i_3,i_2,i_1;a_1i_1i_2)","I(i_2,i_1,i_3;a_4i_1i_2)","t(i_2,i_1;a_4i_1i_2,a_1i_1i_2)","I(i_3,i_2,i_1;a_1i_1i_2)","i,i,i,a",";;;i_1,i_2","7,7,7,",7 × 7 × 7 × ?,,
1,67,Product,intermediate,I,302914,400,400,384,384,193729336,546926592,48,0,0.0,0.0,0.0,"I(i_3,i_2,i_1;a_1i_1i_2) * I(i_2,i_1,i_3;a_2i_1i_2) -> I(i_1,i_2;a_2i_1i_2,a_1i_1i_2)","I(i_1,i_2;a_2i_1i_2,a_1i_1i_2)","I(i_3,i_2,i_1;a_1i_1i_2)","I(i_2,i_1,i_3;a_2i_1i_2)","I(i_1,i_2;a_2i_1i_2,a_1i_1i_2)","i,i,a,a",";;i_1,i_2;i_1,i_2","7,7,,",7 × 7 × ? × ?,,
1,67,Constant,constant,_const,1271,,,8,8,193729336,546926592,1,,,,,2,2,,,,,,,scalar,8,1
1,67,Product,residual,R,65787,384,8,384,384,193729336,546926592,48,0,0.0,0.0,0.0,"I(i_1,i_2;a_2i_1i_2,a_1i_1i_2) * 2 -> R(i_1,i_2;a_2i_1i_2,a_1i_1i_2)","R(i_1,i_2;a_2i_1i_2,a_1i_1i_2)","I(i_1,i_2;a_2i_1i_2,a_1i_1i_2)",2,"R(i_1,i_2;a_2i_1i_2,a_1i_1i_2)","i,i,a,a",";;i_1,i_2;i_1,i_2","7,7,,",7 × 7 × ? × ?,,
1,67,Permute,residual,R,65480,,,384,384,193729336,546926592,48,,,,,"R(i_1,i_2;a_2i_1i_2,a_1i_1i_2)","R(i_1,i_2;a_2i_1i_2,a_1i_1i_2)",,,,"i,i,a,a",";;i_1,i_2;i_1,i_2","7,7,,",7 × 7 × ? × ?,,
1,68,Product,intermediate,I,203807,496,880,624,624,193729336,546926592,78,0,0.0,0.0,0.0,"I(i_3,i_2,Κ_1) * I(μ̃_19748,i_1,Κ_1) -> I(i_3,μ̃_19748,i_1,i_2)","I(i_3,μ̃_19748,i_1,i_2)","I(i_3,i_2,Κ_1)","I(μ̃_19748,i_1,Κ_1)","I(i_3,μ̃_19748,i_1,i_2)","i,μ̃,i,i",;;;,"7,114,7,7",7 × 114 × 7 × 7,312816,0.00199478
1,68,Tensor,leaf,C,14708,,,2207664,2207664,193729336,546926592,275958,246870,-5695.615034274957,223631163.21246105,731.2730436956697,"C(i_2,i_1,μ̃_19748;a_1i_1i_2)","C(i_2,i_1,μ̃_19748;a_1i_1i_2)",,,,"i,i,μ̃,a",";;;i_1,i_2","7,7,114,",7 × 7 × 114 × ?,,
1,68,Product,intermediate,I,417065,624,2207664,400,400,193729336,546926592,50,0,0.0,0.0,0.0,"I(i_3,μ̃_19748,i_1,i_2) * C(i_2,i_1,μ̃_19748;a_1i_1i_2) -> I(i_3,i_1,i_2;a_1i_1i_2)","I(i_3,i_1,i_2;a_1i_1i_2)","I(i_3,μ̃_19748,i_1,i_2)","C(i_2,i_1,μ̃_19748;a_1i_1i_2)","I(i_3,i_1,i_2;a_1i_1i_2)","i,i,i,a",";;;i_1,i_2","7,7,7,",7 × 7 × 7 × ?,,
1,68,Product,intermediate,I,267006,400,400,384,384,193729336,546926592,48,0,0.0,0.0,0.0,"I(i_3,i_1,i_2;a_1i_1i_2) * I(i_2,i_1,i_3;a_2i_1i_2) -> I(i_1,i_2;a_1i_1i_2,a_2i_1i_2)","I(i_1,i_2;a_1i_1i_2,a_2i_1i_2)","I(i_3,i_1,i_2;a_1i_1i_2)","I(i_2,i_1,i_3;a_2i_1i_2)","I(i_1,i_2;a_1i_1i_2,a_2i_1i_2)","i,i,a,a",";;i_1,i_2;i_1,i_2","7,7,,",7 × 7 × ? × ?,,
1,68,Constant,constant,_const,1140,,,8,8,193729336,546926592,1,,,,,-2,-2,,,,,,,scalar,8,1
1,68,Product,residual,R,62103,384,8,384,384,193729336,546926592,48,0,0.0,0.0,0.0,"I(i_1,i_2;a_1i_1i_2,a_2i_1i_2) * -2 -> R(i_1,i_2;a_1i_1i_2,a_2i_1i_2)","R(i_1,i_2;a_1i_1i_2,a_2i_1i_2)","I(i_1,i_2;a_1i_1i_2,a_2i_1i_2)",-2,"R(i_1,i_2;a_1i_1i_2,a_2i_1i_2)","i,i,a,a",";;i_1,i_2;i_1,i_2","7,7,,",7 × 7 × ? × ?,,
1,68,Permute,residual,R,79084,,,384,384,193729336,546926592,48,,,,,"R(i_1,i_2;a_1i_1i_2,a_2i_1i_2)","R(i_1,i_2;a_1i_1i_2,a_2i_1i_2)",,,,"i,i,a,a",";;i_1,i_2;i_1,i_2","7,7,,",7 × 7 × ? × ?,,
1,69,Tensor,leaf,g,10500,,,1843152,1843152,193729336,546926592,230394,225036,-13.7135187938935,9.824790694343452,0.19254784769834188,"g(μ̃_19827,i_3,Κ_1)","g(μ̃_19827,i_3,Κ_1)",,,,"μ̃,i,Κ",;;,"114,7,282",114 × 7 × 282,1800288,1.02381
1,69,Product,intermediate,I,267964,880,1843152,624,624,193729336,546926592,78,0,0.0,0.0,0.0,"I(μ̃_19826,i_3,Κ_1) * g(μ̃_19827,i_3,Κ_1) -> I(μ̃_19826,μ̃_19827)","I(μ̃_19826,μ̃_19827)","I(μ̃_19826,i_3,Κ_1)","g(μ̃_19827,i_3,Κ_1)","I(μ̃_19826,μ̃_19827)","μ̃,μ̃",;,"114,114",114 × 114,103968,0.00600185
1,69,Tensor,leaf,C,10085,,,2207664,2207664,193729336,546926592,275958,246870,-5695.615034274957,223631163.21246105,731.2730436956697,"C(i_2,i_1,μ̃_19826;a_2i_1i_2)","C(i_2,i_1,μ̃_19826;a_2i_1i_2)",,,,"i,i,μ̃,a",";;;i_1,i_2","7,7,114,",7 × 7 × 114 × ?,,
1,69,Product,intermediate,I,228662,624,2207664,496,496,193729336,546926592,62,0,0.0,0.0,0.0,"I(μ̃_19826,μ̃_19827) * C(i_2,i_1,μ̃_19826;a_2i_1i_2) -> I(i_2,i_1,μ̃_19827;a_2i_1i_2)","I(i_2,i_1,μ̃_19827;a_2i_1i_2)","I(μ̃_19826,μ̃_19827)","C(i_2,i_1,μ̃_19826;a_2i_1i_2)","I(i_2,i_1,μ̃_19827;a_2i_1i_2)","i,i,μ̃,a",";;;i_1,i_2","7,7,114,",7 × 7 × 114 × ?,,
1,69,Tensor,leaf,C,12919,,,2207664,2207664,193729336,546926592,275958,246870,-5695.615034274957,223631163.21246105,731.2730436956697,"C(i_2,i_1,μ̃_19827;a_4i_1i_2)","C(i_2,i_1,μ̃_19827;a_4i_1i_2)",,,,"i,i,μ̃,a",";;;i_1,i_2","7,7,114,",7 × 7 × 114 × ?,,
1,69,Product,intermediate,I,379671,496,2207664,384,384,193729336,546926592,48,0,0.0,0.0,0.0,"I(i_2,i_1,μ̃_19827;a_2i_1i_2) * C(i_2,i_1,μ̃_19827;a_4i_1i_2) -> I(i_2,i_1;a_4i_1i_2,a_2i_1i_2)","I(i_2,i_1;a_4i_1i_2,a_2i_1i_2)","I(i_2,i_1,μ̃_19827;a_2i_1i_2)","C(i_2,i_1,μ̃_19827;a_4i_1i_2)","I(i_2,i_1;a_4i_1i_2,a_2i_1i_2)","i,i,a,a",";;i_1,i_2;i_1,i_2","7,7,,",7 × 7 × ? × ?,,
1,69,Tensor,leaf,t,1606,,,384,384,193729336,546926592,48,0,0.0,0.0,0.0,"t(i_2,i_1;a_4i_1i_2,a_1i_1i_2)","t(i_2,i_1;a_4i_1i_2,a_1i_1i_2)",,,,"i,i,a,a",";;i_1,i_2;i_1,i_2","7,7,,",7 × 7 × ? × ?,,
1,69,Product,intermediate,I,175675,384,384,384,384,193729336,546926592,48,0,0.0,0.0,0.0,"I(i_2,i_1;a_4i_1i_2,a_2i_1i_2) * t(i_2,i_1;a_4i_1i_2,a_1i_1i_2) -> I(i_1,i_2;a_1i_1i_2,a_2i_1i_2)","I(i_1,i_2;a_1i_1i_2,a_2i_1i_2)","I(i_2,i_1;a_4i_1i_2,a_2i_1i_2)","t(i_2,i_1;a_4i_1i_2,a_1i_1i_2)","I(i_1,i_2;a_1i_1i_2,a_2i_1i_2)","i,i,a,a",";;i_1,i_2;i_1,i_2","7,7,,",7 × 7 × ? × ?,,
1,69,Constant,constant,_const,1144,,,8,8,193729336,546926592,1,,,,,-2,-2,,,,,,,scalar,8,1
1,69,Product,residual,R,50911,384,8,384,384,193729336,546926592,48,0,0.0,0.0,0.0,"I(i_1,i_2;a_1i_1i_2,a_2i_1i_2) * -2 -> R(i_1,i_2;a_1i_1i_2,a_2i_1i_2)","R(i_1,i_2;a_1i_1i_2,a_2i_1i_2)","I(i_1,i_2;a_1i_1i_2,a_2i_1i_2)",-2,"R(i_1,i_2;a_1i_1i_2,a_2i_1i_2)","i,i,a,a",";;i_1,i_2;i_1,i_2","7,7,,",7 × 7 × ? × ?,,
1,69,Permute,residual,R,54691,,,384,384,193729336,546926592,48,,,,,"R(i_1,i_2;a_1i_1i_2,a_2i_1i_2)","R(i_1,i_2;a_1i_1i_2,a_2i_1i_2)",,,,"i,i,a,a",";;i_1,i_2;i_1,i_2","7,7,,",7 × 7 × ? × ?,,
1,70,Product,intermediate,I,534341,5490816,880,496,496,193729336,546926592,62,0,0.0,0.0,0.0,"I(i_2,i_1,Κ_1;a_1i_1i_2) * I(μ̃_19857,i_2,Κ_1) -> I(i_1,μ̃_19857,i_2;a_1i_1i_2)","I(i_1,μ̃_19857,i_2;a_1i_1i_2)","I(i_2,i_1,Κ_1;a_1i_1i_2)","I(μ̃_19857,i_2,Κ_1)","I(i_1,μ̃_19857,i_2;a_1i_1i_2)","i,μ̃,i,a",";;;i_1,i_2","7,114,7,",7 × 114 × 7 × ?,,
1,70,Tensor,leaf,C,14795,,,2207664,2207664,193729336,546926592,275958,246870,-5695.615034274957,223631163.21246105,731.2730436956697,"C(i_2,i_1,μ̃_19857;a_2i_1i_2)","C(i_2,i_1,μ̃_19857;a_2i_1i_2)",,,,"i,i,μ̃,a",";;;i_1,i_2","7,7,114,",7 × 7 × 114 × ?,,
1,70,Product,intermediate,I,425537,496,2207664,384,384,193729336,546926592,48,0,0.0,0.0,0.0,"I(i_1,μ̃_19857,i_2;a_1i_1i_2) * C(i_2,i_1,μ̃_19857;a_2i_1i_2) -> I(i_1,i_2;a_2i_1i_2,a_1i_1i_2)","I(i_1,i_2;a_2i_1i_2,a_1i_1i_2)","I(i_1,μ̃_19857,i_2;a_1i_1i_2)","C(i_2,i_1,μ̃_19857;a_2i_1i_2)","I(i_1,i_2;a_2i_1i_2,a_1i_1i_2)","i,i,a,a",";;i_1,i_2;i_1,i_2","7,7,,",7 × 7 × ? × ?,,
1,70,Constant,constant,_const,1102,,,8,8,193729336,546926592,1,,,,,2,2,,,,,,,scalar,8,1
1,70,Product,residual,R,69025,384,8,384,384,193729336,546926592,48,0,0.0,0.0,0.0,"I(i_1,i_2;a_2i_1i_2,a_1i_1i_2) * 2 -> R(i_1,i_2;a_2i_1i_2,a_1i_1i_2)","R(i_1,i_2;a_2i_1i_2,a_1i_1i_2)","I(i_1,i_2;a_2i_1i_2,a_1i_1i_2)",2,"R(i_1,i_2;a_2i_1i_2,a_1i_1i_2)","i,i,a,a",";;i_1,i_2;i_1,i_2","7,7,,",7 × 7 × ? × ?,,
1,70,Permute,residual,R,62005,,,384,384,193729336,546926592,48,,,,,"R(i_1,i_2;a_2i_1i_2,a_1i_1i_2)","R(i_1,i_2;a_2i_1i_2,a_1i_1i_2)",,,,"i,i,a,a",";;i_1,i_2;i_1,i_2","7,7,,",7 × 7 × ? × ?,,
1,71,Product,intermediate,I,404382,496,5490816,400,400,193729336,546926592,50,0,0.0,0.0,0.0,"I(i_3,i_1,Κ_1) * I(i_1,i_2,Κ_1;a_2i_1i_2) -> I(i_3,i_2,i_1;a_2i_1i_2)","I(i_3,i_2,i_1;a_2i_1i_2)","I(i_3,i_1,Κ_1)","I(i_1,i_2,Κ_1;a_2i_1i_2)","I(i_3,i_2,i_1;a_2i_1i_2)","i,i,i,a",";;;i_1,i_2","7,7,7,",7 × 7 × 7 × ?,,
1,71,Product,intermediate,I,296743,400,400,384,384,193729336,546926592,48,0,0.0,0.0,0.0,"I(i_3,i_2,i_1;a_2i_1i_2) * I(i_2,i_1,i_3;a_1i_1i_2) -> I(i_2,i_1;a_1i_1i_2,a_2i_1i_2)","I(i_2,i_1;a_1i_1i_2,a_2i_1i_2)","I(i_3,i_2,i_1;a_2i_1i_2)","I(i_2,i_1,i_3;a_1i_1i_2)","I(i_2,i_1;a_1i_1i_2,a_2i_1i_2)","i,i,a,a",";;i_1,i_2;i_1,i_2","7,7,,",7 × 7 × ? × ?,,
1,71,Constant,constant,_const,1056,,,8,8,193729336,546926592,1,,,,,-2,-2,,,,,,,scalar,8,1
1,71,Product,residual,R,68507,384,8,384,384,193729336,546926592,48,0,0.0,0.0,0.0,"I(i_2,i_1;a_1i_1i_2,a_2i_1i_2) * -2 -> R(i_2,i_1;a_1i_1i_2,a_2i_1i_2)","R(i_2,i_1;a_1i_1i_2,a_2i_1i_2)","I(i_2,i_1;a_1i_1i_2,a_2i_1i_2)",-2,"R(i_2,i_1;a_1i_1i_2,a_2i_1i_2)","i,i,a,a",";;i_1,i_2;i_1,i_2","7,7,,",7 × 7 × ? × ?,,
1,71,Permute,residual,R,62012,,,384,384,193729336,546926592,48,,,,,"R(i_2,i_1;a_1i_1i_2,a_2i_1i_2)","R(i_2,i_1;a_1i_1i_2,a_2i_1i_2)",,,,"i,i,a,a",";;i_1,i_2;i_1,i_2","7,7,,",7 × 7 × ? × ?,,
1,72,Tensor,leaf,f,16425,,,432,432,193729336,546926592,54,0,0.0,0.0,0.0,"f(μ̃_19689,i_3)","f(μ̃_19689,i_3)",,,,"μ̃,i",;,"114,7",114 × 7,6384,0.0676692
1,72,Tensor,leaf,C,10453,,,2207664,2207664,193729336,546926592,275958,246870,-5695.615034274957,223631163.21246105,731.2730436956697,"C(i_2,i_1,μ̃_19689;a_3i_1i_2)","C(i_2,i_1,μ̃_19689;a_3i_1i_2)",,,,"i,i,μ̃,a",";;;i_1,i_2","7,7,114,",7 × 7 × 114 × ?,,
1,72,Product,intermediate,I,217716,432,2207664,400,400,193729336,546926592,50,0,0.0,0.0,0.0,"f(μ̃_19689,i_3) * C(i_2,i_1,μ̃_19689;a_3i_1i_2) -> I(i_2,i_1,i_3;a_3i_1i_2)","I(i_2,i_1,i_3;a_3i_1i_2)","f(μ̃_19689,i_3)","C(i_2,i_1,μ̃_19689;a_3i_1i_2)","I(i_2,i_1,i_3;a_3i_1i_2)","i,i,i,a",";;;i_1,i_2","7,7,7,",7 × 7 × 7 × ?,,
1,72,Tensor,leaf,t,1499,,,384,384,193729336,546926592,48,0,0.0,0.0,0.0,"t(i_2,i_1;a_3i_1i_2,a_1i_1i_2)","t(i_2,i_1;a_3i_1i_2,a_1i_1i_2)",,,,"i,i,a,a",";;i_1,i_2;i_1,i_2","7,7,,",7 × 7 × ? × ?,,
1,72,Product,intermediate,I,192445,400,384,400,400,193729336,546926592,50,0,0.0,0.0,0.0,"I(i_2,i_1,i_3;a_3i_1i_2) * t(i_2,i_1;a_3i_1i_2,a_1i_1i_2) -> I(i_3,i_2,i_1;a_1i_1i_2)","I(i_3,i_2,i_1;a_1i_1i_2)","I(i_2,i_1,i_3;a_3i_1i_2)","t(i_2,i_1;a_3i_1i_2,a_1i_1i_2)","I(i_3,i_2,i_1;a_1i_1i_2)","i,i,i,a",";;;i_1,i_2","7,7,7,",7 × 7 × 7 × ?,,
1,72,Product,intermediate,I,330310,400,400,384,384,193729336,546926592,48,0,0.0,0.0,0.0,"I(i_3,i_2,i_1;a_1i_1i_2) * I(i_2,i_1,i_3;a_2i_1i_2) -> I(i_1,i_2;a_2i_1i_2,a_1i_1i_2)","I(i_1,i_2;a_2i_1i_2,a_1i_1i_2)","I(i_3,i_2,i_1;a_1i_1i_2)","I(i_2,i_1,i_3;a_2i_1i_2)","I(i_1,i_2;a_2i_1i_2,a_1i_1i_2)","i,i,a,a",";;i_1,i_2;i_1,i_2","7,7,,",7 × 7 × ? × ?,,
1,72,Constant,constant,_const,1069,,,8,8,193729336,546926592,1,,,,,-2,-2,,,,,,,scalar,8,1
1,72,Product,residual,R,66550,384,8,384,384,193729336,546926592,48,0,0.0,0.0,0.0,"I(i_1,i_2;a_2i_1i_2,a_1i_1i_2) * -2 -> R(i_1,i_2;a_2i_1i_2,a_1i_1i_2)","R(i_1,i_2;a_2i_1i_2,a_1i_1i_2)","I(i_1,i_2;a_2i_1i_2,a_1i_1i_2)",-2,"R(i_1,i_2;a_2i_1i_2,a_1i_1i_2)","i,i,a,a",";;i_1,i_2;i_1,i_2","7,7,,",7 × 7 × ? × ?,,
1,72,Permute,residual,R,68422,,,384,384,193729336,546926592,48,,,,,"R(i_1,i_2;a_2i_1i_2,a_1i_1i_2)","R(i_1,i_2;a_2i_1i_2,a_1i_1i_2)",,,,"i,i,a,a",";;i_1,i_2;i_1,i_2","7,7,,",7 × 7 × ? × ?,,
1,73,Tensor,leaf,g,11427,,,29489328,29489328,204583960,546926592,3686166,3664872,328.03408291046196,123.92989425956745,0.8503952014554764,"g(μ̃_19698,μ̃_19699,Κ_1)","g(μ̃_19698,μ̃_19699,Κ_1)",,,,"μ̃,μ̃,Κ",;;,"114,114,282",114 × 114 × 282,29318976,1.00581
1,73,Product,intermediate,I,382753,400,29489328,624,624,204584984,546926592,78,0,0.0,0.0,0.0,"I(Κ_1) * g(μ̃_19698,μ̃_19699,Κ_1) -> I(μ̃_19699,μ̃_19698)","I(μ̃_19699,μ̃_19698)",I(Κ_1),"g(μ̃_19698,μ̃_19699,Κ_1)","I(μ̃_19699,μ̃_19698)","μ̃,μ̃",;,"114,114",114 × 114,103968,0.00600185
1,73,Tensor,leaf,C,14036,,,2207664,2207664,204584984,546926592,275958,246870,-5695.615034274957,223631163.21246105,731.2730436956697,"C(i_2,i_1,μ̃_19698;a_4i_1i_2)","C(i_2,i_1,μ̃_19698;a_4i_1i_2)",,,,"i,i,μ̃,a",";;;i_1,i_2","7,7,114,",7 × 7 × 114 × ?,,
1,73,Product,intermediate,I,263286,624,2207664,496,496,204584984,546926592,62,0,0.0,0.0,0.0,"I(μ̃_19699,μ̃_19698) * C(i_2,i_1,μ̃_19698;a_4i_1i_2) -> I(i_2,i_1,μ̃_19699;a_4i_1i_2)","I(i_2,i_1,μ̃_19699;a_4i_1i_2)","I(μ̃_19699,μ̃_19698)","C(i_2,i_1,μ̃_19698;a_4i_1i_2)","I(i_2,i_1,μ̃_19699;a_4i_1i_2)","i,i,μ̃,a",";;;i_1,i_2","7,7,114,",7 × 7 × 114 × ?,,
1,73,Tensor,leaf,C,13402,,,2207664,2207664,204584984,546926592,275958,246870,-5695.615034274957,223631163.21246105,731.2730436956697,"C(i_2,i_1,μ̃_19699;a_2i_1i_2)","C(i_2,i_1,μ̃_19699;a_2i_1i_2)",,,,"i,i,μ̃,a",";;;i_1,i_2","7,7,114,",7 × 7 × 114 × ?,,
1,73,Product,intermediate,I,447040,496,2207664,384,384,204584984,546926592,48,0,0.0,0.0,0.0,"I(i_2,i_1,μ̃_19699;a_4i_1i_2) * C(i_2,i_1,μ̃_19699;a_2i_1i_2) -> I(i_2,i_1;a_2i_1i_2,a_4i_1i_2)","I(i_2,i_1;a_2i_1i_2,a_4i_1i_2)","I(i_2,i_1,μ̃_19699;a_4i_1i_2)","C(i_2,i_1,μ̃_19699;a_2i_1i_2)","I(i_2,i_1;a_2i_1i_2,a_4i_1i_2)","i,i,a,a",";;i_1,i_2;i_1,i_2","7,7,,",7 × 7 × ? × ?,,
1,73,Tensor,leaf,t,1687,,,384,384,204584984,546926592,48,0,0.0,0.0,0.0,"t(i_2,i_1;a_4i_1i_2,a_1i_1i_2)","t(i_2,i_1;a_4i_1i_2,a_1i_1i_2)",,,,"i,i,a,a",";;i_1,i_2;i_1,i_2","7,7,,",7 × 7 × ? × ?,,
1,73,Product,intermediate,I,168787,384,384,384,384,204584984,546926592,48,0,0.0,0.0,0.0,"I(i_2,i_1;a_2i_1i_2,a_4i_1i_2) * t(i_2,i_1;a_4i_1i_2,a_1i_1i_2) -> I(i_1,i_2;a_2i_1i_2,a_1i_1i_2)","I(i_1,i_2;a_2i_1i_2,a_1i_1i_2)","I(i_2,i_1;a_2i_1i_2,a_4i_1i_2)","t(i_2,i_1;a_4i_1i_2,a_1i_1i_2)","I(i_1,i_2;a_2i_1i_2,a_1i_1i_2)","i,i,a,a",";;i_1,i_2;i_1,i_2","7,7,,",7 × 7 × ? × ?,,
1,73,Constant,constant,_const,1548,,,8,8,204584984,546926592,1,,,,,4,4,,,,,,,scalar,8,1
1,73,Product,residual,R,62980,384,8,384,384,204584984,546926592,48,0,0.0,0.0,0.0,"I(i_1,i_2;a_2i_1i_2,a_1i_1i_2) * 4 -> R(i_1,i_2;a_2i_1i_2,a_1i_1i_2)","R(i_1,i_2;a_2i_1i_2,a_1i_1i_2)","I(i_1,i_2;a_2i_1i_2,a_1i_1i_2)",4,"R(i_1,i_2;a_2i_1i_2,a_1i_1i_2)","i,i,a,a",";;i_1,i_2;i_1,i_2","7,7,,",7 × 7 × ? × ?,,
1,73,Permute,residual,R,62241,,,384,384,204584984,546926592,48,,,,,"R(i_1,i_2;a_2i_1i_2,a_1i_1i_2)","R(i_1,i_2;a_2i_1i_2,a_1i_1i_2)",,,,"i,i,a,a",";;i_1,i_2;i_1,i_2","7,7,,",7 × 7 × ? × ?,,
1,74,Tensor,leaf,C,8195,,,2207664,2207664,204584984,546926592,275958,246870,-5695.615034274957,223631163.21246105,731.2730436956697,"C(i_2,i_1,μ̃_19853;a_4i_1i_2)","C(i_2,i_1,μ̃_19853;a_4i_1i_2)",,,,"i,i,μ̃,a",";;;i_1,i_2","7,7,114,",7 × 7 × 114 × ?,,
1,74,Product,intermediate,I,239849,432,2207664,400,400,204584984,546926592,50,0,0.0,0.0,0.0,"I(i_4,μ̃_19853) * C(i_2,i_1,μ̃_19853;a_4i_1i_2) -> I(i_2,i_1,i_4;a_4i_1i_2)","I(i_2,i_1,i_4;a_4i_1i_2)","I(i_4,μ̃_19853)","C(i_2,i_1,μ̃_19853;a_4i_1i_2)","I(i_2,i_1,i_4;a_4i_1i_2)","i,i,i,a",";;;i_1,i_2","7,7,7,",7 × 7 × 7 × ?,,
1,74,Tensor,leaf,t,1573,,,384,384,204584984,546926592,48,0,0.0,0.0,0.0,"t(i_2,i_1;a_4i_1i_2,a_1i_1i_2)","t(i_2,i_1;a_4i_1i_2,a_1i_1i_2)",,,,"i,i,a,a",";;i_1,i_2;i_1,i_2","7,7,,",7 × 7 × ? × ?,,
1,74,Product,intermediate,I,189944,400,384,400,400,204584984,546926592,50,0,0.0,0.0,0.0,"I(i_2,i_1,i_4;a_4i_1i_2) * t(i_2,i_1;a_4i_1i_2,a_1i_1i_2) -> I(i_4,i_2,i_1;a_1i_1i_2)","I(i_4,i_2,i_1;a_1i_1i_2)","I(i_2,i_1,i_4;a_4i_1i_2)","t(i_2,i_1;a_4i_1i_2,a_1i_1i_2)","I(i_4,i_2,i_1;a_1i_1i_2)","i,i,i,a",";;;i_1,i_2","7,7,7,",7 × 7 × 7 × ?,,
1,74,Product,intermediate,I,397639,400,400,384,384,204584984,546926592,48,0,0.0,0.0,0.0,"I(i_4,i_2,i_1;a_1i_1i_2) * I(i_2,i_1,i_4;a_2i_1i_2) -> I(i_1,i_2;a_2i_1i_2,a_1i_1i_2)","I(i_1,i_2;a_2i_1i_2,a_1i_1i_2)","I(i_4,i_2,i_1;a_1i_1i_2)","I(i_2,i_1,i_4;a_2i_1i_2)","I(i_1,i_2;a_2i_1i_2,a_1i_1i_2)","i,i,a,a",";;i_1,i_2;i_1,i_2","7,7,,",7 × 7 × ? × ?,,
1,74,Constant,constant,_const,1090,,,8,8,204584984,546926592,1,,,,,-4,-4,,,,,,,scalar,8,1
1,74,Product,residual,R,64806,384,8,384,384,204584984,546926592,48,0,0.0,0.0,0.0,"I(i_1,i_2;a_2i_1i_2,a_1i_1i_2) * -4 -> R(i_1,i_2;a_2i_1i_2,a_1i_1i_2)","R(i_1,i_2;a_2i_1i_2,a_1i_1i_2)","I(i_1,i_2;a_2i_1i_2,a_1i_1i_2)",-4,"R(i_1,i_2;a_2i_1i_2,a_1i_1i_2)","i,i,a,a",";;i_1,i_2;i_1,i_2","7,7,,",7 × 7 × ? × ?,,
1,74,Permute,residual,R,66477,,,384,384,204584984,546926592,48,,,,,"R(i_1,i_2;a_2i_1i_2,a_1i_1i_2)","R(i_1,i_2;a_2i_1i_2,a_1i_1i_2)",,,,"i,i,a,a",";;i_1,i_2;i_1,i_2","7,7,,",7 × 7 × ? × ?,,
1,75,Product,intermediate,I,346181,5179792,432,624,624,204584984,546926592,78,0,0.0,0.0,0.0,"I(i_2,i_3,μ̃_19758,μ̃_19757) * I(μ̃_19758,i_1) -> I(i_2,i_3,μ̃_19757,i_1)","I(i_2,i_3,μ̃_19757,i_1)","I(i_2,i_3,μ̃_19758,μ̃_19757)","I(μ̃_19758,i_1)","I(i_2,i_3,μ̃_19757,i_1)","i,i,μ̃,i",;;;,"7,7,114,7",7 × 7 × 114 × 7,312816,0.00199478
1,75,Tensor,leaf,C,13430,,,2207664,2207664,204584984,546926592,275958,246870,-5695.615034274957,223631163.21246105,731.2730436956697,"C(i_2,i_1,μ̃_19757;a_1i_1i_2)","C(i_2,i_1,μ̃_19757;a_1i_1i_2)",,,,"i,i,μ̃,a",";;;i_1,i_2","7,7,114,",7 × 7 × 114 × ?,,
1,75,Product,intermediate,I,437238,624,2207664,400,400,204584984,546926592,50,0,0.0,0.0,0.0,"I(i_2,i_3,μ̃_19757,i_1) * C(i_2,i_1,μ̃_19757;a_1i_1i_2) -> I(i_3,i_2,i_1;a_1i_1i_2)","I(i_3,i_2,i_1;a_1i_1i_2)","I(i_2,i_3,μ̃_19757,i_1)","C(i_2,i_1,μ̃_19757;a_1i_1i_2)","I(i_3,i_2,i_1;a_1i_1i_2)","i,i,i,a",";;;i_1,i_2","7,7,7,",7 × 7 × 7 × ?,,
1,75,Product,intermediate,I,320557,400,400,384,384,204584984,546926592,48,0,0.0,0.0,0.0,"I(i_3,i_2,i_1;a_1i_1i_2) * I(i_2,i_1,i_3;a_2i_1i_2) -> I(i_2,i_1;a_2i_1i_2,a_1i_1i_2)","I(i_2,i_1;a_2i_1i_2,a_1i_1i_2)","I(i_3,i_2,i_1;a_1i_1i_2)","I(i_2,i_1,i_3;a_2i_1i_2)","I(i_2,i_1;a_2i_1i_2,a_1i_1i_2)","i,i,a,a",";;i_1,i_2;i_1,i_2","7,7,,",7 × 7 × ? × ?,,
1,75,Constant,constant,_const,1019,,,8,8,204584984,546926592,1,,,,,-2,-2,,,,,,,scalar,8,1
1,75,Product,residual,R,69836,384,8,384,384,204584984,546926592,48,0,0.0,0.0,0.0,"I(i_2,i_1;a_2i_1i_2,a_1i_1i_2) * -2 -> R(i_2,i_1;a_2i_1i_2,a_1i_1i_2)","R(i_2,i_1;a_2i_1i_2,a_1i_1i_2)","I(i_2,i_1;a_2i_1i_2,a_1i_1i_2)",-2,"R(i_2,i_1;a_2i_1i_2,a_1i_1i_2)","i,i,a,a",";;i_1,i_2;i_1,i_2","7,7,,",7 × 7 × ? × ?,,
1,75,Permute,residual,R,72025,,,384,384,204584984,546926592,48,,,,,"R(i_2,i_1;a_2i_1i_2,a_1i_1i_2)","R(i_2,i_1;a_2i_1i_2,a_1i_1i_2)",,,,"i,i,a,a",";;i_1,i_2;i_1,i_2","7,7,,",7 × 7 × ? × ?,,
1,76,Product,intermediate,I,339017,24888,400,400,400,204584984,546926592,50,0,0.0,0.0,0.0,"I(i_1,i_3,i_2,i_4) * I(i_2,i_1,i_3;a_1i_1i_2) -> I(i_4,i_1,i_2;a_1i_1i_2)","I(i_4,i_1,i_2;a_1i_1i_2)","I(i_1,i_3,i_2,i_4)","I(i_2,i_1,i_3;a_1i_1i_2)","I(i_4,i_1,i_2;a_1i_1i_2)","i,i,i,a",";;;i_1,i_2","7,7,7,",7 × 7 × 7 × ?,,
1,76,Product,residual,R,290552,400,400,384,384,204584984,546926592,48,0,0.0,0.0,0.0,"I(i_4,i_1,i_2;a_1i_1i_2) * I(i_2,i_1,i_4;a_2i_1i_2) -> R(i_2,i_1;a_2i_1i_2,a_1i_1i_2)","R(i_2,i_1;a_2i_1i_2,a_1i_1i_2)","I(i_4,i_1,i_2;a_1i_1i_2)","I(i_2,i_1,i_4;a_2i_1i_2)","R(i_2,i_1;a_2i_1i_2,a_1i_1i_2)","i,i,a,a",";;i_1,i_2;i_1,i_2","7,7,,",7 × 7 × ? × ?,,
1,76,Permute,residual,R,162815,,,384,384,204584984,546926592,48,,,,,"R(i_2,i_1;a_2i_1i_2,a_1i_1i_2)","R(i_2,i_1;a_2i_1i_2,a_1i_1i_2)",,,,"i,i,a,a",";;i_1,i_2;i_1,i_2","7,7,,",7 × 7 × ? × ?,,
1,77,Tensor,leaf,g,11310,,,1843152,1843152,204584984,546926592,230394,225036,-13.7135187938935,9.824790694343452,0.19254784769834188,"g(μ̃_19717,i_4,Κ_1)","g(μ̃_19717,i_4,Κ_1)",,,,"μ̃,i,Κ",;;,"114,7,282",114 × 7 × 282,1800288,1.02381
1,77,Product,intermediate,I,17839957,5490816,1843152,2226240,2226240,204584984,546926592,278280,248976,-0.3324880406433462,1.6780107375174325,0.0734489372537407,"I(i_4,i_3,Κ_1;a_3i_3i_4) * g(μ̃_19717,i_4,Κ_1) -> I(i_4,i_3,μ̃_19717;a_3i_3i_4)","I(i_4,i_3,μ̃_19717;a_3i_3i_4)","I(i_4,i_3,Κ_1;a_3i_3i_4)","g(μ̃_19717,i_4,Κ_1)","I(i_4,i_3,μ̃_19717;a_3i_3i_4)","i,i,μ̃,a",";;;i_3,i_4","7,7,114,",7 × 7 × 114 × ?,,
1,77,Tensor,leaf,t,2774,,,384,384,204584984,546926592,48,0,0.0,0.0,0.0,"t(i_3,i_4;a_5i_3i_4,a_3i_3i_4)","t(i_3,i_4;a_5i_3i_4,a_3i_3i_4)",,,,"i,i,a,a",";;i_3,i_4;i_3,i_4","7,7,,",7 × 7 × ? × ?,,
1,77,Product,intermediate,I,315911,2226240,384,496,496,204584984,546926592,62,0,0.0,0.0,0.0,"I(i_4,i_3,μ̃_19717;a_3i_3i_4) * t(i_3,i_4;a_5i_3i_4,a_3i_3i_4) -> I(i_4,i_3,μ̃_19717;a_5i_3i_4)","I(i_4,i_3,μ̃_19717;a_5i_3i_4)","I(i_4,i_3,μ̃_19717;a_3i_3i_4)","t(i_3,i_4;a_5i_3i_4,a_3i_3i_4)","I(i_4,i_3,μ̃_19717;a_5i_3i_4)","i,i,μ̃,a",";;;i_3,i_4","7,7,114,",7 × 7 × 114 × ?,,
1,77,Tensor,leaf,C,13616,,,2207664,2207664,204584984,546926592,275958,246870,-5695.615034274957,223631163.21246105,731.2730436956697,"C(i_4,i_3,μ̃_19719;a_5i_3i_4)","C(i_4,i_3,μ̃_19719;a_5i_3i_4)",,,,"i,i,μ̃,a",";;;i_3,i_4","7,7,114,",7 × 7 × 114 × ?,,
1,77,Product,intermediate,I,387276,496,2207664,624,624,204584984,546926592,78,0,0.0,0.0,0.0,"I(i_4,i_3,μ̃_19717;a_5i_3i_4) * C(i_4,i_3,μ̃_19719;a_5i_3i_4) -> I(μ̃_19717,μ̃_19719)","I(μ̃_19717,μ̃_19719)","I(i_4,i_3,μ̃_19717;a_5i_3i_4)","C(i_4,i_3,μ̃_19719;a_5i_3i_4)","I(μ̃_19717,μ̃_19719)","μ̃,μ̃",;,"114,114",114 × 114,103968,0.00600185
1,77,Tensor,leaf,s,22181,,,125584,125584,204584984,546926592,15698,12996,138.52037144982427,140.242752948763,0.9820999861813638,"s(μ̃_19718,μ̃_19719)","s(μ̃_19718,μ̃_19719)",,,,"μ̃,μ̃",;,"114,114",114 × 114,103968,1.20791
1,77,Product,intermediate,I,226186,624,125584,624,624,204584984,546926592,78,0,0.0,0.0,0.0,"I(μ̃_19717,μ̃_19719) * s(μ̃_19718,μ̃_19719) -> I(μ̃_19718,μ̃_19717)","I(μ̃_19718,μ̃_19717)","I(μ̃_19717,μ̃_19719)","s(μ̃_19718,μ̃_19719)","I(μ̃_19718,μ̃_19717)","μ̃,μ̃",;,"114,114",114 × 114,103968,0.00600185
1,77,Tensor,leaf,C,13917,,,2207664,2207664,204584984,546926592,275958,246870,-5695.615034274957,223631163.21246105,731.2730436956697,"C(i_2,i_1,μ̃_19717;a_4i_1i_2)","C(i_2,i_1,μ̃_19717;a_4i_1i_2)",,,,"i,i,μ̃,a",";;;i_1,i_2","7,7,114,",7 × 7 × 114 × ?,,
1,77,Product,intermediate,I,293375,624,2207664,496,496,204584984,546926592,62,0,0.0,0.0,0.0,"I(μ̃_19718,μ̃_19717) * C(i_2,i_1,μ̃_19717;a_4i_1i_2) -> I(i_2,i_1,μ̃_19718;a_4i_1i_2)","I(i_2,i_1,μ̃_19718;a_4i_1i_2)","I(μ̃_19718,μ̃_19717)","C(i_2,i_1,μ̃_19717;a_4i_1i_2)","I(i_2,i_1,μ̃_19718;a_4i_1i_2)","i,i,μ̃,a",";;;i_1,i_2","7,7,114,",7 × 7 × 114 × ?,,
1,77,Tensor,leaf,C,13461,,,2207664,2207664,204584984,546926592,275958,246870,-5695.615034274957,223631163.21246105,731.2730436956697,"C(i_2,i_1,μ̃_19718;a_1i_1i_2)","C(i_2,i_1,μ̃_19718;a_1i_1i_2)",,,,"i,i,μ̃,a",";;;i_1,i_2","7,7,114,",7 × 7 × 114 × ?,,
1,77,Product,intermediate,I,411248,496,2207664,384,384,204584984,546926592,48,0,0.0,0.0,0.0,"I(i_2,i_1,μ̃_19718;a_4i_1i_2) * C(i_2,i_1,μ̃_19718;a_1i_1i_2) -> I(i_2,i_1;a_1i_1i_2,a_4i_1i_2)","I(i_2,i_1;a_1i_1i_2,a_4i_1i_2)","I(i_2,i_1,μ̃_19718;a_4i_1i_2)","C(i_2,i_1,μ̃_19718;a_1i_1i_2)","I(i_2,i_1;a_1i_1i_2,a_4i_1i_2)","i,i,a,a",";;i_1,i_2;i_1,i_2","7,7,,",7 × 7 × ? × ?,,
1,77,Tensor,leaf,t,1869,,,384,384,204584984,546926592,48,0,0.0,0.0,0.0,"t(i_1,i_2;a_4i_1i_2,a_2i_1i_2)","t(i_1,i_2;a_4i_1i_2,a_2i_1i_2)",,,,"i,i,a,a",";;i_1,i_2;i_1,i_2","7,7,,",7 × 7 × ? × ?,,
1,77,Product,intermediate,I,152920,384,384,384,384,204584984,546926592,48,0,0.0,0.0,0.0,"I(i_2,i_1;a_1i_1i_2,a_4i_1i_2) * t(i_1,i_2;a_4i_1i_2,a_2i_1i_2) -> I(i_2,i_1;a_1i_1i_2,a_2i_1i_2)","I(i_2,i_1;a_1i_1i_2,a_2i_1i_2)","I(i_2,i_1;a_1i_1i_2,a_4i_1i_2)","t(i_1,i_2;a_4i_1i_2,a_2i_1i_2)","I(i_2,i_1;a_1i_1i_2,a_2i_1i_2)","i,i,a,a",";;i_1,i_2;i_1,i_2","7,7,,",7 × 7 × ? × ?,,
1,77,Constant,constant,_const,1399,,,8,8,204584984,546926592,1,,,,,2,2,,,,,,,scalar,8,1
1,77,Product,residual,R,49093,384,8,384,384,204584984,546926592,48,0,0.0,0.0,0.0,"I(i_2,i_1;a_1i_1i_2,a_2i_1i_2) * 2 -> R(i_2,i_1;a_1i_1i_2,a_2i_1i_2)","R(i_2,i_1;a_1i_1i_2,a_2i_1i_2)","I(i_2,i_1;a_1i_1i_2,a_2i_1i_2)",2,"R(i_2,i_1;a_1i_1i_2,a_2i_1i_2)","i,i,a,a",";;i_1,i_2;i_1,i_2","7,7,,",7 × 7 × ? × ?,,
1,77,Permute,residual,R,59727,,,384,384,204584984,546926592,48,,,,,"R(i_2,i_1;a_1i_1i_2,a_2i_1i_2)","R(i_2,i_1;a_1i_1i_2,a_2i_1i_2)",,,,"i,i,a,a",";;i_1,i_2;i_1,i_2","7,7,,",7 × 7 × ? × ?,,
1,78,Tensor,leaf,C,13427,,,2207664,2207664,204584984,546926592,275958,246870,-5695.615034274957,223631163.21246105,731.2730436956697,"C(i_2,i_1,μ̃_19870;a_2i_1i_2)","C(i_2,i_1,μ̃_19870;a_2i_1i_2)",,,,"i,i,μ̃,a",";;;i_1,i_2","7,7,114,",7 × 7 × 114 × ?,,
1,78,Product,residual,R,4242744,2226240,2207664,792440,792440,204584984,546926592,99055,98598,6.086828514324911,1.0674103250994564,0.06952838378309496,"I(i_2,i_1,μ̃_19870;a_1i_1i_2) * C(i_2,i_1,μ̃_19870;a_2i_1i_2) -> R(i_2,i_1;a_2i_1i_2,a_1i_1i_2)","R(i_2,i_1;a_2i_1i_2,a_1i_1i_2)","I(i_2,i_1,μ̃_19870;a_1i_1i_2)","C(i_2,i_1,μ̃_19870;a_2i_1i_2)","R(i_2,i_1;a_2i_1i_2,a_1i_1i_2)","i,i,a,a",";;i_1,i_2;i_1,i_2","7,7,,",7 × 7 × ? × ?,,
1,78,Permute,residual,R,81809,,,792440,792440,204584984,546926592,99055,,,,,"R(i_2,i_1;a_2i_1i_2,a_1i_1i_2)","R(i_2,i_1;a_2i_1i_2,a_1i_1i_2)",,,,"i,i,a,a",";;i_1,i_2;i_1,i_2","7,7,,",7 × 7 × ? × ?,,
1,79,Tensor,leaf,t,2519,,,384,384,204584984,546926592,48,0,0.0,0.0,0.0,"t(i_4,i_3;a_5i_3i_4,a_3i_3i_4)","t(i_4,i_3;a_5i_3i_4,a_3i_3i_4)",,,,"i,i,a,a",";;i_3,i_4;i_3,i_4","7,7,,",7 × 7 × ? × ?,,
1,79,Product,intermediate,I,269992,2226240,384,496,496,204584984,546926592,62,0,0.0,0.0,0.0,"I(i_4,i_3,μ̃_19930;a_3i_3i_4) * t(i_4,i_3;a_5i_3i_4,a_3i_3i_4) -> I(i_3,i_4,μ̃_19930;a_5i_3i_4)","I(i_3,i_4,μ̃_19930;a_5i_3i_4)","I(i_4,i_3,μ̃_19930;a_3i_3i_4)","t(i_4,i_3;a_5i_3i_4,a_3i_3i_4)","I(i_3,i_4,μ̃_19930;a_5i_3i_4)","i,i,μ̃,a",";;;i_3,i_4","7,7,114,",7 × 7 × 114 × ?,,
1,79,Tensor,leaf,C,13033,,,2207664,2207664,204584984,546926592,275958,246870,-5695.615034274957,223631163.21246105,731.2730436956697,"C(i_4,i_3,μ̃_19932;a_5i_3i_4)","C(i_4,i_3,μ̃_19932;a_5i_3i_4)",,,,"i,i,μ̃,a",";;;i_3,i_4","7,7,114,",7 × 7 × 114 × ?,,
1,79,Product,intermediate,I,362219,496,2207664,624,624,204584984,546926592,78,0,0.0,0.0,0.0,"I(i_3,i_4,μ̃_19930;a_5i_3i_4) * C(i_4,i_3,μ̃_19932;a_5i_3i_4) -> I(μ̃_19932,μ̃_19930)","I(μ̃_19932,μ̃_19930)","I(i_3,i_4,μ̃_19930;a_5i_3i_4)","C(i_4,i_3,μ̃_19932;a_5i_3i_4)","I(μ̃_19932,μ̃_19930)","μ̃,μ̃",;,"114,114",114 × 114,103968,0.00600185
1,79,Tensor,leaf,s,23188,,,125584,125584,204584984,546926592,15698,12996,138.52037144982427,140.242752948763,0.9820999861813638,"s(μ̃_19931,μ̃_19932)","s(μ̃_19931,μ̃_19932)",,,,"μ̃,μ̃",;,"114,114",114 × 114,103968,1.20791
1,79,Product,intermediate,I,264049,624,125584,624,624,204584984,546926592,78,0,0.0,0.0,0.0,"I(μ̃_19932,μ̃_19930) * s(μ̃_19931,μ̃_19932) -> I(μ̃_19931,μ̃_19930)","I(μ̃_19931,μ̃_19930)","I(μ̃_19932,μ̃_19930)","s(μ̃_19931,μ̃_19932)","I(μ̃_19931,μ̃_19930)","μ̃,μ̃",;,"114,114",114 × 114,103968,0.00600185
1,79,Tensor,leaf,C,9876,,,2207664,2207664,204584984,546926592,275958,246870,-5695.615034274957,223631163.21246105,731.2730436956697,"C(i_2,i_1,μ̃_19930;a_4i_1i_2)","C(i_2,i_1,μ̃_19930;a_4i_1i_2)",,,,"i,i,μ̃,a",";;;i_1,i_2","7,7,114,",7 × 7 × 114 × ?,,
1,79,Product,intermediate,I,303820,624,2207664,496,496,204584984,546926592,62,0,0.0,0.0,0.0,"I(μ̃_19931,μ̃_19930) * C(i_2,i_1,μ̃_19930;a_4i_1i_2) -> I(i_2,i_1,μ̃_19931;a_4i_1i_2)","I(i_2,i_1,μ̃_19931;a_4i_1i_2)","I(μ̃_19931,μ̃_19930)","C(i_2,i_1,μ̃_19930;a_4i_1i_2)","I(i_2,i_1,μ̃_19931;a_4i_1i_2)","i,i,μ̃,a",";;;i_1,i_2","7,7,114,",7 × 7 × 114 × ?,,
1,79,Tensor,leaf,C,13792,,,2207664,2207664,204584984,546926592,275958,246870,-5695.615034274957,223631163.21246105,731.2730436956697,"C(i_2,i_1,μ̃_19931;a_1i_1i_2)","C(i_2,i_1,μ̃_19931;a_1i_1i_2)",,,,"i,i,μ̃,a",";;;i_1,i_2","7,7,114,",7 × 7 × 114 × ?,,
1,79,Product,intermediate,I,421551,496,2207664,384,384,204584984,546926592,48,0,0.0,0.0,0.0,"I(i_2,i_1,μ̃_19931;a_4i_1i_2) * C(i_2,i_1,μ̃_19931;a_1i_1i_2) -> I(i_2,i_1;a_1i_1i_2,a_4i_1i_2)","I(i_2,i_1;a_1i_1i_2,a_4i_1i_2)","I(i_2,i_1,μ̃_19931;a_4i_1i_2)","C(i_2,i_1,μ̃_19931;a_1i_1i_2)","I(i_2,i_1;a_1i_1i_2,a_4i_1i_2)","i,i,a,a",";;i_1,i_2;i_1,i_2","7,7,,",7 × 7 × ? × ?,,
1,79,Tensor,leaf,t,1899,,,384,384,204584984,546926592,48,0,0.0,0.0,0.0,"t(i_1,i_2;a_4i_1i_2,a_2i_1i_2)","t(i_1,i_2;a_4i_1i_2,a_2i_1i_2)",,,,"i,i,a,a",";;i_1,i_2;i_1,i_2","7,7,,",7 × 7 × ? × ?,,
1,79,Product,intermediate,I,163586,384,384,384,384,204584984,546926592,48,0,0.0,0.0,0.0,"I(i_2,i_1;a_1i_1i_2,a_4i_1i_2) * t(i_1,i_2;a_4i_1i_2,a_2i_1i_2) -> I(i_2,i_1;a_1i_1i_2,a_2i_1i_2)","I(i_2,i_1;a_1i_1i_2,a_2i_1i_2)","I(i_2,i_1;a_1i_1i_2,a_4i_1i_2)","t(i_1,i_2;a_4i_1i_2,a_2i_1i_2)","I(i_2,i_1;a_1i_1i_2,a_2i_1i_2)","i,i,a,a",";;i_1,i_2;i_1,i_2","7,7,,",7 × 7 × ? × ?,,
1,79,Constant,constant,_const,1810,,,8,8,204584984,546926592,1,,,,,-4,-4,,,,,,,scalar,8,1
1,79,Product,residual,R,58483,384,8,384,384,204584984,546926592,48,0,0.0,0.0,0.0,"I(i_2,i_1;a_1i_1i_2,a_2i_1i_2) * -4 -> R(i_2,i_1;a_1i_1i_2,a_2i_1i_2)","R(i_2,i_1;a_1i_1i_2,a_2i_1i_2)","I(i_2,i_1;a_1i_1i_2,a_2i_1i_2)",-4,"R(i_2,i_1;a_1i_1i_2,a_2i_1i_2)","i,i,a,a",";;i_1,i_2;i_1,i_2","7,7,,",7 × 7 × ? × ?,,
1,79,Permute,residual,R,64153,,,384,384,204584984,546926592,48,,,,,"R(i_2,i_1;a_1i_1i_2,a_2i_1i_2)","R(i_2,i_1;a_1i_1i_2,a_2i_1i_2)",,,,"i,i,a,a",";;i_1,i_2;i_1,i_2","7,7,,",7 × 7 × ? × ?,,
1,80,Tensor,leaf,f,18968,,,125584,125584,204584984,546926592,15698,12996,138.71107103388064,334.0375286392202,4.726761534856628,"f(μ̃_19805,μ̃_19806)","f(μ̃_19805,μ̃_19806)",,,,"μ̃,μ̃",;,"114,114",114 × 114,103968,1.20791
1,80,Tensor,leaf,C,11716,,,2207664,2207664,204584984,546926592,275958,246870,-5695.615034274957,223631163.21246105,731.2730436956697,"C(i_2,i_1,μ̃_19805;a_2i_1i_2)","C(i_2,i_1,μ̃_19805;a_2i_1i_2)",,,,"i,i,μ̃,a",";;;i_1,i_2","7,7,114,",7 × 7 × 114 × ?,,
1,80,Product,intermediate,I,19361921,125584,2207664,2226240,2226240,204584984,546926592,278280,248976,-31.708753829327932,7846.294119837505,5.821794258522624,"f(μ̃_19805,μ̃_19806) * C(i_2,i_1,μ̃_19805;a_2i_1i_2) -> I(i_2,i_1,μ̃_19806;a_2i_1i_2)","I(i_2,i_1,μ̃_19806;a_2i_1i_2)","f(μ̃_19805,μ̃_19806)","C(i_2,i_1,μ̃_19805;a_2i_1i_2)","I(i_2,i_1,μ̃_19806;a_2i_1i_2)","i,i,μ̃,a",";;;i_1,i_2","7,7,114,",7 × 7 × 114 × ?,,
1,80,Tensor,leaf,C,32482,,,2207664,2207664,204584984,546926592,275958,246870,-5695.615034274957,223631163.21246105,731.2730436956697,"C(i_2,i_1,μ̃_19806;a_3i_1i_2)","C(i_2,i_1,μ̃_19806;a_3i_1i_2)",,,,"i,i,μ̃,a",";;;i_1,i_2","7,7,114,",7 × 7 × 114 × ?,,
1,80,Product,intermediate,I,4598384,2226240,2207664,792440,792440,204584984,547196928,99055,98582,4497.020749363295,15642.287340855293,9.845805035274594,"I(i_2,i_1,μ̃_19806;a_2i_1i_2) * C(i_2,i_1,μ̃_19806;a_3i_1i_2) -> I(i_2,i_1;a_3i_1i_2,a_2i_1i_2)","I(i_2,i_1;a_3i_1i_2,a_2i_1i_2)","I(i_2,i_1,μ̃_19806;a_2i_1i_2)","C(i_2,i_1,μ̃_19806;a_3i_1i_2)","I(i_2,i_1;a_3i_1i_2,a_2i_1i_2)","i,i,a,a",";;i_1,i_2;i_1,i_2","7,7,,",7 × 7 × ? × ?,,
1,80,Tensor,leaf,t,2306,,,384,384,204584984,547196928,48,0,0.0,0.0,0.0,"t(i_2,i_1;a_3i_1i_2,a_1i_1i_2)","t(i_2,i_1;a_3i_1i_2,a_1i_1i_2)",,,,"i,i,a,a",";;i_1,i_2;i_1,i_2","7,7,,",7 × 7 × ? × ?,,
1,80,Product,intermediate,I,199609,792440,384,384,384,204584984,547196928,48,0,0.0,0.0,0.0,"I(i_2,i_1;a_3i_1i_2,a_2i_1i_2) * t(i_2,i_1;a_3i_1i_2,a_1i_1i_2) -> I(i_1,i_2;a_2i_1i_2,a_1i_1i_2)","I(i_1,i_2;a_2i_1i_2,a_1i_1i_2)","I(i_2,i_1;a_3i_1i_2,a_2i_1i_2)","t(i_2,i_1;a_3i_1i_2,a_1i_1i_2)","I(i_1,i_2;a_2i_1i_2,a_1i_1i_2)","i,i,a,a",";;i_1,i_2;i_1,i_2","7,7,,",7 × 7 × ? × ?,,
1,80,Constant,constant,_const,1413,,,8,8,204584984,547196928,1,,,,,2,2,,,,,,,scalar,8,1
1,80,Product,residual,R,57868,384,8,384,384,204584984,547196928,48,0,0.0,0.0,0.0,"I(i_1,i_2;a_2i_1i_2,a_1i_1i_2) * 2 -> R(i_1,i_2;a_2i_1i_2,a_1i_1i_2)","R(i_1,i_2;a_2i_1i_2,a_1i_1i_2)","I(i_1,i_2;a_2i_1i_2,a_1i_1i_2)",2,"R(i_1,i_2;a_2i_1i_2,a_1i_1i_2)","i,i,a,a",";;i_1,i_2;i_1,i_2","7,7,,",7 × 7 × ? × ?,,
1,80,Permute,residual,R,76150,,,384,384,204584984,547196928,48,,,,,"R(i_1,i_2;a_2i_1i_2,a_1i_1i_2)","R(i_1,i_2;a_2i_1i_2,a_1i_1i_2)",,,,"i,i,a,a",";;i_1,i_2;i_1,i_2","7,7,,",7 × 7 × ? × ?,,
1,81,Tensor,leaf,g,14425,,,29489328,29489328,207601376,547196928,3686166,3664872,328.03408291046196,123.92989425956745,0.8503952014554764,"g(μ̃_19865,μ̃_19866,Κ_1)","g(μ̃_19865,μ̃_19866,Κ_1)",,,,"μ̃,μ̃,Κ",;;,"114,114,282",114 × 114 × 282,29318976,1.00581
1,81,Tensor,leaf,C,15192,,,2207664,2207664,207601376,547196928,275958,246870,-5695.615034274957,223631163.21246105,731.2730436956697,"C(i_2,i_1,μ̃_19865;a_1i_1i_2)","C(i_2,i_1,μ̃_19865;a_1i_1i_2)",,,,"i,i,μ̃,a",";;;i_1,i_2","7,7,114,",7 × 7 × 114 × ?,,
1,81,Product,intermediate,I,1856538848,29489328,2207664,624785296,624785296,834594336,1241718784,78098162,70211232,-410.3347673586128,2545.241307390616,0.7128171665365202,"g(μ̃_19865,μ̃_19866,Κ_1) * C(i_2,i_1,μ̃_19865;a_1i_1i_2) -> I(i_2,i_1,μ̃_19866,Κ_1;a_1i_1i_2)","I(i_2,i_1,μ̃_19866,Κ_1;a_1i_1i_2)","g(μ̃_19865,μ̃_19866,Κ_1)","C(i_2,i_1,μ̃_19865;a_1i_1i_2)","I(i_2,i_1,μ̃_19866,Κ_1;a_1i_1i_2)","i,i,μ̃,Κ,a",";;;;i_1,i_2","7,7,114,282,",7 × 7 × 114 × 282 × ?,,
1,81,Tensor,leaf,C,15877,,,2207664,2207664,834594336,1241718784,275958,246870,-5695.615034274957,223631163.21246105,731.2730436956697,"C(i_2,i_1,μ̃_19866;a_3i_1i_2)","C(i_2,i_1,μ̃_19866;a_3i_1i_2)",,,,"i,i,μ̃,a",";;;i_1,i_2","7,7,114,",7 × 7 × 114 × ?,,
1,81,Product,intermediate,I,998285965,624785296,2207664,223000800,223000800,1028105808,1614331904,27875100,27804636,3783.7506294440464,2066.1343659632066,0.8675891604260232,"I(i_2,i_1,μ̃_19866,Κ_1;a_1i_1i_2) * C(i_2,i_1,μ̃_19866;a_3i_1i_2) -> I(i_2,i_1,Κ_1;a_3i_1i_2,a_1i_1i_2)","I(i_2,i_1,Κ_1;a_3i_1i_2,a_1i_1i_2)","I(i_2,i_1,μ̃_19866,Κ_1;a_1i_1i_2)","C(i_2,i_1,μ̃_19866;a_3i_1i_2)","I(i_2,i_1,Κ_1;a_3i_1i_2,a_1i_1i_2)","i,i,Κ,a,a",";;;i_1,i_2;i_1,i_2","7,7,282,,",7 × 7 × 282 × ? × ?,,
1,81,Tensor,leaf,t,2695,,,384,384,1028105808,1602113536,48,0,0.0,0.0,0.0,"t(i_2,i_1;a_4i_1i_2,a_3i_1i_2)","t(i_2,i_1;a_4i_1i_2,a_3i_1i_2)",,,,"i,i,a,a",";;i_1,i_2;i_1,i_2","7,7,,",7 × 7 × ? × ?,,
1,81,Product,intermediate,I,26987009,223000800,384,496,496,1028105808,1377202176,62,0,0.0,0.0,0.0,"I(i_2,i_1,Κ_1;a_3i_1i_2,a_1i_1i_2) * t(i_2,i_1;a_4i_1i_2,a_3i_1i_2) -> I(i_2,i_1,Κ_1;a_1i_1i_2,a_4i_1i_2)","I(i_2,i_1,Κ_1;a_1i_1i_2,a_4i_1i_2)","I(i_2,i_1,Κ_1;a_3i_1i_2,a_1i_1i_2)","t(i_2,i_1;a_4i_1i_2,a_3i_1i_2)","I(i_2,i_1,Κ_1;a_1i_1i_2,a_4i_1i_2)","i,i,Κ,a,a",";;;i_1,i_2;i_1,i_2","7,7,282,,",7 × 7 × 282 × ? × ?,,
1,81,Product,residual,R,390843,496,223000800,384,384,1028105808,1377202176,48,0,0.0,0.0,0.0,"I(i_2,i_1,Κ_1;a_1i_1i_2,a_4i_1i_2) * I(i_2,i_1,Κ_1;a_4i_1i_2,a_2i_1i_2) -> R(i_2,i_1;a_2i_1i_2,a_1i_1i_2)","R(i_2,i_1;a_2i_1i_2,a_1i_1i_2)","I(i_2,i_1,Κ_1;a_1i_1i_2,a_4i_1i_2)","I(i_2,i_1,Κ_1;a_4i_1i_2,a_2i_1i_2)","R(i_2,i_1;a_2i_1i_2,a_1i_1i_2)","i,i,a,a",";;i_1,i_2;i_1,i_2","7,7,,",7 × 7 × ? × ?,,
1,81,Permute,residual,R,73415,,,384,384,1028105808,1377202176,48,,,,,"R(i_2,i_1;a_2i_1i_2,a_1i_1i_2)","R(i_2,i_1;a_2i_1i_2,a_1i_1i_2)",,,,"i,i,a,a",";;i_1,i_2;i_1,i_2","7,7,,",7 × 7 × ? × ?,,
1,82,Tensor,leaf,f,40631,,,432,432,432,1377202176,54,0,0.0,0.0,0.0,"f(μ̃_19592,i_1)","f(μ̃_19592,i_1)",,,,"μ̃,i",;,"114,7",114 × 7,6384,0.0676692
1,82,Tensor,leaf,C,7158,,,481264,481264,481264,1377202176,60158,55674,23856.23808923302,118674620.50711954,1176.0636923303477,"C(i_1,μ̃_19592;a_1i_1)","C(i_1,μ̃_19592;a_1i_1)",,,,"i,μ̃,a",;;i_1,"7,114,",7 × 114 × ?,,
1,82,Product,intermediate,I,248465,432,481264,376,376,482072,1377202176,47,0,0.0,0.0,0.0,"f(μ̃_19592,i_1) * C(i_1,μ̃_19592;a_1i_1) -> I(i_1;a_1i_1)",I(i_1;a_1i_1),"f(μ̃_19592,i_1)","C(i_1,μ̃_19592;a_1i_1)",I(i_1;a_1i_1),"i,a",;i_1,"7,",7 × ?,,
1,82,Tensor,leaf,t,1442,,,376,376,482072,1377202176,47,0,0.0,0.0,0.0,t(i_1;a_1i_1),t(i_1;a_1i_1),,,,"i,a",;i_1,"7,",7 × ?,,
1,82,Product,scalar,Z,51784,376,376,8,8,482072,1377202176,1,,,,,I(i_1;a_1i_1) * t(i_1;a_1i_1) -> Z,Z,I(i_1;a_1i_1),t(i_1;a_1i_1),Z,,,,scalar,8,1
1,82,Constant,constant,_const,1233,,,8,8,482072,1377202176,1,,,,,2,2,,,,,,,scalar,8,1
1,82,Product,scalar,E,649,8,8,8,8,482072,1377202176,1,,,,,Z * 2 -> E,E,Z,2,E,,,,scalar,8,1
1,83,Tensor,leaf,g,13409,,,1843152,1843152,1843152,1377202176,230394,225036,-13.7135187938935,9.824790694343452,0.19254784769834188,"g(μ̃_19593,i_1,Κ_1)","g(μ̃_19593,i_1,Κ_1)",,,,"μ̃,i,Κ",;;,"114,7,282",114 × 7 × 282,1800288,1.02381
1,83,Tensor,leaf,C,11026,,,2207664,2207664,2207664,1377202176,275958,246870,-5695.615034274957,223631163.21246105,731.2730436956697,"C(i_2,i_1,μ̃_19593;a_1i_1i_2)","C(i_2,i_1,μ̃_19593;a_1i_1i_2)",,,,"i,i,μ̃,a",";;;i_1,i_2","7,7,114,",7 × 7 × 114 × ?,,
1,83,Product,intermediate,I,19174061,1843152,2207664,5490816,5490816,9541632,1377202176,686352,615888,-4.5495276986486255,48.85377150827257,0.19405695413533675,"g(μ̃_19593,i_1,Κ_1) * C(i_2,i_1,μ̃_19593;a_1i_1i_2) -> I(i_2,i_1,Κ_1;a_1i_1i_2)","I(i_2,i_1,Κ_1;a_1i_1i_2)","g(μ̃_19593,i_1,Κ_1)","C(i_2,i_1,μ̃_19593;a_1i_1i_2)","I(i_2,i_1,Κ_1;a_1i_1i_2)","i,i,Κ,a",";;;i_1,i_2","7,7,282,",7 × 7 × 282 × ?,,
1,83,Tensor,leaf,g,31083,,,1843152,1843152,9541632,1377202176,230394,225036,-13.7135187938935,9.824790694343452,0.19254784769834188,"g(μ̃_19594,i_2,Κ_1)","g(μ̃_19594,i_2,Κ_1)",,,,"μ̃,i,Κ",;;,"114,7,282",114 × 7 × 282,1800288,1.02381
1,83,Product,intermediate,I,16819827,5490816,1843152,2226240,2226240,9560208,1377742848,278280,248976,-0.3324880406433515,1.6780107375174316,0.0734489372537407,"I(i_2,i_1,Κ_1;a_1i_1i_2) * g(μ̃_19594,i_2,Κ_1) -> I(i_2,i_1,μ̃_19594;a_1i_1i_2)","I(i_2,i_1,μ̃_19594;a_1i_1i_2)","I(i_2,i_1,Κ_1;a_1i_1i_2)","g(μ̃_19594,i_2,Κ_1)","I(i_2,i_1,μ̃_19594;a_1i_1i_2)","i,i,μ̃,a",";;;i_1,i_2","7,7,114,",7 × 7 × 114 × ?,,
1,83,Tensor,leaf,C,13603,,,2207664,2207664,9560208,1377742848,275958,246870,-5695.615034274957,223631163.21246105,731.2730436956697,"C(i_2,i_1,μ̃_19594;a_2i_1i_2)","C(i_2,i_1,μ̃_19594;a_2i_1i_2)",,,,"i,i,μ̃,a",";;;i_1,i_2","7,7,114,",7 × 7 × 114 × ?,,
1,83,Product,intermediate,I,4350100,2226240,2207664,792440,792440,9560208,1377742848,99055,98598,6.086828514324995,1.0674103250994555,0.06952838378309494,"I(i_2,i_1,μ̃_19594;a_1i_1i_2) * C(i_2,i_1,μ̃_19594;a_2i_1i_2) -> I(i_2,i_1;a_2i_1i_2,a_1i_1i_2)","I(i_2,i_1;a_2i_1i_2,a_1i_1i_2)","I(i_2,i_1,μ̃_19594;a_1i_1i_2)","C(i_2,i_1,μ̃_19594;a_2i_1i_2)","I(i_2,i_1;a_2i_1i_2,a_1i_1i_2)","i,i,a,a",";;i_1,i_2;i_1,i_2","7,7,,",7 × 7 × ? × ?,,
1,83,Tensor,leaf,t,3610,,,792440,792440,9560208,1377742848,99055,98598,-1.4840757848822665,0.08148253559247469,0.02545185787020978,"t(i_1,i_2;a_2i_1i_2,a_1i_1i_2)","t(i_1,i_2;a_2i_1i_2,a_1i_1i_2)",,,,"i,i,a,a",";;i_1,i_2;i_1,i_2","7,7,,",7 × 7 × ? × ?,,
1,83,Product,scalar,Z,182323,792440,792440,8,8,9560208,1377742848,1,,,,,"I(i_2,i_1;a_2i_1i_2,a_1i_1i_2) * t(i_1,i_2;a_2i_1i_2,a_1i_1i_2) -> Z",Z,"I(i_2,i_1;a_2i_1i_2,a_1i_1i_2)","t(i_1,i_2;a_2i_1i_2,a_1i_1i_2)",Z,,,,scalar,8,1
1,83,Constant,constant,_const,1373,,,8,8,9560208,1377742848,1,,,,,-1,-1,,,,,,,scalar,8,1
1,83,Product,scalar,E,741,8,8,8,8,9560208,1377742848,1,,,,,Z * -1 -> E,E,Z,-1,E,,,,scalar,8,1
1,83,SumInplace,scalar,E,783,,,8,0,9560208,1377742848,1,,,,,E,E,,,,,,,scalar,8,1
1,84,Tensor,leaf,g,13471,,,1843152,1843152,9560208,1377742848,230394,225036,-13.7135187938935,9.824790694343452,0.19254784769834188,"g(μ̃_19595,i_1,Κ_1)","g(μ̃_19595,i_1,Κ_1)",,,,"μ̃,i,Κ",;;,"114,7,282",114 × 7 × 282,1800288,1.02381
1,84,Tensor,leaf,C,12721,,,2207664,2207664,9560208,1377742848,275958,246870,-5695.615034274957,223631163.21246105,731.2730436956697,"C(i_2,i_1,μ̃_19595;a_1i_1i_2)","C(i_2,i_1,μ̃_19595;a_1i_1i_2)",,,,"i,i,μ̃,a",";;;i_1,i_2","7,7,114,",7 × 7 × 114 × ?,,
1,84,Product,intermediate,I,18798713,1843152,2207664,5490816,5490816,9560208,1379094528,686352,615888,-4.549527698648672,48.85377150827258,0.19405695413533675,"g(μ̃_19595,i_1,Κ_1) * C(i_2,i_1,μ̃_19595;a_1i_1i_2) -> I(i_2,i_1,Κ_1;a_1i_1i_2)","I(i_2,i_1,Κ_1;a_1i_1i_2)","g(μ̃_19595,i_1,Κ_1)","C(i_2,i_1,μ̃_19595;a_1i_1i_2)","I(i_2,i_1,Κ_1;a_1i_1i_2)","i,i,Κ,a",";;;i_1,i_2","7,7,282,",7 × 7 × 282 × ?,,
1,84,Tensor,leaf,g,32858,,,1843152,1843152,9560208,1379094528,230394,225036,-13.7135187938935,9.824790694343452,0.19254784769834188,"g(μ̃_19596,i_2,Κ_1)","g(μ̃_19596,i_2,Κ_1)",,,,"μ̃,i,Κ",;;,"114,7,282",114 × 7 × 282,1800288,1.02381
1,84,Product,intermediate,I,16227653,5490816,1843152,2226240,2226240,9560208,1379094528,278280,248976,-0.3324880406433533,1.6780107375174311,0.0734489372537407,"I(i_2,i_1,Κ_1;a_1i_1i_2) * g(μ̃_19596,i_2,Κ_1) -> I(i_2,i_1,μ̃_19596;a_1i_1i_2)","I(i_2,i_1,μ̃_19596;a_1i_1i_2)","I(i_2,i_1,Κ_1;a_1i_1i_2)","g(μ̃_19596,i_2,Κ_1)","I(i_2,i_1,μ̃_19596;a_1i_1i_2)","i,i,μ̃,a",";;;i_1,i_2","7,7,114,",7 × 7 × 114 × ?,,
1,84,Tensor,leaf,C,15341,,,2207664,2207664,9560208,1379094528,275958,246870,-5695.615034274957,223631163.21246105,731.2730436956697,"C(i_2,i_1,μ̃_19596;a_2i_1i_2)","C(i_2,i_1,μ̃_19596;a_2i_1i_2)",,,,"i,i,μ̃,a",";;;i_1,i_2","7,7,114,",7 × 7 × 114 × ?,,
1,84,Product,intermediate,I,4356250,2226240,2207664,792440,792440,9560208,1379094528,99055,98598,6.086828514324925,1.0674103250994584,0.06952838378309494,"I(i_2,i_1,μ̃_19596;a_1i_1i_2) * C(i_2,i_1,μ̃_19596;a_2i_1i_2) -> I(i_2,i_1;a_2i_1i_2,a_1i_1i_2)","I(i_2,i_1;a_2i_1i_2,a_1i_1i_2)","I(i_2,i_1,μ̃_19596;a_1i_1i_2)","C(i_2,i_1,μ̃_19596;a_2i_1i_2)","I(i_2,i_1;a_2i_1i_2,a_1i_1i_2)","i,i,a,a",";;i_1,i_2;i_1,i_2","7,7,,",7 × 7 × ? × ?,,
1,84,Tensor,leaf,t,2986,,,792440,792440,9560208,1379094528,99055,98598,-1.4840757848822665,0.08148253559247469,0.02545185787020978,"t(i_2,i_1;a_2i_1i_2,a_1i_1i_2)","t(i_2,i_1;a_2i_1i_2,a_1i_1i_2)",,,,"i,i,a,a",";;i_1,i_2;i_1,i_2","7,7,,",7 × 7 × ? × ?,,
1,84,Product,scalar,Z,153580,792440,792440,8,8,9560208,1379094528,1,,,,,"I(i_2,i_1;a_2i_1i_2,a_1i_1i_2) * t(i_2,i_1;a_2i_1i_2,a_1i_1i_2) -> Z",Z,"I(i_2,i_1;a_2i_1i_2,a_1i_1i_2)","t(i_2,i_1;a_2i_1i_2,a_1i_1i_2)",Z,,,,scalar,8,1
1,84,Constant,constant,_const,1354,,,8,8,9560208,1379094528,1,,,,,2,2,,,,,,,scalar,8,1
1,84,Product,scalar,E,979,8,8,8,8,9560208,1379094528,1,,,,,Z * 2 -> E,E,Z,2,E,,,,scalar,8,1
1,84,SumInplace,scalar,E,403,,,8,0,9560208,1379094528,1,,,,,E,E,,,,,,,scalar,8,1
1,85,Tensor,leaf,g,10114,,,1843152,1843152,9560208,1379094528,230394,225036,-13.7135187938935,9.824790694343452,0.19254784769834188,"g(μ̃_19597,i_1,Κ_1)","g(μ̃_19597,i_1,Κ_1)",,,,"μ̃,i,Κ",;;,"114,7,282",114 × 7 × 282,1800288,1.02381
1,85,Tensor,leaf,C,11083,,,481264,481264,9560208,1379094528,60158,55674,23856.23808923302,118674620.50711954,1176.0636923303477,"C(i_2,μ̃_19597;a_1i_2)","C(i_2,μ̃_19597;a_1i_2)",,,,"i,μ̃,a",;;i_2,"7,114,",7 × 114 × ?,,
1,85,Tensor,leaf,t,1796,,,376,376,9560208,1379094528,47,0,0.0,0.0,0.0,t(i_2;a_1i_2),t(i_2;a_1i_2),,,,"i,a",;i_2,"7,",7 × ?,,
1,85,Product,intermediate,I,255889,481264,376,432,432,9560208,1379094528,54,0,0.0,0.0,0.0,"C(i_2,μ̃_19597;a_1i_2) * t(i_2;a_1i_2) -> I(μ̃_19597,i_2)","I(μ̃_19597,i_2)","C(i_2,μ̃_19597;a_1i_2)",t(i_2;a_1i_2),"I(μ̃_19597,i_2)","μ̃,i",;,"114,7",114 × 7,6384,0.0676692
1,85,Product,intermediate,I,266089,1843152,432,496,496,9560208,1379094528,62,0,0.0,0.0,0.0,"g(μ̃_19597,i_1,Κ_1) * I(μ̃_19597,i_2) -> I(i_1,i_2,Κ_1)","I(i_1,i_2,Κ_1)","g(μ̃_19597,i_1,Κ_1)","I(μ̃_19597,i_2)","I(i_1,i_2,Κ_1)","i,i,Κ",;;,"7,7,282",7 × 7 × 282,110544,0.0044869
1,85,Tensor,leaf,g,15015,,,1843152,1843152,9560208,1379094528,230394,225036,-13.7135187938935,9.824790694343452,0.19254784769834188,"g(μ̃_19598,i_2,Κ_1)","g(μ̃_19598,i_2,Κ_1)",,,,"μ̃,i,Κ",;;,"114,7,282",114 × 7 × 282,1800288,1.02381
1,85,Product,intermediate,I,254122,496,1843152,432,432,9560208,1379094528,54,0,0.0,0.0,0.0,"I(i_1,i_2,Κ_1) * g(μ̃_19598,i_2,Κ_1) -> I(i_1,μ̃_19598)","I(i_1,μ̃_19598)","I(i_1,i_2,Κ_1)","g(μ̃_19598,i_2,Κ_1)","I(i_1,μ̃_19598)","i,μ̃",;,"7,114",7 × 114,6384,0.0676692
1,85,Tensor,leaf,C,9106,,,481264,481264,9560208,1379094528,60158,55674,23856.23808923302,118674620.50711954,1176.0636923303477,"C(i_1,μ̃_19598;a_2i_1)","C(i_1,μ̃_19598;a_2i_1)",,,,"i,μ̃,a",;;i_1,"7,114,",7 × 114 × ?,,
1,85,Product,intermediate,I,267242,432,481264,376,376,9560208,1379094528,47,0,0.0,0.0,0.0,"I(i_1,μ̃_19598) * C(i_1,μ̃_19598;a_2i_1) -> I(i_1;a_2i_1)",I(i_1;a_2i_1),"I(i_1,μ̃_19598)","C(i_1,μ̃_19598;a_2i_1)",I(i_1;a_2i_1),"i,a",;i_1,"7,",7 × ?,,
1,85,Tensor,leaf,t,1269,,,376,376,9560208,1379094528,47,0,0.0,0.0,0.0,t(i_1;a_2i_1),t(i_1;a_2i_1),,,,"i,a",;i_1,"7,",7 × ?,,
1,85,Product,scalar,Z,71609,376,376,8,8,9560208,1379094528,1,,,,,I(i_1;a_2i_1) * t(i_1;a_2i_1) -> Z,Z,I(i_1;a_2i_1),t(i_1;a_2i_1),Z,,,,scalar,8,1
1,85,Constant,constant,_const,819,,,8,8,9560208,1379094528,1,,,,,-1,-1,,,,,,,scalar,8,1
1,85,Product,scalar,E,540,8,8,8,8,9560208,1379094528,1,,,,,Z * -1 -> E,E,Z,-1,E,,,,scalar,8,1
1,85,SumInplace,scalar,E,510,,,8,0,9560208,1379094528,1,,,,,E,E,,,,,,,scalar,8,1
1,86,Tensor,leaf,g,10912,,,1843152,1843152,9560208,1379094528,230394,225036,-13.7135187938935,9.824790694343452,0.19254784769834188,"g(μ̃_19599,i_1,Κ_1)","g(μ̃_19599,i_1,Κ_1)",,,,"μ̃,i,Κ",;;,"114,7,282",114 × 7 × 282,1800288,1.02381
1,86,Tensor,leaf,C,7279,,,481264,481264,9560208,1379094528,60158,55674,23856.23808923302,118674620.50711954,1176.0636923303477,"C(i_1,μ̃_19599;a_1i_1)","C(i_1,μ̃_19599;a_1i_1)",,,,"i,μ̃,a",;;i_1,"7,114,",7 × 114 × ?,,
1,86,Tensor,leaf,t,1424,,,376,376,9560208,1379094528,47,0,0.0,0.0,0.0,t(i_1;a_1i_1),t(i_1;a_1i_1),,,,"i,a",;i_1,"7,",7 × ?,,
1,86,Product,intermediate,I,250021,481264,376,432,432,9560208,1379094528,54,0,0.0,0.0,0.0,"C(i_1,μ̃_19599;a_1i_1) * t(i_1;a_1i_1) -> I(μ̃_19599,i_1)","I(μ̃_19599,i_1)","C(i_1,μ̃_19599;a_1i_1)",t(i_1;a_1i_1),"I(μ̃_19599,i_1)","μ̃,i",;,"114,7",114 × 7,6384,0.0676692
1,86,Product,intermediate,I,199676,1843152,432,400,400,9560208,1379094528,50,0,0.0,0.0,0.0,"g(μ̃_19599,i_1,Κ_1) * I(μ̃_19599,i_1) -> I(Κ_1)",I(Κ_1),"g(μ̃_19599,i_1,Κ_1)","I(μ̃_19599,i_1)",I(Κ_1),Κ,,282,282,2256,0.177305
1,86,Tensor,leaf,g,9846,,,1843152,1843152,9560208,1379094528,230394,225036,-13.7135187938935,9.824790694343452,0.19254784769834188,"g(μ̃_19600,i_2,Κ_1)","g(μ̃_19600,i_2,Κ_1)",,,,"μ̃,i,Κ",;;,"114,7,282",114 × 7 × 282,1800288,1.02381
1,86,Tensor,leaf,C,11572,,,481264,481264,9560208,1379094528,60158,55674,23856.23808923302,118674620.50711954,1176.0636923303477,"C(i_2,μ̃_19600;a_2i_2)","C(i_2,μ̃_19600;a_2i_2)",,,,"i,μ̃,a",;;i_2,"7,114,",7 × 114 × ?,,
1,86,Tensor,leaf,t,1573,,,376,376,9560208,1379094528,47,0,0.0,0.0,0.0,t(i_2;a_2i_2),t(i_2;a_2i_2),,,,"i,a",;i_2,"7,",7 × ?,,
1,86,Product,intermediate,I,265387,481264,376,432,432,9560208,1379094528,54,0,0.0,0.0,0.0,"C(i_2,μ̃_19600;a_2i_2) * t(i_2;a_2i_2) -> I(μ̃_19600,i_2)","I(μ̃_19600,i_2)","C(i_2,μ̃_19600;a_2i_2)",t(i_2;a_2i_2),"I(μ̃_19600,i_2)","μ̃,i",;,"114,7",114 × 7,6384,0.0676692
1,86,Product,intermediate,I,206357,1843152,432,400,400,9560208,1379094528,50,0,0.0,0.0,0.0,"g(μ̃_19600,i_2,Κ_1) * I(μ̃_19600,i_2) -> I(Κ_1)",I(Κ_1),"g(μ̃_19600,i_2,Κ_1)","I(μ̃_19600,i_2)",I(Κ_1),Κ,,282,282,2256,0.177305
1,86,Product,scalar,Z,1358439,400,400,8,8,9560208,1379401728,1,,,,,I(Κ_1) * I(Κ_1) -> Z,Z,I(Κ_1),I(Κ_1),Z,,,,scalar,8,1
1,86,Constant,constant,_const,851,,,8,8,9560208,1379401728,1,,,,,2,2,,,,,,,scalar,8,1
1,86,Product,scalar,E,465,8,8,8,8,9560208,1379401728,1,,,,,Z * 2 -> E,E,Z,2,E,,,,scalar,8,1
1,86,SumInplace,scalar,E,292,,,8,0,9560208,1379401728,1,,,,,E,E,,,,,,,scalar,8,1
2,1,Tensor,leaf,C,7661,,,481264,481264,22702584,1379401728,60158,55674,23856.23808923302,118674620.50711954,1176.0636923303477,"C(i_2,μ̃_19602;a_2i_2)","C(i_2,μ̃_19602;a_2i_2)",,,,"i,μ̃,a",;;i_2,"7,114,",7 × 114 × ?,,
2,1,Tensor,leaf,t,1343,,,376,376,22702584,1379401728,47,0,0.0,0.0,0.0,t(i_2;a_2i_2),t(i_2;a_2i_2),,,,"i,a",;i_2,"7,",7 × ?,,
2,1,Product,intermediate,I,272067,481264,376,432,432,22703392,1379401728,54,0,0.0,0.0,0.0,"C(i_2,μ̃_19602;a_2i_2) * t(i_2;a_2i_2) -> I(μ̃_19602,i_2)","I(μ̃_19602,i_2)","C(i_2,μ̃_19602;a_2i_2)",t(i_2;a_2i_2),"I(μ̃_19602,i_2)","μ̃,i",;,"114,7",114 × 7,6384,0.0676692
2,1,Product,intermediate,I,327235,5179792,432,432,432,22703392,1379401728,54,0,0.0,0.0,0.0,"I(i_1,i_2,μ̃_19602,μ̃_19601) * I(μ̃_19602,i_2) -> I(i_1,μ̃_19601)","I(i_1,μ̃_19601)","I(i_1,i_2,μ̃_19602,μ̃_19601)","I(μ̃_19602,i_2)","I(i_1,μ̃_19601)","i,μ̃",;,"7,114",7 × 114,6384,0.0676692
2,1,Tensor,leaf,C,11550,,,481264,481264,22703392,1379401728,60158,55674,23856.23808923302,118674620.50711954,1176.0636923303477,"C(i_1,μ̃_19601;a_1i_1)","C(i_1,μ̃_19601;a_1i_1)",,,,"i,μ̃,a",;;i_1,"7,114,",7 × 114 × ?,,
2,1,Product,intermediate,I,240174,432,481264,376,376,22703824,1379401728,47,0,0.0,0.0,0.0,"I(i_1,μ̃_19601) * C(i_1,μ̃_19601;a_1i_1) -> I(i_1;a_1i_1)",I(i_1;a_1i_1),"I(i_1,μ̃_19601)","C(i_1,μ̃_19601;a_1i_1)",I(i_1;a_1i_1),"i,a",;i_1,"7,",7 × ?,,
2,1,Constant,constant,_const,824,,,8,8,22703824,1379401728,1,,,,,-1,-1,,,,,,,scalar,8,1
2,1,Product,residual,R,60979,376,8,376,376,22703824,1379401728,47,0,0.0,0.0,0.0,I(i_1;a_1i_1) * -1 -> R(i_1;a_1i_1),R(i_1;a_1i_1),I(i_1;a_1i_1),-1,R(i_1;a_1i_1),"i,a",;i_1,"7,",7 × ?,,
2,1,Permute,residual,R,56412,,,376,376,22703824,1379401728,47,,,,,R(i_1;a_1i_1),R(i_1;a_1i_1),,,,"i,a",;i_1,"7,",7 × ?,,
2,2,Tensor,leaf,t,1593,,,792440,792440,23014192,1379401728,99055,98598,-1.4840757848822665,0.08148253559247469,0.02545185787020978,"t(i_2,i_1;a_3i_1i_2,a_2i_1i_2)","t(i_2,i_1;a_3i_1i_2,a_2i_1i_2)",,,,"i,i,a,a",";;i_1,i_2;i_1,i_2","7,7,,",7 × 7 × ? × ?,,
2,2,Product,intermediate,I,1276442,5538232,792440,2088,2088,23016280,1379401728,261,49,-0.20146209177125118,0.005602781347322258,0.028499170737271255,"I(i_1,i_3,i_2;a_3i_1i_2,a_2i_1i_2) * t(i_2,i_1;a_3i_1i_2,a_2i_1i_2) -> I(i_3,i_1)","I(i_3,i_1)","I(i_1,i_3,i_2;a_3i_1i_2,a_2i_1i_2)","t(i_2,i_1;a_3i_1i_2,a_2i_1i_2)","I(i_3,i_1)","i,i",;,"7,7",7 × 7,392,5.32653
2,2,Tensor,leaf,s,17488,,,125584,125584,23016280,1379401728,15698,12996,138.52037144982427,140.242752948763,0.9820999861813638,"s(μ̃_19611,μ̃_19612)","s(μ̃_19611,μ̃_19612)",,,,"μ̃,μ̃",;,"114,114",114 × 114,103968,1.20791
2,2,Product,intermediate,I,210558,125584,432,432,432,23016280,1379401728,54,0,0.0,0.0,0.0,"s(μ̃_19611,μ̃_19612) * I(μ̃_19611,i_3) -> I(μ̃_19612,i_3)","I(μ̃_19612,i_3)","s(μ̃_19611,μ̃_19612)","I(μ̃_19611,i_3)","I(μ̃_19612,i_3)","μ̃,i",;,"114,7",114 × 7,6384,0.0676692
2,2,Product,intermediate,I,135199,2088,432,432,432,23016280,1379401728,54,0,0.0,0.0,0.0,"I(i_3,i_1) * I(μ̃_19612,i_3) -> I(μ̃_19612,i_1)","I(μ̃_19612,i_1)","I(i_3,i_1)","I(μ̃_19612,i_3)","I(μ̃_19612,i_1)","μ̃,i",;,"114,7",114 × 7,6384,0.0676692
2,2,Tensor,leaf,C,11792,,,481264,481264,23016280,1379401728,60158,55674,23856.23808923302,118674620.50711954,1176.0636923303477,"C(i_1,μ̃_19612;a_1i_1)","C(i_1,μ̃_19612;a_1i_1)",,,,"i,μ̃,a",;;i_1,"7,114,",7 × 114 × ?,,
2,2,Product,residual,R,266857,432,481264,376,376,23016280,1379401728,47,0,0.0,0.0,0.0,"I(μ̃_19612,i_1) * C(i_1,μ̃_19612;a_1i_1) -> R(i_1;a_1i_1)",R(i_1;a_1i_1),"I(μ̃_19612,i_1)","C(i_1,μ̃_19612;a_1i_1)",R(i_1;a_1i_1),"i,a",;i_1,"7,",7 × ?,,
2,2,Permute,residual,R,35986,,,376,376,23016280,1379401728,47,,,,,R(i_1;a_1i_1),R(i_1;a_1i_1),,,,"i,a",;i_1,"7,",7 × ?,,
2,3,Tensor,leaf,t,1285,,,792440,792440,23016280,1379401728,99055,98598,-1.4840757848822665,0.08148253559247469,0.02545185787020978,"t(i_3,i_1;a_3i_1i_3,a_2i_1i_3)","t(i_3,i_1;a_3i_1i_3,a_2i_1i_3)",,,,"i,i,a,a",";;i_1,i_3;i_1,i_3","7,7,,",7 × 7 × ? × ?,,
2,3,Product,intermediate,I,3741937,5538232,792440,2088,2088,23016712,1379401728,261,49,-0.27870593739327765,0.010200661884167475,0.04220857093395171,"I(i_1,i_2,i_3;a_2i_1i_3,a_3i_1i_3) * t(i_3,i_1;a_3i_1i_3,a_2i_1i_3) -> I(i_2,i_1)","I(i_2,i_1)","I(i_1,i_2,i_3;a_2i_1i_3,a_3i_1i_3)","t(i_3,i_1;a_3i_1i_3,a_2i_1i_3)","I(i_2,i_1)","i,i",;,"7,7",7 × 7,392,5.32653
2,3,Product,intermediate,I,154688,2088,432,432,432,23016712,1379401728,54,0,0.0,0.0,0.0,"I(i_2,i_1) * I(μ̃_19632,i_2) -> I(μ̃_19632,i_1)","I(μ̃_19632,i_1)","I(i_2,i_1)","I(μ̃_19632,i_2)","I(μ̃_19632,i_1)","μ̃,i",;,"114,7",114 × 7,6384,0.0676692
2,3,Tensor,leaf,C,9015,,,481264,481264,23016712,1379401728,60158,55674,23856.23808923302,118674620.50711954,1176.0636923303477,"C(i_1,μ̃_19632;a_1i_1)","C(i_1,μ̃_19632;a_1i_1)",,,,"i,μ̃,a",;;i_1,"7,114,",7 × 114 × ?,,
2,3,Product,intermediate,I,238424,432,481264,376,376,23016712,1379401728,47,0,0.0,0.0,0.0,"I(μ̃_19632,i_1) * C(i_1,μ̃_19632;a_1i_1) -> I(i_1;a_1i_1)",I(i_1;a_1i_1),"I(μ̃_19632,i_1)","C(i_1,μ̃_19632;a_1i_1)",I(i_1;a_1i_1),"i,a",;i_1,"7,",7 × ?,,
2,3,Constant,constant,_const,1518,,,8,8,23016712,1379401728,1,,,,,-2,-2,,,,,,,scalar,8,1
2,3,Product,residual,R,74550,376,8,376,376,23016712,1379401728,47,0,0.0,0.0,0.0,I(i_1;a_1i_1) * -2 -> R(i_1;a_1i_1),R(i_1;a_1i_1),I(i_1;a_1i_1),-2,R(i_1;a_1i_1),"i,a",;i_1,"7,",7 × ?,,
2,3,Permute,residual,R,66123,,,376,376,23016712,1379401728,47,,,,,R(i_1;a_1i_1),R(i_1;a_1i_1),,,,"i,a",;i_1,"7,",7 × ?,,
2,4,Tensor,leaf,g,9690,,,1843152,1843152,24065336,1379401728,230394,225036,-13.7135187938935,9.824790694343452,0.19254784769834188,"g(μ̃_19621,i_2,Κ_1)","g(μ̃_19621,i_2,Κ_1)",,,,"μ̃,i,Κ",;;,"114,7,282",114 × 7 × 282,1800288,1.02381
2,4,Product,intermediate,I,215169,1843152,432,400,400,24065736,1379401728,50,0,0.0,0.0,0.0,"g(μ̃_19621,i_2,Κ_1) * I(μ̃_19621,i_2) -> I(Κ_1)",I(Κ_1),"g(μ̃_19621,i_2,Κ_1)","I(μ̃_19621,i_2)",I(Κ_1),Κ,,282,282,2256,0.177305
2,4,Tensor,leaf,g,10588,,,1843152,1843152,24065736,1379401728,230394,225036,-13.7135187938935,9.824790694343452,0.19254784769834188,"g(μ̃_19622,i_3,Κ_1)","g(μ̃_19622,i_3,Κ_1)",,,,"μ̃,i,Κ",;;,"114,7,282",114 × 7 × 282,1800288,1.02381
2,4,Product,intermediate,I,177500,400,1843152,432,432,24066168,1379401728,54,0,0.0,0.0,0.0,"I(Κ_1) * g(μ̃_19622,i_3,Κ_1) -> I(i_3,μ̃_19622)","I(i_3,μ̃_19622)",I(Κ_1),"g(μ̃_19622,i_3,Κ_1)","I(i_3,μ̃_19622)","i,μ̃",;,"7,114",7 × 114,6384,0.0676692
2,4,Product,intermediate,I,109952,432,432,384,384,24066168,1379401728,48,0,0.0,0.0,0.0,"I(i_3,μ̃_19622) * I(μ̃_19622,i_1) -> I(i_3,i_1)","I(i_3,i_1)","I(i_3,μ̃_19622)","I(μ̃_19622,i_1)","I(i_3,i_1)","i,i",;,"7,7",7 × 7,392,0.979592
2,4,Product,intermediate,I,105117,384,432,432,432,24066168,1379401728,54,0,0.0,0.0,0.0,"I(i_3,i_1) * I(μ̃_19624,i_3) -> I(μ̃_19624,i_1)","I(μ̃_19624,i_1)","I(i_3,i_1)","I(μ̃_19624,i_3)","I(μ̃_19624,i_1)","μ̃,i",;,"114,7",114 × 7,6384,0.0676692
2,4,Tensor,leaf,C,8603,,,481264,481264,24066168,1379401728,60158,55674,23856.23808923302,118674620.50711954,1176.0636923303477,"C(i_1,μ̃_19624;a_1i_1)","C(i_1,μ̃_19624;a_1i_1)",,,,"i,μ̃,a",;;i_1,"7,114,",7 × 114 × ?,,
2,4,Product,intermediate,I,243279,432,481264,376,376,24066168,1379401728,47,0,0.0,0.0,0.0,"I(μ̃_19624,i_1) * C(i_1,μ̃_19624;a_1i_1) -> I(i_1;a_1i_1)",I(i_1;a_1i_1),"I(μ̃_19624,i_1)","C(i_1,μ̃_19624;a_1i_1)",I(i_1;a_1i_1),"i,a",;i_1,"7,",7 × ?,,
2,4,Constant,constant,_const,827,,,8,8,24066168,1379401728,1,,,,,-2,-2,,,,,,,scalar,8,1
2,4,Product,residual,R,57333,376,8,376,376,24066168,1379401728,47,0,0.0,0.0,0.0,I(i_1;a_1i_1) * -2 -> R(i_1;a_1i_1),R(i_1;a_1i_1),I(i_1;a_1i_1),-2,R(i_1;a_1i_1),"i,a",;i_1,"7,",7 × ?,,
2,4,Permute,residual,R,52151,,,376,376,24066168,1379401728,47,,,,,R(i_1;a_1i_1),R(i_1;a_1i_1),,,,"i,a",;i_1,"7,",7 × ?,,
2,5,Tensor,leaf,g,10091,,,1843152,1843152,24066168,1379401728,230394,225036,-13.7135187938935,9.824790694343452,0.19254784769834188,"g(μ̃_19636,i_2,Κ_1)","g(μ̃_19636,i_2,Κ_1)",,,,"μ̃,i,Κ",;;,"114,7,282",114 × 7 × 282,1800288,1.02381
2,5,Product,intermediate,I,209160,1843152,432,496,496,24066664,1379401728,62,0,0.0,0.0,0.0,"g(μ̃_19636,i_2,Κ_1) * I(μ̃_19636,i_3) -> I(i_2,i_3,Κ_1)","I(i_2,i_3,Κ_1)","g(μ̃_19636,i_2,Κ_1)","I(μ̃_19636,i_3)","I(i_2,i_3,Κ_1)","i,i,Κ",;;,"7,7,282",7 × 7 × 282,110544,0.0044869
2,5,Tensor,leaf,g,9708,,,1843152,1843152,24066664,1379401728,230394,225036,-13.7135187938935,9.824790694343452,0.19254784769834188,"g(μ̃_19637,i_3,Κ_1)","g(μ̃_19637,i_3,Κ_1)",,,,"μ̃,i,Κ",;;,"114,7,282",114 × 7 × 282,1800288,1.02381
2,5,Product,intermediate,I,221257,496,1843152,432,432,24067096,1379401728,54,0,0.0,0.0,0.0,"I(i_2,i_3,Κ_1) * g(μ̃_19637,i_3,Κ_1) -> I(i_2,μ̃_19637)","I(i_2,μ̃_19637)","I(i_2,i_3,Κ_1)","g(μ̃_19637,i_3,Κ_1)","I(i_2,μ̃_19637)","i,μ̃",;,"7,114",7 × 114,6384,0.0676692
2,5,Product,intermediate,I,123913,432,432,384,384,24067096,1379401728,48,0,0.0,0.0,0.0,"I(i_2,μ̃_19637) * I(μ̃_19637,i_1) -> I(i_2,i_1)","I(i_2,i_1)","I(i_2,μ̃_19637)","I(μ̃_19637,i_1)","I(i_2,i_1)","i,i",;,"7,7",7 × 7,392,0.979592
2,5,Product,intermediate,I,123080,384,432,432,432,24067096,1379401728,54,0,0.0,0.0,0.0,"I(i_2,i_1) * I(μ̃_19639,i_2) -> I(μ̃_19639,i_1)","I(μ̃_19639,i_1)","I(i_2,i_1)","I(μ̃_19639,i_2)","I(μ̃_19639,i_1)","μ̃,i",;,"114,7",114 × 7,6384,0.0676692
2,5,Tensor,leaf,C,9962,,,481264,481264,24067096,1379401728,60158,55674,23856.23808923302,118674620.50711954,1176.0636923303477,"C(i_1,μ̃_19639;a_1i_1)","C(i_1,μ̃_19639;a_1i_1)",,,,"i,μ̃,a",;;i_1,"7,114,",7 × 114 × ?,,
2,5,Product,residual,R,246888,432,481264,376,376,24067096,1379401728,47,0,0.0,0.0,0.0,"I(μ̃_19639,i_1) * C(i_1,μ̃_19639;a_1i_1) -> R(i_1;a_1i_1)",R(i_1;a_1i_1),"I(μ̃_19639,i_1)","C(i_1,μ̃_19639;a_1i_1)",R(i_1;a_1i_1),"i,a",;i_1,"7,",7 × ?,,
2,5,Permute,residual,R,74624,,,376,376,24067096,1379401728,47,,,,,R(i_1;a_1i_1),R(i_1;a_1i_1),,,,"i,a",;i_1,"7,",7 × ?,,
2,6,Product,intermediate,I,200234,334432,432,384,384,24067096,1379401728,48,0,0.0,0.0,0.0,"I(i_2,i_1,i_3,μ̃_19645) * I(μ̃_19645,i_2) -> I(i_3,i_1)","I(i_3,i_1)","I(i_2,i_1,i_3,μ̃_19645)","I(μ̃_19645,i_2)","I(i_3,i_1)","i,i",;,"7,7",7 × 7,392,0.979592
2,6,Product,intermediate,I,113889,384,432,432,432,24067096,1379401728,54,0,0.0,0.0,0.0,"I(i_3,i_1) * I(μ̃_19647,i_3) -> I(i_1,μ̃_19647)","I(i_1,μ̃_19647)","I(i_3,i_1)","I(μ̃_19647,i_3)","I(i_1,μ̃_19647)","i,μ̃",;,"7,114",7 × 114,6384,0.0676692
2,6,Tensor,leaf,C,7512,,,481264,481264,24067096,1379401728,60158,55674,23856.23808923302,118674620.50711954,1176.0636923303477,"C(i_1,μ̃_19647;a_1i_1)","C(i_1,μ̃_19647;a_1i_1)",,,,"i,μ̃,a",;;i_1,"7,114,",7 × 114 × ?,,
2,6,Product,residual,R,216449,432,481264,376,376,24067096,1379401728,47,0,0.0,0.0,0.0,"I(i_1,μ̃_19647) * C(i_1,μ̃_19647;a_1i_1) -> R(i_1;a_1i_1)",R(i_1;a_1i_1),"I(i_1,μ̃_19647)","C(i_1,μ̃_19647;a_1i_1)",R(i_1;a_1i_1),"i,a",;i_1,"7,",7 × ?,,
2,6,Permute,residual,R,36876,,,376,376,24067096,1379401728,47,,,,,R(i_1;a_1i_1),R(i_1;a_1i_1),,,,"i,a",;i_1,"7,",7 × ?,,
2,7,Tensor,leaf,g,9537,,,121536,121536,24067096,1379401728,15192,13818,10.313570711990552,5.229066732803696,0.3618052751837735,"g(i_1,i_2,Κ_1)","g(i_1,i_2,Κ_1)",,,,"i,i,Κ",;;,"7,7,282",7 × 7 × 282,110544,1.09944
2,7,Product,intermediate,I,184169,121536,400,384,384,24067096,1379401728,48,0,0.0,0.0,0.0,"g(i_1,i_2,Κ_1) * I(Κ_1) -> I(i_2,i_1)","I(i_2,i_1)","g(i_1,i_2,Κ_1)",I(Κ_1),"I(i_2,i_1)","i,i",;,"7,7",7 × 7,392,0.979592
2,7,Product,intermediate,I,112474,384,432,432,432,24067096,1379401728,54,0,0.0,0.0,0.0,"I(i_2,i_1) * I(μ̃_19656,i_2) -> I(i_1,μ̃_19656)","I(i_1,μ̃_19656)","I(i_2,i_1)","I(μ̃_19656,i_2)","I(i_1,μ̃_19656)","i,μ̃",;,"7,114",7 × 114,6384,0.0676692
2,7,Tensor,leaf,C,11171,,,481264,481264,24067096,1379401728,60158,55674,23856.23808923302,118674620.50711954,1176.0636923303477,"C(i_1,μ̃_19656;a_1i_1)","C(i_1,μ̃_19656;a_1i_1)",,,,"i,μ̃,a",;;i_1,"7,114,",7 × 114 × ?,,
2,7,Product,intermediate,I,240023,432,481264,376,376,24067096,1379401728,47,0,0.0,0.0,0.0,"I(i_1,μ̃_19656) * C(i_1,μ̃_19656;a_1i_1) -> I(i_1;a_1i_1)",I(i_1;a_1i_1),"I(i_1,μ̃_19656)","C(i_1,μ̃_19656;a_1i_1)",I(i_1;a_1i_1),"i,a",;i_1,"7,",7 × ?,,
2,7,Constant,constant,_const,986,,,8,8,24067096,1379401728,1,,,,,-2,-2,,,,,,,scalar,8,1
2,7,Product,residual,R,56495,376,8,376,376,24067096,1379401728,47,0,0.0,0.0,0.0,I(i_1;a_1i_1) * -2 -> R(i_1;a_1i_1),R(i_1;a_1i_1),I(i_1;a_1i_1),-2,R(i_1;a_1i_1),"i,a",;i_1,"7,",7 × ?,,
2,7,Permute,residual,R,49249,,,376,376,24067096,1379401728,47,,,,,R(i_1;a_1i_1),R(i_1;a_1i_1),,,,"i,a",;i_1,"7,",7 × ?,,
2,8,Tensor,leaf,t,2171,,,376,376,24067096,1379401728,47,0,0.0,0.0,0.0,t(i_1;a_2i_1),t(i_1;a_2i_1),,,,"i,a",;i_1,"7,",7 × ?,,
2,8,Product,intermediate,I,275416,384,376,384,384,24067096,1379401728,48,0,0.0,0.0,0.0,"I(i_1,i_2;a_2i_1) * t(i_1;a_2i_1) -> I(i_2,i_1)","I(i_2,i_1)","I(i_1,i_2;a_2i_1)",t(i_1;a_2i_1),"I(i_2,i_1)","i,i",;,"7,7",7 × 7,392,0.979592
2,8,Product,intermediate,I,119835,384,432,432,432,24067096,1379401728,54,0,0.0,0.0,0.0,"I(i_2,i_1) * I(μ̃_19672,i_2) -> I(μ̃_19672,i_1)","I(μ̃_19672,i_1)","I(i_2,i_1)","I(μ̃_19672,i_2)","I(μ̃_19672,i_1)","μ̃,i",;,"114,7",114 × 7,6384,0.0676692
2,8,Tensor,leaf,C,11199,,,481264,481264,24067096,1379401728,60158,55674,23856.23808923302,118674620.50711954,1176.0636923303477,"C(i_1,μ̃_19672;a_1i_1)","C(i_1,μ̃_19672;a_1i_1)",,,,"i,μ̃,a",;;i_1,"7,114,",7 × 114 × ?,,
2,8,Product,intermediate,I,266230,432,481264,376,376,24067096,1379401728,47,0,0.0,0.0,0.0,"I(μ̃_19672,i_1) * C(i_1,μ̃_19672;a_1i_1) -> I(i_1;a_1i_1)",I(i_1;a_1i_1),"I(μ̃_19672,i_1)","C(i_1,μ̃_19672;a_1i_1)",I(i_1;a_1i_1),"i,a",;i_1,"7,",7 × ?,,
2,8,Constant,constant,_const,938,,,8,8,24067096,1379401728,1,,,,,-1,-1,,,,,,,scalar,8,1
2,8,Product,residual,R,51721,376,8,376,376,24067096,1379401728,47,0,0.0,0.0,0.0,I(i_1;a_1i_1) * -1 -> R(i_1;a_1i_1),R(i_1;a_1i_1),I(i_1;a_1i_1),-1,R(i_1;a_1i_1),"i,a",;i_1,"7,",7 × ?,,
2,8,Permute,residual,R,50338,,,376,376,24067096,1379401728,47,,,,,R(i_1;a_1i_1),R(i_1;a_1i_1),,,,"i,a",;i_1,"7,",7 × ?,,
2,9,Tensor,leaf,C,13460,,,2207664,2207664,24430744,1379401728,275958,246870,-5695.615034274957,223631163.21246105,731.2730436956697,"C(i_2,i_1,μ̃_19614;a_3i_1i_2)","C(i_2,i_1,μ̃_19614;a_3i_1i_2)",,,,"i,i,μ̃,a",";;;i_1,i_2","7,7,114,",7 × 7 × 114 × ?,,
2,9,Product,intermediate,I,357491,432,2207664,384,384,24431560,1379401728,48,0,0.0,0.0,0.0,"I(i_2,μ̃_19614) * C(i_2,i_1,μ̃_19614;a_3i_1i_2) -> I(i_1,i_2;a_3i_1i_2)","I(i_1,i_2;a_3i_1i_2)","I(i_2,μ̃_19614)","C(i_2,i_1,μ̃_19614;a_3i_1i_2)","I(i_1,i_2;a_3i_1i_2)","i,i,a",";;i_1,i_2","7,7,",7 × 7 × ?,,
2,9,Tensor,leaf,t,1688,,,792440,792440,24431560,1379401728,99055,98598,-1.4840757848822665,0.08148253559247469,0.02545185787020978,"t(i_2,i_1;a_4i_1i_2,a_3i_1i_2)","t(i_2,i_1;a_4i_1i_2,a_3i_1i_2)",,,,"i,i,a,a",";;i_1,i_2;i_1,i_2","7,7,,",7 × 7 × ? × ?,,
2,9,Product,intermediate,I,160858,384,792440,384,384,24431560,1379401728,48,0,0.0,0.0,0.0,"I(i_1,i_2;a_3i_1i_2) * t(i_2,i_1;a_4i_1i_2,a_3i_1i_2) -> I(i_2,i_1;a_4i_1i_2)","I(i_2,i_1;a_4i_1i_2)","I(i_1,i_2;a_3i_1i_2)","t(i_2,i_1;a_4i_1i_2,a_3i_1i_2)","I(i_2,i_1;a_4i_1i_2)","i,i,a",";;i_1,i_2","7,7,",7 × 7 × ?,,
2,9,Tensor,leaf,C,10266,,,2207664,2207664,24431560,1379401728,275958,246870,-5695.615034274957,223631163.21246105,731.2730436956697,"C(i_2,i_1,μ̃_19615;a_4i_1i_2)","C(i_2,i_1,μ̃_19615;a_4i_1i_2)",,,,"i,i,μ̃,a",";;;i_1,i_2","7,7,114,",7 × 7 × 114 × ?,,
2,9,Product,intermediate,I,419576,384,2207664,432,432,24431944,1379401728,54,0,0.0,0.0,0.0,"I(i_2,i_1;a_4i_1i_2) * C(i_2,i_1,μ̃_19615;a_4i_1i_2) -> I(μ̃_19615,i_1)","I(μ̃_19615,i_1)","I(i_2,i_1;a_4i_1i_2)","C(i_2,i_1,μ̃_19615;a_4i_1i_2)","I(μ̃_19615,i_1)","μ̃,i",;,"114,7",114 × 7,6384,0.0676692
2,9,Tensor,leaf,s,15501,,,125584,125584,24431944,1379401728,15698,12996,138.52037144982427,140.242752948763,0.9820999861813638,"s(μ̃_19615,μ̃_19616)","s(μ̃_19615,μ̃_19616)",,,,"μ̃,μ̃",;,"114,114",114 × 114,103968,1.20791
2,9,Product,intermediate,I,10917517,432,125584,432,432,24431944,1379401728,54,0,0.0,0.0,0.0,"I(μ̃_19615,i_1) * s(μ̃_19615,μ̃_19616) -> I(μ̃_19616,i_1)","I(μ̃_19616,i_1)","I(μ̃_19615,i_1)","s(μ̃_19615,μ̃_19616)","I(μ̃_19616,i_1)","μ̃,i",;,"114,7",114 × 7,6384,0.0676692
2,9,Tensor,leaf,C,23990,,,481264,481264,24431944,1379401728,60158,55674,23856.23808923302,118674620.50711954,1176.0636923303477,"C(i_1,μ̃_19616;a_1i_1)","C(i_1,μ̃_19616;a_1i_1)",,,,"i,μ̃,a",;;i_1,"7,114,",7 × 114 × ?,,
2,9,Product,residual,R,225353,432,481264,376,376,24431944,1379401728,47,0,0.0,0.0,0.0,"I(μ̃_19616,i_1) * C(i_1,μ̃_19616;a_1i_1) -> R(i_1;a_1i_1)",R(i_1;a_1i_1),"I(μ̃_19616,i_1)","C(i_1,μ̃_19616;a_1i_1)",R(i_1;a_1i_1),"i,a",;i_1,"7,",7 × ?,,
2,9,Permute,residual,R,50679,,,376,376,24431944,1379401728,47,,,,,R(i_1;a_1i_1),R(i_1;a_1i_1),,,,"i,a",;i_1,"7,",7 × ?,,
2,10,Tensor,leaf,g,7976,,,29489328,29489328,51712792,1379401728,3686166,3664872,328.03408291046196,123.92989425956745,0.8503952014554764,"g(μ̃_19627,μ̃_19628,Κ_1)","g(μ̃_19627,μ̃_19628,Κ_1)",,,,"μ̃,μ̃,Κ",;;,"114,114,282",114 × 114 × 282,29318976,1.00581
2,10,Product,intermediate,I,381704,29489328,432,880,880,51713672,1379401728,110,0,0.0,0.0,0.0,"g(μ̃_19627,μ̃_19628,Κ_1) * I(μ̃_19627,i_2) -> I(μ̃_19628,i_2,Κ_1)","I(μ̃_19628,i_2,Κ_1)","g(μ̃_19627,μ̃_19628,Κ_1)","I(μ̃_19627,i_2)","I(μ̃_19628,i_2,Κ_1)","μ̃,i,Κ",;;,"114,7,282",114 × 7 × 282,1800288,0.000488811
2,10,Product,intermediate,I,193189,496,880,432,432,51713672,1379401728,54,0,0.0,0.0,0.0,"I(i_2,i_1,Κ_1) * I(μ̃_19628,i_2,Κ_1) -> I(μ̃_19628,i_1)","I(μ̃_19628,i_1)","I(i_2,i_1,Κ_1)","I(μ̃_19628,i_2,Κ_1)","I(μ̃_19628,i_1)","μ̃,i",;,"114,7",114 × 7,6384,0.0676692
2,10,Tensor,leaf,C,17555,,,481264,481264,51713672,1379401728,60158,55674,23856.23808923302,118674620.50711954,1176.0636923303477,"C(i_1,μ̃_19628;a_1i_1)","C(i_1,μ̃_19628;a_1i_1)",,,,"i,μ̃,a",;;i_1,"7,114,",7 × 114 × ?,,
2,10,Product,intermediate,I,255361,432,481264,376,376,51713672,1379401728,47,0,0.0,0.0,0.0,"I(μ̃_19628,i_1) * C(i_1,μ̃_19628;a_1i_1) -> I(i_1;a_1i_1)",I(i_1;a_1i_1),"I(μ̃_19628,i_1)","C(i_1,μ̃_19628;a_1i_1)",I(i_1;a_1i_1),"i,a",;i_1,"7,",7 × ?,,
2,10,Constant,constant,_const,1211,,,8,8,51713672,1379401728,1,,,,,-1,-1,,,,,,,scalar,8,1
2,10,Product,residual,R,58765,376,8,376,376,51713672,1379401728,47,0,0.0,0.0,0.0,I(i_1;a_1i_1) * -1 -> R(i_1;a_1i_1),R(i_1;a_1i_1),I(i_1;a_1i_1),-1,R(i_1;a_1i_1),"i,a",;i_1,"7,",7 × ?,,
2,10,Permute,residual,R,64012,,,376,376,51713672,1379401728,47,,,,,R(i_1;a_1i_1),R(i_1;a_1i_1),,,,"i,a",;i_1,"7,",7 × ?,,
2,11,Product,intermediate,I,347394,496,5490816,400,400,51713672,1379401728,50,0,0.0,0.0,0.0,"I(i_2,i_1,Κ_1) * I(i_2,i_3,Κ_1;a_3i_2i_3) -> I(i_3,i_2,i_1;a_3i_2i_3)","I(i_3,i_2,i_1;a_3i_2i_3)","I(i_2,i_1,Κ_1)","I(i_2,i_3,Κ_1;a_3i_2i_3)","I(i_3,i_2,i_1;a_3i_2i_3)","i,i,i,a",";;;i_2,i_3","7,7,7,",7 × 7 × 7 × ?,,
2,11,Tensor,leaf,t,2682,,,792440,792440,51713672,1379401728,99055,98598,-1.4840757848822665,0.08148253559247469,0.02545185787020978,"t(i_2,i_3;a_4i_2i_3,a_3i_2i_3)","t(i_2,i_3;a_4i_2i_3,a_3i_2i_3)",,,,"i,i,a,a",";;i_2,i_3;i_2,i_3","7,7,,",7 × 7 × ? × ?,,
2,11,Product,intermediate,I,215729,400,792440,400,400,51713672,1379401728,50,0,0.0,0.0,0.0,"I(i_3,i_2,i_1;a_3i_2i_3) * t(i_2,i_3;a_4i_2i_3,a_3i_2i_3) -> I(i_3,i_2,i_1;a_4i_2i_3)","I(i_3,i_2,i_1;a_4i_2i_3)","I(i_3,i_2,i_1;a_3i_2i_3)","t(i_2,i_3;a_4i_2i_3,a_3i_2i_3)","I(i_3,i_2,i_1;a_4i_2i_3)","i,i,i,a",";;;i_2,i_3","7,7,7,",7 × 7 × 7 × ?,,
2,11,Tensor,leaf,C,13515,,,2207664,2207664,51713672,1379401728,275958,246870,-5695.615034274957,223631163.21246105,731.2730436956697,"C(i_3,i_2,μ̃_19652;a_4i_2i_3)","C(i_3,i_2,μ̃_19652;a_4i_2i_3)",,,,"i,i,μ̃,a",";;;i_2,i_3","7,7,114,",7 × 7 × 114 × ?,,
2,11,Product,intermediate,I,295803,400,2207664,432,432,51713672,1379401728,54,0,0.0,0.0,0.0,"I(i_3,i_2,i_1;a_4i_2i_3) * C(i_3,i_2,μ̃_19652;a_4i_2i_3) -> I(μ̃_19652,i_1)","I(μ̃_19652,i_1)","I(i_3,i_2,i_1;a_4i_2i_3)","C(i_3,i_2,μ̃_19652;a_4i_2i_3)","I(μ̃_19652,i_1)","μ̃,i",;,"114,7",114 × 7,6384,0.0676692
2,11,Tensor,leaf,s,16543,,,125584,125584,51713672,1379401728,15698,12996,138.52037144982427,140.242752948763,0.9820999861813638,"s(μ̃_19652,μ̃_19653)","s(μ̃_19652,μ̃_19653)",,,,"μ̃,μ̃",;,"114,114",114 × 114,103968,1.20791
2,11,Product,intermediate,I,180384,432,125584,432,432,51713672,1379401728,54,0,0.0,0.0,0.0,"I(μ̃_19652,i_1) * s(μ̃_19652,μ̃_19653) -> I(μ̃_19653,i_1)","I(μ̃_19653,i_1)","I(μ̃_19652,i_1)","s(μ̃_19652,μ̃_19653)","I(μ̃_19653,i_1)","μ̃,i",;,"114,7",114 × 7,6384,0.0676692
2,11,Tensor,leaf,C,7687,,,481264,481264,51713672,1379401728,60158,55674,23856.23808923302,118674620.50711954,1176.0636923303477,"C(i_1,μ̃_19653;a_1i_1)","C(i_1,μ̃_19653;a_1i_1)",,,,"i,μ̃,a",;;i_1,"7,114,",7 × 114 × ?,,
2,11,Product,intermediate,I,263855,432,481264,376,376,51713672,1379401728,47,0,0.0,0.0,0.0,"I(μ̃_19653,i_1) * C(i_1,μ̃_19653;a_1i_1) -> I(i_1;a_1i_1)",I(i_1;a_1i_1),"I(μ̃_19653,i_1)","C(i_1,μ̃_19653;a_1i_1)",I(i_1;a_1i_1),"i,a",;i_1,"7,",7 × ?,,
2,11,Constant,constant,_const,1506,,,8,8,51713672,1379401728,1,,,,,-2,-2,,,,,,,scalar,8,1
2,11,Product,residual,R,54835,376,8,376,376,51713672,1379401728,47,0,0.0,0.0,0.0,I(i_1;a_1i_1) * -2 -> R(i_1;a_1i_1),R(i_1;a_1i_1),I(i_1;a_1i_1),-2,R(i_1;a_1i_1),"i,a",;i_1,"7,",7 × ?,,
2,11,Permute,residual,R,48276,,,376,376,51713672,1379401728,47,,,,,R(i_1;a_1i_1),R(i_1;a_1i_1),,,,"i,a",;i_1,"7,",7 × ?,,
2,12,Tensor,leaf,t,1495,,,792440,792440,51713672,1379401728,99055,98598,-1.4840757848822665,0.08148253559247469,0.02545185787020978,"t(i_3,i_2;a_4i_2i_3,a_3i_2i_3)","t(i_3,i_2;a_4i_2i_3,a_3i_2i_3)",,,,"i,i,a,a",";;i_2,i_3;i_2,i_3","7,7,,",7 × 7 × ? × ?,,
2,12,Product,intermediate,I,3556281,400,792440,400,400,51713672,1379401728,50,0,0.0,0.0,0.0,"I(i_3,i_2,i_1;a_3i_2i_3) * t(i_3,i_2;a_4i_2i_3,a_3i_2i_3) -> I(i_3,i_2,i_1;a_4i_2i_3)","I(i_3,i_2,i_1;a_4i_2i_3)","I(i_3,i_2,i_1;a_3i_2i_3)","t(i_3,i_2;a_4i_2i_3,a_3i_2i_3)","I(i_3,i_2,i_1;a_4i_2i_3)","i,i,i,a",";;;i_2,i_3","7,7,7,",7 × 7 × 7 × ?,,
2,12,Tensor,leaf,C,23409,,,2207664,2207664,51713672,1379401728,275958,246870,-5695.615034274957,223631163.21246105,731.2730436956697,"C(i_3,i_2,μ̃_19668;a_4i_2i_3)","C(i_3,i_2,μ̃_19668;a_4i_2i_3)",,,,"i,i,μ̃,a",";;;i_2,i_3","7,7,114,",7 × 7 × 114 × ?,,
2,12,Product,intermediate,I,291179,400,2207664,432,432,51713672,1379401728,54,0,0.0,0.0,0.0,"I(i_3,i_2,i_1;a_4i_2i_3) * C(i_3,i_2,μ̃_19668;a_4i_2i_3) -> I(μ̃_19668,i_1)","I(μ̃_19668,i_1)","I(i_3,i_2,i_1;a_4i_2i_3)","C(i_3,i_2,μ̃_19668;a_4i_2i_3)","I(μ̃_19668,i_1)","μ̃,i",;,"114,7",114 × 7,6384,0.0676692
2,12,Tensor,leaf,s,12252,,,125584,125584,51713672,1379401728,15698,12996,138.52037144982427,140.242752948763,0.9820999861813638,"s(μ̃_19668,μ̃_19669)","s(μ̃_19668,μ̃_19669)",,,,"μ̃,μ̃",;,"114,114",114 × 114,103968,1.20791
2,12,Product,intermediate,I,159042,432,125584,432,432,51713672,1379401728,54,0,0.0,0.0,0.0,"I(μ̃_19668,i_1) * s(μ̃_19668,μ̃_19669) -> I(μ̃_19669,i_1)","I(μ̃_19669,i_1)","I(μ̃_19668,i_1)","s(μ̃_19668,μ̃_19669)","I(μ̃_19669,i_1)","μ̃,i",;,"114,7",114 × 7,6384,0.0676692
2,12,Tensor,leaf,C,10259,,,481264,481264,51713672,1379401728,60158,55674,23856.23808923302,118674620.50711954,1176.0636923303477,"C(i_1,μ̃_19669;a_1i_1)","C(i_1,μ̃_19669;a_1i_1)",,,,"i,μ̃,a",;;i_1,"7,114,",7 × 114 × ?,,
2,12,Product,residual,R,230653,432,481264,376,376,51713672,1379401728,47,0,0.0,0.0,0.0,"I(μ̃_19669,i_1) * C(i_1,μ̃_19669;a_1i_1) -> R(i_1;a_1i_1)",R(i_1;a_1i_1),"I(μ̃_19669,i_1)","C(i_1,μ̃_19669;a_1i_1)",R(i_1;a_1i_1),"i,a",;i_1,"7,",7 × ?,,
2,12,Permute,residual,R,36663,,,376,376,51713672,1379401728,47,,,,,R(i_1;a_1i_1),R(i_1;a_1i_1),,,,"i,a",;i_1,"7,",7 × ?,,
2,13,Tensor,leaf,t,2039,,,792440,792440,51713672,1379401728,99055,98598,-1.4840757848822665,0.08148253559247469,0.02545185787020978,"t(i_1,i_2;a_4i_1i_2,a_3i_1i_2)","t(i_1,i_2;a_4i_1i_2,a_3i_1i_2)",,,,"i,i,a,a",";;i_1,i_2;i_1,i_2","7,7,,",7 × 7 × ? × ?,,
2,13,Product,intermediate,I,130484,384,792440,384,384,51713672,1379401728,48,0,0.0,0.0,0.0,"I(i_1,i_2;a_3i_1i_2) * t(i_1,i_2;a_4i_1i_2,a_3i_1i_2) -> I(i_2,i_1;a_4i_1i_2)","I(i_2,i_1;a_4i_1i_2)","I(i_1,i_2;a_3i_1i_2)","t(i_1,i_2;a_4i_1i_2,a_3i_1i_2)","I(i_2,i_1;a_4i_1i_2)","i,i,a",";;i_1,i_2","7,7,",7 × 7 × ?,,
2,13,Tensor,leaf,C,7723,,,2207664,2207664,51713672,1379401728,275958,246870,-5695.615034274957,223631163.21246105,731.2730436956697,"C(i_2,i_1,μ̃_19678;a_4i_1i_2)","C(i_2,i_1,μ̃_19678;a_4i_1i_2)",,,,"i,i,μ̃,a",";;;i_1,i_2","7,7,114,",7 × 7 × 114 × ?,,
2,13,Product,intermediate,I,365679,384,2207664,432,432,51713672,1379401728,54,0,0.0,0.0,0.0,"I(i_2,i_1;a_4i_1i_2) * C(i_2,i_1,μ̃_19678;a_4i_1i_2) -> I(μ̃_19678,i_1)","I(μ̃_19678,i_1)","I(i_2,i_1;a_4i_1i_2)","C(i_2,i_1,μ̃_19678;a_4i_1i_2)","I(μ̃_19678,i_1)","μ̃,i",;,"114,7",114 × 7,6384,0.0676692
2,13,Tensor,leaf,s,12884,,,125584,125584,51713672,1379401728,15698,12996,138.52037144982427,140.242752948763,0.9820999861813638,"s(μ̃_19678,μ̃_19679)","s(μ̃_19678,μ̃_19679)",,,,"μ̃,μ̃",;,"114,114",114 × 114,103968,1.20791
2,13,Product,intermediate,I,171944,432,125584,432,432,51713672,1379401728,54,0,0.0,0.0,0.0,"I(μ̃_19678,i_1) * s(μ̃_19678,μ̃_19679) -> I(μ̃_19679,i_1)","I(μ̃_19679,i_1)","I(μ̃_19678,i_1)","s(μ̃_19678,μ̃_19679)","I(μ̃_19679,i_1)","μ̃,i",;,"114,7",114 × 7,6384,0.0676692
2,13,Tensor,leaf,C,7410,,,481264,481264,51713672,1379401728,60158,55674,23856.23808923302,118674620.50711954,1176.0636923303477,"C(i_1,μ̃_19679;a_1i_1)","C(i_1,μ̃_19679;a_1i_1)",,,,"i,μ̃,a",;;i_1,"7,114,",7 × 114 × ?,,
2,13,Product,intermediate,I,289739,432,481264,376,376,51713672,1379401728,47,0,0.0,0.0,0.0,"I(μ̃_19679,i_1) * C(i_1,μ̃_19679;a_1i_1) -> I(i_1;a_1i_1)",I(i_1;a_1i_1),"I(μ̃_19679,i_1)","C(i_1,μ̃_19679;a_1i_1)",I(i_1;a_1i_1),"i,a",;i_1,"7,",7 × ?,,
2,13,Constant,constant,_const,997,,,8,8,51713672,1379401728,1,,,,,-2,-2,,,,,,,scalar,8,1
2,13,Product,residual,R,69681,376,8,376,376,51713672,1379401728,47,0,0.0,0.0,0.0,I(i_1;a_1i_1) * -2 -> R(i_1;a_1i_1),R(i_1;a_1i_1),I(i_1;a_1i_1),-2,R(i_1;a_1i_1),"i,a",;i_1,"7,",7 × ?,,
2,13,Permute,residual,R,67585,,,376,376,51713672,1379401728,47,,,,,R(i_1;a_1i_1),R(i_1;a_1i_1),,,,"i,a",;i_1,"7,",7 × ?,,
2,14,Tensor,leaf,C,12213,,,2207664,2207664,51713672,1379401728,275958,246870,-5695.615034274957,223631163.21246105,731.2730436956697,"C(i_3,i_1,μ̃_19618;a_3i_1i_3)","C(i_3,i_1,μ̃_19618;a_3i_1i_3)",,,,"i,i,μ̃,a",";;;i_1,i_3","7,7,114,",7 × 7 × 114 × ?,,
2,14,Product,intermediate,I,299613,432,2207664,384,384,51713672,1379401728,48,0,0.0,0.0,0.0,"I(i_3,μ̃_19618) * C(i_3,i_1,μ̃_19618;a_3i_1i_3) -> I(i_1,i_3;a_3i_1i_3)","I(i_1,i_3;a_3i_1i_3)","I(i_3,μ̃_19618)","C(i_3,i_1,μ̃_19618;a_3i_1i_3)","I(i_1,i_3;a_3i_1i_3)","i,i,a",";;i_1,i_3","7,7,",7 × 7 × ?,,
2,14,Tensor,leaf,t,1149,,,792440,792440,51713672,1379401728,99055,98598,-1.4840757848822665,0.08148253559247469,0.02545185787020978,"t(i_3,i_1;a_4i_1i_3,a_3i_1i_3)","t(i_3,i_1;a_4i_1i_3,a_3i_1i_3)",,,,"i,i,a,a",";;i_1,i_3;i_1,i_3","7,7,,",7 × 7 × ? × ?,,
2,14,Product,intermediate,I,131092,384,792440,384,384,51713672,1379401728,48,0,0.0,0.0,0.0,"I(i_1,i_3;a_3i_1i_3) * t(i_3,i_1;a_4i_1i_3,a_3i_1i_3) -> I(i_3,i_1;a_4i_1i_3)","I(i_3,i_1;a_4i_1i_3)","I(i_1,i_3;a_3i_1i_3)","t(i_3,i_1;a_4i_1i_3,a_3i_1i_3)","I(i_3,i_1;a_4i_1i_3)","i,i,a",";;i_1,i_3","7,7,",7 × 7 × ?,,
2,14,Tensor,leaf,C,8431,,,2207664,2207664,51713672,1379401728,275958,246870,-5695.615034274957,223631163.21246105,731.2730436956697,"C(i_3,i_1,μ̃_19619;a_4i_1i_3)","C(i_3,i_1,μ̃_19619;a_4i_1i_3)",,,,"i,i,μ̃,a",";;;i_1,i_3","7,7,114,",7 × 7 × 114 × ?,,
2,14,Product,intermediate,I,377135,384,2207664,432,432,51713672,1379401728,54,0,0.0,0.0,0.0,"I(i_3,i_1;a_4i_1i_3) * C(i_3,i_1,μ̃_19619;a_4i_1i_3) -> I(μ̃_19619,i_1)","I(μ̃_19619,i_1)","I(i_3,i_1;a_4i_1i_3)","C(i_3,i_1,μ̃_19619;a_4i_1i_3)","I(μ̃_19619,i_1)","μ̃,i",;,"114,7",114 × 7,6384,0.0676692
2,14,Tensor,leaf,s,10466,,,125584,125584,51713672,1379401728,15698,12996,138.52037144982427,140.242752948763,0.9820999861813638,"s(μ̃_19619,μ̃_19620)","s(μ̃_19619,μ̃_19620)",,,,"μ̃,μ̃",;,"114,114",114 × 114,103968,1.20791
2,14,Product,intermediate,I,181304,432,125584,432,432,51713672,1379401728,54,0,0.0,0.0,0.0,"I(μ̃_19619,i_1) * s(μ̃_19619,μ̃_19620) -> I(μ̃_19620,i_1)","I(μ̃_19620,i_1)","I(μ̃_19619,i_1)","s(μ̃_19619,μ̃_19620)","I(μ̃_19620,i_1)","μ̃,i",;,"114,7",114 × 7,6384,0.0676692
2,14,Tensor,leaf,C,10578,,,481264,481264,51713672,1379401728,60158,55674,23856.23808923302,118674620.50711954,1176.0636923303477,"C(i_1,μ̃_19620;a_1i_1)","C(i_1,μ̃_19620;a_1i_1)",,,,"i,μ̃,a",;;i_1,"7,114,",7 × 114 × ?,,
2,14,Product,intermediate,I,276663,432,481264,376,376,51713672,1379401728,47,0,0.0,0.0,0.0,"I(μ̃_19620,i_1) * C(i_1,μ̃_19620;a_1i_1) -> I(i_1;a_1i_1)",I(i_1;a_1i_1),"I(μ̃_19620,i_1)","C(i_1,μ̃_19620;a_1i_1)",I(i_1;a_1i_1),"i,a",;i_1,"7,",7 × ?,,
2,14,Constant,constant,_const,805,,,8,8,51713672,1379401728,1,,,,,-2,-2,,,,,,,scalar,8,1
2,14,Product,residual,R,56104,376,8,376,376,51713672,1379401728,47,0,0.0,0.0,0.0,I(i_1;a_1i_1) * -2 -> R(i_1;a_1i_1),R(i_1;a_1i_1),I(i_1;a_1i_1),-2,R(i_1;a_1i_1),"i,a",;i_1,"7,",7 × ?,,
2,14,Permute,residual,R,58148,,,376,376,51713672,1379401728,47,,,,,R(i_1;a_1i_1),R(i_1;a_1i_1),,,,"i,a",;i_1,"7,",7 × ?,,
2,15,Tensor,leaf,C,11381,,,481264,481264,51713672,1379401728,60158,55674,23856.23808923302,118674620.50711954,1176.0636923303477,"C(i_1,μ̃_19649;a_1i_1)","C(i_1,μ̃_19649;a_1i_1)",,,,"i,μ̃,a",;;i_1,"7,114,",7 × 114 × ?,,
2,15,Product,intermediate,I,221877,432,481264,376,376,51713672,1379401728,47,0,0.0,0.0,0.0,"I(i_1,μ̃_19649) * C(i_1,μ̃_19649;a_1i_1) -> I(i_1;a_1i_1)",I(i_1;a_1i_1),"I(i_1,μ̃_19649)","C(i_1,μ̃_19649;a_1i_1)",I(i_1;a_1i_1),"i,a",;i_1,"7,",7 × ?,,
2,15,Constant,constant,_const,1068,,,8,8,51713672,1379401728,1,,,,,2,2,,,,,,,scalar,8,1
2,15,Product,residual,R,52913,376,8,376,376,51713672,1379401728,47,0,0.0,0.0,0.0,I(i_1;a_1i_1) * 2 -> R(i_1;a_1i_1),R(i_1;a_1i_1),I(i_1;a_1i_1),2,R(i_1;a_1i_1),"i,a",;i_1,"7,",7 × ?,,
2,15,Permute,residual,R,57962,,,376,376,51713672,1379401728,47,,,,,R(i_1;a_1i_1),R(i_1;a_1i_1),,,,"i,a",;i_1,"7,",7 × ?,,
2,16,Tensor,leaf,t,1461,,,792440,792440,51713672,1379401728,99055,98598,-1.4840757848822665,0.08148253559247469,0.02545185787020978,"t(i_1,i_3;a_4i_1i_3,a_3i_1i_3)","t(i_1,i_3;a_4i_1i_3,a_3i_1i_3)",,,,"i,i,a,a",";;i_1,i_3;i_1,i_3","7,7,,",7 × 7 × ? × ?,,
2,16,Product,intermediate,I,131680,384,792440,384,384,51713672,1379401728,48,0,0.0,0.0,0.0,"I(i_1,i_3;a_3i_1i_3) * t(i_1,i_3;a_4i_1i_3,a_3i_1i_3) -> I(i_3,i_1;a_4i_1i_3)","I(i_3,i_1;a_4i_1i_3)","I(i_1,i_3;a_3i_1i_3)","t(i_1,i_3;a_4i_1i_3,a_3i_1i_3)","I(i_3,i_1;a_4i_1i_3)","i,i,a",";;i_1,i_3","7,7,",7 × 7 × ?,,
2,16,Tensor,leaf,C,8069,,,2207664,2207664,51713672,1379401728,275958,246870,-5695.615034274957,223631163.21246105,731.2730436956697,"C(i_3,i_1,μ̃_19664;a_4i_1i_3)","C(i_3,i_1,μ̃_19664;a_4i_1i_3)",,,,"i,i,μ̃,a",";;;i_1,i_3","7,7,114,",7 × 7 × 114 × ?,,
2,16,Product,intermediate,I,380186,384,2207664,432,432,51713672,1379401728,54,0,0.0,0.0,0.0,"I(i_3,i_1;a_4i_1i_3) * C(i_3,i_1,μ̃_19664;a_4i_1i_3) -> I(μ̃_19664,i_1)","I(μ̃_19664,i_1)","I(i_3,i_1;a_4i_1i_3)","C(i_3,i_1,μ̃_19664;a_4i_1i_3)","I(μ̃_19664,i_1)","μ̃,i",;,"114,7",114 × 7,6384,0.0676692
2,16,Tensor,leaf,s,10421,,,125584,125584,51713672,1379401728,15698,12996,138.52037144982427,140.242752948763,0.9820999861813638,"s(μ̃_19664,μ̃_19665)","s(μ̃_19664,μ̃_19665)",,,,"μ̃,μ̃",;,"114,114",114 × 114,103968,1.20791
2,16,Product,intermediate,I,224975,432,125584,432,432,51713672,1379401728,54,0,0.0,0.0,0.0,"I(μ̃_19664,i_1) * s(μ̃_19664,μ̃_19665) -> I(μ̃_19665,i_1)","I(μ̃_19665,i_1)","I(μ̃_19664,i_1)","s(μ̃_19664,μ̃_19665)","I(μ̃_19665,i_1)","μ̃,i",;,"114,7",114 × 7,6384,0.0676692
2,16,Tensor,leaf,C,7757,,,481264,481264,51713672,1379401728,60158,55674,23856.23808923302,118674620.50711954,1176.0636923303477,"C(i_1,μ̃_19665;a_1i_1)","C(i_1,μ̃_19665;a_1i_1)",,,,"i,μ̃,a",;;i_1,"7,114,",7 × 114 × ?,,
2,16,Product,intermediate,I,282239,432,481264,376,376,51713672,1379401728,47,0,0.0,0.0,0.0,"I(μ̃_19665,i_1) * C(i_1,μ̃_19665;a_1i_1) -> I(i_1;a_1i_1)",I(i_1;a_1i_1),"I(μ̃_19665,i_1)","C(i_1,μ̃_19665;a_1i_1)",I(i_1;a_1i_1),"i,a",;i_1,"7,",7 × ?,,
2,16,Constant,constant,_const,1045,,,8,8,51713672,1379401728,1,,,,,4,4,,,,,,,scalar,8,1
2,16,Product,residual,R,60556,376,8,376,376,51713672,1379401728,47,0,0.0,0.0,0.0,I(i_1;a_1i_1) * 4 -> R(i_1;a_1i_1),R(i_1;a_1i_1),I(i_1;a_1i_1),4,R(i_1;a_1i_1),"i,a",;i_1,"7,",7 × ?,,
2,16,Permute,residual,R,64929,,,376,376,51713672,1379401728,47,,,,,R(i_1;a_1i_1),R(i_1;a_1i_1),,,,"i,a",;i_1,"7,",7 × ?,,
2,17,Tensor,leaf,g,25504,,,29489328,29489328,51713672,1379401728,3686166,3664872,328.03408291046196,123.92989425956745,0.8503952014554764,"g(μ̃_19641,μ̃_19642,Κ_1)","g(μ̃_19641,μ̃_19642,Κ_1)",,,,"μ̃,μ̃,Κ",;;,"114,114,282",114 × 114 × 282,29318976,1.00581
2,17,Product,intermediate,I,372843,400,29489328,624,624,51713672,1379401728,78,0,0.0,0.0,0.0,"I(Κ_1) * g(μ̃_19641,μ̃_19642,Κ_1) -> I(μ̃_19642,μ̃_19641)","I(μ̃_19642,μ̃_19641)",I(Κ_1),"g(μ̃_19641,μ̃_19642,Κ_1)","I(μ̃_19642,μ̃_19641)","μ̃,μ̃",;,"114,114",114 × 114,103968,0.00600185
2,17,Product,intermediate,I,185703,624,432,432,432,51713672,1379401728,54,0,0.0,0.0,0.0,"I(μ̃_19642,μ̃_19641) * I(μ̃_19641,i_1) -> I(μ̃_19642,i_1)","I(μ̃_19642,i_1)","I(μ̃_19642,μ̃_19641)","I(μ̃_19641,i_1)","I(μ̃_19642,i_1)","μ̃,i",;,"114,7",114 × 7,6384,0.0676692
2,17,Tensor,leaf,C,12552,,,481264,481264,51713672,1379401728,60158,55674,23856.23808923302,118674620.50711954,1176.0636923303477,"C(i_1,μ̃_19642;a_1i_1)","C(i_1,μ̃_19642;a_1i_1)",,,,"i,μ̃,a",;;i_1,"7,114,",7 × 114 × ?,,
2,17,Product,intermediate,I,337520,432,481264,376,376,51713672,1379401728,47,0,0.0,0.0,0.0,"I(μ̃_19642,i_1) * C(i_1,μ̃_19642;a_1i_1) -> I(i_1;a_1i_1)",I(i_1;a_1i_1),"I(μ̃_19642,i_1)","C(i_1,μ̃_19642;a_1i_1)",I(i_1;a_1i_1),"i,a",;i_1,"7,",7 × ?,,
2,17,Constant,constant,_const,1064,,,8,8,51713672,1379401728,1,,,,,2,2,,,,,,,scalar,8,1
2,17,Product,residual,R,71024,376,8,376,376,51713672,1379401728,47,0,0.0,0.0,0.0,I(i_1;a_1i_1) * 2 -> R(i_1;a_1i_1),R(i_1;a_1i_1),I(i_1;a_1i_1),2,R(i_1;a_1i_1),"i,a",;i_1,"7,",7 × ?,,
2,17,Permute,residual,R,53833,,,376,376,51713672,1379401728,47,,,,,R(i_1;a_1i_1),R(i_1;a_1i_1),,,,"i,a",;i_1,"7,",7 × ?,,
2,18,Tensor,leaf,f,20359,,,125584,125584,51713672,1379401728,15698,12996,138.71107103388064,334.0375286392202,4.726761534856628,"f(μ̃_19643,μ̃_19644)","f(μ̃_19643,μ̃_19644)",,,,"μ̃,μ̃",;,"114,114",114 × 114,103968,1.20791
2,18,Product,intermediate,I,198609,125584,432,432,432,51713672,1379401728,54,0,0.0,0.0,0.0,"f(μ̃_19643,μ̃_19644) * I(μ̃_19643,i_1) -> I(μ̃_19644,i_1)","I(μ̃_19644,i_1)","f(μ̃_19643,μ̃_19644)","I(μ̃_19643,i_1)","I(μ̃_19644,i_1)","μ̃,i",;,"114,7",114 × 7,6384,0.0676692
2,18,Tensor,leaf,C,11453,,,481264,481264,51713672,1379401728,60158,55674,23856.23808923302,118674620.50711954,1176.0636923303477,"C(i_1,μ̃_19644;a_1i_1)","C(i_1,μ̃_19644;a_1i_1)",,,,"i,μ̃,a",;;i_1,"7,114,",7 × 114 × ?,,
2,18,Product,residual,R,243690,432,481264,376,376,51713672,1379401728,47,0,0.0,0.0,0.0,"I(μ̃_19644,i_1) * C(i_1,μ̃_19644;a_1i_1) -> R(i_1;a_1i_1)",R(i_1;a_1i_1),"I(μ̃_19644,i_1)","C(i_1,μ̃_19644;a_1i_1)",R(i_1;a_1i_1),"i,a",;i_1,"7,",7 × ?,,
2,18,Permute,residual,R,41076,,,376,376,51713672,1379401728,47,,,,,R(i_1;a_1i_1),R(i_1;a_1i_1),,,,"i,a",;i_1,"7,",7 × ?,,
2,19,Tensor,leaf,f,11674,,,2088,2088,51713672,1379401728,261,49,-3.436980213804995,3.19035087251424,0.6871376688643162,"f(i_1,i_2)","f(i_1,i_2)",,,,"i,i",;,"7,7",7 × 7,392,5.32653
2,19,Product,intermediate,I,134978,2088,432,432,432,51713672,1379401728,54,0,0.0,0.0,0.0,"f(i_1,i_2) * I(μ̃_19658,i_2) -> I(i_1,μ̃_19658)","I(i_1,μ̃_19658)","f(i_1,i_2)","I(μ̃_19658,i_2)","I(i_1,μ̃_19658)","i,μ̃",;,"7,114",7 × 114,6384,0.0676692
2,19,Tensor,leaf,s,10773,,,125584,125584,51713672,1379401728,15698,12996,138.52037144982427,140.242752948763,0.9820999861813638,"s(μ̃_19657,μ̃_19658)","s(μ̃_19657,μ̃_19658)",,,,"μ̃,μ̃",;,"114,114",114 × 114,103968,1.20791
2,19,Product,intermediate,I,151467,432,125584,432,432,51713672,1379401728,54,0,0.0,0.0,0.0,"I(i_1,μ̃_19658) * s(μ̃_19657,μ̃_19658) -> I(i_1,μ̃_19657)","I(i_1,μ̃_19657)","I(i_1,μ̃_19658)","s(μ̃_19657,μ̃_19658)","I(i_1,μ̃_19657)","i,μ̃",;,"7,114",7 × 114,6384,0.0676692
2,19,Tensor,leaf,C,7604,,,481264,481264,51713672,1379401728,60158,55674,23856.23808923302,118674620.50711954,1176.0636923303477,"C(i_1,μ̃_19657;a_1i_1)","C(i_1,μ̃_19657;a_1i_1)",,,,"i,μ̃,a",;;i_1,"7,114,",7 × 114 × ?,,
2,19,Product,intermediate,I,276536,432,481264,376,376,51713672,1379401728,47,0,0.0,0.0,0.0,"I(i_1,μ̃_19657) * C(i_1,μ̃_19657;a_1i_1) -> I(i_1;a_1i_1)",I(i_1;a_1i_1),"I(i_1,μ̃_19657)","C(i_1,μ̃_19657;a_1i_1)",I(i_1;a_1i_1),"i,a",;i_1,"7,",7 × ?,,
2,19,Constant,constant,_const,823,,,8,8,51713672,1379401728,1,,,,,-1,-1,,,,,,,scalar,8,1
2,19,Product,residual,R,55496,376,8,376,376,51713672,1379401728,47,0,0.0,0.0,0.0,I(i_1;a_1i_1) * -1 -> R(i_1;a_1i_1),R(i_1;a_1i_1),I(i_1;a_1i_1),-1,R(i_1;a_1i_1),"i,a",;i_1,"7,",7 × ?,,
2,19,Permute,residual,R,71904,,,376,376,51713672,1379401728,47,,,,,R(i_1;a_1i_1),R(i_1;a_1i_1),,,,"i,a",;i_1,"7,",7 × ?,,
2,20,Tensor,leaf,C,12282,,,2207664,2207664,51713672,1379401728,275958,246870,-5695.615034274957,223631163.21246105,731.2730436956697,"C(i_2,i_1,μ̃_19604;a_3i_1i_2)","C(i_2,i_1,μ̃_19604;a_3i_1i_2)",,,,"i,i,μ̃,a",";;;i_1,i_2","7,7,114,",7 × 7 × 114 × ?,,
2,20,Tensor,leaf,t,1540,,,792440,792440,51713672,1379401728,99055,98598,-1.4840757848822665,0.08148253559247469,0.02545185787020978,"t(i_1,i_2;a_3i_1i_2,a_2i_1i_2)","t(i_1,i_2;a_3i_1i_2,a_2i_1i_2)",,,,"i,i,a,a",";;i_1,i_2;i_1,i_2","7,7,,",7 × 7 × ? × ?,,
2,20,Product,intermediate,I,4060856,2207664,792440,2207664,2207664,51713672,1379401728,275958,246870,25.00802873491242,219.3823073828343,0.7826169326038676,"C(i_2,i_1,μ̃_19604;a_3i_1i_2) * t(i_1,i_2;a_3i_1i_2,a_2i_1i_2) -> I(μ̃_19604,i_1,i_2;a_2i_1i_2)","I(μ̃_19604,i_1,i_2;a_2i_1i_2)","C(i_2,i_1,μ̃_19604;a_3i_1i_2)","t(i_1,i_2;a_3i_1i_2,a_2i_1i_2)","I(μ̃_19604,i_1,i_2;a_2i_1i_2)","μ̃,i,i,a",";;;i_1,i_2","114,7,7,",114 × 7 × 7 × ?,,
2,20,Product,intermediate,I,151053502,5490816,2207664,1843152,1843152,51713672,1381023744,230394,225036,2.4681021415497955,16.659572959166695,0.2520611847156948,"I(i_1,i_2,Κ_1;a_2i_1i_2) * I(μ̃_19604,i_1,i_2;a_2i_1i_2) -> I(μ̃_19604,i_1,Κ_1)","I(μ̃_19604,i_1,Κ_1)","I(i_1,i_2,Κ_1;a_2i_1i_2)","I(μ̃_19604,i_1,i_2;a_2i_1i_2)","I(μ̃_19604,i_1,Κ_1)","μ̃,i,Κ",;;,"114,7,282",114 × 7 × 282,1800288,1.02381
2,20,Tensor,leaf,g,18303,,,29489328,29489328,53918312,1381023744,3686166,3664872,328.03408291046196,123.92989425956745,0.8503952014554764,"g(μ̃_19604,μ̃_19605,Κ_1)","g(μ̃_19604,μ̃_19605,Κ_1)",,,,"μ̃,μ̃,Κ",;;,"114,114,282",114 × 114 × 282,29318976,1.00581
2,20,Product,intermediate,I,33298675,1843152,29489328,12064,12064,55773528,1381023744,1508,798,-0.04768274781316534,0.004429828981225602,0.011658363497148232,"I(μ̃_19604,i_1,Κ_1) * g(μ̃_19604,μ̃_19605,Κ_1) -> I(μ̃_19605,i_1)","I(μ̃_19605,i_1)","I(μ̃_19604,i_1,Κ_1)","g(μ̃_19604,μ̃_19605,Κ_1)","I(μ̃_19605,i_1)","μ̃,i",;,"114,7",114 × 7,6384,1.88972
2,20,Tensor,leaf,C,18670,,,481264,481264,55773528,1381023744,60158,55674,23856.23808923302,118674620.50711954,1176.0636923303477,"C(i_1,μ̃_19605;a_1i_1)","C(i_1,μ̃_19605;a_1i_1)",,,,"i,μ̃,a",;;i_1,"7,114,",7 × 114 × ?,,
2,20,Product,intermediate,I,5115777,12064,481264,5488,5488,55773528,1381023744,686,522,-0.08553283429645202,0.003165426096438882,0.014348749889405708,"I(μ̃_19605,i_1) * C(i_1,μ̃_19605;a_1i_1) -> I(i_1;a_1i_1)",I(i_1;a_1i_1),"I(μ̃_19605,i_1)","C(i_1,μ̃_19605;a_1i_1)",I(i_1;a_1i_1),"i,a",;i_1,"7,",7 × ?,,
2,20,Constant,constant,_const,1325,,,8,8,55773528,1381023744,1,,,,,2,2,,,,,,,scalar,8,1
2,20,Product,residual,R,102932,5488,8,5488,5488,55773528,1381023744,686,522,-0.17106566859290404,0.012661704385755528,0.028697499778811416,I(i_1;a_1i_1) * 2 -> R(i_1;a_1i_1),R(i_1;a_1i_1),I(i_1;a_1i_1),2,R(i_1;a_1i_1),"i,a",;i_1,"7,",7 × ?,,
2,20,Permute,residual,R,82240,,,5488,5488,55773528,1381023744,686,,,,,R(i_1;a_1i_1),R(i_1;a_1i_1),,,,"i,a",;i_1,"7,",7 × ?,,
2,21,Product,intermediate,I,139121967,5490816,2207664,1843152,1843152,55773528,1381023744,230394,225036,-2.97346813854253,3.781179388418112,0.11018399714954615,"I(i_1,i_2,Κ_1;a_2i_1i_2) * I(μ̃_19607,i_2,i_1;a_2i_1i_2) -> I(μ̃_19607,i_1,Κ_1)","I(μ̃_19607,i_1,Κ_1)","I(i_1,i_2,Κ_1;a_2i_1i_2)","I(μ̃_19607,i_2,i_1;a_2i_1i_2)","I(μ̃_19607,i_1,Κ_1)","μ̃,i,Κ",;;,"114,7,282",114 × 7 × 282,1800288,1.02381
2,21,Tensor,leaf,g,17914,,,29489328,29489328,55773528,1381023744,3686166,3664872,328.03408291046196,123.92989425956745,0.8503952014554764,"g(μ̃_19607,μ̃_19608,Κ_1)","g(μ̃_19607,μ̃_19608,Κ_1)",,,,"μ̃,μ̃,Κ",;;,"114,114,282",114 × 114 × 282,29318976,1.00581
2,21,Product,intermediate,I,44568151,1843152,29489328,12064,12064,55773528,1381023744,1508,798,-0.009832339984059276,0.0014094693086380403,0.005132973674833378,"I(μ̃_19607,i_1,Κ_1) * g(μ̃_19607,μ̃_19608,Κ_1) -> I(μ̃_19608,i_1)","I(μ̃_19608,i_1)","I(μ̃_19607,i_1,Κ_1)","g(μ̃_19607,μ̃_19608,Κ_1)","I(μ̃_19608,i_1)","μ̃,i",;,"114,7",114 × 7,6384,1.88972
2,21,Tensor,leaf,C,29710,,,481264,481264,55773528,1381023744,60158,55674,23856.23808923302,118674620.50711954,1176.0636923303477,"C(i_1,μ̃_19608;a_1i_1)","C(i_1,μ̃_19608;a_1i_1)",,,,"i,μ̃,a",;;i_1,"7,114,",7 × 114 × ?,,
2,21,Product,intermediate,I,757765,12064,481264,5488,5488,55773528,1381023744,686,522,-0.04037646180891438,0.0012580497632202596,0.008678401237859484,"I(μ̃_19608,i_1) * C(i_1,μ̃_19608;a_1i_1) -> I(i_1;a_1i_1)",I(i_1;a_1i_1),"I(μ̃_19608,i_1)","C(i_1,μ̃_19608;a_1i_1)",I(i_1;a_1i_1),"i,a",;i_1,"7,",7 × ?,,
2,21,Constant,constant,_const,1631,,,8,8,55773528,1381023744,1,,,,,-1,-1,,,,,,,scalar,8,1
2,21,Product,residual,R,68990,5488,8,5488,5488,55773528,1381023744,686,522,0.04037646180891438,0.0012580497632202596,0.008678401237859484,I(i_1;a_1i_1) * -1 -> R(i_1;a_1i_1),R(i_1;a_1i_1),I(i_1;a_1i_1),-1,R(i_1;a_1i_1),"i,a",;i_1,"7,",7 × ?,,
2,21,Permute,residual,R,12186943,,,5488,5488,55773528,1381023744,686,,,,,R(i_1;a_1i_1),R(i_1;a_1i_1),,,,"i,a",;i_1,"7,",7 × ?,,
2,22,Tensor,leaf,f,21571,,,432,432,55773528,1381023744,54,0,0.0,0.0,0.0,"f(μ̃_19625,i_1)","f(μ̃_19625,i_1)",,,,"μ̃,i",;,"114,7",114 × 7,6384,0.0676692
2,22,Tensor,leaf,C,9773,,,481264,481264,55773528,1381023744,60158,55674,23856.23808923302,118674620.50711954,1176.0636923303477,"C(i_1,μ̃_19625;a_1i_1)","C(i_1,μ̃_19625;a_1i_1)",,,,"i,μ̃,a",;;i_1,"7,114,",7 × 114 × ?,,
2,22,Product,residual,R,268187,432,481264,376,376,55773528,1381023744,47,0,0.0,0.0,0.0,"f(μ̃_19625,i_1) * C(i_1,μ̃_19625;a_1i_1) -> R(i_1;a_1i_1)",R(i_1;a_1i_1),"f(μ̃_19625,i_1)","C(i_1,μ̃_19625;a_1i_1)",R(i_1;a_1i_1),"i,a",;i_1,"7,",7 × ?,,
2,22,Permute,residual,R,36574,,,376,376,55773528,1381023744,47,,,,,R(i_1;a_1i_1),R(i_1;a_1i_1),,,,"i,a",;i_1,"7,",7 × ?,,
2,23,Tensor,leaf,t,2293,,,792440,792440,55773528,1381023744,99055,98598,-1.4840757848822665,0.08148253559247469,0.02545185787020978,"t(i_3,i_2;a_3i_2i_3,a_2i_2i_3)","t(i_3,i_2;a_3i_2i_3,a_2i_2i_3)",,,,"i,i,a,a",";;i_2,i_3;i_2,i_3","7,7,,",7 × 7 × ? × ?,,
2,23,Product,intermediate,I,10989588,139048,792440,139048,139048,55773528,1381023744,17381,15288,0.012229914019085898,0.00036168025360009185,0.003117118270682509,"I(i_1,i_3,i_2;a_2i_2i_3) * t(i_3,i_2;a_3i_2i_3,a_2i_2i_3) -> I(i_3,i_2,i_1;a_3i_2i_3)","I(i_3,i_2,i_1;a_3i_2i_3)","I(i_1,i_3,i_2;a_2i_2i_3)","t(i_3,i_2;a_3i_2i_3,a_2i_2i_3)","I(i_3,i_2,i_1;a_3i_2i_3)","i,i,i,a",";;;i_2,i_3","7,7,7,",7 × 7 × 7 × ?,,
2,23,Tensor,leaf,C,11980,,,2207664,2207664,55773528,1381023744,275958,246870,-5695.615034274957,223631163.21246105,731.2730436956697,"C(i_3,i_2,μ̃_19634;a_3i_2i_3)","C(i_3,i_2,μ̃_19634;a_3i_2i_3)",,,,"i,i,μ̃,a",";;;i_2,i_3","7,7,114,",7 × 7 × 114 × ?,,
2,23,Product,intermediate,I,2691231,139048,2207664,12064,12064,55773528,1381023744,1508,798,0.5009457261892594,0.03944331317825921,0.08921187313636338,"I(i_3,i_2,i_1;a_3i_2i_3) * C(i_3,i_2,μ̃_19634;a_3i_2i_3) -> I(i_1,μ̃_19634)","I(i_1,μ̃_19634)","I(i_3,i_2,i_1;a_3i_2i_3)","C(i_3,i_2,μ̃_19634;a_3i_2i_3)","I(i_1,μ̃_19634)","i,μ̃",;,"7,114",7 × 114,6384,1.88972
2,23,Tensor,leaf,s,16425,,,125584,125584,55773528,1381023744,15698,12996,138.52037144982427,140.242752948763,0.9820999861813638,"s(μ̃_19634,μ̃_19635)","s(μ̃_19634,μ̃_19635)",,,,"μ̃,μ̃",;,"114,114",114 × 114,103968,1.20791
2,23,Product,intermediate,I,970288,12064,125584,12064,12064,55773528,1381023744,1508,798,-0.01986355637689381,0.0008430490879147869,0.004300135856853187,"I(i_1,μ̃_19634) * s(μ̃_19634,μ̃_19635) -> I(i_1,μ̃_19635)","I(i_1,μ̃_19635)","I(i_1,μ̃_19634)","s(μ̃_19634,μ̃_19635)","I(i_1,μ̃_19635)","i,μ̃",;,"7,114",7 × 114,6384,1.88972
2,23,Tensor,leaf,C,10731,,,481264,481264,55773528,1381023744,60158,55674,23856.23808923302,118674620.50711954,1176.0636923303477,"C(i_1,μ̃_19635;a_1i_1)","C(i_1,μ̃_19635;a_1i_1)",,,,"i,μ̃,a",;;i_1,"7,114,",7 × 114 × ?,,
2,23,Product,residual,R,619286,12064,481264,5488,5488,55773528,1381023744,686,522,-0.01064254158076865,0.00040399105678145684,0.003624978855742855,"I(i_1,μ̃_19635) * C(i_1,μ̃_19635;a_1i_1) -> R(i_1;a_1i_1)",R(i_1;a_1i_1),"I(i_1,μ̃_19635)","C(i_1,μ̃_19635;a_1i_1)",R(i_1;a_1i_1),"i,a",;i_1,"7,",7 × ?,,
2,23,Permute,residual,R,77081,,,5488,5488,55773528,1381023744,686,,,,,R(i_1;a_1i_1),R(i_1;a_1i_1),,,,"i,a",;i_1,"7,",7 × ?,,
2,24,Tensor,leaf,t,1235,,,792440,792440,55773528,1381023744,99055,98598,-1.4840757848822665,0.08148253559247469,0.02545185787020978,"t(i_2,i_3;a_3i_2i_3,a_2i_2i_3)","t(i_2,i_3;a_3i_2i_3,a_2i_2i_3)",,,,"i,i,a,a",";;i_2,i_3;i_2,i_3","7,7,,",7 × 7 × ? × ?,,
2,24,Product,intermediate,I,667446,139048,792440,139048,139048,55773528,1381023744,17381,15288,0.016171526383627278,0.0004924959800920541,0.003117118270682509,"I(i_1,i_3,i_2;a_2i_2i_3) * t(i_2,i_3;a_3i_2i_3,a_2i_2i_3) -> I(i_3,i_2,i_1;a_3i_2i_3)","I(i_3,i_2,i_1;a_3i_2i_3)","I(i_1,i_3,i_2;a_2i_2i_3)","t(i_2,i_3;a_3i_2i_3,a_2i_2i_3)","I(i_3,i_2,i_1;a_3i_2i_3)","i,i,i,a",";;;i_2,i_3","7,7,7,",7 × 7 × 7 × ?,,
2,24,Tensor,leaf,C,13601,,,2207664,2207664,55773528,1381023744,275958,246870,-5695.615034274957,223631163.21246105,731.2730436956697,"C(i_3,i_2,μ̃_19660;a_3i_2i_3)","C(i_3,i_2,μ̃_19660;a_3i_2i_3)",,,,"i,i,μ̃,a",";;;i_2,i_3","7,7,114,",7 × 7 × 114 × ?,,
2,24,Product,intermediate,I,2620306,139048,2207664,12064,12064,55773528,1381023744,1508,798,1.1966176624380567,0.44732271612917257,0.10509561622087846,"I(i_3,i_2,i_1;a_3i_2i_3) * C(i_3,i_2,μ̃_19660;a_3i_2i_3) -> I(i_1,μ̃_19660)","I(i_1,μ̃_19660)","I(i_3,i_2,i_1;a_3i_2i_3)","C(i_3,i_2,μ̃_19660;a_3i_2i_3)","I(i_1,μ̃_19660)","i,μ̃",;,"7,114",7 × 114,6384,1.88972
2,24,Tensor,leaf,s,28372,,,125584,125584,55773528,1381023744,15698,12996,138.52037144982427,140.242752948763,0.9820999861813638,"s(μ̃_19660,μ̃_19661)","s(μ̃_19660,μ̃_19661)",,,,"μ̃,μ̃",;,"114,114",114 × 114,103968,1.20791
2,24,Product,intermediate,I,851531,12064,125584,12064,12064,55773528,1381023744,1508,798,-0.03312273213288478,0.002919441567659455,0.007221507149994007,"I(i_1,μ̃_19660) * s(μ̃_19660,μ̃_19661) -> I(i_1,μ̃_19661)","I(i_1,μ̃_19661)","I(i_1,μ̃_19660)","s(μ̃_19660,μ̃_19661)","I(i_1,μ̃_19661)","i,μ̃",;,"7,114",7 × 114,6384,1.88972
2,24,Tensor,leaf,C,11229,,,481264,481264,55773528,1381023744,60158,55674,23856.23808923302,118674620.50711954,1176.0636923303477,"C(i_1,μ̃_19661;a_1i_1)","C(i_1,μ̃_19661;a_1i_1)",,,,"i,μ̃,a",;;i_1,"7,114,",7 × 114 × ?,,
2,24,Product,intermediate,I,583975,12064,481264,5488,5488,55773528,1381023744,686,522,-0.026225916992494,0.0013506371649598236,0.00864458461794507,"I(i_1,μ̃_19661) * C(i_1,μ̃_19661;a_1i_1) -> I(i_1;a_1i_1)",I(i_1;a_1i_1),"I(i_1,μ̃_19661)","C(i_1,μ̃_19661;a_1i_1)",I(i_1;a_1i_1),"i,a",;i_1,"7,",7 × ?,,
2,24,Constant,constant,_const,1312,,,8,8,55773528,1381023744,1,,,,,-2,-2,,,,,,,scalar,8,1
2,24,Product,residual,R,69654,5488,8,5488,5488,55773528,1381023744,686,522,0.052451833984988,0.005402548659839294,0.01728916923589014,I(i_1;a_1i_1) * -2 -> R(i_1;a_1i_1),R(i_1;a_1i_1),I(i_1;a_1i_1),-2,R(i_1;a_1i_1),"i,a",;i_1,"7,",7 × ?,,
2,24,Permute,residual,R,61005,,,5488,5488,55773528,1381023744,686,,,,,R(i_1;a_1i_1),R(i_1;a_1i_1),,,,"i,a",;i_1,"7,",7 × ?,,
2,25,Tensor,leaf,t,1215,,,792440,792440,55773528,1381023744,99055,98598,-1.4840757848822665,0.08148253559247469,0.02545185787020978,"t(i_1,i_2;a_3i_1i_2,a_2i_1i_2)","t(i_1,i_2;a_3i_1i_2,a_2i_1i_2)",,,,"i,i,a,a",";;i_1,i_2;i_1,i_2","7,7,,",7 × 7 × ? × ?,,
2,25,Product,intermediate,I,165420,384,792440,384,384,55773528,1381023744,48,0,0.0,0.0,0.0,"I(i_1,i_2;a_2i_1i_2) * t(i_1,i_2;a_3i_1i_2,a_2i_1i_2) -> I(i_2,i_1;a_3i_1i_2)","I(i_2,i_1;a_3i_1i_2)","I(i_1,i_2;a_2i_1i_2)","t(i_1,i_2;a_3i_1i_2,a_2i_1i_2)","I(i_2,i_1;a_3i_1i_2)","i,i,a",";;i_1,i_2","7,7,",7 × 7 × ?,,
2,25,Tensor,leaf,C,13323,,,2207664,2207664,55773528,1381023744,275958,246870,-5695.615034274957,223631163.21246105,731.2730436956697,"C(i_2,i_1,μ̃_19674;a_3i_1i_2)","C(i_2,i_1,μ̃_19674;a_3i_1i_2)",,,,"i,i,μ̃,a",";;;i_1,i_2","7,7,114,",7 × 7 × 114 × ?,,
2,25,Product,intermediate,I,374076,384,2207664,432,432,55773528,1381023744,54,0,0.0,0.0,0.0,"I(i_2,i_1;a_3i_1i_2) * C(i_2,i_1,μ̃_19674;a_3i_1i_2) -> I(μ̃_19674,i_1)","I(μ̃_19674,i_1)","I(i_2,i_1;a_3i_1i_2)","C(i_2,i_1,μ̃_19674;a_3i_1i_2)","I(μ̃_19674,i_1)","μ̃,i",;,"114,7",114 × 7,6384,0.0676692
2,25,Tensor,leaf,s,10732,,,125584,125584,55773528,1381023744,15698,12996,138.52037144982427,140.242752948763,0.9820999861813638,"s(μ̃_19674,μ̃_19675)","s(μ̃_19674,μ̃_19675)",,,,"μ̃,μ̃",;,"114,114",114 × 114,103968,1.20791
2,25,Product,intermediate,I,193586,432,125584,432,432,55773528,1381023744,54,0,0.0,0.0,0.0,"I(μ̃_19674,i_1) * s(μ̃_19674,μ̃_19675) -> I(μ̃_19675,i_1)","I(μ̃_19675,i_1)","I(μ̃_19674,i_1)","s(μ̃_19674,μ̃_19675)","I(μ̃_19675,i_1)","μ̃,i",;,"114,7",114 × 7,6384,0.0676692
2,25,Tensor,leaf,C,6964,,,481264,481264,55773528,1381023744,60158,55674,23856.23808923302,118674620.50711954,1176.0636923303477,"C(i_1,μ̃_19675;a_1i_1)","C(i_1,μ̃_19675;a_1i_1)",,,,"i,μ̃,a",;;i_1,"7,114,",7 × 114 × ?,,
2,25,Product,intermediate,I,237911,432,481264,376,376,55773528,1381023744,47,0,0.0,0.0,0.0,"I(μ̃_19675,i_1) * C(i_1,μ̃_19675;a_1i_1) -> I(i_1;a_1i_1)",I(i_1;a_1i_1),"I(μ̃_19675,i_1)","C(i_1,μ̃_19675;a_1i_1)",I(i_1;a_1i_1),"i,a",;i_1,"7,",7 × ?,,
2,25,Constant,constant,_const,978,,,8,8,55773528,1381023744,1,,,,,2,2,,,,,,,scalar,8,1
2,25,Product,residual,R,46811,376,8,376,376,55773528,1381023744,47,0,0.0,0.0,0.0,I(i_1;a_1i_1) * 2 -> R(i_1;a_1i_1),R(i_1;a_1i_1),I(i_1;a_1i_1),2,R(i_1;a_1i_1),"i,a",;i_1,"7,",7 × ?,,
2,25,Permute,residual,R,51565,,,376,376,55773528,1381023744,47,,,,,R(i_1;a_1i_1),R(i_1;a_1i_1),,,,"i,a",;i_1,"7,",7 × ?,,
2,26,Tensor,leaf,t,1433,,,792440,792440,55773528,1381023744,99055,98598,-1.4840757848822665,0.08148253559247469,0.02545185787020978,"t(i_2,i_1;a_3i_1i_2,a_2i_1i_2)","t(i_2,i_1;a_3i_1i_2,a_2i_1i_2)",,,,"i,i,a,a",";;i_1,i_2;i_1,i_2","7,7,,",7 × 7 × ? × ?,,
2,26,Product,intermediate,I,156349,384,792440,384,384,55773528,1381023744,48,0,0.0,0.0,0.0,"I(i_1,i_2;a_2i_1i_2) * t(i_2,i_1;a_3i_1i_2,a_2i_1i_2) -> I(i_2,i_1;a_3i_1i_2)","I(i_2,i_1;a_3i_1i_2)","I(i_1,i_2;a_2i_1i_2)","t(i_2,i_1;a_3i_1i_2,a_2i_1i_2)","I(i_2,i_1;a_3i_1i_2)","i,i,a",";;i_1,i_2","7,7,",7 × 7 × ?,,
2,26,Tensor,leaf,C,12427,,,2207664,2207664,55773528,1381023744,275958,246870,-5695.615034274957,223631163.21246105,731.2730436956697,"C(i_2,i_1,μ̃_19681;a_3i_1i_2)","C(i_2,i_1,μ̃_19681;a_3i_1i_2)",,,,"i,i,μ̃,a",";;;i_1,i_2","7,7,114,",7 × 7 × 114 × ?,,
2,26,Product,intermediate,I,380690,384,2207664,432,432,55773528,1381023744,54,0,0.0,0.0,0.0,"I(i_2,i_1;a_3i_1i_2) * C(i_2,i_1,μ̃_19681;a_3i_1i_2) -> I(μ̃_19681,i_1)","I(μ̃_19681,i_1)","I(i_2,i_1;a_3i_1i_2)","C(i_2,i_1,μ̃_19681;a_3i_1i_2)","I(μ̃_19681,i_1)","μ̃,i",;,"114,7",114 × 7,6384,0.0676692
2,26,Tensor,leaf,s,13712,,,125584,125584,55773528,1381023744,15698,12996,138.52037144982427,140.242752948763,0.9820999861813638,"s(μ̃_19681,μ̃_19682)","s(μ̃_19681,μ̃_19682)",,,,"μ̃,μ̃",;,"114,114",114 × 114,103968,1.20791
2,26,Product,intermediate,I,175634,432,125584,432,432,55773528,1381023744,54,0,0.0,0.0,0.0,"I(μ̃_19681,i_1) * s(μ̃_19681,μ̃_19682) -> I(μ̃_19682,i_1)","I(μ̃_19682,i_1)","I(μ̃_19681,i_1)","s(μ̃_19681,μ̃_19682)","I(μ̃_19682,i_1)","μ̃,i",;,"114,7",114 × 7,6384,0.0676692
2,26,Tensor,leaf,C,11134,,,481264,481264,55773528,1381023744,60158,55674,23856.23808923302,118674620.50711954,1176.0636923303477,"C(i_1,μ̃_19682;a_1i_1)","C(i_1,μ̃_19682;a_1i_1)",,,,"i,μ̃,a",;;i_1,"7,114,",7 × 114 × ?,,
2,26,Product,intermediate,I,240208,432,481264,376,376,55773528,1381023744,47,0,0.0,0.0,0.0,"I(μ̃_19682,i_1) * C(i_1,μ̃_19682;a_1i_1) -> I(i_1;a_1i_1)",I(i_1;a_1i_1),"I(μ̃_19682,i_1)","C(i_1,μ̃_19682;a_1i_1)",I(i_1;a_1i_1),"i,a",;i_1,"7,",7 × ?,,
2,26,Constant,constant,_const,875,,,8,8,55773528,1381023744,1,,,,,-1,-1,,,,,,,scalar,8,1
2,26,Product,residual,R,58804,376,8,376,376,55773528,1381023744,47,0,0.0,0.0,0.0,I(i_1;a_1i_1) * -1 -> R(i_1;a_1i_1),R(i_1;a_1i_1),I(i_1;a_1i_1),-1,R(i_1;a_1i_1),"i,a",;i_1,"7,",7 × ?,,
2,26,Permute,residual,R,49313,,,376,376,55773528,1381023744,47,,,,,R(i_1;a_1i_1),R(i_1;a_1i_1),,,,"i,a",;i_1,"7,",7 × ?,,
2,27,Tensor,leaf,g,8510,,,1843152,1843152,402956000,1381023744,230394,225036,-13.7135187938935,9.824790694343452,0.19254784769834188,"g(μ̃_19683,i_3,Κ_1)","g(μ̃_19683,i_3,Κ_1)",,,,"μ̃,i,Κ",;;,"114,7,282",114 × 7 × 282,1800288,1.02381
2,27,Tensor,leaf,C,10131,,,481264,481264,402956000,1381023744,60158,55674,23856.23808923302,118674620.50711954,1176.0636923303477,"C(i_2,μ̃_19683;a_3i_2)","C(i_2,μ̃_19683;a_3i_2)",,,,"i,μ̃,a",;;i_2,"7,114,",7 × 114 × ?,,
2,27,Tensor,leaf,t,1430,,,376,376,402956000,1381023744,47,0,0.0,0.0,0.0,t(i_2;a_3i_2),t(i_2;a_3i_2),,,,"i,a",;i_2,"7,",7 × ?,,
2,27,Product,intermediate,I,255176,481264,376,432,432,402956000,1381023744,54,0,0.0,0.0,0.0,"C(i_2,μ̃_19683;a_3i_2) * t(i_2;a_3i_2) -> I(μ̃_19683,i_2)","I(μ̃_19683,i_2)","C(i_2,μ̃_19683;a_3i_2)",t(i_2;a_3i_2),"I(μ̃_19683,i_2)","μ̃,i",;,"114,7",114 × 7,6384,0.0676692
2,27,Product,intermediate,I,261642,1843152,432,496,496,402956928,1381023744,62,0,0.0,0.0,0.0,"g(μ̃_19683,i_3,Κ_1) * I(μ̃_19683,i_2) -> I(i_3,i_2,Κ_1)","I(i_3,i_2,Κ_1)","g(μ̃_19683,i_3,Κ_1)","I(μ̃_19683,i_2)","I(i_3,i_2,Κ_1)","i,i,Κ",;;,"7,7,282",7 × 7 × 282,110544,0.0044869
2,27,Tensor,leaf,g,10053,,,1843152,1843152,402956928,1381023744,230394,225036,-13.7135187938935,9.824790694343452,0.19254784769834188,"g(μ̃_19684,i_4,Κ_1)","g(μ̃_19684,i_4,Κ_1)",,,,"μ̃,i,Κ",;;,"114,7,282",114 × 7 × 282,1800288,1.02381
2,27,Product,intermediate,I,242079,496,1843152,624,624,402957552,1381023744,78,0,0.0,0.0,0.0,"I(i_3,i_2,Κ_1) * g(μ̃_19684,i_4,Κ_1) -> I(i_4,i_3,μ̃_19684,i_2)","I(i_4,i_3,μ̃_19684,i_2)","I(i_3,i_2,Κ_1)","g(μ̃_19684,i_4,Κ_1)","I(i_4,i_3,μ̃_19684,i_2)","i,i,μ̃,i",;;;,"7,7,114,7",7 × 7 × 114 × 7,312816,0.00199478
2,27,Tensor,leaf,C,14076,,,2207664,2207664,403322064,1381023744,275958,246870,-5695.615034274957,223631163.21246105,731.2730436956697,"C(i_4,i_1,μ̃_19684;a_4i_1i_4)","C(i_4,i_1,μ̃_19684;a_4i_1i_4)",,,,"i,i,μ̃,a",";;;i_1,i_4","7,7,114,",7 × 7 × 114 × ?,,
2,27,Product,intermediate,I,380367,624,2207664,432,432,403322496,1381023744,54,0,0.0,0.0,0.0,"I(i_4,i_3,μ̃_19684,i_2) * C(i_4,i_1,μ̃_19684;a_4i_1i_4) -> I(i_1,i_3,i_4,i_2;a_4i_1i_4)","I(i_1,i_3,i_4,i_2;a_4i_1i_4)","I(i_4,i_3,μ̃_19684,i_2)","C(i_4,i_1,μ̃_19684;a_4i_1i_4)","I(i_1,i_3,i_4,i_2;a_4i_1i_4)","i,i,i,i,a",";;;;i_1,i_4","7,7,7,7,",7 × 7 × 7 × 7 × ?,,
2,27,Tensor,leaf,t,1381,,,792440,792440,403322496,1381023744,99055,98598,-1.4840757848822665,0.08148253559247469,0.02545185787020978,"t(i_4,i_1;a_5i_1i_4,a_4i_1i_4)","t(i_4,i_1;a_5i_1i_4,a_4i_1i_4)",,,,"i,i,a,a",";;i_1,i_4;i_1,i_4","7,7,,",7 × 7 × ? × ?,,
2,27,Product,intermediate,I,237871,432,792440,432,432,403322496,1381023744,54,0,0.0,0.0,0.0,"I(i_1,i_3,i_4,i_2;a_4i_1i_4) * t(i_4,i_1;a_5i_1i_4,a_4i_1i_4) -> I(i_4,i_3,i_2,i_1;a_5i_1i_4)","I(i_4,i_3,i_2,i_1;a_5i_1i_4)","I(i_1,i_3,i_4,i_2;a_4i_1i_4)","t(i_4,i_1;a_5i_1i_4,a_4i_1i_4)","I(i_4,i_3,i_2,i_1;a_5i_1i_4)","i,i,i,i,a",";;;;i_1,i_4","7,7,7,7,",7 × 7 × 7 × 7 × ?,,
2,27,Product,intermediate,I,348858,432,5489512,400,400,403322496,1381023744,50,0,0.0,0.0,0.0,"I(i_4,i_3,i_2,i_1;a_5i_1i_4) * I(i_4,i_2,i_1;a_5i_1i_4,a_1i_1i_2) -> I(i_3,i_2,i_1;a_1i_1i_2)","I(i_3,i_2,i_1;a_1i_1i_2)","I(i_4,i_3,i_2,i_1;a_5i_1i_4)","I(i_4,i_2,i_1;a_5i_1i_4,a_1i_1i_2)","I(i_3,i_2,i_1;a_1i_1i_2)","i,i,i,a",";;;i_1,i_2","7,7,7,",7 × 7 × 7 × ?,,
2,27,Tensor,leaf,s,17214,,,125584,125584,403322496,1381023744,15698,12996,138.52037144982427,140.242752948763,0.9820999861813638,"s(μ̃_19687,μ̃_19688)","s(μ̃_19687,μ̃_19688)",,,,"μ̃,μ̃",;,"114,114",114 × 114,103968,1.20791
2,27,Product,intermediate,I,160325,125584,432,432,432,403322496,1381023744,54,0,0.0,0.0,0.0,"s(μ̃_19687,μ̃_19688) * I(μ̃_19688,i_3) -> I(μ̃_19687,i_3)","I(μ̃_19687,i_3)","s(μ̃_19687,μ̃_19688)","I(μ̃_19688,i_3)","I(μ̃_19687,i_3)","μ̃,i",;,"114,7",114 × 7,6384,0.0676692
2,27,Tensor,leaf,C,8746,,,2207664,2207664,403322496,1381023744,275958,246870,-5695.615034274957,223631163.21246105,731.2730436956697,"C(i_2,i_1,μ̃_19687;a_2i_1i_2)","C(i_2,i_1,μ̃_19687;a_2i_1i_2)",,,,"i,i,μ̃,a",";;;i_1,i_2","7,7,114,",7 × 7 × 114 × ?,,
2,27,Product,intermediate,I,202955,432,2207664,400,400,403323328,1381023744,50,0,0.0,0.0,0.0,"I(μ̃_19687,i_3) * C(i_2,i_1,μ̃_19687;a_2i_1i_2) -> I(i_2,i_1,i_3;a_2i_1i_2)","I(i_2,i_1,i_3;a_2i_1i_2)","I(μ̃_19687,i_3)","C(i_2,i_1,μ̃_19687;a_2i_1i_2)","I(i_2,i_1,i_3;a_2i_1i_2)","i,i,i,a",";;;i_1,i_2","7,7,7,",7 × 7 × 7 × ?,,
2,27,Product,intermediate,I,216120,400,400,384,384,403323328,1381023744,48,0,0.0,0.0,0.0,"I(i_3,i_2,i_1;a_1i_1i_2) * I(i_2,i_1,i_3;a_2i_1i_2) -> I(i_1,i_2;a_1i_1i_2,a_2i_1i_2)","I(i_1,i_2;a_1i_1i_2,a_2i_1i_2)","I(i_3,i_2,i_1;a_1i_1i_2)","I(i_2,i_1,i_3;a_2i_1i_2)","I(i_1,i_2;a_1i_1i_2,a_2i_1i_2)","i,i,a,a",";;i_1,i_2;i_1,i_2","7,7,,",7 × 7 × ? × ?,,
2,27,Constant,constant,_const,1229,,,8,8,403323328,1381023744,1,,,,,2,2,,,,,,,scalar,8,1
2,27,Product,residual,R,71890,384,8,384,384,403323328,1381023744,48,0,0.0,0.0,0.0,"I(i_1,i_2;a_1i_1i_2,a_2i_1i_2) * 2 -> R(i_1,i_2;a_1i_1i_2,a_2i_1i_2)","R(i_1,i_2;a_1i_1i_2,a_2i_1i_2)","I(i_1,i_2;a_1i_1i_2,a_2i_1i_2)",2,"R(i_1,i_2;a_1i_1i_2,a_2i_1i_2)","i,i,a,a",";;i_1,i_2;i_1,i_2","7,7,,",7 × 7 × ? × ?,,
2,27,Permute,residual,R,59513,,,384,384,403323328,1381023744,48,,,,,"R(i_1,i_2;a_1i_1i_2,a_2i_1i_2)","R(i_1,i_2;a_1i_1i_2,a_2i_1i_2)",,,,"i,i,a,a",";;i_1,i_2;i_1,i_2","7,7,,",7 × 7 × ? × ?,,
2,28,Tensor,leaf,t,1561,,,792440,792440,403323328,1381023744,99055,98598,-1.4840757848822665,0.08148253559247469,0.02545185787020978,"t(i_1,i_4;a_4i_1i_4,a_3i_1i_4)","t(i_1,i_4;a_4i_1i_4,a_3i_1i_4)",,,,"i,i,a,a",";;i_1,i_4;i_1,i_4","7,7,,",7 × 7 × ? × ?,,
2,28,Product,intermediate,I,2011184,957848,792440,957848,957848,403323328,1381023744,119731,107016,0.002201099398431827,0.0019843052992839926,0.003406766119593838,"I(i_1,i_3,i_2,i_4;a_3i_1i_4) * t(i_1,i_4;a_4i_1i_4,a_3i_1i_4) -> I(i_4,i_3,i_2,i_1;a_4i_1i_4)","I(i_4,i_3,i_2,i_1;a_4i_1i_4)","I(i_1,i_3,i_2,i_4;a_3i_1i_4)","t(i_1,i_4;a_4i_1i_4,a_3i_1i_4)","I(i_4,i_3,i_2,i_1;a_4i_1i_4)","i,i,i,i,a",";;;;i_1,i_4","7,7,7,7,",7 × 7 × 7 × 7 × ?,,
2,28,Product,intermediate,I,2673493,957848,5489512,139048,139048,403323328,1381023744,17381,15288,0.00733193950188971,0.006447479878430472,0.01045227819422447,"I(i_4,i_3,i_2,i_1;a_4i_1i_4) * I(i_2,i_4,i_1;a_1i_1i_2,a_4i_1i_4) -> I(i_3,i_2,i_1;a_1i_1i_2)","I(i_3,i_2,i_1;a_1i_1i_2)","I(i_4,i_3,i_2,i_1;a_4i_1i_4)","I(i_2,i_4,i_1;a_1i_1i_2,a_4i_1i_4)","I(i_3,i_2,i_1;a_1i_1i_2)","i,i,i,a",";;;i_1,i_2","7,7,7,",7 × 7 × 7 × ?,,
2,28,Product,intermediate,I,5951885,139048,400,384,384,403323328,1381023744,48,0,0.0,0.0,0.0,"I(i_3,i_2,i_1;a_1i_1i_2) * I(i_2,i_1,i_3;a_2i_1i_2) -> I(i_2,i_1;a_2i_1i_2,a_1i_1i_2)","I(i_2,i_1;a_2i_1i_2,a_1i_1i_2)","I(i_3,i_2,i_1;a_1i_1i_2)","I(i_2,i_1,i_3;a_2i_1i_2)","I(i_2,i_1;a_2i_1i_2,a_1i_1i_2)","i,i,a,a",";;i_1,i_2;i_1,i_2","7,7,,",7 × 7 × ? × ?,,
2,28,Constant,constant,_const,1842,,,8,8,403323328,1381023744,1,,,,,-4,-4,,,,,,,scalar,8,1
2,28,Product,residual,R,77101,384,8,384,384,403323328,1381023744,48,0,0.0,0.0,0.0,"I(i_2,i_1;a_2i_1i_2,a_1i_1i_2) * -4 -> R(i_2,i_1;a_2i_1i_2,a_1i_1i_2)","R(i_2,i_1;a_2i_1i_2,a_1i_1i_2)","I(i_2,i_1;a_2i_1i_2,a_1i_1i_2)",-4,"R(i_2,i_1;a_2i_1i_2,a_1i_1i_2)","i,i,a,a",";;i_1,i_2;i_1,i_2","7,7,,",7 × 7 × ? × ?,,
2,28,Permute,residual,R,71315,,,384,384,403323328,1381023744,48,,,,,"R(i_2,i_1;a_2i_1i_2,a_1i_1i_2)","R(i_2,i_1;a_2i_1i_2,a_1i_1i_2)",,,,"i,i,a,a",";;i_1,i_2;i_1,i_2","7,7,,",7 × 7 × ? × ?,,
2,29,Tensor,leaf,t,2348,,,792440,792440,403323328,1381023744,99055,98598,-1.4840757848822665,0.08148253559247469,0.02545185787020978,"t(i_4,i_1;a_4i_1i_4,a_3i_1i_4)","t(i_4,i_1;a_4i_1i_4,a_3i_1i_4)",,,,"i,i,a,a",";;i_1,i_4;i_1,i_4","7,7,,",7 × 7 × ? × ?,,
2,29,Product,intermediate,I,2112786,957848,792440,957848,957848,403323328,1381023744,119731,107016,0.01654669733136479,0.001349751312611288,0.003406766119593838,"I(i_1,i_3,i_2,i_4;a_3i_1i_4) * t(i_4,i_1;a_4i_1i_4,a_3i_1i_4) -> I(i_4,i_3,i_2,i_1;a_4i_1i_4)","I(i_4,i_3,i_2,i_1;a_4i_1i_4)","I(i_1,i_3,i_2,i_4;a_3i_1i_4)","t(i_4,i_1;a_4i_1i_4,a_3i_1i_4)","I(i_4,i_3,i_2,i_1;a_4i_1i_4)","i,i,i,i,a",";;;;i_1,i_4","7,7,7,7,",7 × 7 × 7 × 7 × ?,,
2,29,Product,intermediate,I,2778947,957848,5489512,139048,139048,403323328,1381023744,17381,15288,0.012040131191834835,0.0014011102099934353,0.00429635754347521,"I(i_4,i_3,i_2,i_1;a_4i_1i_4) * I(i_2,i_4,i_1;a_1i_1i_2,a_4i_1i_4) -> I(i_3,i_2,i_1;a_1i_1i_2)","I(i_3,i_2,i_1;a_1i_1i_2)","I(i_4,i_3,i_2,i_1;a_4i_1i_4)","I(i_2,i_4,i_1;a_1i_1i_2,a_4i_1i_4)","I(i_3,i_2,i_1;a_1i_1i_2)","i,i,i,a",";;;i_1,i_2","7,7,7,",7 × 7 × 7 × ?,,
2,29,Product,intermediate,I,339640,139048,400,384,384,403323328,1381023744,48,0,0.0,0.0,0.0,"I(i_3,i_2,i_1;a_1i_1i_2) * I(i_2,i_1,i_3;a_2i_1i_2) -> I(i_2,i_1;a_1i_1i_2,a_2i_1i_2)","I(i_2,i_1;a_1i_1i_2,a_2i_1i_2)","I(i_3,i_2,i_1;a_1i_1i_2)","I(i_2,i_1,i_3;a_2i_1i_2)","I(i_2,i_1;a_1i_1i_2,a_2i_1i_2)","i,i,a,a",";;i_1,i_2;i_1,i_2","7,7,,",7 × 7 × ? × ?,,
2,29,Constant,constant,_const,1562,,,8,8,403323328,1381023744,1,,,,,2,2,,,,,,,scalar,8,1
2,29,Product,residual,R,78291,384,8,384,384,403323328,1381023744,48,0,0.0,0.0,0.0,"I(i_2,i_1;a_1i_1i_2,a_2i_1i_2) * 2 -> R(i_2,i_1;a_1i_1i_2,a_2i_1i_2)","R(i_2,i_1;a_1i_1i_2,a_2i_1i_2)","I(i_2,i_1;a_1i_1i_2,a_2i_1i_2)",2,"R(i_2,i_1;a_1i_1i_2,a_2i_1i_2)","i,i,a,a",";;i_1,i_2;i_1,i_2","7,7,,",7 × 7 × ? × ?,,
2,29,Permute,residual,R,73108,,,384,384,403323328,1381023744,48,,,,,"R(i_2,i_1;a_1i_1i_2,a_2i_1i_2)","R(i_2,i_1;a_1i_1i_2,a_2i_1i_2)",,,,"i,i,a,a",";;i_1,i_2;i_1,i_2","7,7,,",7 × 7 × ? × ?,,
2,30,Tensor,leaf,t,2588,,,792440,792440,403323328,1381023744,99055,98598,-1.4840757848822665,0.08148253559247469,0.02545185787020978,"t(i_1,i_3;a_4i_1i_3,a_3i_1i_3)","t(i_1,i_3;a_4i_1i_3,a_3i_1i_3)",,,,"i,i,a,a",";;i_1,i_3;i_1,i_3","7,7,,",7 × 7 × ? × ?,,
2,30,Product,intermediate,I,5350430,957848,792440,957848,957848,403323328,1381023744,119731,107016,0.021430441015721922,0.0008328740899395814,0.003117118270682509,"I(i_1,i_4,i_2,i_3;a_3i_1i_3) * t(i_1,i_3;a_4i_1i_3,a_3i_1i_3) -> I(i_3,i_4,i_2,i_1;a_4i_1i_3)","I(i_3,i_4,i_2,i_1;a_4i_1i_3)","I(i_1,i_4,i_2,i_3;a_3i_1i_3)","t(i_1,i_3;a_4i_1i_3,a_3i_1i_3)","I(i_3,i_4,i_2,i_1;a_4i_1i_3)","i,i,i,i,a",";;;;i_1,i_3","7,7,7,7,",7 × 7 × 7 × 7 × ?,,
2,30,Product,intermediate,I,2766616,957848,5489512,139048,139048,403323328,1381023744,17381,15288,0.02555299679497346,0.0013294673522217814,0.004295754778194526,"I(i_3,i_4,i_2,i_1;a_4i_1i_3) * I(i_2,i_3,i_1;a_1i_1i_2,a_4i_1i_3) -> I(i_4,i_2,i_1;a_1i_1i_2)","I(i_4,i_2,i_1;a_1i_1i_2)","I(i_3,i_4,i_2,i_1;a_4i_1i_3)","I(i_2,i_3,i_1;a_1i_1i_2,a_4i_1i_3)","I(i_4,i_2,i_1;a_1i_1i_2)","i,i,i,a",";;;i_1,i_2","7,7,7,",7 × 7 × 7 × ?,,
2,30,Product,intermediate,I,367576,139048,400,384,384,403323328,1381023744,48,0,0.0,0.0,0.0,"I(i_4,i_2,i_1;a_1i_1i_2) * I(i_2,i_1,i_4;a_2i_1i_2) -> I(i_2,i_1;a_2i_1i_2,a_1i_1i_2)","I(i_2,i_1;a_2i_1i_2,a_1i_1i_2)","I(i_4,i_2,i_1;a_1i_1i_2)","I(i_2,i_1,i_4;a_2i_1i_2)","I(i_2,i_1;a_2i_1i_2,a_1i_1i_2)","i,i,a,a",";;i_1,i_2;i_1,i_2","7,7,,",7 × 7 × ? × ?,,
2,30,Constant,constant,_const,2023,,,8,8,403323328,1381023744,1,,,,,2,2,,,,,,,scalar,8,1
2,30,Product,residual,R,86634,384,8,384,384,403323328,1381023744,48,0,0.0,0.0,0.0,"I(i_2,i_1;a_2i_1i_2,a_1i_1i_2) * 2 -> R(i_2,i_1;a_2i_1i_2,a_1i_1i_2)","R(i_2,i_1;a_2i_1i_2,a_1i_1i_2)","I(i_2,i_1;a_2i_1i_2,a_1i_1i_2)",2,"R(i_2,i_1;a_2i_1i_2,a_1i_1i_2)","i,i,a,a",";;i_1,i_2;i_1,i_2","7,7,,",7 × 7 × ? × ?,,
2,30,Permute,residual,R,60400,,,384,384,403323328,1381023744,48,,,,,"R(i_2,i_1;a_2i_1i_2,a_1i_1i_2)","R(i_2,i_1;a_2i_1i_2,a_1i_1i_2)",,,,"i,i,a,a",";;i_1,i_2;i_1,i_2","7,7,,",7 × 7 × ? × ?,,
2,31,Tensor,leaf,t,2302,,,792440,792440,403323328,1381023744,99055,98598,-1.4840757848822665,0.08148253559247469,0.02545185787020978,"t(i_3,i_1;a_4i_1i_3,a_3i_1i_3)","t(i_3,i_1;a_4i_1i_3,a_3i_1i_3)",,,,"i,i,a,a",";;i_1,i_3;i_1,i_3","7,7,,",7 × 7 × ? × ?,,
2,31,Product,intermediate,I,2724255,957848,792440,957848,957848,403323328,1381023744,119731,107016,0.02819626276353756,0.0007687372743450129,0.003117118270682509,"I(i_1,i_4,i_2,i_3;a_3i_1i_3) * t(i_3,i_1;a_4i_1i_3,a_3i_1i_3) -> I(i_3,i_4,i_2,i_1;a_4i_1i_3)","I(i_3,i_4,i_2,i_1;a_4i_1i_3)","I(i_1,i_4,i_2,i_3;a_3i_1i_3)","t(i_3,i_1;a_4i_1i_3,a_3i_1i_3)","I(i_3,i_4,i_2,i_1;a_4i_1i_3)","i,i,i,i,a",";;;;i_1,i_3","7,7,7,7,",7 × 7 × 7 × 7 × ?,,
2,31,Product,intermediate,I,2577342,957848,5489512,139048,139048,403323328,1381023744,17381,15288,0.020991249594667038,0.0007938581731439289,0.003290336747736983,"I(i_3,i_4,i_2,i_1;a_4i_1i_3) * I(i_3,i_2,i_1;a_4i_1i_3,a_2i_1i_2) -> I(i_4,i_2,i_1;a_2i_1i_2)","I(i_4,i_2,i_1;a_2i_1i_2)","I(i_3,i_4,i_2,i_1;a_4i_1i_3)","I(i_3,i_2,i_1;a_4i_1i_3,a_2i_1i_2)","I(i_4,i_2,i_1;a_2i_1i_2)","i,i,i,a",";;;i_1,i_2","7,7,7,",7 × 7 × 7 × ?,,
2,31,Product,intermediate,I,5233708,139048,400,384,384,403323328,1381023744,48,0,0.0,0.0,0.0,"I(i_4,i_2,i_1;a_2i_1i_2) * I(i_2,i_1,i_4;a_1i_1i_2) -> I(i_2,i_1;a_2i_1i_2,a_1i_1i_2)","I(i_2,i_1;a_2i_1i_2,a_1i_1i_2)","I(i_4,i_2,i_1;a_2i_1i_2)","I(i_2,i_1,i_4;a_1i_1i_2)","I(i_2,i_1;a_2i_1i_2,a_1i_1i_2)","i,i,a,a",";;i_1,i_2;i_1,i_2","7,7,,",7 × 7 × ? × ?,,
2,31,Constant,constant,_const,1887,,,8,8,403323328,1381023744,1,,,,,2,2,,,,,,,scalar,8,1
2,31,Product,residual,R,105631,384,8,384,384,403323328,1381023744,48,0,0.0,0.0,0.0,"I(i_2,i_1;a_2i_1i_2,a_1i_1i_2) * 2 -> R(i_2,i_1;a_2i_1i_2,a_1i_1i_2)","R(i_2,i_1;a_2i_1i_2,a_1i_1i_2)","I(i_2,i_1;a_2i_1i_2,a_1i_1i_2)",2,"R(i_2,i_1;a_2i_1i_2,a_1i_1i_2)","i,i,a,a",";;i_1,i_2;i_1,i_2","7,7,,",7 × 7 × ? × ?,,
2,31,Permute,residual,R,64918,,,384,384,403323328,1381023744,48,,,,,"R(i_2,i_1;a_2i_1i_2,a_1i_1i_2)","R(i_2,i_1;a_2i_1i_2,a_1i_1i_2)",,,,"i,i,a,a",";;i_1,i_2;i_1,i_2","7,7,,",7 × 7 × ? × ?,,
2,32,Product,intermediate,I,205853,334432,432,432,432,403323328,1381023744,54,0,0.0,0.0,0.0,"I(i_3,i_2,i_4,μ̃_19711) * I(μ̃_19711,i_1) -> I(i_3,i_2,i_4,i_1)","I(i_3,i_2,i_4,i_1)","I(i_3,i_2,i_4,μ̃_19711)","I(μ̃_19711,i_1)","I(i_3,i_2,i_4,i_1)","i,i,i,i",;;;,"7,7,7,7",7 × 7 × 7 × 7,19208,0.0224906
2,32,Product,intermediate,I,304134,432,400,400,400,403323328,1381023744,50,0,0.0,0.0,0.0,"I(i_3,i_2,i_4,i_1) * I(i_2,i_1,i_4;a_1i_1i_2) -> I(i_3,i_2,i_1;a_1i_1i_2)","I(i_3,i_2,i_1;a_1i_1i_2)","I(i_3,i_2,i_4,i_1)","I(i_2,i_1,i_4;a_1i_1i_2)","I(i_3,i_2,i_1;a_1i_1i_2)","i,i,i,a",";;;i_1,i_2","7,7,7,",7 × 7 × 7 × ?,,
2,32,Product,intermediate,I,297047,400,400,384,384,403323328,1381023744,48,0,0.0,0.0,0.0,"I(i_3,i_2,i_1;a_1i_1i_2) * I(i_2,i_1,i_3;a_2i_1i_2) -> I(i_2,i_1;a_2i_1i_2,a_1i_1i_2)","I(i_2,i_1;a_2i_1i_2,a_1i_1i_2)","I(i_3,i_2,i_1;a_1i_1i_2)","I(i_2,i_1,i_3;a_2i_1i_2)","I(i_2,i_1;a_2i_1i_2,a_1i_1i_2)","i,i,a,a",";;i_1,i_2;i_1,i_2","7,7,,",7 × 7 × ? × ?,,
2,32,Constant,constant,_const,1382,,,8,8,403323328,1381023744,1,,,,,2,2,,,,,,,scalar,8,1
2,32,Product,residual,R,60581,384,8,384,384,403323328,1381023744,48,0,0.0,0.0,0.0,"I(i_2,i_1;a_2i_1i_2,a_1i_1i_2) * 2 -> R(i_2,i_1;a_2i_1i_2,a_1i_1i_2)","R(i_2,i_1;a_2i_1i_2,a_1i_1i_2)","I(i_2,i_1;a_2i_1i_2,a_1i_1i_2)",2,"R(i_2,i_1;a_2i_1i_2,a_1i_1i_2)","i,i,a,a",";;i_1,i_2;i_1,i_2","7,7,,",7 × 7 × ? × ?,,
2,32,Permute,residual,R,66309,,,384,384,403323328,1381023744,48,,,,,"R(i_2,i_1;a_2i_1i_2,a_1i_1i_2)","R(i_2,i_1;a_2i_1i_2,a_1i_1i_2)",,,,"i,i,a,a",";;i_1,i_2;i_1,i_2","7,7,,",7 × 7 × ? × ?,,
2,33,Tensor,leaf,C,13277,,,2207664,2207664,403323328,1381023744,275958,246870,-5695.615034274957,223631163.21246105,731.2730436956697,"C(i_4,i_3,μ̃_19902;a_5i_3i_4)","C(i_4,i_3,μ̃_19902;a_5i_3i_4)",,,,"i,i,μ̃,a",";;;i_3,i_4","7,7,114,",7 × 7 × 114 × ?,,
2,33,Tensor,leaf,t,1690,,,792440,792440,403323328,1381023744,99055,98598,-1.4840757848822665,0.08148253559247469,0.02545185787020978,"t(i_4,i_3;a_5i_3i_4,a_4i_3i_4)","t(i_4,i_3;a_5i_3i_4,a_4i_3i_4)",,,,"i,i,a,a",";;i_3,i_4;i_3,i_4","7,7,,",7 × 7 × ? × ?,,
2,33,Product,intermediate,I,18895621,2207664,792440,2207664,2207664,406323000,1381023744,275958,246870,25.00802873491242,219.3823073828343,0.7826169326038676,"C(i_4,i_3,μ̃_19902;a_5i_3i_4) * t(i_4,i_3;a_5i_3i_4,a_4i_3i_4) -> I(μ̃_19902,i_4,i_3;a_4i_3i_4)","I(μ̃_19902,i_4,i_3;a_4i_3i_4)","C(i_4,i_3,μ̃_19902;a_5i_3i_4)","t(i_4,i_3;a_5i_3i_4,a_4i_3i_4)","I(μ̃_19902,i_4,i_3;a_4i_3i_4)","μ̃,i,i,a",";;;i_3,i_4","114,7,7,",114 × 7 × 7 × ?,,
2,33,Tensor,leaf,C,12401,,,2207664,2207664,406323000,1381023744,275958,246870,-5695.615034274957,223631163.21246105,731.2730436956697,"C(i_4,i_3,μ̃_19903;a_4i_3i_4)","C(i_4,i_3,μ̃_19903;a_4i_3i_4)",,,,"i,i,μ̃,a",";;;i_3,i_4","7,7,114,",7 × 7 × 114 × ?,,
2,33,Product,intermediate,I,208035434,2207664,2207664,5179792,5179792,410710352,1385619456,647474,624978,-59211.70462581317,45830113.04564836,682.6461434585951,"I(μ̃_19902,i_4,i_3;a_4i_3i_4) * C(i_4,i_3,μ̃_19903;a_4i_3i_4) -> I(μ̃_19903,μ̃_19902,i_3,i_4)","I(μ̃_19903,μ̃_19902,i_3,i_4)","I(μ̃_19902,i_4,i_3;a_4i_3i_4)","C(i_4,i_3,μ̃_19903;a_4i_3i_4)","I(μ̃_19903,μ̃_19902,i_3,i_4)","μ̃,μ̃,i,i",;;;,"114,114,7,7",114 × 114 × 7 × 7,5094432,1.01676
2,33,Product,intermediate,I,341717,432,5179792,1392,1392,410710352,1385619456,174,0,0.0,0.0,0.0,"I(i_3,i_1,i_4,i_2) * I(μ̃_19903,μ̃_19902,i_3,i_4) -> I(i_1,μ̃_19902,μ̃_19903,i_2)","I(i_1,μ̃_19902,μ̃_19903,i_2)","I(i_3,i_1,i_4,i_2)","I(μ̃_19903,μ̃_19902,i_3,i_4)","I(i_1,μ̃_19902,μ̃_19903,i_2)","i,μ̃,μ̃,i",;;;,"7,114,114,7",7 × 114 × 114 × 7,5094432,0.000273239
2,33,Product,intermediate,I,486816,1392,2226240,496,496,410710352,1385619456,62,0,0.0,0.0,0.0,"I(i_1,μ̃_19902,μ̃_19903,i_2) * I(i_2,i_1,μ̃_19902;a_2i_1i_2) -> I(i_1,μ̃_19903,i_2;a_2i_1i_2)","I(i_1,μ̃_19903,i_2;a_2i_1i_2)","I(i_1,μ̃_19902,μ̃_19903,i_2)","I(i_2,i_1,μ̃_19902;a_2i_1i_2)","I(i_1,μ̃_19903,i_2;a_2i_1i_2)","i,μ̃,i,a",";;;i_1,i_2","7,114,7,",7 × 114 × 7 × ?,,
2,33,Product,intermediate,I,389376,496,2226240,384,384,410710352,1385619456,48,0,0.0,0.0,0.0,"I(i_1,μ̃_19903,i_2;a_2i_1i_2) * I(i_2,i_1,μ̃_19903;a_1i_1i_2) -> I(i_1,i_2;a_2i_1i_2,a_1i_1i_2)","I(i_1,i_2;a_2i_1i_2,a_1i_1i_2)","I(i_1,μ̃_19903,i_2;a_2i_1i_2)","I(i_2,i_1,μ̃_19903;a_1i_1i_2)","I(i_1,i_2;a_2i_1i_2,a_1i_1i_2)","i,i,a,a",";;i_1,i_2;i_1,i_2","7,7,,",7 × 7 × ? × ?,,
2,33,Constant,constant,_const,1957,,,8,8,410710352,1385619456,1,,,,,2,2,,,,,,,scalar,8,1
2,33,Product,residual,R,61534,384,8,384,384,410710352,1385619456,48,0,0.0,0.0,0.0,"I(i_1,i_2;a_2i_1i_2,a_1i_1i_2) * 2 -> R(i_1,i_2;a_2i_1i_2,a_1i_1i_2)","R(i_1,i_2;a_2i_1i_2,a_1i_1i_2)","I(i_1,i_2;a_2i_1i_2,a_1i_1i_2)",2,"R(i_1,i_2;a_2i_1i_2,a_1i_1i_2)","i,i,a,a",";;i_1,i_2;i_1,i_2","7,7,,",7 × 7 × ? × ?,,
2,33,Permute,residual,R,58309,,,384,384,410710352,1385619456,48,,,,,"R(i_1,i_2;a_2i_1i_2,a_1i_1i_2)","R(i_1,i_2;a_2i_1i_2,a_1i_1i_2)",,,,"i,i,a,a",";;i_1,i_2;i_1,i_2","7,7,,",7 × 7 × ? × ?,,
2,34,Product,intermediate,I,295206,334432,432,384,384,410710352,1385619456,48,0,0.0,0.0,0.0,"I(i_3,i_2,i_4,μ̃_19767) * I(μ̃_19767,i_3) -> I(i_4,i_2)","I(i_4,i_2)","I(i_3,i_2,i_4,μ̃_19767)","I(μ̃_19767,i_3)","I(i_4,i_2)","i,i",;,"7,7",7 × 7,392,0.979592
2,34,Product,intermediate,I,256974,384,5489512,400,400,410710352,1385619456,50,0,0.0,0.0,0.0,"I(i_4,i_2) * I(i_2,i_4,i_1;a_1i_1i_2,a_4i_1i_4) -> I(i_1,i_2,i_4;a_1i_1i_2,a_4i_1i_4)","I(i_1,i_2,i_4;a_1i_1i_2,a_4i_1i_4)","I(i_4,i_2)","I(i_2,i_4,i_1;a_1i_1i_2,a_4i_1i_4)","I(i_1,i_2,i_4;a_1i_1i_2,a_4i_1i_4)","i,i,i,a,a",";;;i_1,i_2;i_1,i_4","7,7,7,,",7 × 7 × 7 × ? × ?,,
2,34,Tensor,leaf,t,2355,,,792440,792440,410710352,1385619456,99055,98598,-1.4840757848822665,0.08148253559247469,0.02545185787020978,"t(i_4,i_1;a_5i_1i_4,a_4i_1i_4)","t(i_4,i_1;a_5i_1i_4,a_4i_1i_4)",,,,"i,i,a,a",";;i_1,i_4;i_1,i_4","7,7,,",7 × 7 × ? × ?,,
2,34,Product,intermediate,I,5528604,5489512,792440,5489512,5489512,414784640,1385619456,686189,684096,-2.406427843366528,0.5386679350549038,0.026072170273583467,"I(i_4,i_2,i_1;a_5i_1i_4,a_2i_1i_2) * t(i_4,i_1;a_5i_1i_4,a_4i_1i_4) -> I(i_2,i_4,i_1;a_2i_1i_2,a_4i_1i_4)","I(i_2,i_4,i_1;a_2i_1i_2,a_4i_1i_4)","I(i_4,i_2,i_1;a_5i_1i_4,a_2i_1i_2)","t(i_4,i_1;a_5i_1i_4,a_4i_1i_4)","I(i_2,i_4,i_1;a_2i_1i_2,a_4i_1i_4)","i,i,i,a,a",";;;i_1,i_2;i_1,i_4","7,7,7,,",7 × 7 × 7 × ? × ?,,
2,34,Product,intermediate,I,362063,400,5489512,384,384,414784640,1385619456,48,0,0.0,0.0,0.0,"I(i_1,i_2,i_4;a_1i_1i_2,a_4i_1i_4) * I(i_2,i_4,i_1;a_2i_1i_2,a_4i_1i_4) -> I(i_2,i_1;a_2i_1i_2,a_1i_1i_2)","I(i_2,i_1;a_2i_1i_2,a_1i_1i_2)","I(i_1,i_2,i_4;a_1i_1i_2,a_4i_1i_4)","I(i_2,i_4,i_1;a_2i_1i_2,a_4i_1i_4)","I(i_2,i_1;a_2i_1i_2,a_1i_1i_2)","i,i,a,a",";;i_1,i_2;i_1,i_2","7,7,,",7 × 7 × ? × ?,,
2,34,Constant,constant,_const,1813,,,8,8,414784640,1385619456,1,,,,,2,2,,,,,,,scalar,8,1
2,34,Product,residual,R,62678,384,8,384,384,414784640,1385619456,48,0,0.0,0.0,0.0,"I(i_2,i_1;a_2i_1i_2,a_1i_1i_2) * 2 -> R(i_2,i_1;a_2i_1i_2,a_1i_1i_2)","R(i_2,i_1;a_2i_1i_2,a_1i_1i_2)","I(i_2,i_1;a_2i_1i_2,a_1i_1i_2)",2,"R(i_2,i_1;a_2i_1i_2,a_1i_1i_2)","i,i,a,a",";;i_1,i_2;i_1,i_2","7,7,,",7 × 7 × ? × ?,,
2,34,Permute,residual,R,54028,,,384,384,414784640,1385619456,48,,,,,"R(i_2,i_1;a_2i_1i_2,a_1i_1i_2)","R(i_2,i_1;a_2i_1i_2,a_1i_1i_2)",,,,"i,i,a,a",";;i_1,i_2;i_1,i_2","7,7,,",7 × 7 × ? × ?,,
2,35,Product,intermediate,I,524618,139048,400,384,384,414784640,1385619456,48,0,0.0,0.0,0.0,"I(i_3,i_2,i_1;a_2i_1i_2) * I(i_2,i_1,i_3;a_1i_1i_2) -> I(i_2,i_1;a_2i_1i_2,a_1i_1i_2)","I(i_2,i_1;a_2i_1i_2,a_1i_1i_2)","I(i_3,i_2,i_1;a_2i_1i_2)","I(i_2,i_1,i_3;a_1i_1i_2)","I(i_2,i_1;a_2i_1i_2,a_1i_1i_2)","i,i,a,a",";;i_1,i_2;i_1,i_2","7,7,,",7 × 7 × ? × ?,,
2,35,Constant,constant,_const,975,,,8,8,414784640,1385619456,1,,,,,-2,-2,,,,,,,scalar,8,1
2,35,Product,residual,R,53118,384,8,384,384,414784640,1385619456,48,0,0.0,0.0,0.0,"I(i_2,i_1;a_2i_1i_2,a_1i_1i_2) * -2 -> R(i_2,i_1;a_2i_1i_2,a_1i_1i_2)","R(i_2,i_1;a_2i_1i_2,a_1i_1i_2)","I(i_2,i_1;a_2i_1i_2,a_1i_1i_2)",-2,"R(i_2,i_1;a_2i_1i_2,a_1i_1i_2)","i,i,a,a",";;i_1,i_2;i_1,i_2","7,7,,",7 × 7 × ? × ?,,
2,35,Permute,residual,R,60768,,,384,384,414784640,1385619456,48,,,,,"R(i_2,i_1;a_2i_1i_2,a_1i_1i_2)","R(i_2,i_1;a_2i_1i_2,a_1i_1i_2)",,,,"i,i,a,a",";;i_1,i_2;i_1,i_2","7,7,,",7 × 7 × ? × ?,,
2,36,Product,intermediate,I,101845467,5179792,5179792,24888,24888,414784640,1385619456,3111,2401,-0.40341150913700163,0.005206510842175392,0.02545698653730173,"I(i_4,i_3,μ̃_19701,μ̃_19700) * I(μ̃_19701,μ̃_19700,i_2,i_1) -> I(i_4,i_3,i_2,i_1)","I(i_4,i_3,i_2,i_1)","I(i_4,i_3,μ̃_19701,μ̃_19700)","I(μ̃_19701,μ̃_19700,i_2,i_1)","I(i_4,i_3,i_2,i_1)","i,i,i,i",;;;,"7,7,7,7",7 × 7 × 7 × 7,19208,1.29571
2,36,Product,intermediate,I,19219119,24888,5179792,5179792,5179792,419196880,1385619456,647474,636804,1152.7190693928903,26462.72880488429,19.211996826406427,"I(i_4,i_3,i_2,i_1) * I(μ̃_19704,μ̃_19702,i_4,i_3) -> I(μ̃_19704,μ̃_19702,i_2,i_1)","I(μ̃_19704,μ̃_19702,i_2,i_1)","I(i_4,i_3,i_2,i_1)","I(μ̃_19704,μ̃_19702,i_4,i_3)","I(μ̃_19704,μ̃_19702,i_2,i_1)","μ̃,μ̃,i,i",;;;,"114,114,7,7",114 × 114 × 7 × 7,5094432,1.01676
2,36,Product,intermediate,I,13890887,5179792,2226240,2226240,2226240,421423120,1385619456,278280,248976,0.04596758889984209,0.03644555924664064,0.019023764038335132,"I(μ̃_19704,μ̃_19702,i_2,i_1) * I(i_2,i_1,μ̃_19702;a_1i_1i_2) -> I(μ̃_19704,i_2,i_1;a_1i_1i_2)","I(μ̃_19704,i_2,i_1;a_1i_1i_2)","I(μ̃_19704,μ̃_19702,i_2,i_1)","I(i_2,i_1,μ̃_19702;a_1i_1i_2)","I(μ̃_19704,i_2,i_1;a_1i_1i_2)","μ̃,i,i,a",";;;i_1,i_2","114,7,7,",114 × 7 × 7 × ?,,
2,36,Product,residual,R,4691706,2226240,2226240,792440,792440,421423120,1385619456,99055,98598,0.06357940759712839,4.505749776689657e-05,0.0007691579815080148,"I(μ̃_19704,i_2,i_1;a_1i_1i_2) * I(i_2,i_1,μ̃_19704;a_2i_1i_2) -> R(i_2,i_1;a_2i_1i_2,a_1i_1i_2)","R(i_2,i_1;a_2i_1i_2,a_1i_1i_2)","I(μ̃_19704,i_2,i_1;a_1i_1i_2)","I(i_2,i_1,μ̃_19704;a_2i_1i_2)","R(i_2,i_1;a_2i_1i_2,a_1i_1i_2)","i,i,a,a",";;i_1,i_2;i_1,i_2","7,7,,",7 × 7 × ? × ?,,
2,36,Permute,residual,R,163463,,,792440,792440,421423120,1385619456,99055,,,,,"R(i_2,i_1;a_2i_1i_2,a_1i_1i_2)","R(i_2,i_1;a_2i_1i_2,a_1i_1i_2)",,,,"i,i,a,a",";;i_1,i_2;i_1,i_2","7,7,,",7 × 7 × ? × ?,,
2,37,Product,intermediate,I,196475,496,496,432,432,421423120,1385619456,54,0,0.0,0.0,0.0,"I(i_3,i_1,Κ_1) * I(i_4,i_2,Κ_1) -> I(i_4,i_3,i_2,i_1)","I(i_4,i_3,i_2,i_1)","I(i_3,i_1,Κ_1)","I(i_4,i_2,Κ_1)","I(i_4,i_3,i_2,i_1)","i,i,i,i",;;;,"7,7,7,7",7 × 7 × 7 × 7,19208,0.0224906
2,37,Product,intermediate,I,331846,432,5179792,1392,1392,421423120,1385619456,174,0,0.0,0.0,0.0,"I(i_4,i_3,i_2,i_1) * I(μ̃_19734,μ̃_19732,i_4,i_3) -> I(μ̃_19734,μ̃_19732,i_2,i_1)","I(μ̃_19734,μ̃_19732,i_2,i_1)","I(i_4,i_3,i_2,i_1)","I(μ̃_19734,μ̃_19732,i_4,i_3)","I(μ̃_19734,μ̃_19732,i_2,i_1)","μ̃,μ̃,i,i",;;;,"114,114,7,7",114 × 114 × 7 × 7,5094432,0.000273239
2,37,Product,intermediate,I,475471,1392,2226240,496,496,421423120,1385619456,62,0,0.0,0.0,0.0,"I(μ̃_19734,μ̃_19732,i_2,i_1) * I(i_2,i_1,μ̃_19732;a_1i_1i_2) -> I(μ̃_19734,i_1,i_2;a_1i_1i_2)","I(μ̃_19734,i_1,i_2;a_1i_1i_2)","I(μ̃_19734,μ̃_19732,i_2,i_1)","I(i_2,i_1,μ̃_19732;a_1i_1i_2)","I(μ̃_19734,i_1,i_2;a_1i_1i_2)","μ̃,i,i,a",";;;i_1,i_2","114,7,7,",114 × 7 × 7 × ?,,
2,37,Product,residual,R,407238,496,2226240,384,384,421423120,1385619456,48,0,0.0,0.0,0.0,"I(μ̃_19734,i_1,i_2;a_1i_1i_2) * I(i_2,i_1,μ̃_19734;a_2i_1i_2) -> R(i_2,i_1;a_2i_1i_2,a_1i_1i_2)","R(i_2,i_1;a_2i_1i_2,a_1i_1i_2)","I(μ̃_19734,i_1,i_2;a_1i_1i_2)","I(i_2,i_1,μ̃_19734;a_2i_1i_2)","R(i_2,i_1;a_2i_1i_2,a_1i_1i_2)","i,i,a,a",";;i_1,i_2;i_1,i_2","7,7,,",7 × 7 × ? × ?,,
2,37,Permute,residual,R,68616,,,384,384,421423120,1385619456,48,,,,,"R(i_2,i_1;a_2i_1i_2,a_1i_1i_2)","R(i_2,i_1;a_2i_1i_2,a_1i_1i_2)",,,,"i,i,a,a",";;i_1,i_2;i_1,i_2","7,7,,",7 × 7 × ? × ?,,
2,38,Product,intermediate,I,315634,432,400,400,400,421423120,1385619456,50,0,0.0,0.0,0.0,"I(i_4,i_3,i_2,i_1) * I(i_2,i_1,i_3;a_1i_1i_2) -> I(i_4,i_1,i_2;a_1i_1i_2)","I(i_4,i_1,i_2;a_1i_1i_2)","I(i_4,i_3,i_2,i_1)","I(i_2,i_1,i_3;a_1i_1i_2)","I(i_4,i_1,i_2;a_1i_1i_2)","i,i,i,a",";;;i_1,i_2","7,7,7,",7 × 7 × 7 × ?,,
2,38,Product,residual,R,324310,400,400,384,384,421423120,1385619456,48,0,0.0,0.0,0.0,"I(i_4,i_1,i_2;a_1i_1i_2) * I(i_2,i_1,i_4;a_2i_1i_2) -> R(i_2,i_1;a_2i_1i_2,a_1i_1i_2)","R(i_2,i_1;a_2i_1i_2,a_1i_1i_2)","I(i_4,i_1,i_2;a_1i_1i_2)","I(i_2,i_1,i_4;a_2i_1i_2)","R(i_2,i_1;a_2i_1i_2,a_1i_1i_2)","i,i,a,a",";;i_1,i_2;i_1,i_2","7,7,,",7 × 7 × ? × ?,,
2,38,Permute,residual,R,66716,,,384,384,421423120,1385619456,48,,,,,"R(i_2,i_1;a_2i_1i_2,a_1i_1i_2)","R(i_2,i_1;a_2i_1i_2,a_1i_1i_2)",,,,"i,i,a,a",";;i_1,i_2;i_1,i_2","7,7,,",7 × 7 × ? × ?,,
2,39,Product,intermediate,I,158371521,83306800,5179792,334432,334432,421423120,1385619456,41804,39102,-0.10198417186990022,0.00416880111514208,0.005800905353020304,"I(i_3,μ̃_19737,μ̃_19736,μ̃_19735) * I(μ̃_19736,μ̃_19735,i_1,i_2) -> I(i_3,μ̃_19737,i_1,i_2)","I(i_3,μ̃_19737,i_1,i_2)","I(i_3,μ̃_19737,μ̃_19736,μ̃_19735)","I(μ̃_19736,μ̃_19735,i_1,i_2)","I(i_3,μ̃_19737,i_1,i_2)","i,μ̃,i,i",;;;,"7,114,7,7",7 × 114 × 7 × 7,312816,1.0691
2,39,Tensor,leaf,C,33607,,,2207664,2207664,421423120,1385619456,275958,246870,-5695.615034274957,223631163.21246105,731.2730436956697,"C(i_2,i_1,μ̃_19737;a_1i_1i_2)","C(i_2,i_1,μ̃_19737;a_1i_1i_2)",,,,"i,i,μ̃,a",";;;i_1,i_2","7,7,114,",7 × 7 × 114 × ?,,
2,39,Product,intermediate,I,3046799,334432,2207664,139048,139048,421423120,1385619456,17381,15288,0.03226117268054516,0.002639073399617972,0.007558998748303751,"I(i_3,μ̃_19737,i_1,i_2) * C(i_2,i_1,μ̃_19737;a_1i_1i_2) -> I(i_3,i_1,i_2;a_1i_1i_2)","I(i_3,i_1,i_2;a_1i_1i_2)","I(i_3,μ̃_19737,i_1,i_2)","C(i_2,i_1,μ̃_19737;a_1i_1i_2)","I(i_3,i_1,i_2;a_1i_1i_2)","i,i,i,a",";;;i_1,i_2","7,7,7,",7 × 7 × 7 × ?,,
2,39,Product,intermediate,I,335624,139048,400,384,384,421423120,1385619456,48,0,0.0,0.0,0.0,"I(i_3,i_1,i_2;a_1i_1i_2) * I(i_2,i_1,i_3;a_2i_1i_2) -> I(i_1,i_2;a_1i_1i_2,a_2i_1i_2)","I(i_1,i_2;a_1i_1i_2,a_2i_1i_2)","I(i_3,i_1,i_2;a_1i_1i_2)","I(i_2,i_1,i_3;a_2i_1i_2)","I(i_1,i_2;a_1i_1i_2,a_2i_1i_2)","i,i,a,a",";;i_1,i_2;i_1,i_2","7,7,,",7 × 7 × ? × ?,,
2,39,Constant,constant,_const,1530,,,8,8,421423120,1385619456,1,,,,,-2,-2,,,,,,,scalar,8,1
2,39,Product,residual,R,74736,384,8,384,384,421423120,1385619456,48,0,0.0,0.0,0.0,"I(i_1,i_2;a_1i_1i_2,a_2i_1i_2) * -2 -> R(i_1,i_2;a_1i_1i_2,a_2i_1i_2)","R(i_1,i_2;a_1i_1i_2,a_2i_1i_2)","I(i_1,i_2;a_1i_1i_2,a_2i_1i_2)",-2,"R(i_1,i_2;a_1i_1i_2,a_2i_1i_2)","i,i,a,a",";;i_1,i_2;i_1,i_2","7,7,,",7 × 7 × ? × ?,,
2,39,Permute,residual,R,67226,,,384,384,421423120,1385619456,48,,,,,"R(i_1,i_2;a_1i_1i_2,a_2i_1i_2)","R(i_1,i_2;a_1i_1i_2,a_2i_1i_2)",,,,"i,i,a,a",";;i_1,i_2;i_1,i_2","7,7,,",7 × 7 × ? × ?,,
2,40,Product,intermediate,I,388939,24888,400,400,400,421423120,1385619456,50,0,0.0,0.0,0.0,"I(i_4,i_3,i_2,i_1) * I(i_2,i_1,i_3;a_1i_1i_2) -> I(i_4,i_1,i_2;a_1i_1i_2)","I(i_4,i_1,i_2;a_1i_1i_2)","I(i_4,i_3,i_2,i_1)","I(i_2,i_1,i_3;a_1i_1i_2)","I(i_4,i_1,i_2;a_1i_1i_2)","i,i,i,a",";;;i_1,i_2","7,7,7,",7 × 7 × 7 × ?,,
2,40,Product,residual,R,321719,400,400,384,384,421423120,1385619456,48,0,0.0,0.0,0.0,"I(i_4,i_1,i_2;a_1i_1i_2) * I(i_2,i_1,i_4;a_2i_1i_2) -> R(i_2,i_1;a_2i_1i_2,a_1i_1i_2)","R(i_2,i_1;a_2i_1i_2,a_1i_1i_2)","I(i_4,i_1,i_2;a_1i_1i_2)","I(i_2,i_1,i_4;a_2i_1i_2)","R(i_2,i_1;a_2i_1i_2,a_1i_1i_2)","i,i,a,a",";;i_1,i_2;i_1,i_2","7,7,,",7 × 7 × ? × ?,,
2,40,Permute,residual,R,168840,,,384,384,421423120,1385619456,48,,,,,"R(i_2,i_1;a_2i_1i_2,a_1i_1i_2)","R(i_2,i_1;a_2i_1i_2,a_1i_1i_2)",,,,"i,i,a,a",";;i_1,i_2;i_1,i_2","7,7,,",7 × 7 × ? × ?,,
2,41,Product,intermediate,I,138907774,5490816,2207664,1843152,1843152,421423120,1385619456,230394,225036,-2.9734681385425206,3.7811793884181117,0.11018399714954613,"I(i_1,i_3,Κ_1;a_3i_1i_3) * I(μ̃_19779,i_3,i_1;a_3i_1i_3) -> I(μ̃_19779,i_1,Κ_1)","I(μ̃_19779,i_1,Κ_1)","I(i_1,i_3,Κ_1;a_3i_1i_3)","I(μ̃_19779,i_3,i_1;a_3i_1i_3)","I(μ̃_19779,i_1,Κ_1)","μ̃,i,Κ",;;,"114,7,282",114 × 7 × 282,1800288,1.02381
2,41,Product,intermediate,I,18735227,1843152,2226240,5490816,5490816,421423120,1385619456,686352,615888,-0.14667093646251644,0.061122079642838965,0.0062680304097628295,"I(μ̃_19779,i_1,Κ_1) * I(i_2,i_1,μ̃_19779;a_1i_1i_2) -> I(i_2,i_1,Κ_1;a_1i_1i_2)","I(i_2,i_1,Κ_1;a_1i_1i_2)","I(μ̃_19779,i_1,Κ_1)","I(i_2,i_1,μ̃_19779;a_1i_1i_2)","I(i_2,i_1,Κ_1;a_1i_1i_2)","i,i,Κ,a",";;;i_1,i_2","7,7,282,",7 × 7 × 282 × ?,,
2,41,Product,intermediate,I,144955730,5490816,2207664,1843152,1843152,423169320,1385619456,230394,225036,2.4681021415498146,16.65957295916669,0.2520611847156947,"I(i_2,i_4,Κ_1;a_4i_2i_4) * I(μ̃_19781,i_2,i_4;a_4i_2i_4) -> I(μ̃_19781,i_2,Κ_1)","I(μ̃_19781,i_2,Κ_1)","I(i_2,i_4,Κ_1;a_4i_2i_4)","I(μ̃_19781,i_2,i_4;a_4i_2i_4)","I(μ̃_19781,i_2,Κ_1)","μ̃,i,Κ",;;,"114,7,282",114 × 7 × 282,1800288,1.02381
2,41,Product,intermediate,I,28752886,5490816,1843152,2226240,2226240,425395560,1385619456,278280,248976,-0.2615092370892522,0.00942400435694269,0.005385737696388842,"I(i_2,i_1,Κ_1;a_1i_1i_2) * I(μ̃_19781,i_2,Κ_1) -> I(μ̃_19781,i_1,i_2;a_1i_1i_2)","I(μ̃_19781,i_1,i_2;a_1i_1i_2)","I(i_2,i_1,Κ_1;a_1i_1i_2)","I(μ̃_19781,i_2,Κ_1)","I(μ̃_19781,i_1,i_2;a_1i_1i_2)","μ̃,i,i,a",";;;i_1,i_2","114,7,7,",114 × 7 × 7 × ?,,
2,41,Product,intermediate,I,4353691,2226240,2226240,792440,792440,426188000,1385619456,99055,98598,0.005941381136535102,1.9439596282822988e-05,0.0005088522314702333,"I(μ̃_19781,i_1,i_2;a_1i_1i_2) * I(i_2,i_1,μ̃_19781;a_2i_1i_2) -> I(i_2,i_1;a_1i_1i_2,a_2i_1i_2)","I(i_2,i_1;a_1i_1i_2,a_2i_1i_2)","I(μ̃_19781,i_1,i_2;a_1i_1i_2)","I(i_2,i_1,μ̃_19781;a_2i_1i_2)","I(i_2,i_1;a_1i_1i_2,a_2i_1i_2)","i,i,a,a",";;i_1,i_2;i_1,i_2","7,7,,",7 × 7 × ? × ?,,
2,41,Constant,constant,_const,2137,,,8,8,426188000,1385619456,1,,,,,-4,-4,,,,,,,scalar,8,1
2,41,Product,residual,R,155478,792440,8,792440,792440,426188000,1385619456,99055,98598,-0.023765524546140407,0.0003110335405251678,0.0020354089258809334,"I(i_2,i_1;a_1i_1i_2,a_2i_1i_2) * -4 -> R(i_2,i_1;a_1i_1i_2,a_2i_1i_2)","R(i_2,i_1;a_1i_1i_2,a_2i_1i_2)","I(i_2,i_1;a_1i_1i_2,a_2i_1i_2)",-4,"R(i_2,i_1;a_1i_1i_2,a_2i_1i_2)","i,i,a,a",";;i_1,i_2;i_1,i_2","7,7,,",7 × 7 × ? × ?,,
2,41,Permute,residual,R,123841,,,792440,792440,426188000,1385619456,99055,,,,,"R(i_2,i_1;a_1i_1i_2,a_2i_1i_2)","R(i_2,i_1;a_1i_1i_2,a_2i_1i_2)",,,,"i,i,a,a",";;i_1,i_2;i_1,i_2","7,7,,",7 × 7 × ? × ?,,
2,42,Tensor,leaf,g,14664,,,29489328,29489328,452658648,1385619456,3686166,3664872,328.03408291046196,123.92989425956745,0.8503952014554764,"g(μ̃_19895,μ̃_19896,Κ_1)","g(μ̃_19895,μ̃_19896,Κ_1)",,,,"μ̃,μ̃,Κ",;;,"114,114,282",114 × 114 × 282,29318976,1.00581
2,42,Product,intermediate,I,399534,29489328,432,880,880,452659528,1385619456,110,0,0.0,0.0,0.0,"g(μ̃_19895,μ̃_19896,Κ_1) * I(μ̃_19895,i_2) -> I(μ̃_19896,i_2,Κ_1)","I(μ̃_19896,i_2,Κ_1)","g(μ̃_19895,μ̃_19896,Κ_1)","I(μ̃_19895,i_2)","I(μ̃_19896,i_2,Κ_1)","μ̃,i,Κ",;;,"114,7,282",114 × 7 × 282,1800288,0.000488811
2,42,Tensor,leaf,C,17099,,,2207664,2207664,452659528,1385619456,275958,246870,-5695.615034274957,223631163.21246105,731.2730436956697,"C(i_2,i_1,μ̃_19896;a_2i_1i_2)","C(i_2,i_1,μ̃_19896;a_2i_1i_2)",,,,"i,i,μ̃,a",";;;i_1,i_2","7,7,114,",7 × 7 × 114 × ?,,
2,42,Product,intermediate,I,456443,880,2207664,496,496,452659528,1385619456,62,0,0.0,0.0,0.0,"I(μ̃_19896,i_2,Κ_1) * C(i_2,i_1,μ̃_19896;a_2i_1i_2) -> I(i_1,i_2,Κ_1;a_2i_1i_2)","I(i_1,i_2,Κ_1;a_2i_1i_2)","I(μ̃_19896,i_2,Κ_1)","C(i_2,i_1,μ̃_19896;a_2i_1i_2)","I(i_1,i_2,Κ_1;a_2i_1i_2)","i,i,Κ,a",";;;i_1,i_2","7,7,282,",7 × 7 × 282 × ?,,
2,42,Product,intermediate,I,380729,496,1843152,496,496,452659528,1385619456,62,0,0.0,0.0,0.0,"I(i_1,i_2,Κ_1;a_2i_1i_2) * I(μ̃_19898,i_1,Κ_1) -> I(μ̃_19898,i_2,i_1;a_2i_1i_2)","I(μ̃_19898,i_2,i_1;a_2i_1i_2)","I(i_1,i_2,Κ_1;a_2i_1i_2)","I(μ̃_19898,i_1,Κ_1)","I(μ̃_19898,i_2,i_1;a_2i_1i_2)","μ̃,i,i,a",";;;i_1,i_2","114,7,7,",114 × 7 × 7 × ?,,
2,42,Product,intermediate,I,393723,496,2226240,384,384,452659528,1385619456,48,0,0.0,0.0,0.0,"I(μ̃_19898,i_2,i_1;a_2i_1i_2) * I(i_2,i_1,μ̃_19898;a_1i_1i_2) -> I(i_1,i_2;a_1i_1i_2,a_2i_1i_2)","I(i_1,i_2;a_1i_1i_2,a_2i_1i_2)","I(μ̃_19898,i_2,i_1;a_2i_1i_2)","I(i_2,i_1,μ̃_19898;a_1i_1i_2)","I(i_1,i_2;a_1i_1i_2,a_2i_1i_2)","i,i,a,a",";;i_1,i_2;i_1,i_2","7,7,,",7 × 7 × ? × ?,,
2,42,Constant,constant,_const,1144,,,8,8,452659528,1385619456,1,,,,,-2,-2,,,,,,,scalar,8,1
2,42,Product,residual,R,68588,384,8,384,384,452659528,1385619456,48,0,0.0,0.0,0.0,"I(i_1,i_2;a_1i_1i_2,a_2i_1i_2) * -2 -> R(i_1,i_2;a_1i_1i_2,a_2i_1i_2)","R(i_1,i_2;a_1i_1i_2,a_2i_1i_2)","I(i_1,i_2;a_1i_1i_2,a_2i_1i_2)",-2,"R(i_1,i_2;a_1i_1i_2,a_2i_1i_2)","i,i,a,a",";;i_1,i_2;i_1,i_2","7,7,,",7 × 7 × ? × ?,,
2,42,Permute,residual,R,58289,,,384,384,452659528,1385619456,48,,,,,"R(i_1,i_2;a_1i_1i_2,a_2i_1i_2)","R(i_1,i_2;a_1i_1i_2,a_2i_1i_2)",,,,"i,i,a,a",";;i_1,i_2;i_1,i_2","7,7,,",7 × 7 × ? × ?,,
2,43,Product,intermediate,I,17003716,5490816,1843152,2226240,2226240,452659528,1385619456,278280,248976,0.04242947723512757,0.0005555139283226486,0.0014687456229217435,"I(i_2,i_1,Κ_1;a_1i_1i_2) * I(μ̃_19944,i_2,Κ_1) -> I(μ̃_19944,i_1,i_2;a_1i_1i_2)","I(μ̃_19944,i_1,i_2;a_1i_1i_2)","I(i_2,i_1,Κ_1;a_1i_1i_2)","I(μ̃_19944,i_2,Κ_1)","I(μ̃_19944,i_1,i_2;a_1i_1i_2)","μ̃,i,i,a",";;;i_1,i_2","114,7,7,",114 × 7 × 7 × ?,,
2,43,Product,residual,R,4709774,2226240,2226240,792440,792440,452659528,1385619456,99055,98598,0.004703514509185101,6.729287317949191e-06,0.0003255111674836698,"I(μ̃_19944,i_1,i_2;a_1i_1i_2) * I(i_2,i_1,μ̃_19944;a_2i_1i_2) -> R(i_2,i_1;a_2i_1i_2,a_1i_1i_2)","R(i_2,i_1;a_2i_1i_2,a_1i_1i_2)","I(μ̃_19944,i_1,i_2;a_1i_1i_2)","I(i_2,i_1,μ̃_19944;a_2i_1i_2)","R(i_2,i_1;a_2i_1i_2,a_1i_1i_2)","i,i,a,a",";;i_1,i_2;i_1,i_2","7,7,,",7 × 7 × ? × ?,,
2,43,Permute,residual,R,169232,,,792440,792440,452659528,1385619456,99055,,,,,"R(i_2,i_1;a_2i_1i_2,a_1i_1i_2)","R(i_2,i_1;a_2i_1i_2,a_1i_1i_2)",,,,"i,i,a,a",";;i_1,i_2;i_1,i_2","7,7,,",7 × 7 × ? × ?,,
2,44,Product,intermediate,I,429057,496,1843152,496,496,452659528,1385619456,62,0,0.0,0.0,0.0,"I(i_1,i_2,Κ_1;a_2i_1i_2) * I(μ̃_19836,i_1,Κ_1) -> I(μ̃_19836,i_2,i_1;a_2i_1i_2)","I(μ̃_19836,i_2,i_1;a_2i_1i_2)","I(i_1,i_2,Κ_1;a_2i_1i_2)","I(μ̃_19836,i_1,Κ_1)","I(μ̃_19836,i_2,i_1;a_2i_1i_2)","μ̃,i,i,a",";;;i_1,i_2","114,7,7,",114 × 7 × 7 × ?,,
2,44,Product,intermediate,I,421306,496,2226240,384,384,452659528,1385619456,48,0,0.0,0.0,0.0,"I(μ̃_19836,i_2,i_1;a_2i_1i_2) * I(i_2,i_1,μ̃_19836;a_1i_1i_2) -> I(i_1,i_2;a_1i_1i_2,a_2i_1i_2)","I(i_1,i_2;a_1i_1i_2,a_2i_1i_2)","I(μ̃_19836,i_2,i_1;a_2i_1i_2)","I(i_2,i_1,μ̃_19836;a_1i_1i_2)","I(i_1,i_2;a_1i_1i_2,a_2i_1i_2)","i,i,a,a",";;i_1,i_2;i_1,i_2","7,7,,",7 × 7 × ? × ?,,
2,44,Constant,constant,_const,1350,,,8,8,452659528,1385619456,1,,,,,4,4,,,,,,,scalar,8,1
2,44,Product,residual,R,74212,384,8,384,384,452659528,1385619456,48,0,0.0,0.0,0.0,"I(i_1,i_2;a_1i_1i_2,a_2i_1i_2) * 4 -> R(i_1,i_2;a_1i_1i_2,a_2i_1i_2)","R(i_1,i_2;a_1i_1i_2,a_2i_1i_2)","I(i_1,i_2;a_1i_1i_2,a_2i_1i_2)",4,"R(i_1,i_2;a_1i_1i_2,a_2i_1i_2)","i,i,a,a",";;i_1,i_2;i_1,i_2","7,7,,",7 × 7 × ? × ?,,
2,44,Permute,residual,R,64446,,,384,384,452659528,1385619456,48,,,,,"R(i_1,i_2;a_1i_1i_2,a_2i_1i_2)","R(i_1,i_2;a_1i_1i_2,a_2i_1i_2)",,,,"i,i,a,a",";;i_1,i_2;i_1,i_2","7,7,,",7 × 7 × ? × ?,,
2,45,Product,intermediate,I,389281,496,880,496,496,452659528,1385619456,62,0,0.0,0.0,0.0,"I(i_2,i_1,Κ_1;a_1i_1i_2) * I(μ̃_19917,i_2,Κ_1) -> I(μ̃_19917,i_2,i_1;a_1i_1i_2)","I(μ̃_19917,i_2,i_1;a_1i_1i_2)","I(i_2,i_1,Κ_1;a_1i_1i_2)","I(μ̃_19917,i_2,Κ_1)","I(μ̃_19917,i_2,i_1;a_1i_1i_2)","μ̃,i,i,a",";;;i_1,i_2","114,7,7,",114 × 7 × 7 × ?,,
2,45,Tensor,leaf,C,15807,,,2207664,2207664,452659528,1385619456,275958,246870,-5695.615034274957,223631163.21246105,731.2730436956697,"C(i_2,i_1,μ̃_19917;a_2i_1i_2)","C(i_2,i_1,μ̃_19917;a_2i_1i_2)",,,,"i,i,μ̃,a",";;;i_1,i_2","7,7,114,",7 × 7 × 114 × ?,,
2,45,Product,residual,R,389004,496,2207664,384,384,452659528,1385619456,48,0,0.0,0.0,0.0,"I(μ̃_19917,i_2,i_1;a_1i_1i_2) * C(i_2,i_1,μ̃_19917;a_2i_1i_2) -> R(i_2,i_1;a_2i_1i_2,a_1i_1i_2)","R(i_2,i_1;a_2i_1i_2,a_1i_1i_2)","I(μ̃_19917,i_2,i_1;a_1i_1i_2)","C(i_2,i_1,μ̃_19917;a_2i_1i_2)","R(i_2,i_1;a_2i_1i_2,a_1i_1i_2)","i,i,a,a",";;i_1,i_2;i_1,i_2","7,7,,",7 × 7 × ? × ?,,
2,45,Permute,residual,R,79470,,,384,384,452659528,1385619456,48,,,,,"R(i_2,i_1;a_2i_1i_2,a_1i_1i_2)","R(i_2,i_1;a_2i_1i_2,a_1i_1i_2)",,,,"i,i,a,a",";;i_1,i_2;i_1,i_2","7,7,,",7 × 7 × ? × ?,,
2,46,Product,intermediate,I,21231410,1843152,2226240,5490816,5490816,452659528,1385619456,686352,615888,-0.6612465837572116,0.13332098359841332,0.013078903546854426,"I(μ̃_19862,i_1,Κ_1) * I(i_2,i_1,μ̃_19862;a_1i_1i_2) -> I(i_2,i_1,Κ_1;a_1i_1i_2)","I(i_2,i_1,Κ_1;a_1i_1i_2)","I(μ̃_19862,i_1,Κ_1)","I(i_2,i_1,μ̃_19862;a_1i_1i_2)","I(i_2,i_1,Κ_1;a_1i_1i_2)","i,i,Κ,a",";;;i_1,i_2","7,7,282,",7 × 7 × 282 × ?,,
2,46,Product,intermediate,I,17716512,5490816,1843152,2226240,2226240,452659528,1385619456,278280,248976,-0.5393937833111594,0.031247055423227373,0.008952905063913394,"I(i_2,i_1,Κ_1;a_1i_1i_2) * I(μ̃_19864,i_2,Κ_1) -> I(μ̃_19864,i_1,i_2;a_1i_1i_2)","I(μ̃_19864,i_1,i_2;a_1i_1i_2)","I(i_2,i_1,Κ_1;a_1i_1i_2)","I(μ̃_19864,i_2,Κ_1)","I(μ̃_19864,i_1,i_2;a_1i_1i_2)","μ̃,i,i,a",";;;i_1,i_2","114,7,7,",114 × 7 × 7 × ?,,
2,46,Product,intermediate,I,4609466,2226240,2226240,792440,792440,452659528,1385619456,99055,98598,0.011555554877369263,6.976398447559533e-05,0.0009021549218415582,"I(μ̃_19864,i_1,i_2;a_1i_1i_2) * I(i_2,i_1,μ̃_19864;a_2i_1i_2) -> I(i_2,i_1;a_2i_1i_2,a_1i_1i_2)","I(i_2,i_1;a_2i_1i_2,a_1i_1i_2)","I(μ̃_19864,i_1,i_2;a_1i_1i_2)","I(i_2,i_1,μ̃_19864;a_2i_1i_2)","I(i_2,i_1;a_2i_1i_2,a_1i_1i_2)","i,i,a,a",";;i_1,i_2;i_1,i_2","7,7,,",7 × 7 × ? × ?,,
2,46,Constant,constant,_const,2471,,,8,8,452659528,1385619456,1,,,,,4,4,,,,,,,scalar,8,1
2,46,Product,residual,R,159688,792440,8,792440,792440,452659528,1385619456,99055,98598,0.04622221950947705,0.0011162237516095252,0.003608619687366233,"I(i_2,i_1;a_2i_1i_2,a_1i_1i_2) * 4 -> R(i_2,i_1;a_2i_1i_2,a_1i_1i_2)","R(i_2,i_1;a_2i_1i_2,a_1i_1i_2)","I(i_2,i_1;a_2i_1i_2,a_1i_1i_2)",4,"R(i_2,i_1;a_2i_1i_2,a_1i_1i_2)","i,i,a,a",";;i_1,i_2;i_1,i_2","7,7,,",7 × 7 × ? × ?,,
2,46,Permute,residual,R,338881,,,792440,792440,452659528,1385619456,99055,,,,,"R(i_2,i_1;a_2i_1i_2,a_1i_1i_2)","R(i_2,i_1;a_2i_1i_2,a_1i_1i_2)",,,,"i,i,a,a",";;i_1,i_2;i_1,i_2","7,7,,",7 × 7 × ? × ?,,
2,47,Tensor,leaf,g,13916,,,29489328,29489328,452659528,1385619456,3686166,3664872,328.03408291046196,123.92989425956745,0.8503952014554764,"g(μ̃_19829,μ̃_19830,Κ_1)","g(μ̃_19829,μ̃_19830,Κ_1)",,,,"μ̃,μ̃,Κ",;;,"114,114,282",114 × 114 × 282,29318976,1.00581
2,47,Product,intermediate,I,403163,496,29489328,1392,1392,452659528,1385619456,174,0,0.0,0.0,0.0,"I(i_3,i_1,Κ_1) * g(μ̃_19829,μ̃_19830,Κ_1) -> I(i_3,μ̃_19830,μ̃_19829,i_1)","I(i_3,μ̃_19830,μ̃_19829,i_1)","I(i_3,i_1,Κ_1)","g(μ̃_19829,μ̃_19830,Κ_1)","I(i_3,μ̃_19830,μ̃_19829,i_1)","i,μ̃,μ̃,i",;;;,"7,114,114,7",7 × 114 × 114 × 7,5094432,0.000273239
2,47,Product,intermediate,I,19460252,2207664,5489512,15384928,15384928,452659528,1385619456,1923116,1726416,81.38911237264193,1253.072935999996,0.7826169325206611,"I(μ̃_19829,i_2,i_3;a_5i_2i_3) * I(i_3,i_1,i_2;a_5i_2i_3,a_1i_1i_2) -> I(i_1,μ̃_19829,i_3,i_2;a_1i_1i_2)","I(i_1,μ̃_19829,i_3,i_2;a_1i_1i_2)","I(μ̃_19829,i_2,i_3;a_5i_2i_3)","I(i_3,i_1,i_2;a_5i_2i_3,a_1i_1i_2)","I(i_1,μ̃_19829,i_3,i_2;a_1i_1i_2)","i,μ̃,i,i,a",";;;;i_1,i_2","7,114,7,7,",7 × 114 × 7 × 7 × ?,,
2,47,Product,intermediate,I,549287,1392,15384928,496,496,452659528,1385619456,62,0,0.0,0.0,0.0,"I(i_3,μ̃_19830,μ̃_19829,i_1) * I(i_1,μ̃_19829,i_3,i_2;a_1i_1i_2) -> I(μ̃_19830,i_1,i_2;a_1i_1i_2)","I(μ̃_19830,i_1,i_2;a_1i_1i_2)","I(i_3,μ̃_19830,μ̃_19829,i_1)","I(i_1,μ̃_19829,i_3,i_2;a_1i_1i_2)","I(μ̃_19830,i_1,i_2;a_1i_1i_2)","μ̃,i,i,a",";;;i_1,i_2","114,7,7,",114 × 7 × 7 × ?,,
2,47,Tensor,leaf,C,19338,,,2207664,2207664,452659528,1385619456,275958,246870,-5695.615034274957,223631163.21246105,731.2730436956697,"C(i_2,i_1,μ̃_19830;a_2i_1i_2)","C(i_2,i_1,μ̃_19830;a_2i_1i_2)",,,,"i,i,μ̃,a",";;;i_1,i_2","7,7,114,",7 × 7 × 114 × ?,,
2,47,Product,intermediate,I,442128,496,2207664,384,384,452659528,1385619456,48,0,0.0,0.0,0.0,"I(μ̃_19830,i_1,i_2;a_1i_1i_2) * C(i_2,i_1,μ̃_19830;a_2i_1i_2) -> I(i_1,i_2;a_2i_1i_2,a_1i_1i_2)","I(i_1,i_2;a_2i_1i_2,a_1i_1i_2)","I(μ̃_19830,i_1,i_2;a_1i_1i_2)","C(i_2,i_1,μ̃_19830;a_2i_1i_2)","I(i_1,i_2;a_2i_1i_2,a_1i_1i_2)","i,i,a,a",";;i_1,i_2;i_1,i_2","7,7,,",7 × 7 × ? × ?,,
2,47,Constant,constant,_const,16862,,,8,8,452659528,1385619456,1,,,,,-2,-2,,,,,,,scalar,8,1
2,47,Product,residual,R,53652,384,8,384,384,452659528,1385619456,48,0,0.0,0.0,0.0,"I(i_1,i_2;a_2i_1i_2,a_1i_1i_2) * -2 -> R(i_1,i_2;a_2i_1i_2,a_1i_1i_2)","R(i_1,i_2;a_2i_1i_2,a_1i_1i_2)","I(i_1,i_2;a_2i_1i_2,a_1i_1i_2)",-2,"R(i_1,i_2;a_2i_1i_2,a_1i_1i_2)","i,i,a,a",";;i_1,i_2;i_1,i_2","7,7,,",7 × 7 × ? × ?,,
2,47,Permute,residual,R,58995,,,384,384,452659528,1385619456,48,,,,,"R(i_1,i_2;a_2i_1i_2,a_1i_1i_2)","R(i_1,i_2;a_2i_1i_2,a_1i_1i_2)",,,,"i,i,a,a",";;i_1,i_2;i_1,i_2","7,7,,",7 × 7 × ? × ?,,
2,48,Product,intermediate,I,19826045,2207664,5489512,15384928,15384928,452659528,1385619456,1923116,1726416,77.0225411705171,1470.1029005820944,0.7826169325208397,"I(μ̃_19880,i_3,i_2;a_5i_2i_3) * I(i_1,i_3,i_2;a_2i_1i_2,a_5i_2i_3) -> I(i_1,μ̃_19880,i_3,i_2;a_2i_1i_2)","I(i_1,μ̃_19880,i_3,i_2;a_2i_1i_2)","I(μ̃_19880,i_3,i_2;a_5i_2i_3)","I(i_1,i_3,i_2;a_2i_1i_2,a_5i_2i_3)","I(i_1,μ̃_19880,i_3,i_2;a_2i_1i_2)","i,μ̃,i,i,a",";;;;i_1,i_2","7,114,7,7,",7 × 114 × 7 × 7 × ?,,
2,48,Product,intermediate,I,655279,1392,15384928,496,496,452659528,1385619456,62,0,0.0,0.0,0.0,"I(i_3,μ̃_19881,μ̃_19880,i_1) * I(i_1,μ̃_19880,i_3,i_2;a_2i_1i_2) -> I(μ̃_19881,i_1,i_2;a_2i_1i_2)","I(μ̃_19881,i_1,i_2;a_2i_1i_2)","I(i_3,μ̃_19881,μ̃_19880,i_1)","I(i_1,μ̃_19880,i_3,i_2;a_2i_1i_2)","I(μ̃_19881,i_1,i_2;a_2i_1i_2)","μ̃,i,i,a",";;;i_1,i_2","114,7,7,",114 × 7 × 7 × ?,,
2,48,Tensor,leaf,C,12444,,,2207664,2207664,452659528,1385619456,275958,246870,-5695.615034274957,223631163.21246105,731.2730436956697,"C(i_2,i_1,μ̃_19881;a_1i_1i_2)","C(i_2,i_1,μ̃_19881;a_1i_1i_2)",,,,"i,i,μ̃,a",";;;i_1,i_2","7,7,114,",7 × 7 × 114 × ?,,
2,48,Product,intermediate,I,437263,496,2207664,384,384,452659528,1385619456,48,0,0.0,0.0,0.0,"I(μ̃_19881,i_1,i_2;a_2i_1i_2) * C(i_2,i_1,μ̃_19881;a_1i_1i_2) -> I(i_1,i_2;a_1i_1i_2,a_2i_1i_2)","I(i_1,i_2;a_1i_1i_2,a_2i_1i_2)","I(μ̃_19881,i_1,i_2;a_2i_1i_2)","C(i_2,i_1,μ̃_19881;a_1i_1i_2)","I(i_1,i_2;a_1i_1i_2,a_2i_1i_2)","i,i,a,a",";;i_1,i_2;i_1,i_2","7,7,,",7 × 7 × ? × ?,,
2,48,Constant,constant,_const,1767,,,8,8,452659528,1385619456,1,,,,,-2,-2,,,,,,,scalar,8,1
2,48,Product,residual,R,58567,384,8,384,384,452659528,1385619456,48,0,0.0,0.0,0.0,"I(i_1,i_2;a_1i_1i_2,a_2i_1i_2) * -2 -> R(i_1,i_2;a_1i_1i_2,a_2i_1i_2)","R(i_1,i_2;a_1i_1i_2,a_2i_1i_2)","I(i_1,i_2;a_1i_1i_2,a_2i_1i_2)",-2,"R(i_1,i_2;a_1i_1i_2,a_2i_1i_2)","i,i,a,a",";;i_1,i_2;i_1,i_2","7,7,,",7 × 7 × ? × ?,,
2,48,Permute,residual,R,60564,,,384,384,452659528,1385619456,48,,,,,"R(i_1,i_2;a_1i_1i_2,a_2i_1i_2)","R(i_1,i_2;a_1i_1i_2,a_2i_1i_2)",,,,"i,i,a,a",";;i_1,i_2;i_1,i_2","7,7,,",7 × 7 × ? × ?,,
2,49,Product,intermediate,I,11638395,24888,5179792,5179792,5179792,452659528,1385619456,647474,636804,-26632.290508283077,16884214.69506463,482.52134503358945,"I(i_3,i_1,i_4,i_2) * I(μ̃_19841,μ̃_19839,i_4,i_3) -> I(i_2,i_1,μ̃_19841,μ̃_19839)","I(i_2,i_1,μ̃_19841,μ̃_19839)","I(i_3,i_1,i_4,i_2)","I(μ̃_19841,μ̃_19839,i_4,i_3)","I(i_2,i_1,μ̃_19841,μ̃_19839)","i,i,μ̃,μ̃",;;;,"7,7,114,114",7 × 7 × 114 × 114,5094432,1.01676
2,49,Product,intermediate,I,14212928,5179792,2226240,2226240,2226240,452659528,1385619456,278280,248976,7.945593547832882,43.00472998523107,0.5239302878104687,"I(i_2,i_1,μ̃_19841,μ̃_19839) * I(i_2,i_1,μ̃_19839;a_1i_1i_2) -> I(i_1,i_2,μ̃_19841;a_1i_1i_2)","I(i_1,i_2,μ̃_19841;a_1i_1i_2)","I(i_2,i_1,μ̃_19841,μ̃_19839)","I(i_2,i_1,μ̃_19839;a_1i_1i_2)","I(i_1,i_2,μ̃_19841;a_1i_1i_2)","i,i,μ̃,a",";;;i_1,i_2","7,7,114,",7 × 7 × 114 × ?,,
2,49,Product,residual,R,15208767,2226240,2226240,792440,792440,452659528,1385619456,99055,98598,-1.0739140607684652,0.030732081904165015,0.01762408567537303,"I(i_1,i_2,μ̃_19841;a_1i_1i_2) * I(i_2,i_1,μ̃_19841;a_2i_1i_2) -> R(i_2,i_1;a_2i_1i_2,a_1i_1i_2)","R(i_2,i_1;a_2i_1i_2,a_1i_1i_2)","I(i_1,i_2,μ̃_19841;a_1i_1i_2)","I(i_2,i_1,μ̃_19841;a_2i_1i_2)","R(i_2,i_1;a_2i_1i_2,a_1i_1i_2)","i,i,a,a",";;i_1,i_2;i_1,i_2","7,7,,",7 × 7 × ? × ?,,
2,49,Permute,residual,R,411445,,,792440,792440,452659528,1385619456,99055,,,,,"R(i_2,i_1;a_2i_1i_2,a_1i_1i_2)","R(i_2,i_1;a_2i_1i_2,a_1i_1i_2)",,,,"i,i,a,a",";;i_1,i_2;i_1,i_2","7,7,,",7 × 7 × ? × ?,,
2,50,Tensor,leaf,t,3358,,,792440,792440,452659528,1385619456,99055,98598,-1.4840757848822665,0.08148253559247469,0.02545185787020978,"t(i_2,i_4;a_6i_2i_4,a_3i_2i_4)","t(i_2,i_4;a_6i_2i_4,a_3i_2i_4)",,,,"i,i,a,a",";;i_2,i_4;i_2,i_4","7,7,,",7 × 7 × ? × ?,,
2,50,Product,intermediate,I,5253659,5489512,792440,5489512,5489512,452659528,1385619456,686189,684096,-2.9244494264753995,0.5648963318343959,0.026072170273583467,"I(i_4,i_1,i_2;a_6i_2i_4,a_2i_1i_2) * t(i_2,i_4;a_6i_2i_4,a_3i_2i_4) -> I(i_1,i_4,i_2;a_2i_1i_2,a_3i_2i_4)","I(i_1,i_4,i_2;a_2i_1i_2,a_3i_2i_4)","I(i_4,i_1,i_2;a_6i_2i_4,a_2i_1i_2)","t(i_2,i_4;a_6i_2i_4,a_3i_2i_4)","I(i_1,i_4,i_2;a_2i_1i_2,a_3i_2i_4)","i,i,i,a,a",";;;i_1,i_2;i_2,i_4","7,7,7,,",7 × 7 × 7 × ? × ?,,
2,50,Product,intermediate,I,46024211,38260568,5489512,5489512,5489512,452659528,1385619456,686189,684096,-1.4303604789141473,0.013066665740253206,0.004463919612191699,"I(i_2,i_1,i_4,i_3;a_3i_2i_4,a_4i_1i_3) * I(i_1,i_4,i_2;a_2i_1i_2,a_3i_2i_4) -> I(i_1,i_3,i_2;a_4i_1i_3,a_2i_1i_2)","I(i_1,i_3,i_2;a_4i_1i_3,a_2i_1i_2)","I(i_2,i_1,i_4,i_3;a_3i_2i_4,a_4i_1i_3)","I(i_1,i_4,i_2;a_2i_1i_2,a_3i_2i_4)","I(i_1,i_3,i_2;a_4i_1i_3,a_2i_1i_2)","i,i,i,a,a",";;;i_1,i_3;i_1,i_2","7,7,7,,",7 × 7 × 7 × ? × ?,,
2,50,Product,intermediate,I,7058142,5489512,5489512,792440,792440,452659528,1385619456,99055,98598,0.005948240901660699,1.7697529601066493e-05,0.0004683369935601986,"I(i_1,i_3,i_2;a_4i_1i_3,a_2i_1i_2) * I(i_2,i_3,i_1;a_1i_1i_2,a_4i_1i_3) -> I(i_1,i_2;a_1i_1i_2,a_2i_1i_2)","I(i_1,i_2;a_1i_1i_2,a_2i_1i_2)","I(i_1,i_3,i_2;a_4i_1i_3,a_2i_1i_2)","I(i_2,i_3,i_1;a_1i_1i_2,a_4i_1i_3)","I(i_1,i_2;a_1i_1i_2,a_2i_1i_2)","i,i,a,a",";;i_1,i_2;i_1,i_2","7,7,,",7 × 7 × ? × ?,,
2,50,Constant,constant,_const,1528,,,8,8,452659528,1385619456,1,,,,,-2,-2,,,,,,,scalar,8,1
2,50,Product,residual,R,113528,792440,8,792440,792440,452659528,1385619456,99055,98598,-0.011896481803321398,7.079011840426597e-05,0.0009366739871203972,"I(i_1,i_2;a_1i_1i_2,a_2i_1i_2) * -2 -> R(i_1,i_2;a_1i_1i_2,a_2i_1i_2)","R(i_1,i_2;a_1i_1i_2,a_2i_1i_2)","I(i_1,i_2;a_1i_1i_2,a_2i_1i_2)",-2,"R(i_1,i_2;a_1i_1i_2,a_2i_1i_2)","i,i,a,a",";;i_1,i_2;i_1,i_2","7,7,,",7 × 7 × ? × ?,,
2,50,Permute,residual,R,73896,,,792440,792440,452659528,1385619456,99055,,,,,"R(i_1,i_2;a_1i_1i_2,a_2i_1i_2)","R(i_1,i_2;a_1i_1i_2,a_2i_1i_2)",,,,"i,i,a,a",";;i_1,i_2;i_1,i_2","7,7,,",7 × 7 × ? × ?,,
2,51,Tensor,leaf,t,1826,,,792440,792440,452659528,1385619456,99055,98598,-1.4840757848822665,0.08148253559247469,0.02545185787020978,"t(i_4,i_1;a_4i_1i_4,a_3i_1i_4)","t(i_4,i_1;a_4i_1i_4,a_3i_1i_4)",,,,"i,i,a,a",";;i_1,i_4;i_1,i_4","7,7,,",7 × 7 × ? × ?,,
2,51,Product,intermediate,I,3711046,5538232,792440,2088,2088,452659528,1385619456,261,49,-0.2787059373932785,0.01020066188416751,0.04220857093395173,"I(i_1,i_3,i_4;a_3i_1i_4,a_4i_1i_4) * t(i_4,i_1;a_4i_1i_4,a_3i_1i_4) -> I(i_3,i_1)","I(i_3,i_1)","I(i_1,i_3,i_4;a_3i_1i_4,a_4i_1i_4)","t(i_4,i_1;a_4i_1i_4,a_3i_1i_4)","I(i_3,i_1)","i,i",;,"7,7",7 × 7,392,5.32653
2,51,Product,intermediate,I,2245283,2088,5489512,5489512,5489512,452659528,1385619456,686189,684084,-83.35793300883505,3.197280288280777,0.04220857095329002,"I(i_3,i_1) * I(i_3,i_1,i_2;a_6i_2i_3,a_2i_1i_2) -> I(i_2,i_3,i_1;a_6i_2i_3,a_2i_1i_2)","I(i_2,i_3,i_1;a_6i_2i_3,a_2i_1i_2)","I(i_3,i_1)","I(i_3,i_1,i_2;a_6i_2i_3,a_2i_1i_2)","I(i_2,i_3,i_1;a_6i_2i_3,a_2i_1i_2)","i,i,i,a,a",";;;i_2,i_3;i_1,i_2","7,7,7,,",7 × 7 × 7 × ? × ?,,
2,51,Product,intermediate,I,6045946,5489512,5489512,792440,792440,452659528,1385619456,99055,98598,0.060351388724057445,0.00012045373963152021,0.0011143855839670423,"I(i_2,i_3,i_1;a_6i_2i_3,a_2i_1i_2) * I(i_1,i_3,i_2;a_1i_1i_2,a_6i_2i_3) -> I(i_2,i_1;a_1i_1i_2,a_2i_1i_2)","I(i_2,i_1;a_1i_1i_2,a_2i_1i_2)","I(i_2,i_3,i_1;a_6i_2i_3,a_2i_1i_2)","I(i_1,i_3,i_2;a_1i_1i_2,a_6i_2i_3)","I(i_2,i_1;a_1i_1i_2,a_2i_1i_2)","i,i,a,a",";;i_1,i_2;i_1,i_2","7,7,,",7 × 7 × ? × ?,,
2,51,Constant,constant,_const,17556,,,8,8,452659528,1385619456,1,,,,,-4,-4,,,,,,,scalar,8,1
2,51,Product,residual,R,133951,792440,8,792440,792440,452659528,1385619456,99055,98598,-0.24140555489622978,0.0019272598341043233,0.004457542335868169,"I(i_2,i_1;a_1i_1i_2,a_2i_1i_2) * -4 -> R(i_2,i_1;a_1i_1i_2,a_2i_1i_2)","R(i_2,i_1;a_1i_1i_2,a_2i_1i_2)","I(i_2,i_1;a_1i_1i_2,a_2i_1i_2)",-4,"R(i_2,i_1;a_1i_1i_2,a_2i_1i_2)","i,i,a,a",";;i_1,i_2;i_1,i_2","7,7,,",7 × 7 × ? × ?,,
2,51,Permute,residual,R,109841,,,792440,792440,452659528,1385619456,99055,,,,,"R(i_2,i_1;a_1i_1i_2,a_2i_1i_2)","R(i_2,i_1;a_1i_1i_2,a_2i_1i_2)",,,,"i,i,a,a",";;i_1,i_2;i_1,i_2","7,7,,",7 × 7 × ? × ?,,
2,52,Tensor,leaf,t,1628,,,376,376,452659528,1385619456,47,0,0.0,0.0,0.0,t(i_1;a_3i_1),t(i_1;a_3i_1),,,,"i,a",;i_1,"7,",7 × ?,,
2,52,Product,intermediate,I,274092,384,376,384,384,452659528,1385619456,48,0,0.0,0.0,0.0,"I(i_1,i_3;a_3i_1) * t(i_1;a_3i_1) -> I(i_3,i_1)","I(i_3,i_1)","I(i_1,i_3;a_3i_1)",t(i_1;a_3i_1),"I(i_3,i_1)","i,i",;,"7,7",7 × 7,392,0.979592
2,52,Product,intermediate,I,270053,384,5489512,400,400,452659528,1385619456,50,0,0.0,0.0,0.0,"I(i_3,i_1) * I(i_1,i_3,i_2;a_2i_1i_2,a_5i_2i_3) -> I(i_2,i_3,i_1;a_5i_2i_3,a_2i_1i_2)","I(i_2,i_3,i_1;a_5i_2i_3,a_2i_1i_2)","I(i_3,i_1)","I(i_1,i_3,i_2;a_2i_1i_2,a_5i_2i_3)","I(i_2,i_3,i_1;a_5i_2i_3,a_2i_1i_2)","i,i,i,a,a",";;;i_2,i_3;i_1,i_2","7,7,7,,",7 × 7 × 7 × ? × ?,,
2,52,Product,intermediate,I,290237,400,5489512,384,384,452659528,1385619456,48,0,0.0,0.0,0.0,"I(i_2,i_3,i_1;a_5i_2i_3,a_2i_1i_2) * I(i_1,i_3,i_2;a_1i_1i_2,a_5i_2i_3) -> I(i_1,i_2;a_2i_1i_2,a_1i_1i_2)","I(i_1,i_2;a_2i_1i_2,a_1i_1i_2)","I(i_2,i_3,i_1;a_5i_2i_3,a_2i_1i_2)","I(i_1,i_3,i_2;a_1i_1i_2,a_5i_2i_3)","I(i_1,i_2;a_2i_1i_2,a_1i_1i_2)","i,i,a,a",";;i_1,i_2;i_1,i_2","7,7,,",7 × 7 × ? × ?,,
2,52,Constant,constant,_const,832,,,8,8,452659528,1385619456,1,,,,,-2,-2,,,,,,,scalar,8,1
2,52,Product,residual,R,63157,384,8,384,384,452659528,1385619456,48,0,0.0,0.0,0.0,"I(i_1,i_2;a_2i_1i_2,a_1i_1i_2) * -2 -> R(i_1,i_2;a_2i_1i_2,a_1i_1i_2)","R(i_1,i_2;a_2i_1i_2,a_1i_1i_2)","I(i_1,i_2;a_2i_1i_2,a_1i_1i_2)",-2,"R(i_1,i_2;a_2i_1i_2,a_1i_1i_2)","i,i,a,a",";;i_1,i_2;i_1,i_2","7,7,,",7 × 7 × ? × ?,,
2,52,Permute,residual,R,77033,,,384,384,452659528,1385619456,48,,,,,"R(i_1,i_2;a_2i_1i_2,a_1i_1i_2)","R(i_1,i_2;a_2i_1i_2,a_1i_1i_2)",,,,"i,i,a,a",";;i_1,i_2;i_1,i_2","7,7,,",7 × 7 × ? × ?,,
2,53,Product,intermediate,I,36116356,38260568,5489512,5489512,5489512,452659528,1385619456,686189,684096,-1.9017041620424584,0.011376856041254166,0.004785250593927839,"I(i_2,i_1,i_4,i_3;a_3i_2i_4,a_4i_1i_3) * I(i_1,i_4,i_2;a_1i_1i_2,a_3i_2i_4) -> I(i_1,i_3,i_2;a_4i_1i_3,a_1i_1i_2)","I(i_1,i_3,i_2;a_4i_1i_3,a_1i_1i_2)","I(i_2,i_1,i_4,i_3;a_3i_2i_4,a_4i_1i_3)","I(i_1,i_4,i_2;a_1i_1i_2,a_3i_2i_4)","I(i_1,i_3,i_2;a_4i_1i_3,a_1i_1i_2)","i,i,i,a,a",";;;i_1,i_3;i_1,i_2","7,7,7,,",7 × 7 × 7 × ? × ?,,
2,53,Product,residual,R,6792560,5489512,5489512,792440,792440,452659528,1385619456,99055,98598,0.006614951777102012,5.155538596989934e-06,0.00032479321304196886,"I(i_1,i_3,i_2;a_4i_1i_3,a_1i_1i_2) * I(i_2,i_3,i_1;a_2i_1i_2,a_4i_1i_3) -> R(i_1,i_2;a_2i_1i_2,a_1i_1i_2)","R(i_1,i_2;a_2i_1i_2,a_1i_1i_2)","I(i_1,i_3,i_2;a_4i_1i_3,a_1i_1i_2)","I(i_2,i_3,i_1;a_2i_1i_2,a_4i_1i_3)","R(i_1,i_2;a_2i_1i_2,a_1i_1i_2)","i,i,a,a",";;i_1,i_2;i_1,i_2","7,7,,",7 × 7 × ? × ?,,
2,53,Permute,residual,R,101605,,,792440,792440,452659528,1385619456,99055,,,,,"R(i_1,i_2;a_2i_1i_2,a_1i_1i_2)","R(i_1,i_2;a_2i_1i_2,a_1i_1i_2)",,,,"i,i,a,a",";;i_1,i_2;i_1,i_2","7,7,,",7 × 7 × ? × ?,,
2,54,Product,intermediate,I,5985355,5489512,5489512,792440,792440,452659528,1385619456,99055,98598,0.004502572390230286,7.255243433092022e-06,0.00033627382037319727,"I(i_2,i_3,i_1;a_4i_2i_3,a_1i_1i_2) * I(i_1,i_3,i_2;a_2i_1i_2,a_4i_2i_3) -> I(i_2,i_1;a_1i_1i_2,a_2i_1i_2)","I(i_2,i_1;a_1i_1i_2,a_2i_1i_2)","I(i_2,i_3,i_1;a_4i_2i_3,a_1i_1i_2)","I(i_1,i_3,i_2;a_2i_1i_2,a_4i_2i_3)","I(i_2,i_1;a_1i_1i_2,a_2i_1i_2)","i,i,a,a",";;i_1,i_2;i_1,i_2","7,7,,",7 × 7 × ? × ?,,
2,54,Constant,constant,_const,2161,,,8,8,452659528,1385619456,1,,,,,2,2,,,,,,,scalar,8,1
2,54,Product,residual,R,88963,792440,8,792440,792440,452659528,1385619456,99055,98598,0.009005144780460573,2.902097373236809e-05,0.0006725476407463945,"I(i_2,i_1;a_1i_1i_2,a_2i_1i_2) * 2 -> R(i_2,i_1;a_1i_1i_2,a_2i_1i_2)","R(i_2,i_1;a_1i_1i_2,a_2i_1i_2)","I(i_2,i_1;a_1i_1i_2,a_2i_1i_2)",2,"R(i_2,i_1;a_1i_1i_2,a_2i_1i_2)","i,i,a,a",";;i_1,i_2;i_1,i_2","7,7,,",7 × 7 × ? × ?,,
2,54,Permute,residual,R,91457,,,792440,792440,452659528,1385619456,99055,,,,,"R(i_2,i_1;a_1i_1i_2,a_2i_1i_2)","R(i_2,i_1;a_1i_1i_2,a_2i_1i_2)",,,,"i,i,a,a",";;i_1,i_2;i_1,i_2","7,7,,",7 × 7 × ? × ?,,
2,55,Tensor,leaf,t,1611,,,792440,792440,452659528,1385619456,99055,98598,-1.4840757848822665,0.08148253559247469,0.02545185787020978,"t(i_3,i_1;a_4i_1i_3,a_3i_1i_3)","t(i_3,i_1;a_4i_1i_3,a_3i_1i_3)",,,,"i,i,a,a",";;i_1,i_3;i_1,i_3","7,7,,",7 × 7 × ? × ?,,
2,55,Product,intermediate,I,1230909,5538232,792440,2088,2088,452659528,1385619456,261,49,-0.20146209177125124,0.005602781347322263,0.02849917073727101,"I(i_1,i_4,i_3;a_4i_1i_3,a_3i_1i_3) * t(i_3,i_1;a_4i_1i_3,a_3i_1i_3) -> I(i_4,i_1)","I(i_4,i_1)","I(i_1,i_4,i_3;a_4i_1i_3,a_3i_1i_3)","t(i_3,i_1;a_4i_1i_3,a_3i_1i_3)","I(i_4,i_1)","i,i",;,"7,7",7 × 7,392,5.32653
2,55,Product,intermediate,I,2255680,2088,5489512,5489512,5489512,452659528,1385619456,686189,684084,-61.69035259286202,1.743594334656804,0.02849917074529896,"I(i_4,i_1) * I(i_4,i_1,i_2;a_6i_2i_4,a_2i_1i_2) -> I(i_2,i_4,i_1;a_6i_2i_4,a_2i_1i_2)","I(i_2,i_4,i_1;a_6i_2i_4,a_2i_1i_2)","I(i_4,i_1)","I(i_4,i_1,i_2;a_6i_2i_4,a_2i_1i_2)","I(i_2,i_4,i_1;a_6i_2i_4,a_2i_1i_2)","i,i,i,a,a",";;;i_2,i_4;i_1,i_2","7,7,7,,",7 × 7 × 7 × ? × ?,,
2,55,Product,intermediate,I,6875688,5489512,5489512,792440,792440,452659528,1385619456,99055,98598,0.04268781827856582,6.513149802932974e-05,0.0006878916435899007,"I(i_2,i_4,i_1;a_6i_2i_4,a_2i_1i_2) * I(i_1,i_4,i_2;a_1i_1i_2,a_6i_2i_4) -> I(i_2,i_1;a_1i_1i_2,a_2i_1i_2)","I(i_2,i_1;a_1i_1i_2,a_2i_1i_2)","I(i_2,i_4,i_1;a_6i_2i_4,a_2i_1i_2)","I(i_1,i_4,i_2;a_1i_1i_2,a_6i_2i_4)","I(i_2,i_1;a_1i_1i_2,a_2i_1i_2)","i,i,a,a",";;i_1,i_2;i_1,i_2","7,7,,",7 × 7 × ? × ?,,
2,55,Constant,constant,_const,2019,,,8,8,452659528,1385619456,1,,,,,2,2,,,,,,,scalar,8,1
2,55,Product,residual,R,142782,792440,8,792440,792440,452659528,1385619456,99055,98598,0.08537563655713164,0.00026052599211731897,0.0013757832871798014,"I(i_2,i_1;a_1i_1i_2,a_2i_1i_2) * 2 -> R(i_2,i_1;a_1i_1i_2,a_2i_1i_2)","R(i_2,i_1;a_1i_1i_2,a_2i_1i_2)","I(i_2,i_1;a_1i_1i_2,a_2i_1i_2)",2,"R(i_2,i_1;a_1i_1i_2,a_2i_1i_2)","i,i,a,a",";;i_1,i_2;i_1,i_2","7,7,,",7 × 7 × ? × ?,,
2,55,Permute,residual,R,113530,,,792440,792440,452659528,1385619456,99055,,,,,"R(i_2,i_1;a_1i_1i_2,a_2i_1i_2)","R(i_2,i_1;a_1i_1i_2,a_2i_1i_2)",,,,"i,i,a,a",";;i_1,i_2;i_1,i_2","7,7,,",7 × 7 × ? × ?,,
2,56,Tensor,leaf,g,12092,,,1843152,1843152,452659528,1385619456,230394,225036,-13.7135187938935,9.824790694343452,0.19254784769834188,"g(μ̃_19885,i_4,Κ_1)","g(μ̃_19885,i_4,Κ_1)",,,,"μ̃,i,Κ",;;,"114,7,282",114 × 7 × 282,1800288,1.02381
2,56,Product,intermediate,I,293733,496,1843152,432,432,452659528,1385619456,54,0,0.0,0.0,0.0,"I(i_3,i_4,Κ_1) * g(μ̃_19885,i_4,Κ_1) -> I(i_3,μ̃_19885)","I(i_3,μ̃_19885)","I(i_3,i_4,Κ_1)","g(μ̃_19885,i_4,Κ_1)","I(i_3,μ̃_19885)","i,μ̃",;,"7,114",7 × 114,6384,0.0676692
2,56,Product,intermediate,I,116850,432,432,384,384,452659528,1385619456,48,0,0.0,0.0,0.0,"I(i_3,μ̃_19885) * I(μ̃_19885,i_2) -> I(i_3,i_2)","I(i_3,i_2)","I(i_3,μ̃_19885)","I(μ̃_19885,i_2)","I(i_3,i_2)","i,i",;,"7,7",7 × 7,392,0.979592
2,56,Product,intermediate,I,296942,384,5489512,400,400,452659528,1385619456,50,0,0.0,0.0,0.0,"I(i_3,i_2) * I(i_2,i_3,i_1;a_2i_1i_2,a_6i_1i_3) -> I(i_1,i_3,i_2;a_6i_1i_3,a_2i_1i_2)","I(i_1,i_3,i_2;a_6i_1i_3,a_2i_1i_2)","I(i_3,i_2)","I(i_2,i_3,i_1;a_2i_1i_2,a_6i_1i_3)","I(i_1,i_3,i_2;a_6i_1i_3,a_2i_1i_2)","i,i,i,a,a",";;;i_1,i_3;i_1,i_2","7,7,7,,",7 × 7 × 7 × ? × ?,,
2,56,Product,intermediate,I,350452,400,5489512,384,384,452659528,1385619456,48,0,0.0,0.0,0.0,"I(i_1,i_3,i_2;a_6i_1i_3,a_2i_1i_2) * I(i_2,i_3,i_1;a_1i_1i_2,a_6i_1i_3) -> I(i_1,i_2;a_1i_1i_2,a_2i_1i_2)","I(i_1,i_2;a_1i_1i_2,a_2i_1i_2)","I(i_1,i_3,i_2;a_6i_1i_3,a_2i_1i_2)","I(i_2,i_3,i_1;a_1i_1i_2,a_6i_1i_3)","I(i_1,i_2;a_1i_1i_2,a_2i_1i_2)","i,i,a,a",";;i_1,i_2;i_1,i_2","7,7,,",7 × 7 × ? × ?,,
2,56,Constant,constant,_const,891,,,8,8,452659528,1385619456,1,,,,,2,2,,,,,,,scalar,8,1
2,56,Product,residual,R,60444,384,8,384,384,452659528,1385619456,48,0,0.0,0.0,0.0,"I(i_1,i_2;a_1i_1i_2,a_2i_1i_2) * 2 -> R(i_1,i_2;a_1i_1i_2,a_2i_1i_2)","R(i_1,i_2;a_1i_1i_2,a_2i_1i_2)","I(i_1,i_2;a_1i_1i_2,a_2i_1i_2)",2,"R(i_1,i_2;a_1i_1i_2,a_2i_1i_2)","i,i,a,a",";;i_1,i_2;i_1,i_2","7,7,,",7 × 7 × ? × ?,,
2,56,Permute,residual,R,58173,,,384,384,452659528,1385619456,48,,,,,"R(i_1,i_2;a_1i_1i_2,a_2i_1i_2)","R(i_1,i_2;a_1i_1i_2,a_2i_1i_2)",,,,"i,i,a,a",";;i_1,i_2;i_1,i_2","7,7,,",7 × 7 × ? × ?,,
2,57,Tensor,leaf,g,6192,,,121536,121536,452659528,1385619456,15192,13818,10.313570711990552,5.229066732803696,0.3618052751837735,"g(i_2,i_3,Κ_1)","g(i_2,i_3,Κ_1)",,,,"i,i,Κ",;;,"7,7,282",7 × 7 × 282,110544,1.09944
2,57,Tensor,leaf,g,5949,,,1843152,1843152,452659528,1385619456,230394,225036,-13.7135187938935,9.824790694343452,0.19254784769834188,"g(μ̃_19890,i_4,Κ_1)","g(μ̃_19890,i_4,Κ_1)",,,,"μ̃,i,Κ",;;,"114,7,282",114 × 7 × 282,1800288,1.02381
2,57,Product,intermediate,I,226399,1843152,432,400,400,452659528,1385619456,50,0,0.0,0.0,0.0,"g(μ̃_19890,i_4,Κ_1) * I(μ̃_19890,i_4) -> I(Κ_1)",I(Κ_1),"g(μ̃_19890,i_4,Κ_1)","I(μ̃_19890,i_4)",I(Κ_1),Κ,,282,282,2256,0.177305
2,57,Product,intermediate,I,165642,121536,400,384,384,452659528,1385619456,48,0,0.0,0.0,0.0,"g(i_2,i_3,Κ_1) * I(Κ_1) -> I(i_3,i_2)","I(i_3,i_2)","g(i_2,i_3,Κ_1)",I(Κ_1),"I(i_3,i_2)","i,i",;,"7,7",7 × 7,392,0.979592
2,57,Product,intermediate,I,203770,384,5489512,400,400,452659528,1385619456,50,0,0.0,0.0,0.0,"I(i_3,i_2) * I(i_2,i_3,i_1;a_2i_1i_2,a_5i_1i_3) -> I(i_1,i_2,i_3;a_2i_1i_2,a_5i_1i_3)","I(i_1,i_2,i_3;a_2i_1i_2,a_5i_1i_3)","I(i_3,i_2)","I(i_2,i_3,i_1;a_2i_1i_2,a_5i_1i_3)","I(i_1,i_2,i_3;a_2i_1i_2,a_5i_1i_3)","i,i,i,a,a",";;;i_1,i_2;i_1,i_3","7,7,7,,",7 × 7 × 7 × ? × ?,,
2,57,Product,intermediate,I,288177,400,5489512,384,384,452659528,1385619456,48,0,0.0,0.0,0.0,"I(i_1,i_2,i_3;a_2i_1i_2,a_5i_1i_3) * I(i_2,i_3,i_1;a_1i_1i_2,a_5i_1i_3) -> I(i_2,i_1;a_2i_1i_2,a_1i_1i_2)","I(i_2,i_1;a_2i_1i_2,a_1i_1i_2)","I(i_1,i_2,i_3;a_2i_1i_2,a_5i_1i_3)","I(i_2,i_3,i_1;a_1i_1i_2,a_5i_1i_3)","I(i_2,i_1;a_2i_1i_2,a_1i_1i_2)","i,i,a,a",";;i_1,i_2;i_1,i_2","7,7,,",7 × 7 × ? × ?,,
2,57,Constant,constant,_const,1087,,,8,8,452659528,1385619456,1,,,,,-4,-4,,,,,,,scalar,8,1
2,57,Product,residual,R,82077,384,8,384,384,452659528,1385619456,48,0,0.0,0.0,0.0,"I(i_2,i_1;a_2i_1i_2,a_1i_1i_2) * -4 -> R(i_2,i_1;a_2i_1i_2,a_1i_1i_2)","R(i_2,i_1;a_2i_1i_2,a_1i_1i_2)","I(i_2,i_1;a_2i_1i_2,a_1i_1i_2)",-4,"R(i_2,i_1;a_2i_1i_2,a_1i_1i_2)","i,i,a,a",";;i_1,i_2;i_1,i_2","7,7,,",7 × 7 × ? × ?,,
2,57,Permute,residual,R,74601,,,384,384,452659528,1385619456,48,,,,,"R(i_2,i_1;a_2i_1i_2,a_1i_1i_2)","R(i_2,i_1;a_2i_1i_2,a_1i_1i_2)",,,,"i,i,a,a",";;i_1,i_2;i_1,i_2","7,7,,",7 × 7 × ? × ?,,
2,58,Product,intermediate,I,7244216,5489512,5489512,792440,792440,452659528,1385619456,99055,98598,0.6845328168611492,0.035386219672871116,0.015071341751630513,"I(i_2,i_1,i_3;a_1i_1i_2,a_4i_2i_3) * I(i_1,i_3,i_2;a_2i_1i_2,a_4i_2i_3) -> I(i_1,i_2;a_1i_1i_2,a_2i_1i_2)","I(i_1,i_2;a_1i_1i_2,a_2i_1i_2)","I(i_2,i_1,i_3;a_1i_1i_2,a_4i_2i_3)","I(i_1,i_3,i_2;a_2i_1i_2,a_4i_2i_3)","I(i_1,i_2;a_1i_1i_2,a_2i_1i_2)","i,i,a,a",";;i_1,i_2;i_1,i_2","7,7,,",7 × 7 × ? × ?,,
2,58,Constant,constant,_const,1324,,,8,8,452659528,1385619456,1,,,,,-2,-2,,,,,,,scalar,8,1
2,58,Product,residual,R,84744,792440,8,792440,792440,452659528,1385619456,99055,98598,-1.3690656337222984,0.14154487869148447,0.030142683503261027,"I(i_1,i_2;a_1i_1i_2,a_2i_1i_2) * -2 -> R(i_1,i_2;a_1i_1i_2,a_2i_1i_2)","R(i_1,i_2;a_1i_1i_2,a_2i_1i_2)","I(i_1,i_2;a_1i_1i_2,a_2i_1i_2)",-2,"R(i_1,i_2;a_1i_1i_2,a_2i_1i_2)","i,i,a,a",";;i_1,i_2;i_1,i_2","7,7,,",7 × 7 × ? × ?,,
2,58,Permute,residual,R,102442,,,792440,792440,452659528,1385619456,99055,,,,,"R(i_1,i_2;a_1i_1i_2,a_2i_1i_2)","R(i_1,i_2;a_1i_1i_2,a_2i_1i_2)",,,,"i,i,a,a",";;i_1,i_2;i_1,i_2","7,7,,",7 × 7 × ? × ?,,
2,59,Tensor,leaf,g,7543,,,1843152,1843152,452659528,1385619456,230394,225036,-13.7135187938935,9.824790694343452,0.19254784769834188,"g(μ̃_19934,i_4,Κ_1)","g(μ̃_19934,i_4,Κ_1)",,,,"μ̃,i,Κ",;;,"114,7,282",114 × 7 × 282,1800288,1.02381
2,59,Product,intermediate,I,238567,400,1843152,432,432,452659528,1385619456,54,0,0.0,0.0,0.0,"I(Κ_1) * g(μ̃_19934,i_4,Κ_1) -> I(i_4,μ̃_19934)","I(i_4,μ̃_19934)",I(Κ_1),"g(μ̃_19934,i_4,Κ_1)","I(i_4,μ̃_19934)","i,μ̃",;,"7,114",7 × 114,6384,0.0676692
2,59,Product,intermediate,I,146260,432,432,384,384,452659528,1385619456,48,0,0.0,0.0,0.0,"I(i_4,μ̃_19934) * I(μ̃_19934,i_2) -> I(i_4,i_2)","I(i_4,i_2)","I(i_4,μ̃_19934)","I(μ̃_19934,i_2)","I(i_4,i_2)","i,i",;,"7,7",7 × 7,392,0.979592
2,59,Product,intermediate,I,300538,384,5489512,400,400,452659528,1385619456,50,0,0.0,0.0,0.0,"I(i_4,i_2) * I(i_2,i_4,i_1;a_2i_1i_2,a_6i_1i_4) -> I(i_1,i_4,i_2;a_6i_1i_4,a_2i_1i_2)","I(i_1,i_4,i_2;a_6i_1i_4,a_2i_1i_2)","I(i_4,i_2)","I(i_2,i_4,i_1;a_2i_1i_2,a_6i_1i_4)","I(i_1,i_4,i_2;a_6i_1i_4,a_2i_1i_2)","i,i,i,a,a",";;;i_1,i_4;i_1,i_2","7,7,7,,",7 × 7 × 7 × ? × ?,,
2,59,Product,intermediate,I,358138,400,5489512,384,384,452659528,1385619456,48,0,0.0,0.0,0.0,"I(i_1,i_4,i_2;a_6i_1i_4,a_2i_1i_2) * I(i_2,i_4,i_1;a_1i_1i_2,a_6i_1i_4) -> I(i_1,i_2;a_1i_1i_2,a_2i_1i_2)","I(i_1,i_2;a_1i_1i_2,a_2i_1i_2)","I(i_1,i_4,i_2;a_6i_1i_4,a_2i_1i_2)","I(i_2,i_4,i_1;a_1i_1i_2,a_6i_1i_4)","I(i_1,i_2;a_1i_1i_2,a_2i_1i_2)","i,i,a,a",";;i_1,i_2;i_1,i_2","7,7,,",7 × 7 × ? × ?,,
2,59,Constant,constant,_const,812,,,8,8,452659528,1385619456,1,,,,,-4,-4,,,,,,,scalar,8,1
2,59,Product,residual,R,78748,384,8,384,384,452659528,1385619456,48,0,0.0,0.0,0.0,"I(i_1,i_2;a_1i_1i_2,a_2i_1i_2) * -4 -> R(i_1,i_2;a_1i_1i_2,a_2i_1i_2)","R(i_1,i_2;a_1i_1i_2,a_2i_1i_2)","I(i_1,i_2;a_1i_1i_2,a_2i_1i_2)",-4,"R(i_1,i_2;a_1i_1i_2,a_2i_1i_2)","i,i,a,a",";;i_1,i_2;i_1,i_2","7,7,,",7 × 7 × ? × ?,,
2,59,Permute,residual,R,61255,,,384,384,452659528,1385619456,48,,,,,"R(i_1,i_2;a_1i_1i_2,a_2i_1i_2)","R(i_1,i_2;a_1i_1i_2,a_2i_1i_2)",,,,"i,i,a,a",";;i_1,i_2;i_1,i_2","7,7,,",7 × 7 × ? × ?,,
2,60,Tensor,leaf,t,1984,,,792440,792440,452659528,1385619456,99055,98598,-1.4840757848822665,0.08148253559247469,0.02545185787020978,"t(i_2,i_3;a_4i_2i_3,a_3i_2i_3)","t(i_2,i_3;a_4i_2i_3,a_3i_2i_3)",,,,"i,i,a,a",";;i_2,i_3;i_2,i_3","7,7,,",7 × 7 × ? × ?,,
2,60,Product,intermediate,I,5377047,5489512,792440,5489512,5489512,452659528,1385619456,686189,684096,-0.7640479499534327,0.03258513646504867,0.015822474221725533,"I(i_2,i_3,i_1;a_3i_2i_3,a_1i_1i_2) * t(i_2,i_3;a_4i_2i_3,a_3i_2i_3) -> I(i_3,i_1,i_2;a_1i_1i_2,a_4i_2i_3)","I(i_3,i_1,i_2;a_1i_1i_2,a_4i_2i_3)","I(i_2,i_3,i_1;a_3i_2i_3,a_1i_1i_2)","t(i_2,i_3;a_4i_2i_3,a_3i_2i_3)","I(i_3,i_1,i_2;a_1i_1i_2,a_4i_2i_3)","i,i,i,a,a",";;;i_1,i_2;i_2,i_3","7,7,7,,",7 × 7 × 7 × ? × ?,,
2,60,Product,intermediate,I,7008948,5489512,5489512,792440,792440,452659528,1385619456,99055,98598,-0.7857340789400998,0.03545181332647106,0.016508471697173045,"I(i_3,i_1,i_2;a_1i_1i_2,a_4i_2i_3) * I(i_1,i_3,i_2;a_2i_1i_2,a_4i_2i_3) -> I(i_1,i_2;a_1i_1i_2,a_2i_1i_2)","I(i_1,i_2;a_1i_1i_2,a_2i_1i_2)","I(i_3,i_1,i_2;a_1i_1i_2,a_4i_2i_3)","I(i_1,i_3,i_2;a_2i_1i_2,a_4i_2i_3)","I(i_1,i_2;a_1i_1i_2,a_2i_1i_2)","i,i,a,a",";;i_1,i_2;i_1,i_2","7,7,,",7 × 7 × ? × ?,,
2,60,Constant,constant,_const,1735,,,8,8,452659528,1385619456,1,,,,,-2,-2,,,,,,,scalar,8,1
2,60,Product,residual,R,94529,792440,8,792440,792440,452659528,1385619456,99055,98598,1.5714681578801997,0.14180725330588423,0.03301694339434609,"I(i_1,i_2;a_1i_1i_2,a_2i_1i_2) * -2 -> R(i_1,i_2;a_1i_1i_2,a_2i_1i_2)","R(i_1,i_2;a_1i_1i_2,a_2i_1i_2)","I(i_1,i_2;a_1i_1i_2,a_2i_1i_2)",-2,"R(i_1,i_2;a_1i_1i_2,a_2i_1i_2)","i,i,a,a",";;i_1,i_2;i_1,i_2","7,7,,",7 × 7 × ? × ?,,
2,60,Permute,residual,R,94124,,,792440,792440,452659528,1385619456,99055,,,,,"R(i_1,i_2;a_1i_1i_2,a_2i_1i_2)","R(i_1,i_2;a_1i_1i_2,a_2i_1i_2)",,,,"i,i,a,a",";;i_1,i_2;i_1,i_2","7,7,,",7 × 7 × ? × ?,,
2,61,Tensor,leaf,t,1951,,,792440,792440,452659528,1385619456,99055,98598,-1.4840757848822665,0.08148253559247469,0.02545185787020978,"t(i_3,i_2;a_4i_2i_3,a_3i_2i_3)","t(i_3,i_2;a_4i_2i_3,a_3i_2i_3)",,,,"i,i,a,a",";;i_2,i_3;i_2,i_3","7,7,,",7 × 7 × ? × ?,,
2,61,Product,intermediate,I,5045581,5489512,792440,5489512,5489512,452659528,1385619456,686189,684096,-0.7802238505696857,0.029337462356020996,0.015822474221725533,"I(i_2,i_3,i_1;a_3i_2i_3,a_2i_1i_2) * t(i_3,i_2;a_4i_2i_3,a_3i_2i_3) -> I(i_3,i_1,i_2;a_2i_1i_2,a_4i_2i_3)","I(i_3,i_1,i_2;a_2i_1i_2,a_4i_2i_3)","I(i_2,i_3,i_1;a_3i_2i_3,a_2i_1i_2)","t(i_3,i_2;a_4i_2i_3,a_3i_2i_3)","I(i_3,i_1,i_2;a_2i_1i_2,a_4i_2i_3)","i,i,i,a,a",";;;i_1,i_2;i_2,i_3","7,7,7,,",7 × 7 × 7 × ? × ?,,
2,61,Product,intermediate,I,12357060,5489512,5489512,792440,792440,452659528,1385619456,99055,98598,-0.7936020900919847,0.031019989667424114,0.016220080312945084,"I(i_3,i_1,i_2;a_2i_1i_2,a_4i_2i_3) * I(i_1,i_3,i_2;a_1i_1i_2,a_4i_2i_3) -> I(i_1,i_2;a_1i_1i_2,a_2i_1i_2)","I(i_1,i_2;a_1i_1i_2,a_2i_1i_2)","I(i_3,i_1,i_2;a_2i_1i_2,a_4i_2i_3)","I(i_1,i_3,i_2;a_1i_1i_2,a_4i_2i_3)","I(i_1,i_2;a_1i_1i_2,a_2i_1i_2)","i,i,a,a",";;i_1,i_2;i_1,i_2","7,7,,",7 × 7 × ? × ?,,
2,61,Constant,constant,_const,2014,,,8,8,452659528,1385619456,1,,,,,-2,-2,,,,,,,scalar,8,1
2,61,Product,residual,R,83138,792440,8,792440,792440,452659528,1385619456,99055,98598,1.5872041801839694,0.12407995866969646,0.03244016062589017,"I(i_1,i_2;a_1i_1i_2,a_2i_1i_2) * -2 -> R(i_1,i_2;a_1i_1i_2,a_2i_1i_2)","R(i_1,i_2;a_1i_1i_2,a_2i_1i_2)","I(i_1,i_2;a_1i_1i_2,a_2i_1i_2)",-2,"R(i_1,i_2;a_1i_1i_2,a_2i_1i_2)","i,i,a,a",";;i_1,i_2;i_1,i_2","7,7,,",7 × 7 × ? × ?,,
2,61,Permute,residual,R,81483,,,792440,792440,452659528,1385619456,99055,,,,,"R(i_1,i_2;a_1i_1i_2,a_2i_1i_2)","R(i_1,i_2;a_1i_1i_2,a_2i_1i_2)",,,,"i,i,a,a",";;i_1,i_2;i_1,i_2","7,7,,",7 × 7 × ? × ?,,
2,62,Tensor,leaf,C,18587,,,2207664,2207664,452659528,1385619456,275958,246870,-5695.615034274957,223631163.21246105,731.2730436956697,"C(i_3,i_1,μ̃_19783;a_4i_1i_3)","C(i_3,i_1,μ̃_19783;a_4i_1i_3)",,,,"i,i,μ̃,a",";;;i_1,i_3","7,7,114,",7 × 7 × 114 × ?,,
2,62,Product,intermediate,I,436773,624,2207664,432,432,452659528,1385619456,54,0,0.0,0.0,0.0,"I(i_4,i_3,μ̃_19783,i_2) * C(i_3,i_1,μ̃_19783;a_4i_1i_3) -> I(i_1,i_4,i_3,i_2;a_4i_1i_3)","I(i_1,i_4,i_3,i_2;a_4i_1i_3)","I(i_4,i_3,μ̃_19783,i_2)","C(i_3,i_1,μ̃_19783;a_4i_1i_3)","I(i_1,i_4,i_3,i_2;a_4i_1i_3)","i,i,i,i,a",";;;;i_1,i_3","7,7,7,7,",7 × 7 × 7 × 7 × ?,,
2,62,Tensor,leaf,t,2397,,,792440,792440,452659528,1385619456,99055,98598,-1.4840757848822665,0.08148253559247469,0.02545185787020978,"t(i_3,i_1;a_6i_1i_3,a_4i_1i_3)","t(i_3,i_1;a_6i_1i_3,a_4i_1i_3)",,,,"i,i,a,a",";;i_1,i_3;i_1,i_3","7,7,,",7 × 7 × ? × ?,,
2,62,Product,intermediate,I,233299,432,792440,432,432,452659528,1385619456,54,0,0.0,0.0,0.0,"I(i_1,i_4,i_3,i_2;a_4i_1i_3) * t(i_3,i_1;a_6i_1i_3,a_4i_1i_3) -> I(i_3,i_4,i_2,i_1;a_6i_1i_3)","I(i_3,i_4,i_2,i_1;a_6i_1i_3)","I(i_1,i_4,i_3,i_2;a_4i_1i_3)","t(i_3,i_1;a_6i_1i_3,a_4i_1i_3)","I(i_3,i_4,i_2,i_1;a_6i_1i_3)","i,i,i,i,a",";;;;i_1,i_3","7,7,7,7,",7 × 7 × 7 × 7 × ?,,
2,62,Product,intermediate,I,352415,432,5489512,400,400,452659528,1385619456,50,0,0.0,0.0,0.0,"I(i_3,i_4,i_2,i_1;a_6i_1i_3) * I(i_2,i_3,i_1;a_2i_1i_2,a_6i_1i_3) -> I(i_4,i_2,i_1;a_2i_1i_2)","I(i_4,i_2,i_1;a_2i_1i_2)","I(i_3,i_4,i_2,i_1;a_6i_1i_3)","I(i_2,i_3,i_1;a_2i_1i_2,a_6i_1i_3)","I(i_4,i_2,i_1;a_2i_1i_2)","i,i,i,a",";;;i_1,i_2","7,7,7,",7 × 7 × 7 × ?,,
2,62,Product,intermediate,I,205341,400,400,384,384,452659528,1385619456,48,0,0.0,0.0,0.0,"I(i_4,i_2,i_1;a_2i_1i_2) * I(i_2,i_1,i_4;a_1i_1i_2) -> I(i_1,i_2;a_2i_1i_2,a_1i_1i_2)","I(i_1,i_2;a_2i_1i_2,a_1i_1i_2)","I(i_4,i_2,i_1;a_2i_1i_2)","I(i_2,i_1,i_4;a_1i_1i_2)","I(i_1,i_2;a_2i_1i_2,a_1i_1i_2)","i,i,a,a",";;i_1,i_2;i_1,i_2","7,7,,",7 × 7 × ? × ?,,
2,62,Constant,constant,_const,1043,,,8,8,452659528,1385619456,1,,,,,2,2,,,,,,,scalar,8,1
2,62,Product,residual,R,64650,384,8,384,384,452659528,1385619456,48,0,0.0,0.0,0.0,"I(i_1,i_2;a_2i_1i_2,a_1i_1i_2) * 2 -> R(i_1,i_2;a_2i_1i_2,a_1i_1i_2)","R(i_1,i_2;a_2i_1i_2,a_1i_1i_2)","I(i_1,i_2;a_2i_1i_2,a_1i_1i_2)",2,"R(i_1,i_2;a_2i_1i_2,a_1i_1i_2)","i,i,a,a",";;i_1,i_2;i_1,i_2","7,7,,",7 × 7 × ? × ?,,
2,62,Permute,residual,R,64905,,,384,384,452659528,1385619456,48,,,,,"R(i_1,i_2;a_2i_1i_2,a_1i_1i_2)","R(i_1,i_2;a_2i_1i_2,a_1i_1i_2)",,,,"i,i,a,a",";;i_1,i_2;i_1,i_2","7,7,,",7 × 7 × ? × ?,,
2,63,Tensor,leaf,t,1175,,,792440,792440,452659528,1385619456,99055,98598,-1.4840757848822665,0.08148253559247469,0.02545185787020978,"t(i_1,i_3;a_5i_1i_3,a_4i_1i_3)","t(i_1,i_3;a_5i_1i_3,a_4i_1i_3)",,,,"i,i,a,a",";;i_1,i_3;i_1,i_3","7,7,,",7 × 7 × ? × ?,,
2,63,Product,intermediate,I,255059,432,792440,432,432,452659528,1385619456,54,0,0.0,0.0,0.0,"I(i_1,i_4,i_3,i_2;a_4i_1i_3) * t(i_1,i_3;a_5i_1i_3,a_4i_1i_3) -> I(i_3,i_4,i_2,i_1;a_5i_1i_3)","I(i_3,i_4,i_2,i_1;a_5i_1i_3)","I(i_1,i_4,i_3,i_2;a_4i_1i_3)","t(i_1,i_3;a_5i_1i_3,a_4i_1i_3)","I(i_3,i_4,i_2,i_1;a_5i_1i_3)","i,i,i,i,a",";;;;i_1,i_3","7,7,7,7,",7 × 7 × 7 × 7 × ?,,
2,63,Product,intermediate,I,377793,432,5489512,400,400,452659528,1385619456,50,0,0.0,0.0,0.0,"I(i_3,i_4,i_2,i_1;a_5i_1i_3) * I(i_3,i_2,i_1;a_5i_1i_3,a_1i_1i_2) -> I(i_4,i_2,i_1;a_1i_1i_2)","I(i_4,i_2,i_1;a_1i_1i_2)","I(i_3,i_4,i_2,i_1;a_5i_1i_3)","I(i_3,i_2,i_1;a_5i_1i_3,a_1i_1i_2)","I(i_4,i_2,i_1;a_1i_1i_2)","i,i,i,a",";;;i_1,i_2","7,7,7,",7 × 7 × 7 × ?,,
2,63,Product,intermediate,I,226904,400,400,384,384,452659528,1385619456,48,0,0.0,0.0,0.0,"I(i_4,i_2,i_1;a_1i_1i_2) * I(i_2,i_1,i_4;a_2i_1i_2) -> I(i_1,i_2;a_1i_1i_2,a_2i_1i_2)","I(i_1,i_2;a_1i_1i_2,a_2i_1i_2)","I(i_4,i_2,i_1;a_1i_1i_2)","I(i_2,i_1,i_4;a_2i_1i_2)","I(i_1,i_2;a_1i_1i_2,a_2i_1i_2)","i,i,a,a",";;i_1,i_2;i_1,i_2","7,7,,",7 × 7 × ? × ?,,
2,63,Constant,constant,_const,1059,,,8,8,452659528,1385619456,1,,,,,2,2,,,,,,,scalar,8,1
2,63,Product,residual,R,83272,384,8,384,384,452659528,1385619456,48,0,0.0,0.0,0.0,"I(i_1,i_2;a_1i_1i_2,a_2i_1i_2) * 2 -> R(i_1,i_2;a_1i_1i_2,a_2i_1i_2)","R(i_1,i_2;a_1i_1i_2,a_2i_1i_2)","I(i_1,i_2;a_1i_1i_2,a_2i_1i_2)",2,"R(i_1,i_2;a_1i_1i_2,a_2i_1i_2)","i,i,a,a",";;i_1,i_2;i_1,i_2","7,7,,",7 × 7 × ? × ?,,
2,63,Permute,residual,R,59154,,,384,384,452659528,1385619456,48,,,,,"R(i_1,i_2;a_1i_1i_2,a_2i_1i_2)","R(i_1,i_2;a_1i_1i_2,a_2i_1i_2)",,,,"i,i,a,a",";;i_1,i_2;i_1,i_2","7,7,,",7 × 7 × ? × ?,,
2,64,Tensor,leaf,t,1253,,,792440,792440,452659528,1385619456,99055,98598,-1.4840757848822665,0.08148253559247469,0.02545185787020978,"t(i_3,i_2;a_4i_2i_3,a_3i_2i_3)","t(i_3,i_2;a_4i_2i_3,a_3i_2i_3)",,,,"i,i,a,a",";;i_2,i_3;i_2,i_3","7,7,,",7 × 7 × ? × ?,,
2,64,Product,intermediate,I,5308469,5489512,792440,5489512,5489512,452659528,1385619456,686189,684096,-0.13780612600993547,0.0017164637316648909,0.003752260187364109,"I(i_2,i_1,i_3;a_1i_1i_2,a_3i_2i_3) * t(i_3,i_2;a_4i_2i_3,a_3i_2i_3) -> I(i_3,i_1,i_2;a_4i_2i_3,a_1i_1i_2)","I(i_3,i_1,i_2;a_4i_2i_3,a_1i_1i_2)","I(i_2,i_1,i_3;a_1i_1i_2,a_3i_2i_3)","t(i_3,i_2;a_4i_2i_3,a_3i_2i_3)","I(i_3,i_1,i_2;a_4i_2i_3,a_1i_1i_2)","i,i,i,a,a",";;;i_2,i_3;i_1,i_2","7,7,7,,",7 × 7 × 7 × ? × ?,,
2,64,Product,intermediate,I,5874914,5489512,5489512,792440,792440,452659528,1385619456,99055,98598,-0.1295349634335837,0.002019968798673003,0.00446421280574172,"I(i_3,i_1,i_2;a_4i_2i_3,a_1i_1i_2) * I(i_1,i_3,i_2;a_2i_1i_2,a_4i_2i_3) -> I(i_1,i_2;a_1i_1i_2,a_2i_1i_2)","I(i_1,i_2;a_1i_1i_2,a_2i_1i_2)","I(i_3,i_1,i_2;a_4i_2i_3,a_1i_1i_2)","I(i_1,i_3,i_2;a_2i_1i_2,a_4i_2i_3)","I(i_1,i_2;a_1i_1i_2,a_2i_1i_2)","i,i,a,a",";;i_1,i_2;i_1,i_2","7,7,,",7 × 7 × ? × ?,,
2,64,Constant,constant,_const,2305,,,8,8,452659528,1385619456,1,,,,,-2,-2,,,,,,,scalar,8,1
2,64,Product,residual,R,114657,792440,8,792440,792440,452659528,1385619456,99055,98598,0.2590699268671674,0.008079875194692013,0.00892842561148344,"I(i_1,i_2;a_1i_1i_2,a_2i_1i_2) * -2 -> R(i_1,i_2;a_1i_1i_2,a_2i_1i_2)","R(i_1,i_2;a_1i_1i_2,a_2i_1i_2)","I(i_1,i_2;a_1i_1i_2,a_2i_1i_2)",-2,"R(i_1,i_2;a_1i_1i_2,a_2i_1i_2)","i,i,a,a",";;i_1,i_2;i_1,i_2","7,7,,",7 × 7 × ? × ?,,
2,64,Permute,residual,R,93610,,,792440,792440,452659528,1385619456,99055,,,,,"R(i_1,i_2;a_1i_1i_2,a_2i_1i_2)","R(i_1,i_2;a_1i_1i_2,a_2i_1i_2)",,,,"i,i,a,a",";;i_1,i_2;i_1,i_2","7,7,,",7 × 7 × ? × ?,,
2,65,Tensor,leaf,t,1932,,,792440,792440,452659528,1385619456,99055,98598,-1.4840757848822665,0.08148253559247469,0.02545185787020978,"t(i_2,i_3;a_4i_2i_3,a_3i_2i_3)","t(i_2,i_3;a_4i_2i_3,a_3i_2i_3)",,,,"i,i,a,a",";;i_2,i_3;i_2,i_3","7,7,,",7 × 7 × ? × ?,,
2,65,Product,intermediate,I,5263416,5489512,792440,5489512,5489512,452659528,1385619456,686189,684096,-0.1431268623018402,0.002332734913754907,0.003752260187364109,"I(i_2,i_1,i_3;a_1i_1i_2,a_3i_2i_3) * t(i_2,i_3;a_4i_2i_3,a_3i_2i_3) -> I(i_3,i_1,i_2;a_4i_2i_3,a_1i_1i_2)","I(i_3,i_1,i_2;a_4i_2i_3,a_1i_1i_2)","I(i_2,i_1,i_3;a_1i_1i_2,a_3i_2i_3)","t(i_2,i_3;a_4i_2i_3,a_3i_2i_3)","I(i_3,i_1,i_2;a_4i_2i_3,a_1i_1i_2)","i,i,i,a,a",";;;i_2,i_3;i_1,i_2","7,7,7,,",7 × 7 × 7 × ? × ?,,
2,65,Product,intermediate,I,5425832,5489512,5489512,792440,792440,452659528,1385619456,99055,98598,-0.1955721615109886,0.005686549764540257,0.007176999141093695,"I(i_3,i_1,i_2;a_4i_2i_3,a_1i_1i_2) * I(i_1,i_3,i_2;a_2i_1i_2,a_4i_2i_3) -> I(i_1,i_2;a_2i_1i_2,a_1i_1i_2)","I(i_1,i_2;a_2i_1i_2,a_1i_1i_2)","I(i_3,i_1,i_2;a_4i_2i_3,a_1i_1i_2)","I(i_1,i_3,i_2;a_2i_1i_2,a_4i_2i_3)","I(i_1,i_2;a_2i_1i_2,a_1i_1i_2)","i,i,a,a",";;i_1,i_2;i_1,i_2","7,7,,",7 × 7 × ? × ?,,
2,65,Constant,constant,_const,1776,,,8,8,452659528,1385619456,1,,,,,4,4,,,,,,,scalar,8,1
2,65,Product,residual,R,91739,792440,8,792440,792440,452659528,1385619456,99055,98598,-0.7822886460439544,0.0909847962326441,0.02870799656437478,"I(i_1,i_2;a_2i_1i_2,a_1i_1i_2) * 4 -> R(i_1,i_2;a_2i_1i_2,a_1i_1i_2)","R(i_1,i_2;a_2i_1i_2,a_1i_1i_2)","I(i_1,i_2;a_2i_1i_2,a_1i_1i_2)",4,"R(i_1,i_2;a_2i_1i_2,a_1i_1i_2)","i,i,a,a",";;i_1,i_2;i_1,i_2","7,7,,",7 × 7 × ? × ?,,
2,65,Permute,residual,R,88271,,,792440,792440,452659528,1385619456,99055,,,,,"R(i_1,i_2;a_2i_1i_2,a_1i_1i_2)","R(i_1,i_2;a_2i_1i_2,a_1i_1i_2)",,,,"i,i,a,a",";;i_1,i_2;i_1,i_2","7,7,,",7 × 7 × ? × ?,,
2,66,Tensor,leaf,t,2256,,,792440,792440,452659528,1385619456,99055,98598,-1.4840757848822665,0.08148253559247469,0.02545185787020978,"t(i_1,i_4;a_5i_1i_4,a_4i_1i_4)","t(i_1,i_4;a_5i_1i_4,a_4i_1i_4)",,,,"i,i,a,a",";;i_1,i_4;i_1,i_4","7,7,,",7 × 7 × ? × ?,,
2,66,Product,intermediate,I,215783,432,792440,432,432,452659528,1385619456,54,0,0.0,0.0,0.0,"I(i_1,i_3,i_4,i_2;a_4i_1i_4) * t(i_1,i_4;a_5i_1i_4,a_4i_1i_4) -> I(i_4,i_3,i_2,i_1;a_5i_1i_4)","I(i_4,i_3,i_2,i_1;a_5i_1i_4)","I(i_1,i_3,i_4,i_2;a_4i_1i_4)","t(i_1,i_4;a_5i_1i_4,a_4i_1i_4)","I(i_4,i_3,i_2,i_1;a_5i_1i_4)","i,i,i,i,a",";;;;i_1,i_4","7,7,7,7,",7 × 7 × 7 × 7 × ?,,
2,66,Product,intermediate,I,345766,432,5489512,400,400,452659528,1385619456,50,0,0.0,0.0,0.0,"I(i_4,i_3,i_2,i_1;a_5i_1i_4) * I(i_4,i_2,i_1;a_5i_1i_4,a_1i_1i_2) -> I(i_3,i_2,i_1;a_1i_1i_2)","I(i_3,i_2,i_1;a_1i_1i_2)","I(i_4,i_3,i_2,i_1;a_5i_1i_4)","I(i_4,i_2,i_1;a_5i_1i_4,a_1i_1i_2)","I(i_3,i_2,i_1;a_1i_1i_2)","i,i,i,a",";;;i_1,i_2","7,7,7,",7 × 7 × 7 × ?,,
2,66,Product,intermediate,I,219259,400,400,384,384,452659528,1385619456,48,0,0.0,0.0,0.0,"I(i_3,i_2,i_1;a_1i_1i_2) * I(i_2,i_1,i_3;a_2i_1i_2) -> I(i_1,i_2;a_1i_1i_2,a_2i_1i_2)","I(i_1,i_2;a_1i_1i_2,a_2i_1i_2)","I(i_3,i_2,i_1;a_1i_1i_2)","I(i_2,i_1,i_3;a_2i_1i_2)","I(i_1,i_2;a_1i_1i_2,a_2i_1i_2)","i,i,a,a",";;i_1,i_2;i_1,i_2","7,7,,",7 × 7 × ? × ?,,
2,66,Constant,constant,_const,1049,,,8,8,452659528,1385619456,1,,,,,-4,-4,,,,,,,scalar,8,1
2,66,Product,residual,R,63134,384,8,384,384,452659528,1385619456,48,0,0.0,0.0,0.0,"I(i_1,i_2;a_1i_1i_2,a_2i_1i_2) * -4 -> R(i_1,i_2;a_1i_1i_2,a_2i_1i_2)","R(i_1,i_2;a_1i_1i_2,a_2i_1i_2)","I(i_1,i_2;a_1i_1i_2,a_2i_1i_2)",-4,"R(i_1,i_2;a_1i_1i_2,a_2i_1i_2)","i,i,a,a",";;i_1,i_2;i_1,i_2","7,7,,",7 × 7 × ? × ?,,
2,66,Permute,residual,R,76465,,,384,384,452659528,1385619456,48,,,,,"R(i_1,i_2;a_1i_1i_2,a_2i_1i_2)","R(i_1,i_2;a_1i_1i_2,a_2i_1i_2)",,,,"i,i,a,a",";;i_1,i_2;i_1,i_2","7,7,,",7 × 7 × ? × ?,,
2,67,Tensor,leaf,C,15612,,,2207664,2207664,452659528,1385619456,275958,246870,-5695.615034274957,223631163.21246105,731.2730436956697,"C(i_2,i_1,μ̃_19721;a_4i_1i_2)","C(i_2,i_1,μ̃_19721;a_4i_1i_2)",,,,"i,i,μ̃,a",";;;i_1,i_2","7,7,114,",7 × 7 × 114 × ?,,
2,67,Product,intermediate,I,10667934,432,2207664,400,400,452659528,1385619456,50,0,0.0,0.0,0.0,"I(i_3,μ̃_19721) * C(i_2,i_1,μ̃_19721;a_4i_1i_2) -> I(i_2,i_1,i_3;a_4i_1i_2)","I(i_2,i_1,i_3;a_4i_1i_2)","I(i_3,μ̃_19721)","C(i_2,i_1,μ̃_19721;a_4i_1i_2)","I(i_2,i_1,i_3;a_4i_1i_2)","i,i,i,a",";;;i_1,i_2","7,7,7,",7 × 7 × 7 × ?,,
2,67,Tensor,leaf,t,1314,,,792440,792440,452659528,1385619456,99055,98598,-1.4840757848822665,0.08148253559247469,0.02545185787020978,"t(i_2,i_1;a_4i_1i_2,a_1i_1i_2)","t(i_2,i_1;a_4i_1i_2,a_1i_1i_2)",,,,"i,i,a,a",";;i_1,i_2;i_1,i_2","7,7,,",7 × 7 × ? × ?,,
2,67,Product,intermediate,I,207765,400,792440,400,400,452659528,1385619456,50,0,0.0,0.0,0.0,"I(i_2,i_1,i_3;a_4i_1i_2) * t(i_2,i_1;a_4i_1i_2,a_1i_1i_2) -> I(i_3,i_2,i_1;a_1i_1i_2)","I(i_3,i_2,i_1;a_1i_1i_2)","I(i_2,i_1,i_3;a_4i_1i_2)","t(i_2,i_1;a_4i_1i_2,a_1i_1i_2)","I(i_3,i_2,i_1;a_1i_1i_2)","i,i,i,a",";;;i_1,i_2","7,7,7,",7 × 7 × 7 × ?,,
2,67,Product,intermediate,I,289471,400,400,384,384,452659528,1385619456,48,0,0.0,0.0,0.0,"I(i_3,i_2,i_1;a_1i_1i_2) * I(i_2,i_1,i_3;a_2i_1i_2) -> I(i_1,i_2;a_2i_1i_2,a_1i_1i_2)","I(i_1,i_2;a_2i_1i_2,a_1i_1i_2)","I(i_3,i_2,i_1;a_1i_1i_2)","I(i_2,i_1,i_3;a_2i_1i_2)","I(i_1,i_2;a_2i_1i_2,a_1i_1i_2)","i,i,a,a",";;i_1,i_2;i_1,i_2","7,7,,",7 × 7 × ? × ?,,
2,67,Constant,constant,_const,1005,,,8,8,452659528,1385619456,1,,,,,2,2,,,,,,,scalar,8,1
2,67,Product,residual,R,61376,384,8,384,384,452659528,1385619456,48,0,0.0,0.0,0.0,"I(i_1,i_2;a_2i_1i_2,a_1i_1i_2) * 2 -> R(i_1,i_2;a_2i_1i_2,a_1i_1i_2)","R(i_1,i_2;a_2i_1i_2,a_1i_1i_2)","I(i_1,i_2;a_2i_1i_2,a_1i_1i_2)",2,"R(i_1,i_2;a_2i_1i_2,a_1i_1i_2)","i,i,a,a",";;i_1,i_2;i_1,i_2","7,7,,",7 × 7 × ? × ?,,
2,67,Permute,residual,R,70277,,,384,384,452659528,1385619456,48,,,,,"R(i_1,i_2;a_2i_1i_2,a_1i_1i_2)","R(i_1,i_2;a_2i_1i_2,a_1i_1i_2)",,,,"i,i,a,a",";;i_1,i_2;i_1,i_2","7,7,,",7 × 7 × ? × ?,,
2,68,Product,intermediate,I,230439,496,880,624,624,452659528,1385619456,78,0,0.0,0.0,0.0,"I(i_3,i_2,Κ_1) * I(μ̃_19748,i_1,Κ_1) -> I(i_3,μ̃_19748,i_1,i_2)","I(i_3,μ̃_19748,i_1,i_2)","I(i_3,i_2,Κ_1)","I(μ̃_19748,i_1,Κ_1)","I(i_3,μ̃_19748,i_1,i_2)","i,μ̃,i,i",;;;,"7,114,7,7",7 × 114 × 7 × 7,312816,0.00199478
2,68,Tensor,leaf,C,9406,,,2207664,2207664,452659528,1385619456,275958,246870,-5695.615034274957,223631163.21246105,731.2730436956697,"C(i_2,i_1,μ̃_19748;a_1i_1i_2)","C(i_2,i_1,μ̃_19748;a_1i_1i_2)",,,,"i,i,μ̃,a",";;;i_1,i_2","7,7,114,",7 × 7 × 114 × ?,,
2,68,Product,intermediate,I,413569,624,2207664,400,400,452659528,1385619456,50,0,0.0,0.0,0.0,"I(i_3,μ̃_19748,i_1,i_2) * C(i_2,i_1,μ̃_19748;a_1i_1i_2) -> I(i_3,i_1,i_2;a_1i_1i_2)","I(i_3,i_1,i_2;a_1i_1i_2)","I(i_3,μ̃_19748,i_1,i_2)","C(i_2,i_1,μ̃_19748;a_1i_1i_2)","I(i_3,i_1,i_2;a_1i_1i_2)","i,i,i,a",";;;i_1,i_2","7,7,7,",7 × 7 × 7 × ?,,
2,68,Product,intermediate,I,227498,400,400,384,384,452659528,1385619456,48,0,0.0,0.0,0.0,"I(i_3,i_1,i_2;a_1i_1i_2) * I(i_2,i_1,i_3;a_2i_1i_2) -> I(i_1,i_2;a_1i_1i_2,a_2i_1i_2)","I(i_1,i_2;a_1i_1i_2,a_2i_1i_2)","I(i_3,i_1,i_2;a_1i_1i_2)","I(i_2,i_1,i_3;a_2i_1i_2)","I(i_1,i_2;a_1i_1i_2,a_2i_1i_2)","i,i,a,a",";;i_1,i_2;i_1,i_2","7,7,,",7 × 7 × ? × ?,,
2,68,Constant,constant,_const,1383,,,8,8,452659528,1385619456,1,,,,,-2,-2,,,,,,,scalar,8,1
2,68,Product,residual,R,68970,384,8,384,384,452659528,1385619456,48,0,0.0,0.0,0.0,"I(i_1,i_2;a_1i_1i_2,a_2i_1i_2) * -2 -> R(i_1,i_2;a_1i_1i_2,a_2i_1i_2)","R(i_1,i_2;a_1i_1i_2,a_2i_1i_2)","I(i_1,i_2;a_1i_1i_2,a_2i_1i_2)",-2,"R(i_1,i_2;a_1i_1i_2,a_2i_1i_2)","i,i,a,a",";;i_1,i_2;i_1,i_2","7,7,,",7 × 7 × ? × ?,,
2,68,Permute,residual,R,72956,,,384,384,452659528,1385619456,48,,,,,"R(i_1,i_2;a_1i_1i_2,a_2i_1i_2)","R(i_1,i_2;a_1i_1i_2,a_2i_1i_2)",,,,"i,i,a,a",";;i_1,i_2;i_1,i_2","7,7,,",7 × 7 × ? × ?,,
2,69,Tensor,leaf,g,11863,,,1843152,1843152,452659528,1385619456,230394,225036,-13.7135187938935,9.824790694343452,0.19254784769834188,"g(μ̃_19827,i_3,Κ_1)","g(μ̃_19827,i_3,Κ_1)",,,,"μ̃,i,Κ",;;,"114,7,282",114 × 7 × 282,1800288,1.02381
2,69,Product,intermediate,I,296405,880,1843152,624,624,452659528,1385619456,78,0,0.0,0.0,0.0,"I(μ̃_19826,i_3,Κ_1) * g(μ̃_19827,i_3,Κ_1) -> I(μ̃_19826,μ̃_19827)","I(μ̃_19826,μ̃_19827)","I(μ̃_19826,i_3,Κ_1)","g(μ̃_19827,i_3,Κ_1)","I(μ̃_19826,μ̃_19827)","μ̃,μ̃",;,"114,114",114 × 114,103968,0.00600185
2,69,Tensor,leaf,C,13778,,,2207664,2207664,452659528,1385619456,275958,246870,-5695.615034274957,223631163.21246105,731.2730436956697,"C(i_2,i_1,μ̃_19826;a_2i_1i_2)","C(i_2,i_1,μ̃_19826;a_2i_1i_2)",,,,"i,i,μ̃,a",";;;i_1,i_2","7,7,114,",7 × 7 × 114 × ?,,
2,69,Product,intermediate,I,224400,624,2207664,496,496,452659528,1385619456,62,0,0.0,0.0,0.0,"I(μ̃_19826,μ̃_19827) * C(i_2,i_1,μ̃_19826;a_2i_1i_2) -> I(i_2,i_1,μ̃_19827;a_2i_1i_2)","I(i_2,i_1,μ̃_19827;a_2i_1i_2)","I(μ̃_19826,μ̃_19827)","C(i_2,i_1,μ̃_19826;a_2i_1i_2)","I(i_2,i_1,μ̃_19827;a_2i_1i_2)","i,i,μ̃,a",";;;i_1,i_2","7,7,114,",7 × 7 × 114 × ?,,
2,69,Tensor,leaf,C,8220,,,2207664,2207664,452659528,1385619456,275958,246870,-5695.615034274957,223631163.21246105,731.2730436956697,"C(i_2,i_1,μ̃_19827;a_4i_1i_2)","C(i_2,i_1,μ̃_19827;a_4i_1i_2)",,,,"i,i,μ̃,a",";;;i_1,i_2","7,7,114,",7 × 7 × 114 × ?,,
2,69,Product,intermediate,I,370071,496,2207664,384,384,452659528,1385619456,48,0,0.0,0.0,0.0,"I(i_2,i_1,μ̃_19827;a_2i_1i_2) * C(i_2,i_1,μ̃_19827;a_4i_1i_2) -> I(i_2,i_1;a_4i_1i_2,a_2i_1i_2)","I(i_2,i_1;a_4i_1i_2,a_2i_1i_2)","I(i_2,i_1,μ̃_19827;a_2i_1i_2)","C(i_2,i_1,μ̃_19827;a_4i_1i_2)","I(i_2,i_1;a_4i_1i_2,a_2i_1i_2)","i,i,a,a",";;i_1,i_2;i_1,i_2","7,7,,",7 × 7 × ? × ?,,
2,69,Tensor,leaf,t,1573,,,792440,792440,452659528,1385619456,99055,98598,-1.4840757848822665,0.08148253559247469,0.02545185787020978,"t(i_2,i_1;a_4i_1i_2,a_1i_1i_2)","t(i_2,i_1;a_4i_1i_2,a_1i_1i_2)",,,,"i,i,a,a",";;i_1,i_2;i_1,i_2","7,7,,",7 × 7 × ? × ?,,
2,69,Product,intermediate,I,140897,384,792440,384,384,452659528,1385619456,48,0,0.0,0.0,0.0,"I(i_2,i_1;a_4i_1i_2,a_2i_1i_2) * t(i_2,i_1;a_4i_1i_2,a_1i_1i_2) -> I(i_1,i_2;a_1i_1i_2,a_2i_1i_2)","I(i_1,i_2;a_1i_1i_2,a_2i_1i_2)","I(i_2,i_1;a_4i_1i_2,a_2i_1i_2)","t(i_2,i_1;a_4i_1i_2,a_1i_1i_2)","I(i_1,i_2;a_1i_1i_2,a_2i_1i_2)","i,i,a,a",";;i_1,i_2;i_1,i_2","7,7,,",7 × 7 × ? × ?,,
2,69,Constant,constant,_const,857,,,8,8,452659528,1385619456,1,,,,,-2,-2,,,,,,,scalar,8,1
2,69,Product,residual,R,57655,384,8,384,384,452659528,1385619456,48,0,0.0,0.0,0.0,"I(i_1,i_2;a_1i_1i_2,a_2i_1i_2) * -2 -> R(i_1,i_2;a_1i_1i_2,a_2i_1i_2)","R(i_1,i_2;a_1i_1i_2,a_2i_1i_2)","I(i_1,i_2;a_1i_1i_2,a_2i_1i_2)",-2,"R(i_1,i_2;a_1i_1i_2,a_2i_1i_2)","i,i,a,a",";;i_1,i_2;i_1,i_2","7,7,,",7 × 7 × ? × ?,,
2,69,Permute,residual,R,52689,,,384,384,452659528,1385619456,48,,,,,"R(i_1,i_2;a_1i_1i_2,a_2i_1i_2)","R(i_1,i_2;a_1i_1i_2,a_2i_1i_2)",,,,"i,i,a,a",";;i_1,i_2;i_1,i_2","7,7,,",7 × 7 × ? × ?,,
2,70,Product,intermediate,I,425448,5490816,880,496,496,452659528,1385619456,62,0,0.0,0.0,0.0,"I(i_2,i_1,Κ_1;a_1i_1i_2) * I(μ̃_19857,i_2,Κ_1) -> I(i_1,μ̃_19857,i_2;a_1i_1i_2)","I(i_1,μ̃_19857,i_2;a_1i_1i_2)","I(i_2,i_1,Κ_1;a_1i_1i_2)","I(μ̃_19857,i_2,Κ_1)","I(i_1,μ̃_19857,i_2;a_1i_1i_2)","i,μ̃,i,a",";;;i_1,i_2","7,114,7,",7 × 114 × 7 × ?,,
2,70,Tensor,leaf,C,8646,,,2207664,2207664,452659528,1385619456,275958,246870,-5695.615034274957,223631163.21246105,731.2730436956697,"C(i_2,i_1,μ̃_19857;a_2i_1i_2)","C(i_2,i_1,μ̃_19857;a_2i_1i_2)",,,,"i,i,μ̃,a",";;;i_1,i_2","7,7,114,",7 × 7 × 114 × ?,,
2,70,Product,intermediate,I,371075,496,2207664,384,384,452659528,1385619456,48,0,0.0,0.0,0.0,"I(i_1,μ̃_19857,i_2;a_1i_1i_2) * C(i_2,i_1,μ̃_19857;a_2i_1i_2) -> I(i_1,i_2;a_2i_1i_2,a_1i_1i_2)","I(i_1,i_2;a_2i_1i_2,a_1i_1i_2)","I(i_1,μ̃_19857,i_2;a_1i_1i_2)","C(i_2,i_1,μ̃_19857;a_2i_1i_2)","I(i_1,i_2;a_2i_1i_2,a_1i_1i_2)","i,i,a,a",";;i_1,i_2;i_1,i_2","7,7,,",7 × 7 × ? × ?,,
2,70,Constant,constant,_const,746,,,8,8,452659528,1385619456,1,,,,,2,2,,,,,,,scalar,8,1
2,70,Product,residual,R,65065,384,8,384,384,452659528,1385619456,48,0,0.0,0.0,0.0,"I(i_1,i_2;a_2i_1i_2,a_1i_1i_2) * 2 -> R(i_1,i_2;a_2i_1i_2,a_1i_1i_2)","R(i_1,i_2;a_2i_1i_2,a_1i_1i_2)","I(i_1,i_2;a_2i_1i_2,a_1i_1i_2)",2,"R(i_1,i_2;a_2i_1i_2,a_1i_1i_2)","i,i,a,a",";;i_1,i_2;i_1,i_2","7,7,,",7 × 7 × ? × ?,,
2,70,Permute,residual,R,71210,,,384,384,452659528,1385619456,48,,,,,"R(i_1,i_2;a_2i_1i_2,a_1i_1i_2)","R(i_1,i_2;a_2i_1i_2,a_1i_1i_2)",,,,"i,i,a,a",";;i_1,i_2;i_1,i_2","7,7,,",7 × 7 × ? × ?,,
2,71,Product,intermediate,I,394190,496,5490816,400,400,452659528,1385619456,50,0,0.0,0.0,0.0,"I(i_3,i_1,Κ_1) * I(i_1,i_2,Κ_1;a_2i_1i_2) -> I(i_3,i_2,i_1;a_2i_1i_2)","I(i_3,i_2,i_1;a_2i_1i_2)","I(i_3,i_1,Κ_1)","I(i_1,i_2,Κ_1;a_2i_1i_2)","I(i_3,i_2,i_1;a_2i_1i_2)","i,i,i,a",";;;i_1,i_2","7,7,7,",7 × 7 × 7 × ?,,
2,71,Product,intermediate,I,281863,400,400,384,384,452659528,1385619456,48,0,0.0,0.0,0.0,"I(i_3,i_2,i_1;a_2i_1i_2) * I(i_2,i_1,i_3;a_1i_1i_2) -> I(i_2,i_1;a_1i_1i_2,a_2i_1i_2)","I(i_2,i_1;a_1i_1i_2,a_2i_1i_2)","I(i_3,i_2,i_1;a_2i_1i_2)","I(i_2,i_1,i_3;a_1i_1i_2)","I(i_2,i_1;a_1i_1i_2,a_2i_1i_2)","i,i,a,a",";;i_1,i_2;i_1,i_2","7,7,,",7 × 7 × ? × ?,,
2,71,Constant,constant,_const,1053,,,8,8,452659528,1385619456,1,,,,,-2,-2,,,,,,,scalar,8,1
2,71,Product,residual,R,67688,384,8,384,384,452659528,1385619456,48,0,0.0,0.0,0.0,"I(i_2,i_1;a_1i_1i_2,a_2i_1i_2) * -2 -> R(i_2,i_1;a_1i_1i_2,a_2i_1i_2)","R(i_2,i_1;a_1i_1i_2,a_2i_1i_2)","I(i_2,i_1;a_1i_1i_2,a_2i_1i_2)",-2,"R(i_2,i_1;a_1i_1i_2,a_2i_1i_2)","i,i,a,a",";;i_1,i_2;i_1,i_2","7,7,,",7 × 7 × ? × ?,,
2,71,Permute,residual,R,68573,,,384,384,452659528,1385619456,48,,,,,"R(i_2,i_1;a_1i_1i_2,a_2i_1i_2)","R(i_2,i_1;a_1i_1i_2,a_2i_1i_2)",,,,"i,i,a,a",";;i_1,i_2;i_1,i_2","7,7,,",7 × 7 × ? × ?,,
2,72,Tensor,leaf,t,1439,,,792440,792440,452659528,1385619456,99055,98598,-1.4840757848822665,0.08148253559247469,0.02545185787020978,"t(i_2,i_1;a_3i_1i_2,a_1i_1i_2)","t(i_2,i_1;a_3i_1i_2,a_1i_1i_2)",,,,"i,i,a,a",";;i_1,i_2;i_1,i_2","7,7,,",7 × 7 × ? × ?,,
2,72,Product,intermediate,I,200274,400,792440,400,400,452659528,1385619456,50,0,0.0,0.0,0.0,"I(i_2,i_1,i_3;a_3i_1i_2) * t(i_2,i_1;a_3i_1i_2,a_1i_1i_2) -> I(i_3,i_2,i_1;a_1i_1i_2)","I(i_3,i_2,i_1;a_1i_1i_2)","I(i_2,i_1,i_3;a_3i_1i_2)","t(i_2,i_1;a_3i_1i_2,a_1i_1i_2)","I(i_3,i_2,i_1;a_1i_1i_2)","i,i,i,a",";;;i_1,i_2","7,7,7,",7 × 7 × 7 × ?,,
2,72,Product,intermediate,I,264898,400,400,384,384,452659528,1385619456,48,0,0.0,0.0,0.0,"I(i_3,i_2,i_1;a_1i_1i_2) * I(i_2,i_1,i_3;a_2i_1i_2) -> I(i_1,i_2;a_2i_1i_2,a_1i_1i_2)","I(i_1,i_2;a_2i_1i_2,a_1i_1i_2)","I(i_3,i_2,i_1;a_1i_1i_2)","I(i_2,i_1,i_3;a_2i_1i_2)","I(i_1,i_2;a_2i_1i_2,a_1i_1i_2)","i,i,a,a",";;i_1,i_2;i_1,i_2","7,7,,",7 × 7 × ? × ?,,
2,72,Constant,constant,_const,954,,,8,8,452659528,1385619456,1,,,,,-2,-2,,,,,,,scalar,8,1
2,72,Product,residual,R,55931,384,8,384,384,452659528,1385619456,48,0,0.0,0.0,0.0,"I(i_1,i_2;a_2i_1i_2,a_1i_1i_2) * -2 -> R(i_1,i_2;a_2i_1i_2,a_1i_1i_2)","R(i_1,i_2;a_2i_1i_2,a_1i_1i_2)","I(i_1,i_2;a_2i_1i_2,a_1i_1i_2)",-2,"R(i_1,i_2;a_2i_1i_2,a_1i_1i_2)","i,i,a,a",";;i_1,i_2;i_1,i_2","7,7,,",7 × 7 × ? × ?,,
2,72,Permute,residual,R,54402,,,384,384,452659528,1385619456,48,,,,,"R(i_1,i_2;a_2i_1i_2,a_1i_1i_2)","R(i_1,i_2;a_2i_1i_2,a_1i_1i_2)",,,,"i,i,a,a",";;i_1,i_2;i_1,i_2","7,7,,",7 × 7 × ? × ?,,
2,73,Tensor,leaf,g,8484,,,29489328,29489328,452659528,1385619456,3686166,3664872,328.03408291046196,123.92989425956745,0.8503952014554764,"g(μ̃_19698,μ̃_19699,Κ_1)","g(μ̃_19698,μ̃_19699,Κ_1)",,,,"μ̃,μ̃,Κ",;;,"114,114,282",114 × 114 × 282,29318976,1.00581
2,73,Product,intermediate,I,367554,400,29489328,624,624,452659528,1385619456,78,0,0.0,0.0,0.0,"I(Κ_1) * g(μ̃_19698,μ̃_19699,Κ_1) -> I(μ̃_19699,μ̃_19698)","I(μ̃_19699,μ̃_19698)",I(Κ_1),"g(μ̃_19698,μ̃_19699,Κ_1)","I(μ̃_19699,μ̃_19698)","μ̃,μ̃",;,"114,114",114 × 114,103968,0.00600185
2,73,Tensor,leaf,C,34304,,,2207664,2207664,452659528,1385619456,275958,246870,-5695.615034274957,223631163.21246105,731.2730436956697,"C(i_2,i_1,μ̃_19698;a_4i_1i_2)","C(i_2,i_1,μ̃_19698;a_4i_1i_2)",,,,"i,i,μ̃,a",";;;i_1,i_2","7,7,114,",7 × 7 × 114 × ?,,
2,73,Product,intermediate,I,284405,624,2207664,496,496,452659528,1385619456,62,0,0.0,0.0,0.0,"I(μ̃_19699,μ̃_19698) * C(i_2,i_1,μ̃_19698;a_4i_1i_2) -> I(i_2,i_1,μ̃_19699;a_4i_1i_2)","I(i_2,i_1,μ̃_19699;a_4i_1i_2)","I(μ̃_19699,μ̃_19698)","C(i_2,i_1,μ̃_19698;a_4i_1i_2)","I(i_2,i_1,μ̃_19699;a_4i_1i_2)","i,i,μ̃,a",";;;i_1,i_2","7,7,114,",7 × 7 × 114 × ?,,
2,73,Tensor,leaf,C,13107,,,2207664,2207664,452659528,1385619456,275958,246870,-5695.615034274957,223631163.21246105,731.2730436956697,"C(i_2,i_1,μ̃_19699;a_2i_1i_2)","C(i_2,i_1,μ̃_19699;a_2i_1i_2)",,,,"i,i,μ̃,a",";;;i_1,i_2","7,7,114,",7 × 7 × 114 × ?,,
2,73,Product,intermediate,I,435952,496,2207664,384,384,452659528,1385619456,48,0,0.0,0.0,0.0,"I(i_2,i_1,μ̃_19699;a_4i_1i_2) * C(i_2,i_1,μ̃_19699;a_2i_1i_2) -> I(i_2,i_1;a_2i_1i_2,a_4i_1i_2)","I(i_2,i_1;a_2i_1i_2,a_4i_1i_2)","I(i_2,i_1,μ̃_19699;a_4i_1i_2)","C(i_2,i_1,μ̃_19699;a_2i_1i_2)","I(i_2,i_1;a_2i_1i_2,a_4i_1i_2)","i,i,a,a",";;i_1,i_2;i_1,i_2","7,7,,",7 × 7 × ? × ?,,
2,73,Tensor,leaf,t,1536,,,792440,792440,452659528,1385619456,99055,98598,-1.4840757848822665,0.08148253559247469,0.02545185787020978,"t(i_2,i_1;a_4i_1i_2,a_1i_1i_2)","t(i_2,i_1;a_4i_1i_2,a_1i_1i_2)",,,,"i,i,a,a",";;i_1,i_2;i_1,i_2","7,7,,",7 × 7 × ? × ?,,
2,73,Product,intermediate,I,142479,384,792440,384,384,452659528,1385619456,48,0,0.0,0.0,0.0,"I(i_2,i_1;a_2i_1i_2,a_4i_1i_2) * t(i_2,i_1;a_4i_1i_2,a_1i_1i_2) -> I(i_1,i_2;a_2i_1i_2,a_1i_1i_2)","I(i_1,i_2;a_2i_1i_2,a_1i_1i_2)","I(i_2,i_1;a_2i_1i_2,a_4i_1i_2)","t(i_2,i_1;a_4i_1i_2,a_1i_1i_2)","I(i_1,i_2;a_2i_1i_2,a_1i_1i_2)","i,i,a,a",";;i_1,i_2;i_1,i_2","7,7,,",7 × 7 × ? × ?,,
2,73,Constant,constant,_const,1310,,,8,8,452659528,1385619456,1,,,,,4,4,,,,,,,scalar,8,1
2,73,Product,residual,R,47552,384,8,384,384,452659528,1385619456,48,0,0.0,0.0,0.0,"I(i_1,i_2;a_2i_1i_2,a_1i_1i_2) * 4 -> R(i_1,i_2;a_2i_1i_2,a_1i_1i_2)","R(i_1,i_2;a_2i_1i_2,a_1i_1i_2)","I(i_1,i_2;a_2i_1i_2,a_1i_1i_2)",4,"R(i_1,i_2;a_2i_1i_2,a_1i_1i_2)","i,i,a,a",";;i_1,i_2;i_1,i_2","7,7,,",7 × 7 × ? × ?,,
2,73,Permute,residual,R,81823,,,384,384,452659528,1385619456,48,,,,,"R(i_1,i_2;a_2i_1i_2,a_1i_1i_2)","R(i_1,i_2;a_2i_1i_2,a_1i_1i_2)",,,,"i,i,a,a",";;i_1,i_2;i_1,i_2","7,7,,",7 × 7 × ? × ?,,
2,74,Tensor,leaf,C,13565,,,2207664,2207664,452659528,1385619456,275958,246870,-5695.615034274957,223631163.21246105,731.2730436956697,"C(i_2,i_1,μ̃_19853;a_4i_1i_2)","C(i_2,i_1,μ̃_19853;a_4i_1i_2)",,,,"i,i,μ̃,a",";;;i_1,i_2","7,7,114,",7 × 7 × 114 × ?,,
2,74,Product,intermediate,I,3099313,432,2207664,400,400,452659528,1385619456,50,0,0.0,0.0,0.0,"I(i_4,μ̃_19853) * C(i_2,i_1,μ̃_19853;a_4i_1i_2) -> I(i_2,i_1,i_4;a_4i_1i_2)","I(i_2,i_1,i_4;a_4i_1i_2)","I(i_4,μ̃_19853)","C(i_2,i_1,μ̃_19853;a_4i_1i_2)","I(i_2,i_1,i_4;a_4i_1i_2)","i,i,i,a",";;;i_1,i_2","7,7,7,",7 × 7 × 7 × ?,,
2,74,Tensor,leaf,t,1707,,,792440,792440,452659528,1385619456,99055,98598,-1.4840757848822665,0.08148253559247469,0.02545185787020978,"t(i_2,i_1;a_4i_1i_2,a_1i_1i_2)","t(i_2,i_1;a_4i_1i_2,a_1i_1i_2)",,,,"i,i,a,a",";;i_1,i_2;i_1,i_2","7,7,,",7 × 7 × ? × ?,,
2,74,Product,intermediate,I,207016,400,792440,400,400,452659528,1385619456,50,0,0.0,0.0,0.0,"I(i_2,i_1,i_4;a_4i_1i_2) * t(i_2,i_1;a_4i_1i_2,a_1i_1i_2) -> I(i_4,i_2,i_1;a_1i_1i_2)","I(i_4,i_2,i_1;a_1i_1i_2)","I(i_2,i_1,i_4;a_4i_1i_2)","t(i_2,i_1;a_4i_1i_2,a_1i_1i_2)","I(i_4,i_2,i_1;a_1i_1i_2)","i,i,i,a",";;;i_1,i_2","7,7,7,",7 × 7 × 7 × ?,,
2,74,Product,intermediate,I,327640,400,400,384,384,452659528,1385619456,48,0,0.0,0.0,0.0,"I(i_4,i_2,i_1;a_1i_1i_2) * I(i_2,i_1,i_4;a_2i_1i_2) -> I(i_1,i_2;a_2i_1i_2,a_1i_1i_2)","I(i_1,i_2;a_2i_1i_2,a_1i_1i_2)","I(i_4,i_2,i_1;a_1i_1i_2)","I(i_2,i_1,i_4;a_2i_1i_2)","I(i_1,i_2;a_2i_1i_2,a_1i_1i_2)","i,i,a,a",";;i_1,i_2;i_1,i_2","7,7,,",7 × 7 × ? × ?,,
2,74,Constant,constant,_const,775,,,8,8,452659528,1385619456,1,,,,,-4,-4,,,,,,,scalar,8,1
2,74,Product,residual,R,60763,384,8,384,384,452659528,1385619456,48,0,0.0,0.0,0.0,"I(i_1,i_2;a_2i_1i_2,a_1i_1i_2) * -4 -> R(i_1,i_2;a_2i_1i_2,a_1i_1i_2)","R(i_1,i_2;a_2i_1i_2,a_1i_1i_2)","I(i_1,i_2;a_2i_1i_2,a_1i_1i_2)",-4,"R(i_1,i_2;a_2i_1i_2,a_1i_1i_2)","i,i,a,a",";;i_1,i_2;i_1,i_2","7,7,,",7 × 7 × ? × ?,,
2,74,Permute,residual,R,77058,,,384,384,452659528,1385619456,48,,,,,"R(i_1,i_2;a_2i_1i_2,a_1i_1i_2)","R(i_1,i_2;a_2i_1i_2,a_1i_1i_2)",,,,"i,i,a,a",";;i_1,i_2;i_1,i_2","7,7,,",7 × 7 × ? × ?,,
2,75,Product,intermediate,I,262096,5179792,432,624,624,452659528,1385619456,78,0,0.0,0.0,0.0,"I(i_2,i_3,μ̃_19758,μ̃_19757) * I(μ̃_19758,i_1) -> I(i_2,i_3,μ̃_19757,i_1)","I(i_2,i_3,μ̃_19757,i_1)","I(i_2,i_3,μ̃_19758,μ̃_19757)","I(μ̃_19758,i_1)","I(i_2,i_3,μ̃_19757,i_1)","i,i,μ̃,i",;;;,"7,7,114,7",7 × 7 × 114 × 7,312816,0.00199478
2,75,Tensor,leaf,C,10946,,,2207664,2207664,452659528,1385619456,275958,246870,-5695.615034274957,223631163.21246105,731.2730436956697,"C(i_2,i_1,μ̃_19757;a_1i_1i_2)","C(i_2,i_1,μ̃_19757;a_1i_1i_2)",,,,"i,i,μ̃,a",";;;i_1,i_2","7,7,114,",7 × 7 × 114 × ?,,
2,75,Product,intermediate,I,444322,624,2207664,400,400,452659528,1385619456,50,0,0.0,0.0,0.0,"I(i_2,i_3,μ̃_19757,i_1) * C(i_2,i_1,μ̃_19757;a_1i_1i_2) -> I(i_3,i_2,i_1;a_1i_1i_2)","I(i_3,i_2,i_1;a_1i_1i_2)","I(i_2,i_3,μ̃_19757,i_1)","C(i_2,i_1,μ̃_19757;a_1i_1i_2)","I(i_3,i_2,i_1;a_1i_1i_2)","i,i,i,a",";;;i_1,i_2","7,7,7,",7 × 7 × 7 × ?,,
2,75,Product,intermediate,I,316574,400,400,384,384,452659528,1385619456,48,0,0.0,0.0,0.0,"I(i_3,i_2,i_1;a_1i_1i_2) * I(i_2,i_1,i_3;a_2i_1i_2) -> I(i_2,i_1;a_2i_1i_2,a_1i_1i_2)","I(i_2,i_1;a_2i_1i_2,a_1i_1i_2)","I(i_3,i_2,i_1;a_1i_1i_2)","I(i_2,i_1,i_3;a_2i_1i_2)","I(i_2,i_1;a_2i_1i_2,a_1i_1i_2)","i,i,a,a",";;i_1,i_2;i_1,i_2","7,7,,",7 × 7 × ? × ?,,
2,75,Constant,constant,_const,1171,,,8,8,452659528,1385619456,1,,,,,-2,-2,,,,,,,scalar,8,1
2,75,Product,residual,R,62061,384,8,384,384,452659528,1385619456,48,0,0.0,0.0,0.0,"I(i_2,i_1;a_2i_1i_2,a_1i_1i_2) * -2 -> R(i_2,i_1;a_2i_1i_2,a_1i_1i_2)","R(i_2,i_1;a_2i_1i_2,a_1i_1i_2)","I(i_2,i_1;a_2i_1i_2,a_1i_1i_2)",-2,"R(i_2,i_1;a_2i_1i_2,a_1i_1i_2)","i,i,a,a",";;i_1,i_2;i_1,i_2","7,7,,",7 × 7 × ? × ?,,
2,75,Permute,residual,R,70839,,,384,384,452659528,1385619456,48,,,,,"R(i_2,i_1;a_2i_1i_2,a_1i_1i_2)","R(i_2,i_1;a_2i_1i_2,a_1i_1i_2)",,,,"i,i,a,a",";;i_1,i_2;i_1,i_2","7,7,,",7 × 7 × ? × ?,,
2,76,Product,intermediate,I,357935,24888,400,400,400,452659528,1385619456,50,0,0.0,0.0,0.0,"I(i_1,i_3,i_2,i_4) * I(i_2,i_1,i_3;a_1i_1i_2) -> I(i_4,i_1,i_2;a_1i_1i_2)","I(i_4,i_1,i_2;a_1i_1i_2)","I(i_1,i_3,i_2,i_4)","I(i_2,i_1,i_3;a_1i_1i_2)","I(i_4,i_1,i_2;a_1i_1i_2)","i,i,i,a",";;;i_1,i_2","7,7,7,",7 × 7 × 7 × ?,,
2,76,Product,residual,R,319918,400,400,384,384,452659528,1385619456,48,0,0.0,0.0,0.0,"I(i_4,i_1,i_2;a_1i_1i_2) * I(i_2,i_1,i_4;a_2i_1i_2) -> R(i_2,i_1;a_2i_1i_2,a_1i_1i_2)","R(i_2,i_1;a_2i_1i_2,a_1i_1i_2)","I(i_4,i_1,i_2;a_1i_1i_2)","I(i_2,i_1,i_4;a_2i_1i_2)","R(i_2,i_1;a_2i_1i_2,a_1i_1i_2)","i,i,a,a",";;i_1,i_2;i_1,i_2","7,7,,",7 × 7 × ? × ?,,
2,76,Permute,residual,R,191712,,,384,384,452659528,1385619456,48,,,,,"R(i_2,i_1;a_2i_1i_2,a_1i_1i_2)","R(i_2,i_1;a_2i_1i_2,a_1i_1i_2)",,,,"i,i,a,a",";;i_1,i_2;i_1,i_2","7,7,,",7 × 7 × ? × ?,,
2,77,Tensor,leaf,t,2308,,,792440,792440,452659528,1385619456,99055,98598,-1.4840757848822665,0.08148253559247469,0.02545185787020978,"t(i_3,i_4;a_5i_3i_4,a_3i_3i_4)","t(i_3,i_4;a_5i_3i_4,a_3i_3i_4)",,,,"i,i,a,a",";;i_3,i_4;i_3,i_4","7,7,,",7 × 7 × ? × ?,,
2,77,Product,intermediate,I,3447355,2226240,792440,2226240,2226240,452659528,1385619456,278280,248976,0.05990534591143154,0.001954138426230444,0.0035763640565708624,"I(i_4,i_3,μ̃_19717;a_3i_3i_4) * t(i_3,i_4;a_5i_3i_4,a_3i_3i_4) -> I(i_4,i_3,μ̃_19717;a_5i_3i_4)","I(i_4,i_3,μ̃_19717;a_5i_3i_4)","I(i_4,i_3,μ̃_19717;a_3i_3i_4)","t(i_3,i_4;a_5i_3i_4,a_3i_3i_4)","I(i_4,i_3,μ̃_19717;a_5i_3i_4)","i,i,μ̃,a",";;;i_3,i_4","7,7,114,",7 × 7 × 114 × ?,,
2,77,Tensor,leaf,C,13285,,,2207664,2207664,452659528,1385619456,275958,246870,-5695.615034274957,223631163.21246105,731.2730436956697,"C(i_4,i_3,μ̃_19719;a_5i_3i_4)","C(i_4,i_3,μ̃_19719;a_5i_3i_4)",,,,"i,i,μ̃,a",";;;i_3,i_4","7,7,114,",7 × 7 × 114 × ?,,
2,77,Product,intermediate,I,77522103,2226240,2207664,125584,125584,452659528,1385619456,15698,12996,-2.658476022514551,0.3757998868403472,0.09653599343776562,"I(i_4,i_3,μ̃_19717;a_5i_3i_4) * C(i_4,i_3,μ̃_19719;a_5i_3i_4) -> I(μ̃_19717,μ̃_19719)","I(μ̃_19717,μ̃_19719)","I(i_4,i_3,μ̃_19717;a_5i_3i_4)","C(i_4,i_3,μ̃_19719;a_5i_3i_4)","I(μ̃_19717,μ̃_19719)","μ̃,μ̃",;,"114,114",114 × 114,103968,1.20791
2,77,Tensor,leaf,s,37515,,,125584,125584,452659528,1385619456,15698,12996,138.52037144982427,140.242752948763,0.9820999861813638,"s(μ̃_19718,μ̃_19719)","s(μ̃_19718,μ̃_19719)",,,,"μ̃,μ̃",;,"114,114",114 × 114,103968,1.20791
2,77,Product,intermediate,I,3168262,125584,125584,125584,125584,452659528,1385619456,15698,12996,-0.8678885098118112,0.007401001113973909,0.006904588302954925,"I(μ̃_19717,μ̃_19719) * s(μ̃_19718,μ̃_19719) -> I(μ̃_19718,μ̃_19717)","I(μ̃_19718,μ̃_19717)","I(μ̃_19717,μ̃_19719)","s(μ̃_19718,μ̃_19719)","I(μ̃_19718,μ̃_19717)","μ̃,μ̃",;,"114,114",114 × 114,103968,1.20791
2,77,Tensor,leaf,C,14142,,,2207664,2207664,452659528,1385619456,275958,246870,-5695.615034274957,223631163.21246105,731.2730436956697,"C(i_2,i_1,μ̃_19717;a_4i_1i_2)","C(i_2,i_1,μ̃_19717;a_4i_1i_2)",,,,"i,i,μ̃,a",";;;i_1,i_2","7,7,114,",7 × 7 × 114 × ?,,
2,77,Product,intermediate,I,44958960,125584,2207664,2226240,2226240,452659528,1385619456,278280,248976,0.8954255877853886,0.1273436740999784,0.007224094577596147,"I(μ̃_19718,μ̃_19717) * C(i_2,i_1,μ̃_19717;a_4i_1i_2) -> I(i_2,i_1,μ̃_19718;a_4i_1i_2)","I(i_2,i_1,μ̃_19718;a_4i_1i_2)","I(μ̃_19718,μ̃_19717)","C(i_2,i_1,μ̃_19717;a_4i_1i_2)","I(i_2,i_1,μ̃_19718;a_4i_1i_2)","i,i,μ̃,a",";;;i_1,i_2","7,7,114,",7 × 7 × 114 × ?,,
2,77,Tensor,leaf,C,30536,,,2207664,2207664,452659528,1385619456,275958,246870,-5695.615034274957,223631163.21246105,731.2730436956697,"C(i_2,i_1,μ̃_19718;a_1i_1i_2)","C(i_2,i_1,μ̃_19718;a_1i_1i_2)",,,,"i,i,μ̃,a",";;;i_1,i_2","7,7,114,",7 × 7 × 114 × ?,,
2,77,Product,intermediate,I,4175724,2226240,2207664,792440,792440,452659528,1385619456,99055,98598,-7.0081739424522365,0.05408122747319834,0.011197362334124168,"I(i_2,i_1,μ̃_19718;a_4i_1i_2) * C(i_2,i_1,μ̃_19718;a_1i_1i_2) -> I(i_2,i_1;a_1i_1i_2,a_4i_1i_2)","I(i_2,i_1;a_1i_1i_2,a_4i_1i_2)","I(i_2,i_1,μ̃_19718;a_4i_1i_2)","C(i_2,i_1,μ̃_19718;a_1i_1i_2)","I(i_2,i_1;a_1i_1i_2,a_4i_1i_2)","i,i,a,a",";;i_1,i_2;i_1,i_2","7,7,,",7 × 7 × ? × ?,,
2,77,Tensor,leaf,t,2824,,,792440,792440,452659528,1385619456,99055,98598,-1.4840757848822665,0.08148253559247469,0.02545185787020978,"t(i_1,i_2;a_4i_1i_2,a_2i_1i_2)","t(i_1,i_2;a_4i_1i_2,a_2i_1i_2)",,,,"i,i,a,a",";;i_1,i_2;i_1,i_2","7,7,,",7 × 7 × ? × ?,,
2,77,Product,intermediate,I,903720,792440,792440,792440,792440,452659528,1385619456,99055,98598,0.00806489855912672,8.908483360184169e-06,0.0003992413297992143,"I(i_2,i_1;a_1i_1i_2,a_4i_1i_2) * t(i_1,i_2;a_4i_1i_2,a_2i_1i_2) -> I(i_2,i_1;a_1i_1i_2,a_2i_1i_2)","I(i_2,i_1;a_1i_1i_2,a_2i_1i_2)","I(i_2,i_1;a_1i_1i_2,a_4i_1i_2)","t(i_1,i_2;a_4i_1i_2,a_2i_1i_2)","I(i_2,i_1;a_1i_1i_2,a_2i_1i_2)","i,i,a,a",";;i_1,i_2;i_1,i_2","7,7,,",7 × 7 × ? × ?,,
2,77,Constant,constant,_const,1430,,,8,8,452659528,1385619456,1,,,,,2,2,,,,,,,scalar,8,1
2,77,Product,residual,R,81841,792440,8,792440,792440,452659528,1385619456,99055,98598,0.01612979711825344,3.5633933440736675e-05,0.0007984826595984286,"I(i_2,i_1;a_1i_1i_2,a_2i_1i_2) * 2 -> R(i_2,i_1;a_1i_1i_2,a_2i_1i_2)","R(i_2,i_1;a_1i_1i_2,a_2i_1i_2)","I(i_2,i_1;a_1i_1i_2,a_2i_1i_2)",2,"R(i_2,i_1;a_1i_1i_2,a_2i_1i_2)","i,i,a,a",";;i_1,i_2;i_1,i_2","7,7,,",7 × 7 × ? × ?,,
2,77,Permute,residual,R,130608,,,792440,792440,452659528,1385619456,99055,,,,,"R(i_2,i_1;a_1i_1i_2,a_2i_1i_2)","R(i_2,i_1;a_1i_1i_2,a_2i_1i_2)",,,,"i,i,a,a",";;i_1,i_2;i_1,i_2","7,7,,",7 × 7 × ? × ?,,
2,78,Tensor,leaf,C,27712,,,2207664,2207664,452659528,1385619456,275958,246870,-5695.615034274957,223631163.21246105,731.2730436956697,"C(i_2,i_1,μ̃_19870;a_2i_1i_2)","C(i_2,i_1,μ̃_19870;a_2i_1i_2)",,,,"i,i,μ̃,a",";;;i_1,i_2","7,7,114,",7 × 7 × 114 × ?,,
2,78,Product,residual,R,4614788,2226240,2207664,792440,792440,452659528,1385619456,99055,98598,6.086828514324911,1.0674103250994564,0.06952838378309496,"I(i_2,i_1,μ̃_19870;a_1i_1i_2) * C(i_2,i_1,μ̃_19870;a_2i_1i_2) -> R(i_2,i_1;a_2i_1i_2,a_1i_1i_2)","R(i_2,i_1;a_2i_1i_2,a_1i_1i_2)","I(i_2,i_1,μ̃_19870;a_1i_1i_2)","C(i_2,i_1,μ̃_19870;a_2i_1i_2)","R(i_2,i_1;a_2i_1i_2,a_1i_1i_2)","i,i,a,a",";;i_1,i_2;i_1,i_2","7,7,,",7 × 7 × ? × ?,,
2,78,Permute,residual,R,75378,,,792440,792440,452659528,1385619456,99055,,,,,"R(i_2,i_1;a_2i_1i_2,a_1i_1i_2)","R(i_2,i_1;a_2i_1i_2,a_1i_1i_2)",,,,"i,i,a,a",";;i_1,i_2;i_1,i_2","7,7,,",7 × 7 × ? × ?,,
2,79,Tensor,leaf,t,1753,,,792440,792440,452659528,1385619456,99055,98598,-1.4840757848822665,0.08148253559247469,0.02545185787020978,"t(i_4,i_3;a_5i_3i_4,a_3i_3i_4)","t(i_4,i_3;a_5i_3i_4,a_3i_3i_4)",,,,"i,i,a,a",";;i_3,i_4;i_3,i_4","7,7,,",7 × 7 × ? × ?,,
2,79,Product,intermediate,I,3899034,2226240,792440,2226240,2226240,452659528,1385619456,278280,248976,0.07697617203949358,0.002096849453156121,0.0035763640565708624,"I(i_4,i_3,μ̃_19930;a_3i_3i_4) * t(i_4,i_3;a_5i_3i_4,a_3i_3i_4) -> I(i_3,i_4,μ̃_19930;a_5i_3i_4)","I(i_3,i_4,μ̃_19930;a_5i_3i_4)","I(i_4,i_3,μ̃_19930;a_3i_3i_4)","t(i_4,i_3;a_5i_3i_4,a_3i_3i_4)","I(i_3,i_4,μ̃_19930;a_5i_3i_4)","i,i,μ̃,a",";;;i_3,i_4","7,7,114,",7 × 7 × 114 × ?,,
2,79,Tensor,leaf,C,17196,,,2207664,2207664,452659528,1385619456,275958,246870,-5695.615034274957,223631163.21246105,731.2730436956697,"C(i_4,i_3,μ̃_19932;a_5i_3i_4)","C(i_4,i_3,μ̃_19932;a_5i_3i_4)",,,,"i,i,μ̃,a",";;;i_3,i_4","7,7,114,",7 × 7 × 114 × ?,,
2,79,Product,intermediate,I,34362123,2226240,2207664,125584,125584,452659528,1385619456,15698,12996,-0.7420247776100539,0.803222442890894,0.14064057646407152,"I(i_3,i_4,μ̃_19930;a_5i_3i_4) * C(i_4,i_3,μ̃_19932;a_5i_3i_4) -> I(μ̃_19932,μ̃_19930)","I(μ̃_19932,μ̃_19930)","I(i_3,i_4,μ̃_19930;a_5i_3i_4)","C(i_4,i_3,μ̃_19932;a_5i_3i_4)","I(μ̃_19932,μ̃_19930)","μ̃,μ̃",;,"114,114",114 × 114,103968,1.20791
2,79,Tensor,leaf,s,26087,,,125584,125584,452659528,1385619456,15698,12996,138.52037144982427,140.242752948763,0.9820999861813638,"s(μ̃_19931,μ̃_19932)","s(μ̃_19931,μ̃_19932)",,,,"μ̃,μ̃",;,"114,114",114 × 114,103968,1.20791
2,79,Product,intermediate,I,3795866,125584,125584,125584,125584,452659528,1385619456,15698,12996,-1.2186024195754874,0.01448244907920688,0.009843945785664217,"I(μ̃_19932,μ̃_19930) * s(μ̃_19931,μ̃_19932) -> I(μ̃_19931,μ̃_19930)","I(μ̃_19931,μ̃_19930)","I(μ̃_19932,μ̃_19930)","s(μ̃_19931,μ̃_19932)","I(μ̃_19931,μ̃_19930)","μ̃,μ̃",;,"114,114",114 × 114,103968,1.20791
2,79,Tensor,leaf,C,14079,,,2207664,2207664,452659528,1385619456,275958,246870,-5695.615034274957,223631163.21246105,731.2730436956697,"C(i_2,i_1,μ̃_19930;a_4i_1i_2)","C(i_2,i_1,μ̃_19930;a_4i_1i_2)",,,,"i,i,μ̃,a",";;;i_1,i_2","7,7,114,",7 × 7 × 114 × ?,,
2,79,Product,intermediate,I,35659896,125584,2207664,2226240,2226240,452659528,1385619456,278280,248976,1.305008069928182,0.24749566404868287,0.010294305744839433,"I(μ̃_19931,μ̃_19930) * C(i_2,i_1,μ̃_19930;a_4i_1i_2) -> I(i_2,i_1,μ̃_19931;a_4i_1i_2)","I(i_2,i_1,μ̃_19931;a_4i_1i_2)","I(μ̃_19931,μ̃_19930)","C(i_2,i_1,μ̃_19930;a_4i_1i_2)","I(i_2,i_1,μ̃_19931;a_4i_1i_2)","i,i,μ̃,a",";;;i_1,i_2","7,7,114,",7 × 7 × 114 × ?,,
2,79,Tensor,leaf,C,16496,,,2207664,2207664,452659528,1385619456,275958,246870,-5695.615034274957,223631163.21246105,731.2730436956697,"C(i_2,i_1,μ̃_19931;a_1i_1i_2)","C(i_2,i_1,μ̃_19931;a_1i_1i_2)",,,,"i,i,μ̃,a",";;;i_1,i_2","7,7,114,",7 × 7 × 114 × ?,,
2,79,Product,intermediate,I,4569328,2226240,2207664,792440,792440,452659528,1385619456,99055,98598,-9.633680785949739,0.10262320324430951,0.015788798895720692,"I(i_2,i_1,μ̃_19931;a_4i_1i_2) * C(i_2,i_1,μ̃_19931;a_1i_1i_2) -> I(i_2,i_1;a_1i_1i_2,a_4i_1i_2)","I(i_2,i_1;a_1i_1i_2,a_4i_1i_2)","I(i_2,i_1,μ̃_19931;a_4i_1i_2)","C(i_2,i_1,μ̃_19931;a_1i_1i_2)","I(i_2,i_1;a_1i_1i_2,a_4i_1i_2)","i,i,a,a",";;i_1,i_2;i_1,i_2","7,7,,",7 × 7 × ? × ?,,
2,79,Tensor,leaf,t,2470,,,792440,792440,452659528,1385619456,99055,98598,-1.4840757848822665,0.08148253559247469,0.02545185787020978,"t(i_1,i_2;a_4i_1i_2,a_2i_1i_2)","t(i_1,i_2;a_4i_1i_2,a_2i_1i_2)",,,,"i,i,a,a",";;i_1,i_2;i_1,i_2","7,7,,",7 × 7 × ? × ?,,
2,79,Product,intermediate,I,942595,792440,792440,792440,792440,452659528,1385619456,99055,98598,0.011620562273227714,1.626280179867736e-05,0.0005785937149967338,"I(i_2,i_1;a_1i_1i_2,a_4i_1i_2) * t(i_1,i_2;a_4i_1i_2,a_2i_1i_2) -> I(i_2,i_1;a_1i_1i_2,a_2i_1i_2)","I(i_2,i_1;a_1i_1i_2,a_2i_1i_2)","I(i_2,i_1;a_1i_1i_2,a_4i_1i_2)","t(i_1,i_2;a_4i_1i_2,a_2i_1i_2)","I(i_2,i_1;a_1i_1i_2,a_2i_1i_2)","i,i,a,a",";;i_1,i_2;i_1,i_2","7,7,,",7 × 7 × ? × ?,,
2,79,Constant,constant,_const,1418,,,8,8,452659528,1385619456,1,,,,,-4,-4,,,,,,,scalar,8,1
2,79,Product,residual,R,98241,792440,8,792440,792440,452659528,1385619456,99055,98598,-0.046482249092910856,0.00026020482877883776,0.002314374859986935,"I(i_2,i_1;a_1i_1i_2,a_2i_1i_2) * -4 -> R(i_2,i_1;a_1i_1i_2,a_2i_1i_2)","R(i_2,i_1;a_1i_1i_2,a_2i_1i_2)","I(i_2,i_1;a_1i_1i_2,a_2i_1i_2)",-4,"R(i_2,i_1;a_1i_1i_2,a_2i_1i_2)","i,i,a,a",";;i_1,i_2;i_1,i_2","7,7,,",7 × 7 × ? × ?,,
2,79,Permute,residual,R,119578,,,792440,792440,452659528,1385619456,99055,,,,,"R(i_2,i_1;a_1i_1i_2,a_2i_1i_2)","R(i_2,i_1;a_1i_1i_2,a_2i_1i_2)",,,,"i,i,a,a",";;i_1,i_2;i_1,i_2","7,7,,",7 × 7 × ? × ?,,
2,80,Tensor,leaf,t,1878,,,792440,792440,452659528,1385619456,99055,98598,-1.4840757848822665,0.08148253559247469,0.02545185787020978,"t(i_2,i_1;a_3i_1i_2,a_1i_1i_2)","t(i_2,i_1;a_3i_1i_2,a_1i_1i_2)",,,,"i,i,a,a",";;i_1,i_2;i_1,i_2","7,7,,",7 × 7 × ? × ?,,
2,80,Product,intermediate,I,982083,792440,792440,792440,792440,452659528,1385619456,99055,98598,-2.0743235786352354,0.1496072817552975,0.028441566810235706,"I(i_2,i_1;a_3i_1i_2,a_2i_1i_2) * t(i_2,i_1;a_3i_1i_2,a_1i_1i_2) -> I(i_1,i_2;a_2i_1i_2,a_1i_1i_2)","I(i_1,i_2;a_2i_1i_2,a_1i_1i_2)","I(i_2,i_1;a_3i_1i_2,a_2i_1i_2)","t(i_2,i_1;a_3i_1i_2,a_1i_1i_2)","I(i_1,i_2;a_2i_1i_2,a_1i_1i_2)","i,i,a,a",";;i_1,i_2;i_1,i_2","7,7,,",7 × 7 × ? × ?,,
2,80,Constant,constant,_const,1184,,,8,8,452659528,1385619456,1,,,,,2,2,,,,,,,scalar,8,1
2,80,Product,residual,R,80278,792440,8,792440,792440,452659528,1385619456,99055,98598,-4.148647157270471,0.59842912702119,0.05688313362047141,"I(i_1,i_2;a_2i_1i_2,a_1i_1i_2) * 2 -> R(i_1,i_2;a_2i_1i_2,a_1i_1i_2)","R(i_1,i_2;a_2i_1i_2,a_1i_1i_2)","I(i_1,i_2;a_2i_1i_2,a_1i_1i_2)",2,"R(i_1,i_2;a_2i_1i_2,a_1i_1i_2)","i,i,a,a",";;i_1,i_2;i_1,i_2","7,7,,",7 × 7 × ? × ?,,
2,80,Permute,residual,R,118576,,,792440,792440,452659528,1385619456,99055,,,,,"R(i_1,i_2;a_2i_1i_2,a_1i_1i_2)","R(i_1,i_2;a_2i_1i_2,a_1i_1i_2)",,,,"i,i,a,a",";;i_1,i_2;i_1,i_2","7,7,,",7 × 7 × ? × ?,,
2,81,Tensor,leaf,t,1908,,,792440,792440,452659528,1385619456,99055,98598,-1.4840757848822665,0.08148253559247469,0.02545185787020978,"t(i_2,i_1;a_4i_1i_2,a_3i_1i_2)","t(i_2,i_1;a_4i_1i_2,a_3i_1i_2)",,,,"i,i,a,a",";;i_1,i_2;i_1,i_2","7,7,,",7 × 7 × ? × ?,,
2,81,Product,intermediate,I,316885320,223000800,792440,223000800,223000800,624906088,1416167424,27875100,27804636,-2.098805895403782,0.11470539364347901,0.009103270614731752,"I(i_2,i_1,Κ_1;a_3i_1i_2,a_1i_1i_2) * t(i_2,i_1;a_4i_1i_2,a_3i_1i_2) -> I(i_2,i_1,Κ_1;a_1i_1i_2,a_4i_1i_2)","I(i_2,i_1,Κ_1;a_1i_1i_2,a_4i_1i_2)","I(i_2,i_1,Κ_1;a_3i_1i_2,a_1i_1i_2)","t(i_2,i_1;a_4i_1i_2,a_3i_1i_2)","I(i_2,i_1,Κ_1;a_1i_1i_2,a_4i_1i_2)","i,i,Κ,a,a",";;;i_1,i_2;i_1,i_2","7,7,282,,",7 × 7 × 282 × ? × ?,,
2,81,Product,residual,R,280087053,223000800,223000800,792440,792440,624906088,1416167424,99055,98598,-1.7922681448594961,0.0698486670104801,0.0208148847669663,"I(i_2,i_1,Κ_1;a_1i_1i_2,a_4i_1i_2) * I(i_2,i_1,Κ_1;a_4i_1i_2,a_2i_1i_2) -> R(i_2,i_1;a_2i_1i_2,a_1i_1i_2)","R(i_2,i_1;a_2i_1i_2,a_1i_1i_2)","I(i_2,i_1,Κ_1;a_1i_1i_2,a_4i_1i_2)","I(i_2,i_1,Κ_1;a_4i_1i_2,a_2i_1i_2)","R(i_2,i_1;a_2i_1i_2,a_1i_1i_2)","i,i,a,a",";;i_1,i_2;i_1,i_2","7,7,,",7 × 7 × ? × ?,,
2,81,Permute,residual,R,177427,,,792440,792440,624906088,1416167424,99055,,,,,"R(i_2,i_1;a_2i_1i_2,a_1i_1i_2)","R(i_2,i_1;a_2i_1i_2,a_1i_1i_2)",,,,"i,i,a,a",";;i_1,i_2;i_1,i_2","7,7,,",7 × 7 × ? × ?,,
2,82,Tensor,leaf,f,42422,,,432,432,432,1416167424,54,0,0.0,0.0,0.0,"f(μ̃_19592,i_1)","f(μ̃_19592,i_1)",,,,"μ̃,i",;,"114,7",114 × 7,6384,0.0676692
2,82,Tensor,leaf,C,10267,,,481264,481264,481264,1416167424,60158,55674,23856.23808923302,118674620.50711954,1176.0636923303477,"C(i_1,μ̃_19592;a_1i_1)","C(i_1,μ̃_19592;a_1i_1)",,,,"i,μ̃,a",;;i_1,"7,114,",7 × 114 × ?,,
2,82,Product,intermediate,I,340694,432,481264,376,376,482072,1416167424,47,0,0.0,0.0,0.0,"f(μ̃_19592,i_1) * C(i_1,μ̃_19592;a_1i_1) -> I(i_1;a_1i_1)",I(i_1;a_1i_1),"f(μ̃_19592,i_1)","C(i_1,μ̃_19592;a_1i_1)",I(i_1;a_1i_1),"i,a",;i_1,"7,",7 × ?,,
2,82,Tensor,leaf,t,1632,,,5488,5488,482072,1416167424,686,522,0.03847848950810251,0.0005173156123969507,0.004694637552147508,t(i_1;a_1i_1),t(i_1;a_1i_1),,,,"i,a",;i_1,"7,",7 × ?,,
2,82,Product,scalar,Z,82620,376,5488,8,8,482072,1416167424,1,,,,,I(i_1;a_1i_1) * t(i_1;a_1i_1) -> Z,Z,I(i_1;a_1i_1),t(i_1;a_1i_1),Z,,,,scalar,8,1
2,82,Constant,constant,_const,856,,,8,8,482072,1416167424,1,,,,,2,2,,,,,,,scalar,8,1
2,82,Product,scalar,E,709,8,8,8,8,482072,1416167424,1,,,,,Z * 2 -> E,E,Z,2,E,,,,scalar,8,1
2,83,Tensor,leaf,g,12576,,,1843152,1843152,1843152,1416167424,230394,225036,-13.7135187938935,9.824790694343452,0.19254784769834188,"g(μ̃_19593,i_1,Κ_1)","g(μ̃_19593,i_1,Κ_1)",,,,"μ̃,i,Κ",;;,"114,7,282",114 × 7 × 282,1800288,1.02381
2,83,Tensor,leaf,C,8855,,,2207664,2207664,2207664,1416167424,275958,246870,-5695.615034274957,223631163.21246105,731.2730436956697,"C(i_2,i_1,μ̃_19593;a_1i_1i_2)","C(i_2,i_1,μ̃_19593;a_1i_1i_2)",,,,"i,i,μ̃,a",";;;i_1,i_2","7,7,114,",7 × 7 × 114 × ?,,
2,83,Product,intermediate,I,18948896,1843152,2207664,5490816,5490816,9541632,1416167424,686352,615888,-4.54952769864862,48.853771508272544,0.19405695413533675,"g(μ̃_19593,i_1,Κ_1) * C(i_2,i_1,μ̃_19593;a_1i_1i_2) -> I(i_2,i_1,Κ_1;a_1i_1i_2)","I(i_2,i_1,Κ_1;a_1i_1i_2)","g(μ̃_19593,i_1,Κ_1)","C(i_2,i_1,μ̃_19593;a_1i_1i_2)","I(i_2,i_1,Κ_1;a_1i_1i_2)","i,i,Κ,a",";;;i_1,i_2","7,7,282,",7 × 7 × 282 × ?,,
2,83,Tensor,leaf,g,32881,,,1843152,1843152,9541632,1416167424,230394,225036,-13.7135187938935,9.824790694343452,0.19254784769834188,"g(μ̃_19594,i_2,Κ_1)","g(μ̃_19594,i_2,Κ_1)",,,,"μ̃,i,Κ",;;,"114,7,282",114 × 7 × 282,1800288,1.02381
2,83,Product,intermediate,I,17017376,5490816,1843152,2226240,2226240,9560208,1416167424,278280,248976,-0.33248804064335297,1.6780107375174327,0.0734489372537407,"I(i_2,i_1,Κ_1;a_1i_1i_2) * g(μ̃_19594,i_2,Κ_1) -> I(i_2,i_1,μ̃_19594;a_1i_1i_2)","I(i_2,i_1,μ̃_19594;a_1i_1i_2)","I(i_2,i_1,Κ_1;a_1i_1i_2)","g(μ̃_19594,i_2,Κ_1)","I(i_2,i_1,μ̃_19594;a_1i_1i_2)","i,i,μ̃,a",";;;i_1,i_2","7,7,114,",7 × 7 × 114 × ?,,
2,83,Tensor,leaf,C,17382,,,2207664,2207664,9560208,1416167424,275958,246870,-5695.615034274957,223631163.21246105,731.2730436956697,"C(i_2,i_1,μ̃_19594;a_2i_1i_2)","C(i_2,i_1,μ̃_19594;a_2i_1i_2)",,,,"i,i,μ̃,a",";;;i_1,i_2","7,7,114,",7 × 7 × 114 × ?,,
2,83,Product,intermediate,I,4015210,2226240,2207664,792440,792440,9560208,1416167424,99055,98598,6.086828514324944,1.0674103250994584,0.06952838378309494,"I(i_2,i_1,μ̃_19594;a_1i_1i_2) * C(i_2,i_1,μ̃_19594;a_2i_1i_2) -> I(i_2,i_1;a_2i_1i_2,a_1i_1i_2)","I(i_2,i_1;a_2i_1i_2,a_1i_1i_2)","I(i_2,i_1,μ̃_19594;a_1i_1i_2)","C(i_2,i_1,μ̃_19594;a_2i_1i_2)","I(i_2,i_1;a_2i_1i_2,a_1i_1i_2)","i,i,a,a",";;i_1,i_2;i_1,i_2","7,7,,",7 × 7 × ? × ?,,
2,83,Tensor,leaf,t,2906,,,792440,792440,9560208,1416167424,99055,98598,-1.6376837457354991,0.10417720168326705,0.029695591403256404,"t(i_1,i_2;a_2i_1i_2,a_1i_1i_2)","t(i_1,i_2;a_2i_1i_2,a_1i_1i_2)",,,,"i,i,a,a",";;i_1,i_2;i_1,i_2","7,7,,",7 × 7 × ? × ?,,
2,83,Product,scalar,Z,182396,792440,792440,8,8,9560208,1416167424,1,,,,,"I(i_2,i_1;a_2i_1i_2,a_1i_1i_2) * t(i_1,i_2;a_2i_1i_2,a_1i_1i_2) -> Z",Z,"I(i_2,i_1;a_2i_1i_2,a_1i_1i_2)","t(i_1,i_2;a_2i_1i_2,a_1i_1i_2)",Z,,,,scalar,8,1
2,83,Constant,constant,_const,1458,,,8,8,9560208,1416167424,1,,,,,-1,-1,,,,,,,scalar,8,1
2,83,Product,scalar,E,670,8,8,8,8,9560208,1416167424,1,,,,,Z * -1 -> E,E,Z,-1,E,,,,scalar,8,1
2,83,SumInplace,scalar,E,518,,,8,0,9560208,1416167424,1,,,,,E,E,,,,,,,scalar,8,1
2,84,Tensor,leaf,g,9354,,,1843152,1843152,9560208,1416167424,230394,225036,-13.7135187938935,9.824790694343452,0.19254784769834188,"g(μ̃_19595,i_1,Κ_1)","g(μ̃_19595,i_1,Κ_1)",,,,"μ̃,i,Κ",;;,"114,7,282",114 × 7 × 282,1800288,1.02381
2,84,Tensor,leaf,C,15681,,,2207664,2207664,9560208,1416167424,275958,246870,-5695.615034274957,223631163.21246105,731.2730436956697,"C(i_2,i_1,μ̃_19595;a_1i_1i_2)","C(i_2,i_1,μ̃_19595;a_1i_1i_2)",,,,"i,i,μ̃,a",";;;i_1,i_2","7,7,114,",7 × 7 × 114 × ?,,
2,84,Product,intermediate,I,20786858,1843152,2207664,5490816,5490816,9560208,1416167424,686352,615888,-4.549527698648579,48.85377150827257,0.19405695413533675,"g(μ̃_19595,i_1,Κ_1) * C(i_2,i_1,μ̃_19595;a_1i_1i_2) -> I(i_2,i_1,Κ_1;a_1i_1i_2)","I(i_2,i_1,Κ_1;a_1i_1i_2)","g(μ̃_19595,i_1,Κ_1)","C(i_2,i_1,μ̃_19595;a_1i_1i_2)","I(i_2,i_1,Κ_1;a_1i_1i_2)","i,i,Κ,a",";;;i_1,i_2","7,7,282,",7 × 7 × 282 × ?,,
2,84,Tensor,leaf,g,28143,,,1843152,1843152,9560208,1416167424,230394,225036,-13.7135187938935,9.824790694343452,0.19254784769834188,"g(μ̃_19596,i_2,Κ_1)","g(μ̃_19596,i_2,Κ_1)",,,,"μ̃,i,Κ",;;,"114,7,282",114 × 7 × 282,1800288,1.02381
2,84,Product,intermediate,I,16562979,5490816,1843152,2226240,2226240,9560208,1416167424,278280,248976,-0.3324880406433611,1.6780107375174316,0.0734489372537407,"I(i_2,i_1,Κ_1;a_1i_1i_2) * g(μ̃_19596,i_2,Κ_1) -> I(i_2,i_1,μ̃_19596;a_1i_1i_2)","I(i_2,i_1,μ̃_19596;a_1i_1i_2)","I(i_2,i_1,Κ_1;a_1i_1i_2)","g(μ̃_19596,i_2,Κ_1)","I(i_2,i_1,μ̃_19596;a_1i_1i_2)","i,i,μ̃,a",";;;i_1,i_2","7,7,114,",7 × 7 × 114 × ?,,
2,84,Tensor,leaf,C,16158,,,2207664,2207664,9560208,1416167424,275958,246870,-5695.615034274957,223631163.21246105,731.2730436956697,"C(i_2,i_1,μ̃_19596;a_2i_1i_2)","C(i_2,i_1,μ̃_19596;a_2i_1i_2)",,,,"i,i,μ̃,a",";;;i_1,i_2","7,7,114,",7 × 7 × 114 × ?,,
2,84,Product,intermediate,I,4520244,2226240,2207664,792440,792440,9560208,1416167424,99055,98598,6.086828514325027,1.0674103250994553,0.06952838378309492,"I(i_2,i_1,μ̃_19596;a_1i_1i_2) * C(i_2,i_1,μ̃_19596;a_2i_1i_2) -> I(i_2,i_1;a_2i_1i_2,a_1i_1i_2)","I(i_2,i_1;a_2i_1i_2,a_1i_1i_2)","I(i_2,i_1,μ̃_19596;a_1i_1i_2)","C(i_2,i_1,μ̃_19596;a_2i_1i_2)","I(i_2,i_1;a_2i_1i_2,a_1i_1i_2)","i,i,a,a",";;i_1,i_2;i_1,i_2","7,7,,",7 × 7 × ? × ?,,
2,84,Tensor,leaf,t,2662,,,792440,792440,9560208,1416167424,99055,98598,-1.6376837457354991,0.10417720168326705,0.029695591403256404,"t(i_2,i_1;a_2i_1i_2,a_1i_1i_2)","t(i_2,i_1;a_2i_1i_2,a_1i_1i_2)",,,,"i,i,a,a",";;i_1,i_2;i_1,i_2","7,7,,",7 × 7 × ? × ?,,
2,84,Product,scalar,Z,165790,792440,792440,8,8,9560208,1416167424,1,,,,,"I(i_2,i_1;a_2i_1i_2,a_1i_1i_2) * t(i_2,i_1;a_2i_1i_2,a_1i_1i_2) -> Z",Z,"I(i_2,i_1;a_2i_1i_2,a_1i_1i_2)","t(i_2,i_1;a_2i_1i_2,a_1i_1i_2)",Z,,,,scalar,8,1
2,84,Constant,constant,_const,1021,,,8,8,9560208,1416167424,1,,,,,2,2,,,,,,,scalar,8,1
2,84,Product,scalar,E,731,8,8,8,8,9560208,1416167424,1,,,,,Z * 2 -> E,E,Z,2,E,,,,scalar,8,1
2,84,SumInplace,scalar,E,498,,,8,0,9560208,1416167424,1,,,,,E,E,,,,,,,scalar,8,1
2,85,Tensor,leaf,g,26556,,,1843152,1843152,9560208,1416167424,230394,225036,-13.7135187938935,9.824790694343452,0.19254784769834188,"g(μ̃_19597,i_1,Κ_1)","g(μ̃_19597,i_1,Κ_1)",,,,"μ̃,i,Κ",;;,"114,7,282",114 × 7 × 282,1800288,1.02381
2,85,Tensor,leaf,C,10817,,,481264,481264,9560208,1416167424,60158,55674,23856.23808923302,118674620.50711954,1176.0636923303477,"C(i_2,μ̃_19597;a_1i_2)","C(i_2,μ̃_19597;a_1i_2)",,,,"i,μ̃,a",;;i_2,"7,114,",7 × 114 × ?,,
2,85,Tensor,leaf,t,1473,,,5488,5488,9560208,1416167424,686,522,0.03847848950810251,0.0005173156123969507,0.004694637552147508,t(i_2;a_1i_2),t(i_2;a_1i_2),,,,"i,a",;i_2,"7,",7 × ?,,
2,85,Product,intermediate,I,987605,481264,5488,12064,12064,9560208,1416167424,1508,744,-0.442986507340199,0.060726537602885225,0.07563151447811066,"C(i_2,μ̃_19597;a_1i_2) * t(i_2;a_1i_2) -> I(μ̃_19597,i_2)","I(μ̃_19597,i_2)","C(i_2,μ̃_19597;a_1i_2)",t(i_2;a_1i_2),"I(μ̃_19597,i_2)","μ̃,i",;,"114,7",114 × 7,6384,1.88972
2,85,Product,intermediate,I,19125585,1843152,12064,121536,121536,9560208,1416167424,15192,13818,0.002145256099487187,9.196935134572377e-05,0.001295162654374243,"g(μ̃_19597,i_1,Κ_1) * I(μ̃_19597,i_2) -> I(i_1,i_2,Κ_1)","I(i_1,i_2,Κ_1)","g(μ̃_19597,i_1,Κ_1)","I(μ̃_19597,i_2)","I(i_1,i_2,Κ_1)","i,i,Κ",;;,"7,7,282",7 × 7 × 282,110544,1.09944
2,85,Tensor,leaf,g,15936,,,1843152,1843152,9560208,1416167424,230394,225036,-13.7135187938935,9.824790694343452,0.19254784769834188,"g(μ̃_19598,i_2,Κ_1)","g(μ̃_19598,i_2,Κ_1)",,,,"μ̃,i,Κ",;;,"114,7,282",114 × 7 × 282,1800288,1.02381
2,85,Product,intermediate,I,2284908,121536,1843152,12064,12064,9560208,1416167424,1508,798,0.006208948705957707,1.9731690459528932e-05,0.0007761347783906032,"I(i_1,i_2,Κ_1) * g(μ̃_19598,i_2,Κ_1) -> I(i_1,μ̃_19598)","I(i_1,μ̃_19598)","I(i_1,i_2,Κ_1)","g(μ̃_19598,i_2,Κ_1)","I(i_1,μ̃_19598)","i,μ̃",;,"7,114",7 × 114,6384,1.88972
2,85,Tensor,leaf,C,13177,,,481264,481264,9560208,1416167424,60158,55674,23856.23808923302,118674620.50711954,1176.0636923303477,"C(i_1,μ̃_19598;a_2i_1)","C(i_1,μ̃_19598;a_2i_1)",,,,"i,μ̃,a",;;i_1,"7,114,",7 × 114 × ?,,
2,85,Product,intermediate,I,647458,12064,481264,5488,5488,9560208,1416167424,686,522,0.00515865377188831,1.2526955528146282e-05,0.00079173007236733,"I(i_1,μ̃_19598) * C(i_1,μ̃_19598;a_2i_1) -> I(i_1;a_2i_1)",I(i_1;a_2i_1),"I(i_1,μ̃_19598)","C(i_1,μ̃_19598;a_2i_1)",I(i_1;a_2i_1),"i,a",;i_1,"7,",7 × ?,,
2,85,Tensor,leaf,t,2100,,,5488,5488,9560208,1416167424,686,522,0.03847848950810251,0.0005173156123969507,0.004694637552147508,t(i_1;a_2i_1),t(i_1;a_2i_1),,,,"i,a",;i_1,"7,",7 × ?,,
2,85,Product,scalar,Z,75964,5488,5488,8,8,9560208,1416167424,1,,,,,I(i_1;a_2i_1) * t(i_1;a_2i_1) -> Z,Z,I(i_1;a_2i_1),t(i_1;a_2i_1),Z,,,,scalar,8,1
2,85,Constant,constant,_const,1012,,,8,8,9560208,1416167424,1,,,,,-1,-1,,,,,,,scalar,8,1
2,85,Product,scalar,E,1099,8,8,8,8,9560208,1416167424,1,,,,,Z * -1 -> E,E,Z,-1,E,,,,scalar,8,1
2,85,SumInplace,scalar,E,761,,,8,0,9560208,1416167424,1,,,,,E,E,,,,,,,scalar,8,1
2,86,Tensor,leaf,g,11535,,,1843152,1843152,9560208,1416167424,230394,225036,-13.7135187938935,9.824790694343452,0.19254784769834188,"g(μ̃_19599,i_1,Κ_1)","g(μ̃_19599,i_1,Κ_1)",,,,"μ̃,i,Κ",;;,"114,7,282",114 × 7 × 282,1800288,1.02381
2,86,Tensor,leaf,C,7773,,,481264,481264,9560208,1416167424,60158,55674,23856.23808923302,118674620.50711954,1176.0636923303477,"C(i_1,μ̃_19599;a_1i_1)","C(i_1,μ̃_19599;a_1i_1)",,,,"i,μ̃,a",;;i_1,"7,114,",7 × 114 × ?,,
2,86,Tensor,leaf,t,1391,,,5488,5488,9560208,1416167424,686,522,0.03847848950810251,0.0005173156123969507,0.004694637552147508,t(i_1;a_1i_1),t(i_1;a_1i_1),,,,"i,a",;i_1,"7,",7 × ?,,
2,86,Product,intermediate,I,896993,481264,5488,12064,12064,9560208,1416167424,1508,744,-0.442986507340199,0.060726537602885225,0.07563151447811066,"C(i_1,μ̃_19599;a_1i_1) * t(i_1;a_1i_1) -> I(μ̃_19599,i_1)","I(μ̃_19599,i_1)","C(i_1,μ̃_19599;a_1i_1)",t(i_1;a_1i_1),"I(μ̃_19599,i_1)","μ̃,i",;,"114,7",114 × 7,6384,1.88972
2,86,Product,intermediate,I,1368690,1843152,12064,5280,5280,9560208,1416167424,660,282,0.015864289887025106,8.090936327386262e-05,0.0031736275884620105,"g(μ̃_19599,i_1,Κ_1) * I(μ̃_19599,i_1) -> I(Κ_1)",I(Κ_1),"g(μ̃_19599,i_1,Κ_1)","I(μ̃_19599,i_1)",I(Κ_1),Κ,,282,282,2256,2.34043
2,86,Tensor,leaf,g,11036,,,1843152,1843152,9560208,1416167424,230394,225036,-13.7135187938935,9.824790694343452,0.19254784769834188,"g(μ̃_19600,i_2,Κ_1)","g(μ̃_19600,i_2,Κ_1)",,,,"μ̃,i,Κ",;;,"114,7,282",114 × 7 × 282,1800288,1.02381
2,86,Tensor,leaf,C,25883,,,481264,481264,9560208,1416167424,60158,55674,23856.23808923302,118674620.50711954,1176.0636923303477,"C(i_2,μ̃_19600;a_2i_2)","C(i_2,μ̃_19600;a_2i_2)",,,,"i,μ̃,a",;;i_2,"7,114,",7 × 114 × ?,,
2,86,Tensor,leaf,t,1215,,,5488,5488,9560208,1416167424,686,522,0.03847848950810251,0.0005173156123969507,0.004694637552147508,t(i_2;a_2i_2),t(i_2;a_2i_2),,,,"i,a",;i_2,"7,",7 × ?,,
2,86,Product,intermediate,I,841489,481264,5488,12064,12064,9560208,1416167424,1508,744,-0.442986507340199,0.060726537602885225,0.07563151447811066,"C(i_2,μ̃_19600;a_2i_2) * t(i_2;a_2i_2) -> I(μ̃_19600,i_2)","I(μ̃_19600,i_2)","C(i_2,μ̃_19600;a_2i_2)",t(i_2;a_2i_2),"I(μ̃_19600,i_2)","μ̃,i",;,"114,7",114 × 7,6384,1.88972
2,86,Product,intermediate,I,1426231,1843152,12064,5280,5280,9560208,1416167424,660,282,0.015864289887025106,8.090936327386262e-05,0.0031736275884620105,"g(μ̃_19600,i_2,Κ_1) * I(μ̃_19600,i_2) -> I(Κ_1)",I(Κ_1),"g(μ̃_19600,i_2,Κ_1)","I(μ̃_19600,i_2)",I(Κ_1),Κ,,282,282,2256,2.34043
2,86,Product,scalar,Z,102885,5280,5280,8,8,9560208,1416167424,1,,,,,I(Κ_1) * I(Κ_1) -> Z,Z,I(Κ_1),I(Κ_1),Z,,,,scalar,8,1
2,86,Constant,constant,_const,726,,,8,8,9560208,1416167424,1,,,,,2,2,,,,,,,scalar,8,1
2,86,Product,scalar,E,312,8,8,8,8,9560208,1416167424,1,,,,,Z * 2 -> E,E,Z,2,E,,,,scalar,8,1
2,86,SumInplace,scalar,E,287,,,8,0,9560208,1416167424,1,,,,,E,E,,,,,,,scalar,8,1
3,1,Tensor,leaf,C,7411,,,481264,481264,22702584,1416167424,60158,55674,23856.23808923302,118674620.50711954,1176.0636923303477,"C(i_2,μ̃_19602;a_2i_2)","C(i_2,μ̃_19602;a_2i_2)",,,,"i,μ̃,a",;;i_2,"7,114,",7 × 114 × ?,,
3,1,Tensor,leaf,t,1439,,,5488,5488,22702584,1416167424,686,522,0.03847848950810251,0.0005173156123969507,0.004694637552147508,t(i_2;a_2i_2),t(i_2;a_2i_2),,,,"i,a",;i_2,"7,",7 × ?,,
3,1,Product,intermediate,I,746688,481264,5488,12064,12064,22720136,1416167424,1508,744,-0.442986507340199,0.060726537602885225,0.07563151447811066,"C(i_2,μ̃_19602;a_2i_2) * t(i_2;a_2i_2) -> I(μ̃_19602,i_2)","I(μ̃_19602,i_2)","C(i_2,μ̃_19602;a_2i_2)",t(i_2;a_2i_2),"I(μ̃_19602,i_2)","μ̃,i",;,"114,7",114 × 7,6384,1.88972
3,1,Product,intermediate,I,5131891,5179792,12064,12064,12064,22720136,1416167424,1508,798,0.019689246724202587,0.0002847121045257702,0.002978990098825356,"I(i_1,i_2,μ̃_19602,μ̃_19601) * I(μ̃_19602,i_2) -> I(i_1,μ̃_19601)","I(i_1,μ̃_19601)","I(i_1,i_2,μ̃_19602,μ̃_19601)","I(μ̃_19602,i_2)","I(i_1,μ̃_19601)","i,μ̃",;,"7,114",7 × 114,6384,1.88972
3,1,Tensor,leaf,C,12303,,,481264,481264,22720136,1416167424,60158,55674,23856.23808923302,118674620.50711954,1176.0636923303477,"C(i_1,μ̃_19601;a_1i_1)","C(i_1,μ̃_19601;a_1i_1)",,,,"i,μ̃,a",;;i_1,"7,114,",7 × 114 × ?,,
3,1,Product,intermediate,I,730313,12064,481264,5488,5488,22732200,1416167424,686,522,0.02553241519342962,0.00021441282515351654,0.003496747892585999,"I(i_1,μ̃_19601) * C(i_1,μ̃_19601;a_1i_1) -> I(i_1;a_1i_1)",I(i_1;a_1i_1),"I(i_1,μ̃_19601)","C(i_1,μ̃_19601;a_1i_1)",I(i_1;a_1i_1),"i,a",;i_1,"7,",7 × ?,,
3,1,Constant,constant,_const,1780,,,8,8,22732200,1416167424,1,,,,,-1,-1,,,,,,,scalar,8,1
3,1,Product,residual,R,70287,5488,8,5488,5488,22732200,1416167424,686,522,-0.02553241519342962,0.00021441282515351654,0.003496747892585999,I(i_1;a_1i_1) * -1 -> R(i_1;a_1i_1),R(i_1;a_1i_1),I(i_1;a_1i_1),-1,R(i_1;a_1i_1),"i,a",;i_1,"7,",7 × ?,,
3,1,Permute,residual,R,62499,,,5488,5488,22732200,1416167424,686,,,,,R(i_1;a_1i_1),R(i_1;a_1i_1),,,,"i,a",;i_1,"7,",7 × ?,,
3,2,Tensor,leaf,t,1957,,,792440,792440,23025824,1416167424,99055,98598,-1.6376837457354991,0.10417720168326705,0.029695591403256404,"t(i_2,i_1;a_3i_1i_2,a_2i_1i_2)","t(i_2,i_1;a_3i_1i_2,a_2i_1i_2)",,,,"i,i,a,a",";;i_1,i_2;i_1,i_2","7,7,,",7 × 7 × ? × ?,,
3,2,Product,intermediate,I,1271528,5538232,792440,2088,2088,23027912,1416167424,261,49,-0.24054162173817065,0.007467484992974539,0.03296723045387959,"I(i_1,i_3,i_2;a_3i_1i_2,a_2i_1i_2) * t(i_2,i_1;a_3i_1i_2,a_2i_1i_2) -> I(i_3,i_1)","I(i_3,i_1)","I(i_1,i_3,i_2;a_3i_1i_2,a_2i_1i_2)","t(i_2,i_1;a_3i_1i_2,a_2i_1i_2)","I(i_3,i_1)","i,i",;,"7,7",7 × 7,392,5.32653
3,2,Tensor,leaf,s,15981,,,125584,125584,23027912,1416167424,15698,12996,138.52037144982427,140.242752948763,0.9820999861813638,"s(μ̃_19611,μ̃_19612)","s(μ̃_19611,μ̃_19612)",,,,"μ̃,μ̃",;,"114,114",114 × 114,103968,1.20791
3,2,Product,intermediate,I,1015278,125584,12064,12064,12064,23027912,1416167424,1508,798,0.03719480414794618,0.0008519529503118059,0.0041414551315623205,"s(μ̃_19611,μ̃_19612) * I(μ̃_19611,i_3) -> I(μ̃_19612,i_3)","I(μ̃_19612,i_3)","s(μ̃_19611,μ̃_19612)","I(μ̃_19611,i_3)","I(μ̃_19612,i_3)","μ̃,i",;,"114,7",114 × 7,6384,1.88972
3,2,Product,intermediate,I,408897,2088,12064,12064,12064,23027912,1416167424,1508,798,-0.0012990571228326346,9.191240530888903e-07,0.00013914412389909265,"I(i_3,i_1) * I(μ̃_19612,i_3) -> I(μ̃_19612,i_1)","I(μ̃_19612,i_1)","I(i_3,i_1)","I(μ̃_19612,i_3)","I(μ̃_19612,i_1)","μ̃,i",;,"114,7",114 × 7,6384,1.88972
3,2,Tensor,leaf,C,11609,,,481264,481264,23027912,1416167424,60158,55674,23856.23808923302,118674620.50711954,1176.0636923303477,"C(i_1,μ̃_19612;a_1i_1)","C(i_1,μ̃_19612;a_1i_1)",,,,"i,μ̃,a",;;i_1,"7,114,",7 × 114 × ?,,
3,2,Product,residual,R,684526,12064,481264,5488,5488,23027912,1416167424,686,522,-0.0012249757752358433,5.558826991503701e-07,0.0001452958394494747,"I(μ̃_19612,i_1) * C(i_1,μ̃_19612;a_1i_1) -> R(i_1;a_1i_1)",R(i_1;a_1i_1),"I(μ̃_19612,i_1)","C(i_1,μ̃_19612;a_1i_1)",R(i_1;a_1i_1),"i,a",;i_1,"7,",7 × ?,,
3,2,Permute,residual,R,96541,,,5488,5488,23027912,1416167424,686,,,,,R(i_1;a_1i_1),R(i_1;a_1i_1),,,,"i,a",;i_1,"7,",7 × ?,,
3,3,Tensor,leaf,t,1939,,,792440,792440,23037888,1416167424,99055,98598,-1.6376837457354991,0.10417720168326705,0.029695591403256404,"t(i_3,i_1;a_3i_1i_3,a_2i_1i_3)","t(i_3,i_1;a_3i_1i_3,a_2i_1i_3)",,,,"i,i,a,a",";;i_1,i_3;i_1,i_3","7,7,,",7 × 7 × ? × ?,,
3,3,Product,intermediate,I,3923414,5538232,792440,2088,2088,23039976,1416167424,261,49,-0.3197583173389321,0.012689281931301994,0.045545008926408864,"I(i_1,i_2,i_3;a_2i_1i_3,a_3i_1i_3) * t(i_3,i_1;a_3i_1i_3,a_2i_1i_3) -> I(i_2,i_1)","I(i_2,i_1)","I(i_1,i_2,i_3;a_2i_1i_3,a_3i_1i_3)","t(i_3,i_1;a_3i_1i_3,a_2i_1i_3)","I(i_2,i_1)","i,i",;,"7,7",7 × 7,392,5.32653
3,3,Product,intermediate,I,465194,2088,12064,12064,12064,23039976,1416167424,1508,798,-0.0016650635248951007,1.6560045543002712e-06,0.0001830059754873607,"I(i_2,i_1) * I(μ̃_19632,i_2) -> I(μ̃_19632,i_1)","I(μ̃_19632,i_1)","I(i_2,i_1)","I(μ̃_19632,i_2)","I(μ̃_19632,i_1)","μ̃,i",;,"114,7",114 × 7,6384,1.88972
3,3,Tensor,leaf,C,15546,,,481264,481264,23039976,1416167424,60158,55674,23856.23808923302,118674620.50711954,1176.0636923303477,"C(i_1,μ̃_19632;a_1i_1)","C(i_1,μ̃_19632;a_1i_1)",,,,"i,μ̃,a",;;i_1,"7,114,",7 × 114 × ?,,
3,3,Product,intermediate,I,674549,12064,481264,5488,5488,23039976,1416167424,686,522,-0.001696909168389985,9.899325880810957e-07,0.00022372598101690644,"I(μ̃_19632,i_1) * C(i_1,μ̃_19632;a_1i_1) -> I(i_1;a_1i_1)",I(i_1;a_1i_1),"I(μ̃_19632,i_1)","C(i_1,μ̃_19632;a_1i_1)",I(i_1;a_1i_1),"i,a",;i_1,"7,",7 × ?,,
3,3,Constant,constant,_const,1660,,,8,8,23039976,1416167424,1,,,,,-2,-2,,,,,,,scalar,8,1
3,3,Product,residual,R,114827,5488,8,5488,5488,23039976,1416167424,686,522,0.00339381833677997,3.959730352324383e-06,0.0004474519620338129,I(i_1;a_1i_1) * -2 -> R(i_1;a_1i_1),R(i_1;a_1i_1),I(i_1;a_1i_1),-2,R(i_1;a_1i_1),"i,a",;i_1,"7,",7 × ?,,
3,3,Permute,residual,R,82305,,,5488,5488,23039976,1416167424,686,,,,,R(i_1;a_1i_1),R(i_1;a_1i_1),,,,"i,a",;i_1,"7,",7 × ?,,
3,4,Tensor,leaf,g,10433,,,1843152,1843152,24088600,1416167424,230394,225036,-13.7135187938935,9.824790694343452,0.19254784769834188,"g(μ̃_19621,i_2,Κ_1)","g(μ̃_19621,i_2,Κ_1)",,,,"μ̃,i,Κ",;;,"114,7,282",114 × 7 × 282,1800288,1.02381
3,4,Product,intermediate,I,1526703,1843152,12064,5280,5280,24093880,1416167424,660,282,0.015864289887025106,8.090936327386262e-05,0.0031736275884620105,"g(μ̃_19621,i_2,Κ_1) * I(μ̃_19621,i_2) -> I(Κ_1)",I(Κ_1),"g(μ̃_19621,i_2,Κ_1)","I(μ̃_19621,i_2)",I(Κ_1),Κ,,282,282,2256,2.34043
3,4,Tensor,leaf,g,8011,,,1843152,1843152,24093880,1416167424,230394,225036,-13.7135187938935,9.824790694343452,0.19254784769834188,"g(μ̃_19622,i_3,Κ_1)","g(μ̃_19622,i_3,Κ_1)",,,,"μ̃,i,Κ",;;,"114,7,282",114 × 7 × 282,1800288,1.02381
3,4,Product,intermediate,I,1292276,5280,1843152,12064,12064,24105944,1416167424,1508,798,0.0049100725598883645,3.984967994919285e-05,0.0011615754918710525,"I(Κ_1) * g(μ̃_19622,i_3,Κ_1) -> I(i_3,μ̃_19622)","I(i_3,μ̃_19622)",I(Κ_1),"g(μ̃_19622,i_3,Κ_1)","I(i_3,μ̃_19622)","i,μ̃",;,"7,114",7 × 114,6384,1.88972
3,4,Product,intermediate,I,458495,12064,12064,2088,2088,24105944,1416167424,261,49,7.681877276310045e-05,1.0191090481964424e-09,1.2678741179563643e-05,"I(i_3,μ̃_19622) * I(μ̃_19622,i_1) -> I(i_3,i_1)","I(i_3,i_1)","I(i_3,μ̃_19622)","I(μ̃_19622,i_1)","I(i_3,i_1)","i,i",;,"7,7",7 × 7,392,5.32653
3,4,Product,intermediate,I,422238,2088,12064,12064,12064,24105944,1416167424,1508,798,4.4439803450272734e-07,1.4703209539916222e-13,5.6292984560749226e-08,"I(i_3,i_1) * I(μ̃_19624,i_3) -> I(μ̃_19624,i_1)","I(μ̃_19624,i_1)","I(i_3,i_1)","I(μ̃_19624,i_3)","I(μ̃_19624,i_1)","μ̃,i",;,"114,7",114 × 7,6384,1.88972
3,4,Tensor,leaf,C,8169,,,481264,481264,24105944,1416167424,60158,55674,23856.23808923302,118674620.50711954,1176.0636923303477,"C(i_1,μ̃_19624;a_1i_1)","C(i_1,μ̃_19624;a_1i_1)",,,,"i,μ̃,a",;;i_1,"7,114,",7 × 114 × ?,,
3,4,Product,intermediate,I,649137,12064,481264,5488,5488,24105944,1416167424,686,522,3.730586709654258e-07,8.264164214424458e-14,5.0248116127433974e-08,"I(μ̃_19624,i_1) * C(i_1,μ̃_19624;a_1i_1) -> I(i_1;a_1i_1)",I(i_1;a_1i_1),"I(μ̃_19624,i_1)","C(i_1,μ̃_19624;a_1i_1)",I(i_1;a_1i_1),"i,a",;i_1,"7,",7 × ?,,
3,4,Constant,constant,_const,16529,,,8,8,24105944,1416167424,1,,,,,-2,-2,,,,,,,scalar,8,1
3,4,Product,residual,R,70633,5488,8,5488,5488,24105944,1416167424,686,522,-7.461173419308516e-07,3.305665685769783e-13,1.0049623225486795e-07,I(i_1;a_1i_1) * -2 -> R(i_1;a_1i_1),R(i_1;a_1i_1),I(i_1;a_1i_1),-2,R(i_1;a_1i_1),"i,a",;i_1,"7,",7 × ?,,
3,4,Permute,residual,R,62698,,,5488,5488,24105944,1416167424,686,,,,,R(i_1;a_1i_1),R(i_1;a_1i_1),,,,"i,a",;i_1,"7,",7 × ?,,
3,5,Tensor,leaf,g,18765,,,1843152,1843152,24105944,1416167424,230394,225036,-13.7135187938935,9.824790694343452,0.19254784769834188,"g(μ̃_19636,i_2,Κ_1)","g(μ̃_19636,i_2,Κ_1)",,,,"μ̃,i,Κ",;;,"114,7,282",114 × 7 × 282,1800288,1.02381
3,5,Product,intermediate,I,10723118,1843152,12064,121536,121536,24227480,1416167424,15192,13818,0.002145256099487187,9.196935134572377e-05,0.001295162654374243,"g(μ̃_19636,i_2,Κ_1) * I(μ̃_19636,i_3) -> I(i_2,i_3,Κ_1)","I(i_2,i_3,Κ_1)","g(μ̃_19636,i_2,Κ_1)","I(μ̃_19636,i_3)","I(i_2,i_3,Κ_1)","i,i,Κ",;;,"7,7,282",7 × 7 × 282,110544,1.09944
3,5,Tensor,leaf,g,9464,,,1843152,1843152,24227480,1416167424,230394,225036,-13.7135187938935,9.824790694343452,0.19254784769834188,"g(μ̃_19637,i_3,Κ_1)","g(μ̃_19637,i_3,Κ_1)",,,,"μ̃,i,Κ",;;,"114,7,282",114 × 7 × 282,1800288,1.02381
3,5,Product,intermediate,I,31575769,121536,1843152,12064,12064,24239544,1416167424,1508,798,0.006208948705957705,1.9731690459528932e-05,0.0007761347783906032,"I(i_2,i_3,Κ_1) * g(μ̃_19637,i_3,Κ_1) -> I(i_2,μ̃_19637)","I(i_2,μ̃_19637)","I(i_2,i_3,Κ_1)","g(μ̃_19637,i_3,Κ_1)","I(i_2,μ̃_19637)","i,μ̃",;,"7,114",7 × 114,6384,1.88972
3,5,Product,intermediate,I,515351,12064,12064,2088,2088,24239544,1416167424,261,49,6.433813933848092e-05,7.035978901947867e-10,9.909437942383246e-06,"I(i_2,μ̃_19637) * I(μ̃_19637,i_1) -> I(i_2,i_1)","I(i_2,i_1)","I(i_2,μ̃_19637)","I(μ̃_19637,i_1)","I(i_2,i_1)","i,i",;,"7,7",7 × 7,392,5.32653
3,5,Product,intermediate,I,451052,2088,12064,12064,12064,24239544,1416167424,1508,798,3.372324435837039e-07,1.1231708283592804e-13,4.659004297186382e-08,"I(i_2,i_1) * I(μ̃_19639,i_2) -> I(μ̃_19639,i_1)","I(μ̃_19639,i_1)","I(i_2,i_1)","I(μ̃_19639,i_2)","I(μ̃_19639,i_1)","μ̃,i",;,"114,7",114 × 7,6384,1.88972
3,5,Tensor,leaf,C,17992,,,481264,481264,24239544,1416167424,60158,55674,23856.23808923302,118674620.50711954,1176.0636923303477,"C(i_1,μ̃_19639;a_1i_1)","C(i_1,μ̃_19639;a_1i_1)",,,,"i,μ̃,a",;;i_1,"7,114,",7 × 114 × ?,,
3,5,Product,residual,R,706236,12064,481264,5488,5488,24239544,1416167424,686,522,3.7555887115437635e-07,6.156253559623596e-14,4.2610166072061827e-08,"I(μ̃_19639,i_1) * C(i_1,μ̃_19639;a_1i_1) -> R(i_1;a_1i_1)",R(i_1;a_1i_1),"I(μ̃_19639,i_1)","C(i_1,μ̃_19639;a_1i_1)",R(i_1;a_1i_1),"i,a",;i_1,"7,",7 × ?,,
3,5,Permute,residual,R,87782,,,5488,5488,24239544,1416167424,686,,,,,R(i_1;a_1i_1),R(i_1;a_1i_1),,,,"i,a",;i_1,"7,",7 × ?,,
3,6,Product,intermediate,I,1192312,334432,12064,2088,2088,24239544,1416167424,261,49,-0.0037576086948745697,9.666814841660514e-07,0.0002168222903532573,"I(i_2,i_1,i_3,μ̃_19645) * I(μ̃_19645,i_2) -> I(i_3,i_1)","I(i_3,i_1)","I(i_2,i_1,i_3,μ̃_19645)","I(μ̃_19645,i_2)","I(i_3,i_1)","i,i",;,"7,7",7 × 7,392,5.32653
3,6,Product,intermediate,I,626769,2088,12064,12064,12064,24239544,1416167424,1508,798,-2.1044210397993363e-05,9.928043527534138e-11,1.2140679387526994e-06,"I(i_3,i_1) * I(μ̃_19647,i_3) -> I(i_1,μ̃_19647)","I(i_1,μ̃_19647)","I(i_3,i_1)","I(μ̃_19647,i_3)","I(i_1,μ̃_19647)","i,μ̃",;,"7,114",7 × 114,6384,1.88972
3,6,Tensor,leaf,C,11101,,,481264,481264,24239544,1416167424,60158,55674,23856.23808923302,118674620.50711954,1176.0636923303477,"C(i_1,μ̃_19647;a_1i_1)","C(i_1,μ̃_19647;a_1i_1)",,,,"i,μ̃,a",;;i_1,"7,114,",7 × 114 × ?,,
3,6,Product,residual,R,613143,12064,481264,5488,5488,24239544,1416167424,686,522,-5.611348450919441e-06,5.388459588450586e-11,1.0722378308347494e-06,"I(i_1,μ̃_19647) * C(i_1,μ̃_19647;a_1i_1) -> R(i_1;a_1i_1)",R(i_1;a_1i_1),"I(i_1,μ̃_19647)","C(i_1,μ̃_19647;a_1i_1)",R(i_1;a_1i_1),"i,a",;i_1,"7,",7 × ?,,
3,6,Permute,residual,R,67466,,,5488,5488,24239544,1416167424,686,,,,,R(i_1;a_1i_1),R(i_1;a_1i_1),,,,"i,a",;i_1,"7,",7 × ?,,
3,7,Tensor,leaf,g,9420,,,121536,121536,24239544,1416167424,15192,13818,10.313570711990552,5.229066732803696,0.3618052751837735,"g(i_1,i_2,Κ_1)","g(i_1,i_2,Κ_1)",,,,"i,i,Κ",;;,"7,7,282",7 × 7 × 282,110544,1.09944
3,7,Product,intermediate,I,757860,121536,5280,2088,2088,24239544,1416167424,261,49,0.007750040076902567,1.4155868060131338e-05,0.0026564775573378963,"g(i_1,i_2,Κ_1) * I(Κ_1) -> I(i_2,i_1)","I(i_2,i_1)","g(i_1,i_2,Κ_1)",I(Κ_1),"I(i_2,i_1)","i,i",;,"7,7",7 × 7,392,5.32653
3,7,Product,intermediate,I,480838,2088,12064,12064,12064,24239544,1416167424,1508,798,3.090496562712201e-05,1.671067038624697e-09,9.9616861994327e-06,"I(i_2,i_1) * I(μ̃_19656,i_2) -> I(i_1,μ̃_19656)","I(i_1,μ̃_19656)","I(i_2,i_1)","I(μ̃_19656,i_2)","I(i_1,μ̃_19656)","i,μ̃",;,"7,114",7 × 114,6384,1.88972
3,7,Tensor,leaf,C,11268,,,481264,481264,24239544,1416167424,60158,55674,23856.23808923302,118674620.50711954,1176.0636923303477,"C(i_1,μ̃_19656;a_1i_1)","C(i_1,μ̃_19656;a_1i_1)",,,,"i,μ̃,a",;;i_1,"7,114,",7 × 114 × ?,,
3,7,Product,intermediate,I,644455,12064,481264,5488,5488,24239544,1416167424,686,522,6.783733509399387e-05,1.0684623975171326e-09,1.225399104635023e-05,"I(i_1,μ̃_19656) * C(i_1,μ̃_19656;a_1i_1) -> I(i_1;a_1i_1)",I(i_1;a_1i_1),"I(i_1,μ̃_19656)","C(i_1,μ̃_19656;a_1i_1)",I(i_1;a_1i_1),"i,a",;i_1,"7,",7 × ?,,
3,7,Constant,constant,_const,1252,,,8,8,24239544,1416167424,1,,,,,-2,-2,,,,,,,scalar,8,1
3,7,Product,residual,R,65093,5488,8,5488,5488,24239544,1416167424,686,522,-0.00013567467018798775,4.27384959006853e-09,2.450798209270046e-05,I(i_1;a_1i_1) * -2 -> R(i_1;a_1i_1),R(i_1;a_1i_1),I(i_1;a_1i_1),-2,R(i_1;a_1i_1),"i,a",;i_1,"7,",7 × ?,,
3,7,Permute,residual,R,74524,,,5488,5488,24239544,1416167424,686,,,,,R(i_1;a_1i_1),R(i_1;a_1i_1),,,,"i,a",;i_1,"7,",7 × ?,,
3,8,Tensor,leaf,t,1909,,,5488,5488,24239544,1416167424,686,522,0.03847848950810251,0.0005173156123969507,0.004694637552147508,t(i_1;a_2i_1),t(i_1;a_2i_1),,,,"i,a",;i_1,"7,",7 × ?,,
3,8,Product,intermediate,I,288151,384,5488,384,384,24239544,1416167424,48,0,0.0,0.0,0.0,"I(i_1,i_2;a_2i_1) * t(i_1;a_2i_1) -> I(i_2,i_1)","I(i_2,i_1)","I(i_1,i_2;a_2i_1)",t(i_1;a_2i_1),"I(i_2,i_1)","i,i",;,"7,7",7 × 7,392,0.979592
3,8,Product,intermediate,I,206386,384,12064,432,432,24239544,1416167424,54,0,0.0,0.0,0.0,"I(i_2,i_1) * I(μ̃_19672,i_2) -> I(μ̃_19672,i_1)","I(μ̃_19672,i_1)","I(i_2,i_1)","I(μ̃_19672,i_2)","I(μ̃_19672,i_1)","μ̃,i",;,"114,7",114 × 7,6384,0.0676692
3,8,Tensor,leaf,C,22525,,,481264,481264,24239544,1416167424,60158,55674,23856.23808923302,118674620.50711954,1176.0636923303477,"C(i_1,μ̃_19672;a_1i_1)","C(i_1,μ̃_19672;a_1i_1)",,,,"i,μ̃,a",;;i_1,"7,114,",7 × 114 × ?,,
3,8,Product,intermediate,I,261318,432,481264,376,376,24239544,1416167424,47,0,0.0,0.0,0.0,"I(μ̃_19672,i_1) * C(i_1,μ̃_19672;a_1i_1) -> I(i_1;a_1i_1)",I(i_1;a_1i_1),"I(μ̃_19672,i_1)","C(i_1,μ̃_19672;a_1i_1)",I(i_1;a_1i_1),"i,a",;i_1,"7,",7 × ?,,
3,8,Constant,constant,_const,1018,,,8,8,24239544,1416167424,1,,,,,-1,-1,,,,,,,scalar,8,1
3,8,Product,residual,R,55399,376,8,376,376,24239544,1416167424,47,0,0.0,0.0,0.0,I(i_1;a_1i_1) * -1 -> R(i_1;a_1i_1),R(i_1;a_1i_1),I(i_1;a_1i_1),-1,R(i_1;a_1i_1),"i,a",;i_1,"7,",7 × ?,,
3,8,Permute,residual,R,48849,,,376,376,24239544,1416167424,47,,,,,R(i_1;a_1i_1),R(i_1;a_1i_1),,,,"i,a",;i_1,"7,",7 × ?,,
3,9,Tensor,leaf,C,12253,,,2207664,2207664,24579928,1416167424,275958,246870,-5695.615034274957,223631163.21246105,731.2730436956697,"C(i_2,i_1,μ̃_19614;a_3i_1i_2)","C(i_2,i_1,μ̃_19614;a_3i_1i_2)",,,,"i,i,μ̃,a",";;;i_1,i_2","7,7,114,",7 × 7 × 114 × ?,,
3,9,Product,intermediate,I,1105887,12064,2207664,21128,21128,24613120,1416167424,2641,2184,0.007667324915096463,8.662178763390085e-05,0.000757798353206491,"I(i_2,μ̃_19614) * C(i_2,i_1,μ̃_19614;a_3i_1i_2) -> I(i_1,i_2;a_3i_1i_2)","I(i_1,i_2;a_3i_1i_2)","I(i_2,μ̃_19614)","C(i_2,i_1,μ̃_19614;a_3i_1i_2)","I(i_1,i_2;a_3i_1i_2)","i,i,a",";;i_1,i_2","7,7,",7 × 7 × ?,,
3,9,Tensor,leaf,t,1597,,,792440,792440,24613120,1416167424,99055,98598,-1.6376837457354991,0.10417720168326705,0.029695591403256404,"t(i_2,i_1;a_4i_1i_2,a_3i_1i_2)","t(i_2,i_1;a_4i_1i_2,a_3i_1i_2)",,,,"i,i,a,a",";;i_1,i_2;i_1,i_2","7,7,,",7 × 7 × ? × ?,,
3,9,Product,intermediate,I,316105,21128,792440,21128,21128,24613120,1416167424,2641,2184,2.2685563167218094e-06,5.0939295327674095e-08,3.8208655695157096e-05,"I(i_1,i_2;a_3i_1i_2) * t(i_2,i_1;a_4i_1i_2,a_3i_1i_2) -> I(i_2,i_1;a_4i_1i_2)","I(i_2,i_1;a_4i_1i_2)","I(i_1,i_2;a_3i_1i_2)","t(i_2,i_1;a_4i_1i_2,a_3i_1i_2)","I(i_2,i_1;a_4i_1i_2)","i,i,a",";;i_1,i_2","7,7,",7 × 7 × ?,,
3,9,Tensor,leaf,C,13430,,,2207664,2207664,24613120,1416167424,275958,246870,-5695.615034274957,223631163.21246105,731.2730436956697,"C(i_2,i_1,μ̃_19615;a_4i_1i_2)","C(i_2,i_1,μ̃_19615;a_4i_1i_2)",,,,"i,i,μ̃,a",";;;i_1,i_2","7,7,114,",7 × 7 × 114 × ?,,
3,9,Product,intermediate,I,1928341,21128,2207664,12064,12064,24634248,1416167424,1508,798,0.003958907531316502,4.688997297756044e-06,0.00040614261634404564,"I(i_2,i_1;a_4i_1i_2) * C(i_2,i_1,μ̃_19615;a_4i_1i_2) -> I(μ̃_19615,i_1)","I(μ̃_19615,i_1)","I(i_2,i_1;a_4i_1i_2)","C(i_2,i_1,μ̃_19615;a_4i_1i_2)","I(μ̃_19615,i_1)","μ̃,i",;,"114,7",114 × 7,6384,1.88972
3,9,Tensor,leaf,s,18819,,,125584,125584,24634248,1416167424,15698,12996,138.52037144982427,140.242752948763,0.9820999861813638,"s(μ̃_19615,μ̃_19616)","s(μ̃_19615,μ̃_19616)",,,,"μ̃,μ̃",;,"114,114",114 × 114,103968,1.20791
3,9,Product,intermediate,I,1414849,12064,125584,12064,12064,24634248,1416167424,1508,798,-0.000695866727827621,1.540410994114655e-07,6.147969436153046e-05,"I(μ̃_19615,i_1) * s(μ̃_19615,μ̃_19616) -> I(μ̃_19616,i_1)","I(μ̃_19616,i_1)","I(μ̃_19615,i_1)","s(μ̃_19615,μ̃_19616)","I(μ̃_19616,i_1)","μ̃,i",;,"114,7",114 × 7,6384,1.88972
3,9,Tensor,leaf,C,11038,,,481264,481264,24634248,1416167424,60158,55674,23856.23808923302,118674620.50711954,1176.0636923303477,"C(i_1,μ̃_19616;a_1i_1)","C(i_1,μ̃_19616;a_1i_1)",,,,"i,μ̃,a",;;i_1,"7,114,",7 × 114 × ?,,
3,9,Product,residual,R,777847,12064,481264,5488,5488,24634248,1416167424,686,522,-0.00034320279772287617,7.50571952301283e-08,6.583914070693263e-05,"I(μ̃_19616,i_1) * C(i_1,μ̃_19616;a_1i_1) -> R(i_1;a_1i_1)",R(i_1;a_1i_1),"I(μ̃_19616,i_1)","C(i_1,μ̃_19616;a_1i_1)",R(i_1;a_1i_1),"i,a",;i_1,"7,",7 × ?,,
3,9,Permute,residual,R,99854,,,5488,5488,24634248,1416167424,686,,,,,R(i_1;a_1i_1),R(i_1;a_1i_1),,,,"i,a",;i_1,"7,",7 × ?,,
3,10,Tensor,leaf,g,8715,,,29489328,29489328,51882720,1416167424,3686166,3664872,328.03408291046196,123.92989425956745,0.8503952014554764,"g(μ̃_19627,μ̃_19628,Κ_1)","g(μ̃_19627,μ̃_19628,Κ_1)",,,,"μ̃,μ̃,Κ",;;,"114,114,282",114 × 114 × 282,29318976,1.00581
3,10,Product,intermediate,I,25660361,29489328,12064,1843152,1843152,53725872,1416167424,230394,225036,0.08059735860542284,0.0009800115556885167,0.0032421543104535814,"g(μ̃_19627,μ̃_19628,Κ_1) * I(μ̃_19627,i_2) -> I(μ̃_19628,i_2,Κ_1)","I(μ̃_19628,i_2,Κ_1)","g(μ̃_19627,μ̃_19628,Κ_1)","I(μ̃_19627,i_2)","I(μ̃_19628,i_2,Κ_1)","μ̃,i,Κ",;;,"114,7,282",114 × 7 × 282,1800288,1.02381
3,10,Product,intermediate,I,2338924,121536,1843152,12064,12064,53725872,1416167424,1508,798,3.8654142766961156e-05,1.186401010446681e-09,8.272643394788491e-06,"I(i_2,i_1,Κ_1) * I(μ̃_19628,i_2,Κ_1) -> I(μ̃_19628,i_1)","I(μ̃_19628,i_1)","I(i_2,i_1,Κ_1)","I(μ̃_19628,i_2,Κ_1)","I(μ̃_19628,i_1)","μ̃,i",;,"114,7",114 × 7,6384,1.88972
3,10,Tensor,leaf,C,17567,,,481264,481264,53725872,1416167424,60158,55674,23856.23808923302,118674620.50711954,1176.0636923303477,"C(i_1,μ̃_19628;a_1i_1)","C(i_1,μ̃_19628;a_1i_1)",,,,"i,μ̃,a",;;i_1,"7,114,",7 × 114 × ?,,
3,10,Product,intermediate,I,948540,12064,481264,5488,5488,53725872,1416167424,686,522,2.7647774789102462e-05,1.0067861692355537e-09,5.495706399357017e-06,"I(μ̃_19628,i_1) * C(i_1,μ̃_19628;a_1i_1) -> I(i_1;a_1i_1)",I(i_1;a_1i_1),"I(μ̃_19628,i_1)","C(i_1,μ̃_19628;a_1i_1)",I(i_1;a_1i_1),"i,a",;i_1,"7,",7 × ?,,
3,10,Constant,constant,_const,1542,,,8,8,53725872,1416167424,1,,,,,-1,-1,,,,,,,scalar,8,1
3,10,Product,residual,R,85933,5488,8,5488,5488,53725872,1416167424,686,522,-2.7647774789102462e-05,1.0067861692355537e-09,5.495706399357017e-06,I(i_1;a_1i_1) * -1 -> R(i_1;a_1i_1),R(i_1;a_1i_1),I(i_1;a_1i_1),-1,R(i_1;a_1i_1),"i,a",;i_1,"7,",7 × ?,,
3,10,Permute,residual,R,88120,,,5488,5488,53725872,1416167424,686,,,,,R(i_1;a_1i_1),R(i_1;a_1i_1),,,,"i,a",;i_1,"7,",7 × ?,,
3,11,Product,intermediate,I,10786649,121536,5490816,139048,139048,53725872,1416167424,17381,15288,-0.003969534636529471,1.7992766181850454e-05,0.00043687045667204454,"I(i_2,i_1,Κ_1) * I(i_2,i_3,Κ_1;a_3i_2i_3) -> I(i_3,i_2,i_1;a_3i_2i_3)","I(i_3,i_2,i_1;a_3i_2i_3)","I(i_2,i_1,Κ_1)","I(i_2,i_3,Κ_1;a_3i_2i_3)","I(i_3,i_2,i_1;a_3i_2i_3)","i,i,i,a",";;;i_2,i_3","7,7,7,",7 × 7 × 7 × ?,,
3,11,Tensor,leaf,t,3749,,,792440,792440,53725872,1416167424,99055,98598,-1.6376837457354991,0.10417720168326705,0.029695591403256404,"t(i_2,i_3;a_4i_2i_3,a_3i_2i_3)","t(i_2,i_3;a_4i_2i_3,a_3i_2i_3)",,,,"i,i,a,a",";;i_2,i_3;i_2,i_3","7,7,,",7 × 7 × ? × ?,,
3,11,Product,intermediate,I,701246,139048,792440,139048,139048,53725872,1416167424,17381,15288,3.0204307238944278e-05,3.6798440319701956e-08,3.0143883575468744e-05,"I(i_3,i_2,i_1;a_3i_2i_3) * t(i_2,i_3;a_4i_2i_3,a_3i_2i_3) -> I(i_3,i_2,i_1;a_4i_2i_3)","I(i_3,i_2,i_1;a_4i_2i_3)","I(i_3,i_2,i_1;a_3i_2i_3)","t(i_2,i_3;a_4i_2i_3,a_3i_2i_3)","I(i_3,i_2,i_1;a_4i_2i_3)","i,i,i,a",";;;i_2,i_3","7,7,7,",7 × 7 × 7 × ?,,
3,11,Tensor,leaf,C,12534,,,2207664,2207664,53725872,1416167424,275958,246870,-5695.615034274957,223631163.21246105,731.2730436956697,"C(i_3,i_2,μ̃_19652;a_4i_2i_3)","C(i_3,i_2,μ̃_19652;a_4i_2i_3)",,,,"i,i,μ̃,a",";;;i_2,i_3","7,7,114,",7 × 7 × 114 × ?,,
3,11,Product,intermediate,I,2774436,139048,2207664,12064,12064,53725872,1416167424,1508,798,0.0077640976739988465,6.874859829734632e-06,0.0007923094644584802,"I(i_3,i_2,i_1;a_4i_2i_3) * C(i_3,i_2,μ̃_19652;a_4i_2i_3) -> I(μ̃_19652,i_1)","I(μ̃_19652,i_1)","I(i_3,i_2,i_1;a_4i_2i_3)","C(i_3,i_2,μ̃_19652;a_4i_2i_3)","I(μ̃_19652,i_1)","μ̃,i",;,"114,7",114 × 7,6384,1.88972
3,11,Tensor,leaf,s,17149,,,125584,125584,53725872,1416167424,15698,12996,138.52037144982427,140.242752948763,0.9820999861813638,"s(μ̃_19652,μ̃_19653)","s(μ̃_19652,μ̃_19653)",,,,"μ̃,μ̃",;,"114,114",114 × 114,103968,1.20791
3,11,Product,intermediate,I,30135328,12064,125584,12064,12064,53725872,1416167424,1508,798,-0.0007554763445058041,2.6104387625648443e-07,7.179228243165283e-05,"I(μ̃_19652,i_1) * s(μ̃_19652,μ̃_19653) -> I(μ̃_19653,i_1)","I(μ̃_19653,i_1)","I(μ̃_19652,i_1)","s(μ̃_19652,μ̃_19653)","I(μ̃_19653,i_1)","μ̃,i",;,"114,7",114 × 7,6384,1.88972
3,11,Tensor,leaf,C,14789,,,481264,481264,53725872,1416167424,60158,55674,23856.23808923302,118674620.50711954,1176.0636923303477,"C(i_1,μ̃_19653;a_1i_1)","C(i_1,μ̃_19653;a_1i_1)",,,,"i,μ̃,a",;;i_1,"7,114,",7 × 114 × ?,,
3,11,Product,intermediate,I,710927,12064,481264,5488,5488,53725872,1416167424,686,522,-0.00043850408752677797,1.1372641917714329e-07,7.788783114922522e-05,"I(μ̃_19653,i_1) * C(i_1,μ̃_19653;a_1i_1) -> I(i_1;a_1i_1)",I(i_1;a_1i_1),"I(μ̃_19653,i_1)","C(i_1,μ̃_19653;a_1i_1)",I(i_1;a_1i_1),"i,a",;i_1,"7,",7 × ?,,
3,11,Constant,constant,_const,1662,,,8,8,53725872,1416167424,1,,,,,-2,-2,,,,,,,scalar,8,1
3,11,Product,residual,R,71805,5488,8,5488,5488,53725872,1416167424,686,522,0.0008770081750535559,4.5490567670857316e-07,0.00015577566229845044,I(i_1;a_1i_1) * -2 -> R(i_1;a_1i_1),R(i_1;a_1i_1),I(i_1;a_1i_1),-2,R(i_1;a_1i_1),"i,a",;i_1,"7,",7 × ?,,
3,11,Permute,residual,R,62351,,,5488,5488,53725872,1416167424,686,,,,,R(i_1;a_1i_1),R(i_1;a_1i_1),,,,"i,a",;i_1,"7,",7 × ?,,
3,12,Tensor,leaf,t,2277,,,792440,792440,53725872,1416167424,99055,98598,-1.6376837457354991,0.10417720168326705,0.029695591403256404,"t(i_3,i_2;a_4i_2i_3,a_3i_2i_3)","t(i_3,i_2;a_4i_2i_3,a_3i_2i_3)",,,,"i,i,a,a",";;i_2,i_3;i_2,i_3","7,7,,",7 × 7 × ? × ?,,
3,12,Product,intermediate,I,1746167,139048,792440,139048,139048,53725872,1416167424,17381,15288,4.652737369054424e-05,3.499931676733814e-08,3.0143883575468744e-05,"I(i_3,i_2,i_1;a_3i_2i_3) * t(i_3,i_2;a_4i_2i_3,a_3i_2i_3) -> I(i_3,i_2,i_1;a_4i_2i_3)","I(i_3,i_2,i_1;a_4i_2i_3)","I(i_3,i_2,i_1;a_3i_2i_3)","t(i_3,i_2;a_4i_2i_3,a_3i_2i_3)","I(i_3,i_2,i_1;a_4i_2i_3)","i,i,i,a",";;;i_2,i_3","7,7,7,",7 × 7 × 7 × ?,,
3,12,Tensor,leaf,C,10594,,,2207664,2207664,53725872,1416167424,275958,246870,-5695.615034274957,223631163.21246105,731.2730436956697,"C(i_3,i_2,μ̃_19668;a_4i_2i_3)","C(i_3,i_2,μ̃_19668;a_4i_2i_3)",,,,"i,i,μ̃,a",";;;i_2,i_3","7,7,114,",7 × 7 × 114 × ?,,
3,12,Product,intermediate,I,2878207,139048,2207664,12064,12064,53725872,1416167424,1508,798,0.004807481136683087,5.473668347498203e-06,0.0005124695741743319,"I(i_3,i_2,i_1;a_4i_2i_3) * C(i_3,i_2,μ̃_19668;a_4i_2i_3) -> I(μ̃_19668,i_1)","I(μ̃_19668,i_1)","I(i_3,i_2,i_1;a_4i_2i_3)","C(i_3,i_2,μ̃_19668;a_4i_2i_3)","I(μ̃_19668,i_1)","μ̃,i",;,"114,7",114 × 7,6384,1.88972
3,12,Tensor,leaf,s,19238,,,125584,125584,53725872,1416167424,15698,12996,138.52037144982427,140.242752948763,0.9820999861813638,"s(μ̃_19668,μ̃_19669)","s(μ̃_19668,μ̃_19669)",,,,"μ̃,μ̃",;,"114,114",114 × 114,103968,1.20791
3,12,Product,intermediate,I,1000253,12064,125584,12064,12064,53725872,1416167424,1508,798,-0.0005867389254849435,1.5288168835415934e-07,5.529160996645866e-05,"I(μ̃_19668,i_1) * s(μ̃_19668,μ̃_19669) -> I(μ̃_19669,i_1)","I(μ̃_19669,i_1)","I(μ̃_19668,i_1)","s(μ̃_19668,μ̃_19669)","I(μ̃_19669,i_1)","μ̃,i",;,"114,7",114 × 7,6384,1.88972
3,12,Tensor,leaf,C,7934,,,481264,481264,53725872,1416167424,60158,55674,23856.23808923302,118674620.50711954,1176.0636923303477,"C(i_1,μ̃_19669;a_1i_1)","C(i_1,μ̃_19669;a_1i_1)",,,,"i,μ̃,a",;;i_1,"7,114,",7 × 114 × ?,,
3,12,Product,residual,R,685713,12064,481264,5488,5488,53725872,1416167424,686,522,-0.00033345120079549695,6.840702260662893e-08,6.160724730648547e-05,"I(μ̃_19669,i_1) * C(i_1,μ̃_19669;a_1i_1) -> R(i_1;a_1i_1)",R(i_1;a_1i_1),"I(μ̃_19669,i_1)","C(i_1,μ̃_19669;a_1i_1)",R(i_1;a_1i_1),"i,a",;i_1,"7,",7 × ?,,
3,12,Permute,residual,R,101220,,,5488,5488,53725872,1416167424,686,,,,,R(i_1;a_1i_1),R(i_1;a_1i_1),,,,"i,a",;i_1,"7,",7 × ?,,
3,13,Tensor,leaf,t,2321,,,792440,792440,53725872,1416167424,99055,98598,-1.6376837457354991,0.10417720168326705,0.029695591403256404,"t(i_1,i_2;a_4i_1i_2,a_3i_1i_2)","t(i_1,i_2;a_4i_1i_2,a_3i_1i_2)",,,,"i,i,a,a",";;i_1,i_2;i_1,i_2","7,7,,",7 × 7 × ? × ?,,
3,13,Product,intermediate,I,349115,21128,792440,21128,21128,53725872,1416167424,2641,2184,4.700346730095073e-06,6.060800384994912e-08,3.8208655695157096e-05,"I(i_1,i_2;a_3i_1i_2) * t(i_1,i_2;a_4i_1i_2,a_3i_1i_2) -> I(i_2,i_1;a_4i_1i_2)","I(i_2,i_1;a_4i_1i_2)","I(i_1,i_2;a_3i_1i_2)","t(i_1,i_2;a_4i_1i_2,a_3i_1i_2)","I(i_2,i_1;a_4i_1i_2)","i,i,a",";;i_1,i_2","7,7,",7 × 7 × ?,,
3,13,Tensor,leaf,C,16053,,,2207664,2207664,53725872,1416167424,275958,246870,-5695.615034274957,223631163.21246105,731.2730436956697,"C(i_2,i_1,μ̃_19678;a_4i_1i_2)","C(i_2,i_1,μ̃_19678;a_4i_1i_2)",,,,"i,i,μ̃,a",";;;i_1,i_2","7,7,114,",7 × 7 × 114 × ?,,
3,13,Product,intermediate,I,1999984,21128,2207664,12064,12064,53725872,1416167424,1508,798,0.006123763869569294,6.439690389135434e-05,0.0016013533315885572,"I(i_2,i_1;a_4i_1i_2) * C(i_2,i_1,μ̃_19678;a_4i_1i_2) -> I(μ̃_19678,i_1)","I(μ̃_19678,i_1)","I(i_2,i_1;a_4i_1i_2)","C(i_2,i_1,μ̃_19678;a_4i_1i_2)","I(μ̃_19678,i_1)","μ̃,i",;,"114,7",114 × 7,6384,1.88972
3,13,Tensor,leaf,s,17279,,,125584,125584,53725872,1416167424,15698,12996,138.52037144982427,140.242752948763,0.9820999861813638,"s(μ̃_19678,μ̃_19679)","s(μ̃_19678,μ̃_19679)",,,,"μ̃,μ̃",;,"114,114",114 × 114,103968,1.20791
3,13,Product,intermediate,I,1074335,12064,125584,12064,12064,53725872,1416167424,1508,798,-0.0006078068721181566,2.3651048806538476e-07,8.138167806971898e-05,"I(μ̃_19678,i_1) * s(μ̃_19678,μ̃_19679) -> I(μ̃_19679,i_1)","I(μ̃_19679,i_1)","I(μ̃_19678,i_1)","s(μ̃_19678,μ̃_19679)","I(μ̃_19679,i_1)","μ̃,i",;,"114,7",114 × 7,6384,1.88972
3,13,Tensor,leaf,C,12645,,,481264,481264,53725872,1416167424,60158,55674,23856.23808923302,118674620.50711954,1176.0636923303477,"C(i_1,μ̃_19679;a_1i_1)","C(i_1,μ̃_19679;a_1i_1)",,,,"i,μ̃,a",;;i_1,"7,114,",7 × 114 × ?,,
3,13,Product,intermediate,I,794980,12064,481264,5488,5488,53725872,1416167424,686,522,-0.000448341997370023,1.1836107745102024e-07,7.347340779802074e-05,"I(μ̃_19679,i_1) * C(i_1,μ̃_19679;a_1i_1) -> I(i_1;a_1i_1)",I(i_1;a_1i_1),"I(μ̃_19679,i_1)","C(i_1,μ̃_19679;a_1i_1)",I(i_1;a_1i_1),"i,a",;i_1,"7,",7 × ?,,
3,13,Constant,constant,_const,1581,,,8,8,53725872,1416167424,1,,,,,-2,-2,,,,,,,scalar,8,1
3,13,Product,residual,R,81713,5488,8,5488,5488,53725872,1416167424,686,522,0.000896683994740046,4.7344430980408096e-07,0.00014694681559604148,I(i_1;a_1i_1) * -2 -> R(i_1;a_1i_1),R(i_1;a_1i_1),I(i_1;a_1i_1),-2,R(i_1;a_1i_1),"i,a",;i_1,"7,",7 × ?,,
3,13,Permute,residual,R,64189,,,5488,5488,53725872,1416167424,686,,,,,R(i_1;a_1i_1),R(i_1;a_1i_1),,,,"i,a",;i_1,"7,",7 × ?,,
3,14,Tensor,leaf,C,10319,,,2207664,2207664,53725872,1416167424,275958,246870,-5695.615034274957,223631163.21246105,731.2730436956697,"C(i_3,i_1,μ̃_19618;a_3i_1i_3)","C(i_3,i_1,μ̃_19618;a_3i_1i_3)",,,,"i,i,μ̃,a",";;;i_1,i_3","7,7,114,",7 × 7 × 114 × ?,,
3,14,Product,intermediate,I,1509570,12064,2207664,21128,21128,53725872,1416167424,2641,2184,0.01127616341423479,0.0001787098630228082,0.0012075403233938065,"I(i_3,μ̃_19618) * C(i_3,i_1,μ̃_19618;a_3i_1i_3) -> I(i_1,i_3;a_3i_1i_3)","I(i_1,i_3;a_3i_1i_3)","I(i_3,μ̃_19618)","C(i_3,i_1,μ̃_19618;a_3i_1i_3)","I(i_1,i_3;a_3i_1i_3)","i,i,a",";;i_1,i_3","7,7,",7 × 7 × ?,,
3,14,Tensor,leaf,t,1530,,,792440,792440,53725872,1416167424,99055,98598,-1.6376837457354991,0.10417720168326705,0.029695591403256404,"t(i_3,i_1;a_4i_1i_3,a_3i_1i_3)","t(i_3,i_1;a_4i_1i_3,a_3i_1i_3)",,,,"i,i,a,a",";;i_1,i_3;i_1,i_3","7,7,,",7 × 7 × ? × ?,,
3,14,Product,intermediate,I,306298,21128,792440,21128,21128,53725872,1416167424,2641,2184,2.2854481707032242e-05,9.740017062822122e-08,6.000442527656821e-05,"I(i_1,i_3;a_3i_1i_3) * t(i_3,i_1;a_4i_1i_3,a_3i_1i_3) -> I(i_3,i_1;a_4i_1i_3)","I(i_3,i_1;a_4i_1i_3)","I(i_1,i_3;a_3i_1i_3)","t(i_3,i_1;a_4i_1i_3,a_3i_1i_3)","I(i_3,i_1;a_4i_1i_3)","i,i,a",";;i_1,i_3","7,7,",7 × 7 × ?,,
3,14,Tensor,leaf,C,13023,,,2207664,2207664,53725872,1416167424,275958,246870,-5695.615034274957,223631163.21246105,731.2730436956697,"C(i_3,i_1,μ̃_19619;a_4i_1i_3)","C(i_3,i_1,μ̃_19619;a_4i_1i_3)",,,,"i,i,μ̃,a",";;;i_1,i_3","7,7,114,",7 × 7 × 114 × ?,,
3,14,Product,intermediate,I,1823559,21128,2207664,12064,12064,53725872,1416167424,1508,798,0.0016736995557223397,2.0581537863550033e-06,0.0005232681555943107,"I(i_3,i_1;a_4i_1i_3) * C(i_3,i_1,μ̃_19619;a_4i_1i_3) -> I(μ̃_19619,i_1)","I(μ̃_19619,i_1)","I(i_3,i_1;a_4i_1i_3)","C(i_3,i_1,μ̃_19619;a_4i_1i_3)","I(μ̃_19619,i_1)","μ̃,i",;,"114,7",114 × 7,6384,1.88972
3,14,Tensor,leaf,s,19924,,,125584,125584,53725872,1416167424,15698,12996,138.52037144982427,140.242752948763,0.9820999861813638,"s(μ̃_19619,μ̃_19620)","s(μ̃_19619,μ̃_19620)",,,,"μ̃,μ̃",;,"114,114",114 × 114,103968,1.20791
3,14,Product,intermediate,I,1113147,12064,125584,12064,12064,53725872,1416167424,1508,798,-0.000795112109710815,2.680839165337298e-07,8.493911068987417e-05,"I(μ̃_19619,i_1) * s(μ̃_19619,μ̃_19620) -> I(μ̃_19620,i_1)","I(μ̃_19620,i_1)","I(μ̃_19619,i_1)","s(μ̃_19619,μ̃_19620)","I(μ̃_19620,i_1)","μ̃,i",;,"114,7",114 × 7,6384,1.88972
3,14,Tensor,leaf,C,10433,,,481264,481264,53725872,1416167424,60158,55674,23856.23808923302,118674620.50711954,1176.0636923303477,"C(i_1,μ̃_19620;a_1i_1)","C(i_1,μ̃_19620;a_1i_1)",,,,"i,μ̃,a",;;i_1,"7,114,",7 × 114 × ?,,
3,14,Product,intermediate,I,638917,12064,481264,5488,5488,53725872,1416167424,686,522,-0.00046039648509437945,1.3265478738673808e-07,8.318170494950542e-05,"I(μ̃_19620,i_1) * C(i_1,μ̃_19620;a_1i_1) -> I(i_1;a_1i_1)",I(i_1;a_1i_1),"I(μ̃_19620,i_1)","C(i_1,μ̃_19620;a_1i_1)",I(i_1;a_1i_1),"i,a",;i_1,"7,",7 × ?,,
3,14,Constant,constant,_const,1601,,,8,8,53725872,1416167424,1,,,,,-2,-2,,,,,,,scalar,8,1
3,14,Product,residual,R,78068,5488,8,5488,5488,53725872,1416167424,686,522,0.0009207929701887589,5.306191495469523e-07,0.00016636340989901083,I(i_1;a_1i_1) * -2 -> R(i_1;a_1i_1),R(i_1;a_1i_1),I(i_1;a_1i_1),-2,R(i_1;a_1i_1),"i,a",;i_1,"7,",7 × ?,,
3,14,Permute,residual,R,61739,,,5488,5488,53725872,1416167424,686,,,,,R(i_1;a_1i_1),R(i_1;a_1i_1),,,,"i,a",;i_1,"7,",7 × ?,,
3,15,Tensor,leaf,C,8915,,,481264,481264,53725872,1416167424,60158,55674,23856.23808923302,118674620.50711954,1176.0636923303477,"C(i_1,μ̃_19649;a_1i_1)","C(i_1,μ̃_19649;a_1i_1)",,,,"i,μ̃,a",;;i_1,"7,114,",7 × 114 × ?,,
3,15,Product,intermediate,I,699677,12064,481264,5488,5488,53725872,1416167424,686,522,0.008438670277436179,2.601086716646285e-05,0.0010683266383489506,"I(i_1,μ̃_19649) * C(i_1,μ̃_19649;a_1i_1) -> I(i_1;a_1i_1)",I(i_1;a_1i_1),"I(i_1,μ̃_19649)","C(i_1,μ̃_19649;a_1i_1)",I(i_1;a_1i_1),"i,a",;i_1,"7,",7 × ?,,
3,15,Constant,constant,_const,1271,,,8,8,53725872,1416167424,1,,,,,2,2,,,,,,,scalar,8,1
3,15,Product,residual,R,70612,5488,8,5488,5488,53725872,1416167424,686,522,0.016877340554872357,0.0001040434686658514,0.002136653276697901,I(i_1;a_1i_1) * 2 -> R(i_1;a_1i_1),R(i_1;a_1i_1),I(i_1;a_1i_1),2,R(i_1;a_1i_1),"i,a",;i_1,"7,",7 × ?,,
3,15,Permute,residual,R,59102,,,5488,5488,53725872,1416167424,686,,,,,R(i_1;a_1i_1),R(i_1;a_1i_1),,,,"i,a",;i_1,"7,",7 × ?,,
3,16,Tensor,leaf,t,1752,,,792440,792440,53725872,1416167424,99055,98598,-1.6376837457354991,0.10417720168326705,0.029695591403256404,"t(i_1,i_3;a_4i_1i_3,a_3i_1i_3)","t(i_1,i_3;a_4i_1i_3,a_3i_1i_3)",,,,"i,i,a,a",";;i_1,i_3;i_1,i_3","7,7,,",7 × 7 × ? × ?,,
3,16,Product,intermediate,I,357167,21128,792440,21128,21128,53725872,1416167424,2641,2184,5.909565938809565e-07,1.282425712549368e-07,6.000442527656821e-05,"I(i_1,i_3;a_3i_1i_3) * t(i_1,i_3;a_4i_1i_3,a_3i_1i_3) -> I(i_3,i_1;a_4i_1i_3)","I(i_3,i_1;a_4i_1i_3)","I(i_1,i_3;a_3i_1i_3)","t(i_1,i_3;a_4i_1i_3,a_3i_1i_3)","I(i_3,i_1;a_4i_1i_3)","i,i,a",";;i_1,i_3","7,7,",7 × 7 × ?,,
3,16,Tensor,leaf,C,15504,,,2207664,2207664,53725872,1416167424,275958,246870,-5695.615034274957,223631163.21246105,731.2730436956697,"C(i_3,i_1,μ̃_19664;a_4i_1i_3)","C(i_3,i_1,μ̃_19664;a_4i_1i_3)",,,,"i,i,μ̃,a",";;;i_1,i_3","7,7,114,",7 × 7 × 114 × ?,,
3,16,Product,intermediate,I,1797260,21128,2207664,12064,12064,53725872,1416167424,1508,798,0.009970932563269828,0.0001643971163118622,0.0024626852725108035,"I(i_3,i_1;a_4i_1i_3) * C(i_3,i_1,μ̃_19664;a_4i_1i_3) -> I(μ̃_19664,i_1)","I(μ̃_19664,i_1)","I(i_3,i_1;a_4i_1i_3)","C(i_3,i_1,μ̃_19664;a_4i_1i_3)","I(μ̃_19664,i_1)","μ̃,i",;,"114,7",114 × 7,6384,1.88972
3,16,Tensor,leaf,s,35326,,,125584,125584,53725872,1416167424,15698,12996,138.52037144982427,140.242752948763,0.9820999861813638,"s(μ̃_19664,μ̃_19665)","s(μ̃_19664,μ̃_19665)",,,,"μ̃,μ̃",;,"114,114",114 × 114,103968,1.20791
3,16,Product,intermediate,I,1182029,12064,125584,12064,12064,53725872,1416167424,1508,798,-0.0009124023098742038,7.426945418925933e-07,0.00014302477510574012,"I(μ̃_19664,i_1) * s(μ̃_19664,μ̃_19665) -> I(μ̃_19665,i_1)","I(μ̃_19665,i_1)","I(μ̃_19664,i_1)","s(μ̃_19664,μ̃_19665)","I(μ̃_19665,i_1)","μ̃,i",;,"114,7",114 × 7,6384,1.88972
3,16,Tensor,leaf,C,10768,,,481264,481264,53725872,1416167424,60158,55674,23856.23808923302,118674620.50711954,1176.0636923303477,"C(i_1,μ̃_19665;a_1i_1)","C(i_1,μ̃_19665;a_1i_1)",,,,"i,μ̃,a",;;i_1,"7,114,",7 × 114 × ?,,
3,16,Product,intermediate,I,741284,12064,481264,5488,5488,53725872,1416167424,686,522,-0.0007592155068721631,3.618259895371882e-07,0.00011861352756939317,"I(μ̃_19665,i_1) * C(i_1,μ̃_19665;a_1i_1) -> I(i_1;a_1i_1)",I(i_1;a_1i_1),"I(μ̃_19665,i_1)","C(i_1,μ̃_19665;a_1i_1)",I(i_1;a_1i_1),"i,a",;i_1,"7,",7 × ?,,
3,16,Constant,constant,_const,1630,,,8,8,53725872,1416167424,1,,,,,4,4,,,,,,,scalar,8,1
3,16,Product,residual,R,90894,5488,8,5488,5488,53725872,1416167424,686,522,-0.0030368620274886524,5.789215832595011e-06,0.0004744541102775727,I(i_1;a_1i_1) * 4 -> R(i_1;a_1i_1),R(i_1;a_1i_1),I(i_1;a_1i_1),4,R(i_1;a_1i_1),"i,a",;i_1,"7,",7 × ?,,
3,16,Permute,residual,R,85000,,,5488,5488,53725872,1416167424,686,,,,,R(i_1;a_1i_1),R(i_1;a_1i_1),,,,"i,a",;i_1,"7,",7 × ?,,
3,17,Tensor,leaf,g,13467,,,29489328,29489328,53725872,1416167424,3686166,3664872,328.03408291046196,123.92989425956745,0.8503952014554764,"g(μ̃_19641,μ̃_19642,Κ_1)","g(μ̃_19641,μ̃_19642,Κ_1)",,,,"μ̃,μ̃,Κ",;;,"114,114,282",114 × 114 × 282,29318976,1.00581
3,17,Product,intermediate,I,8543466,5280,29489328,125584,125584,53725872,1416167424,15698,12996,0.11826675247108863,0.0004862808531272082,0.005729657582431626,"I(Κ_1) * g(μ̃_19641,μ̃_19642,Κ_1) -> I(μ̃_19642,μ̃_19641)","I(μ̃_19642,μ̃_19641)",I(Κ_1),"g(μ̃_19641,μ̃_19642,Κ_1)","I(μ̃_19642,μ̃_19641)","μ̃,μ̃",;,"114,114",114 × 114,103968,1.20791
3,17,Product,intermediate,I,1299742,125584,12064,12064,12064,53725872,1416167424,1508,798,7.425047362996653e-05,7.881427344378946e-09,2.2642179014842972e-05,"I(μ̃_19642,μ̃_19641) * I(μ̃_19641,i_1) -> I(μ̃_19642,i_1)","I(μ̃_19642,i_1)","I(μ̃_19642,μ̃_19641)","I(μ̃_19641,i_1)","I(μ̃_19642,i_1)","μ̃,i",;,"114,7",114 × 7,6384,1.88972
3,17,Tensor,leaf,C,32781,,,481264,481264,53725872,1416167424,60158,55674,23856.23808923302,118674620.50711954,1176.0636923303477,"C(i_1,μ̃_19642;a_1i_1)","C(i_1,μ̃_19642;a_1i_1)",,,,"i,μ̃,a",;;i_1,"7,114,",7 × 114 × ?,,
3,17,Product,intermediate,I,742102,12064,481264,5488,5488,53725872,1416167424,686,522,0.00012410953782329167,6.044646208338961e-09,1.8915692395077123e-05,"I(μ̃_19642,i_1) * C(i_1,μ̃_19642;a_1i_1) -> I(i_1;a_1i_1)",I(i_1;a_1i_1),"I(μ̃_19642,i_1)","C(i_1,μ̃_19642;a_1i_1)",I(i_1;a_1i_1),"i,a",;i_1,"7,",7 × ?,,
3,17,Constant,constant,_const,1405,,,8,8,53725872,1416167424,1,,,,,2,2,,,,,,,scalar,8,1
3,17,Product,residual,R,76731,5488,8,5488,5488,53725872,1416167424,686,522,0.00024821907564658333,2.4178584833355844e-08,3.7831384790154246e-05,I(i_1;a_1i_1) * 2 -> R(i_1;a_1i_1),R(i_1;a_1i_1),I(i_1;a_1i_1),2,R(i_1;a_1i_1),"i,a",;i_1,"7,",7 × ?,,
3,17,Permute,residual,R,83279,,,5488,5488,53725872,1416167424,686,,,,,R(i_1;a_1i_1),R(i_1;a_1i_1),,,,"i,a",;i_1,"7,",7 × ?,,
3,18,Tensor,leaf,f,19471,,,125584,125584,53725872,1416167424,15698,12996,138.71107103388064,334.0375286392202,4.726761534856628,"f(μ̃_19643,μ̃_19644)","f(μ̃_19643,μ̃_19644)",,,,"μ̃,μ̃",;,"114,114",114 × 114,103968,1.20791
3,18,Product,intermediate,I,29113900,125584,12064,12064,12064,53725872,1416167424,1508,798,0.0179171088540387,0.0017196617989128592,0.009540588268213931,"f(μ̃_19643,μ̃_19644) * I(μ̃_19643,i_1) -> I(μ̃_19644,i_1)","I(μ̃_19644,i_1)","f(μ̃_19643,μ̃_19644)","I(μ̃_19643,i_1)","I(μ̃_19644,i_1)","μ̃,i",;,"114,7",114 × 7,6384,1.88972
3,18,Tensor,leaf,C,15926,,,481264,481264,53725872,1416167424,60158,55674,23856.23808923302,118674620.50711954,1176.0636923303477,"C(i_1,μ̃_19644;a_1i_1)","C(i_1,μ̃_19644;a_1i_1)",,,,"i,μ̃,a",;;i_1,"7,114,",7 × 114 × ?,,
3,18,Product,residual,R,666697,12064,481264,5488,5488,53725872,1416167424,686,522,0.06962315708368896,0.0018386798238475802,0.01302721176406879,"I(μ̃_19644,i_1) * C(i_1,μ̃_19644;a_1i_1) -> R(i_1;a_1i_1)",R(i_1;a_1i_1),"I(μ̃_19644,i_1)","C(i_1,μ̃_19644;a_1i_1)",R(i_1;a_1i_1),"i,a",;i_1,"7,",7 × ?,,
3,18,Permute,residual,R,47197,,,5488,5488,53725872,1416167424,686,,,,,R(i_1;a_1i_1),R(i_1;a_1i_1),,,,"i,a",;i_1,"7,",7 × ?,,
3,19,Tensor,leaf,f,14960,,,2088,2088,53725872,1416167424,261,49,-3.436980213804995,3.19035087251424,0.6871376688643162,"f(i_1,i_2)","f(i_1,i_2)",,,,"i,i",;,"7,7",7 × 7,392,5.32653
3,19,Product,intermediate,I,461392,2088,12064,12064,12064,53725872,1416167424,1508,798,0.24163048184348065,0.0434658406181732,0.06341046172066035,"f(i_1,i_2) * I(μ̃_19658,i_2) -> I(i_1,μ̃_19658)","I(i_1,μ̃_19658)","f(i_1,i_2)","I(μ̃_19658,i_2)","I(i_1,μ̃_19658)","i,μ̃",;,"7,114",7 × 114,6384,1.88972
3,19,Tensor,leaf,s,10572,,,125584,125584,53725872,1416167424,15698,12996,138.52037144982427,140.242752948763,0.9820999861813638,"s(μ̃_19657,μ̃_19658)","s(μ̃_19657,μ̃_19658)",,,,"μ̃,μ̃",;,"114,114",114 × 114,103968,1.20791
3,19,Product,intermediate,I,981590,12064,125584,12064,12064,53725872,1416167424,1508,798,-0.018188848310758343,0.00029365641663100367,0.0023145523940108293,"I(i_1,μ̃_19658) * s(μ̃_19657,μ̃_19658) -> I(i_1,μ̃_19657)","I(i_1,μ̃_19657)","I(i_1,μ̃_19658)","s(μ̃_19657,μ̃_19658)","I(i_1,μ̃_19657)","i,μ̃",;,"7,114",7 × 114,6384,1.88972
3,19,Tensor,leaf,C,7614,,,481264,481264,53725872,1416167424,60158,55674,23856.23808923302,118674620.50711954,1176.0636923303477,"C(i_1,μ̃_19657;a_1i_1)","C(i_1,μ̃_19657;a_1i_1)",,,,"i,μ̃,a",;;i_1,"7,114,",7 × 114 × ?,,
3,19,Product,intermediate,I,596083,12064,481264,5488,5488,53725872,1416167424,686,522,-0.02429676615919836,0.00019513222627731,0.002943645023441,"I(i_1,μ̃_19657) * C(i_1,μ̃_19657;a_1i_1) -> I(i_1;a_1i_1)",I(i_1;a_1i_1),"I(i_1,μ̃_19657)","C(i_1,μ̃_19657;a_1i_1)",I(i_1;a_1i_1),"i,a",;i_1,"7,",7 × ?,,
3,19,Constant,constant,_const,1406,,,8,8,53725872,1416167424,1,,,,,-1,-1,,,,,,,scalar,8,1
3,19,Product,residual,R,70387,5488,8,5488,5488,53725872,1416167424,686,522,0.02429676615919836,0.00019513222627731,0.002943645023441,I(i_1;a_1i_1) * -1 -> R(i_1;a_1i_1),R(i_1;a_1i_1),I(i_1;a_1i_1),-1,R(i_1;a_1i_1),"i,a",;i_1,"7,",7 × ?,,
3,19,Permute,residual,R,76905,,,5488,5488,53725872,1416167424,686,,,,,R(i_1;a_1i_1),R(i_1;a_1i_1),,,,"i,a",;i_1,"7,",7 × ?,,
3,20,Tensor,leaf,C,13565,,,2207664,2207664,53725872,1416167424,275958,246870,-5695.615034274957,223631163.21246105,731.2730436956697,"C(i_2,i_1,μ̃_19604;a_3i_1i_2)","C(i_2,i_1,μ̃_19604;a_3i_1i_2)",,,,"i,i,μ̃,a",";;;i_1,i_2","7,7,114,",7 × 7 × 114 × ?,,
3,20,Tensor,leaf,t,1633,,,792440,792440,53725872,1416167424,99055,98598,-1.6376837457354991,0.10417720168326705,0.029695591403256404,"t(i_1,i_2;a_3i_1i_2,a_2i_1i_2)","t(i_1,i_2;a_3i_1i_2,a_2i_1i_2)",,,,"i,i,a,a",";;i_1,i_2;i_1,i_2","7,7,,",7 × 7 × ? × ?,,
3,20,Product,intermediate,I,3814445,2207664,792440,2207664,2207664,53725872,1416167424,275958,246870,25.629026650953705,260.40507722841664,0.7619354166739896,"C(i_2,i_1,μ̃_19604;a_3i_1i_2) * t(i_1,i_2;a_3i_1i_2,a_2i_1i_2) -> I(μ̃_19604,i_1,i_2;a_2i_1i_2)","I(μ̃_19604,i_1,i_2;a_2i_1i_2)","C(i_2,i_1,μ̃_19604;a_3i_1i_2)","t(i_1,i_2;a_3i_1i_2,a_2i_1i_2)","I(μ̃_19604,i_1,i_2;a_2i_1i_2)","μ̃,i,i,a",";;;i_1,i_2","114,7,7,",114 × 7 × 7 × ?,,
3,20,Product,intermediate,I,139872487,5490816,2207664,1843152,1843152,53725872,1416167424,230394,225036,0.7056017248174534,19.220483764848403,0.2700004872414184,"I(i_1,i_2,Κ_1;a_2i_1i_2) * I(μ̃_19604,i_1,i_2;a_2i_1i_2) -> I(μ̃_19604,i_1,Κ_1)","I(μ̃_19604,i_1,Κ_1)","I(i_1,i_2,Κ_1;a_2i_1i_2)","I(μ̃_19604,i_1,i_2;a_2i_1i_2)","I(μ̃_19604,i_1,Κ_1)","μ̃,i,Κ",;;,"114,7,282",114 × 7 × 282,1800288,1.02381
3,20,Tensor,leaf,g,14047,,,29489328,29489328,53918312,1416167424,3686166,3664872,328.03408291046196,123.92989425956745,0.8503952014554764,"g(μ̃_19604,μ̃_19605,Κ_1)","g(μ̃_19604,μ̃_19605,Κ_1)",,,,"μ̃,μ̃,Κ",;;,"114,114,282",114 × 114 × 282,29318976,1.00581
3,20,Product,intermediate,I,54295683,1843152,29489328,12064,12064,55773528,1416167424,1508,798,-0.049781404564690344,0.004599204249808701,0.011487392043259824,"I(μ̃_19604,i_1,Κ_1) * g(μ̃_19604,μ̃_19605,Κ_1) -> I(μ̃_19605,i_1)","I(μ̃_19605,i_1)","I(μ̃_19604,i_1,Κ_1)","g(μ̃_19604,μ̃_19605,Κ_1)","I(μ̃_19605,i_1)","μ̃,i",;,"114,7",114 × 7,6384,1.88972
3,20,Tensor,leaf,C,17039,,,481264,481264,55773528,1416167424,60158,55674,23856.23808923302,118674620.50711954,1176.0636923303477,"C(i_1,μ̃_19605;a_1i_1)","C(i_1,μ̃_19605;a_1i_1)",,,,"i,μ̃,a",;;i_1,"7,114,",7 × 114 × ?,,
3,20,Product,intermediate,I,772771,12064,481264,5488,5488,55773528,1416167424,686,522,-0.08364046657762703,0.003369621612428598,0.014362523513491097,"I(μ̃_19605,i_1) * C(i_1,μ̃_19605;a_1i_1) -> I(i_1;a_1i_1)",I(i_1;a_1i_1),"I(μ̃_19605,i_1)","C(i_1,μ̃_19605;a_1i_1)",I(i_1;a_1i_1),"i,a",;i_1,"7,",7 × ?,,
3,20,Constant,constant,_const,1503,,,8,8,55773528,1416167424,1,,,,,2,2,,,,,,,scalar,8,1
3,20,Product,residual,R,72557,5488,8,5488,5488,55773528,1416167424,686,522,-0.16728093315525405,0.013478486449714392,0.028725047026982194,I(i_1;a_1i_1) * 2 -> R(i_1;a_1i_1),R(i_1;a_1i_1),I(i_1;a_1i_1),2,R(i_1;a_1i_1),"i,a",;i_1,"7,",7 × ?,,
3,20,Permute,residual,R,65043,,,5488,5488,55773528,1416167424,686,,,,,R(i_1;a_1i_1),R(i_1;a_1i_1),,,,"i,a",;i_1,"7,",7 × ?,,
3,21,Product,intermediate,I,138529935,5490816,2207664,1843152,1843152,55773528,1416167424,230394,225036,-4.401516215472313,5.629449781118643,0.13655661305253355,"I(i_1,i_2,Κ_1;a_2i_1i_2) * I(μ̃_19607,i_2,i_1;a_2i_1i_2) -> I(μ̃_19607,i_1,Κ_1)","I(μ̃_19607,i_1,Κ_1)","I(i_1,i_2,Κ_1;a_2i_1i_2)","I(μ̃_19607,i_2,i_1;a_2i_1i_2)","I(μ̃_19607,i_1,Κ_1)","μ̃,i,Κ",;;,"114,7,282",114 × 7 × 282,1800288,1.02381
3,21,Tensor,leaf,g,29108,,,29489328,29489328,55773528,1416167424,3686166,3664872,328.03408291046196,123.92989425956745,0.8503952014554764,"g(μ̃_19607,μ̃_19608,Κ_1)","g(μ̃_19607,μ̃_19608,Κ_1)",,,,"μ̃,μ̃,Κ",;;,"114,114,282",114 × 114 × 282,29318976,1.00581
3,21,Product,intermediate,I,27391579,1843152,29489328,12064,12064,55773528,1416167424,1508,798,-0.012212454232920156,0.0018222305155728435,0.005856244215105524,"I(μ̃_19607,i_1,Κ_1) * g(μ̃_19607,μ̃_19608,Κ_1) -> I(μ̃_19608,i_1)","I(μ̃_19608,i_1)","I(μ̃_19607,i_1,Κ_1)","g(μ̃_19607,μ̃_19608,Κ_1)","I(μ̃_19608,i_1)","μ̃,i",;,"114,7",114 × 7,6384,1.88972
3,21,Tensor,leaf,C,13669,,,481264,481264,55773528,1416167424,60158,55674,23856.23808923302,118674620.50711954,1176.0636923303477,"C(i_1,μ̃_19608;a_1i_1)","C(i_1,μ̃_19608;a_1i_1)",,,,"i,μ̃,a",;;i_1,"7,114,",7 × 114 × ?,,
3,21,Product,intermediate,I,704097,12064,481264,5488,5488,55773528,1416167424,686,522,-0.042943867193095495,0.0016271077188394374,0.00954026428536507,"I(μ̃_19608,i_1) * C(i_1,μ̃_19608;a_1i_1) -> I(i_1;a_1i_1)",I(i_1;a_1i_1),"I(μ̃_19608,i_1)","C(i_1,μ̃_19608;a_1i_1)",I(i_1;a_1i_1),"i,a",;i_1,"7,",7 × ?,,
3,21,Constant,constant,_const,1479,,,8,8,55773528,1416167424,1,,,,,-1,-1,,,,,,,scalar,8,1
3,21,Product,residual,R,73423,5488,8,5488,5488,55773528,1416167424,686,522,0.042943867193095495,0.0016271077188394374,0.00954026428536507,I(i_1;a_1i_1) * -1 -> R(i_1;a_1i_1),R(i_1;a_1i_1),I(i_1;a_1i_1),-1,R(i_1;a_1i_1),"i,a",;i_1,"7,",7 × ?,,
3,21,Permute,residual,R,97129,,,5488,5488,55773528,1416167424,686,,,,,R(i_1;a_1i_1),R(i_1;a_1i_1),,,,"i,a",;i_1,"7,",7 × ?,,
3,22,Tensor,leaf,f,20894,,,432,432,55773528,1416167424,54,0,0.0,0.0,0.0,"f(μ̃_19625,i_1)","f(μ̃_19625,i_1)",,,,"μ̃,i",;,"114,7",114 × 7,6384,0.0676692
3,22,Tensor,leaf,C,10218,,,481264,481264,55773528,1416167424,60158,55674,23856.23808923302,118674620.50711954,1176.0636923303477,"C(i_1,μ̃_19625;a_1i_1)","C(i_1,μ̃_19625;a_1i_1)",,,,"i,μ̃,a",;;i_1,"7,114,",7 × 114 × ?,,
3,22,Product,residual,R,249430,432,481264,376,376,55773528,1416167424,47,0,0.0,0.0,0.0,"f(μ̃_19625,i_1) * C(i_1,μ̃_19625;a_1i_1) -> R(i_1;a_1i_1)",R(i_1;a_1i_1),"f(μ̃_19625,i_1)","C(i_1,μ̃_19625;a_1i_1)",R(i_1;a_1i_1),"i,a",;i_1,"7,",7 × ?,,
3,22,Permute,residual,R,37865,,,376,376,55773528,1416167424,47,,,,,R(i_1;a_1i_1),R(i_1;a_1i_1),,,,"i,a",;i_1,"7,",7 × ?,,
3,23,Tensor,leaf,t,1324,,,792440,792440,55773528,1416167424,99055,98598,-1.6376837457354991,0.10417720168326705,0.029695591403256404,"t(i_3,i_2;a_3i_2i_3,a_2i_2i_3)","t(i_3,i_2;a_3i_2i_3,a_2i_2i_3)",,,,"i,i,a,a",";;i_2,i_3;i_2,i_3","7,7,,",7 × 7 × ? × ?,,
3,23,Product,intermediate,I,712762,139048,792440,139048,139048,55773528,1416167424,17381,15288,0.013877685808465703,0.0004581742283389479,0.00323545529660807,"I(i_1,i_3,i_2;a_2i_2i_3) * t(i_3,i_2;a_3i_2i_3,a_2i_2i_3) -> I(i_3,i_2,i_1;a_3i_2i_3)","I(i_3,i_2,i_1;a_3i_2i_3)","I(i_1,i_3,i_2;a_2i_2i_3)","t(i_3,i_2;a_3i_2i_3,a_2i_2i_3)","I(i_3,i_2,i_1;a_3i_2i_3)","i,i,i,a",";;;i_2,i_3","7,7,7,",7 × 7 × 7 × ?,,
3,23,Tensor,leaf,C,11987,,,2207664,2207664,55773528,1416167424,275958,246870,-5695.615034274957,223631163.21246105,731.2730436956697,"C(i_3,i_2,μ̃_19634;a_3i_2i_3)","C(i_3,i_2,μ̃_19634;a_3i_2i_3)",,,,"i,i,μ̃,a",";;;i_2,i_3","7,7,114,",7 × 7 × 114 × ?,,
3,23,Product,intermediate,I,3017129,139048,2207664,12064,12064,55773528,1416167424,1508,798,0.44208604677414187,0.060153470986022035,0.09940866014457896,"I(i_3,i_2,i_1;a_3i_2i_3) * C(i_3,i_2,μ̃_19634;a_3i_2i_3) -> I(i_1,μ̃_19634)","I(i_1,μ̃_19634)","I(i_3,i_2,i_1;a_3i_2i_3)","C(i_3,i_2,μ̃_19634;a_3i_2i_3)","I(i_1,μ̃_19634)","i,μ̃",;,"7,114",7 × 114,6384,1.88972
3,23,Tensor,leaf,s,29618,,,125584,125584,55773528,1416167424,15698,12996,138.52037144982427,140.242752948763,0.9820999861813638,"s(μ̃_19634,μ̃_19635)","s(μ̃_19634,μ̃_19635)",,,,"μ̃,μ̃",;,"114,114",114 × 114,103968,1.20791
3,23,Product,intermediate,I,939237,12064,125584,12064,12064,55773528,1416167424,1508,798,-0.02307521207189988,0.0010732197936084294,0.004870582397819906,"I(i_1,μ̃_19634) * s(μ̃_19634,μ̃_19635) -> I(i_1,μ̃_19635)","I(i_1,μ̃_19635)","I(i_1,μ̃_19634)","s(μ̃_19634,μ̃_19635)","I(i_1,μ̃_19635)","i,μ̃",;,"7,114",7 × 114,6384,1.88972
3,23,Tensor,leaf,C,11044,,,481264,481264,55773528,1416167424,60158,55674,23856.23808923302,118674620.50711954,1176.0636923303477,"C(i_1,μ̃_19635;a_1i_1)","C(i_1,μ̃_19635;a_1i_1)",,,,"i,μ̃,a",;;i_1,"7,114,",7 × 114 × ?,,
3,23,Product,residual,R,709369,12064,481264,5488,5488,55773528,1416167424,686,522,-0.012054776694059076,0.0005172406445366352,0.004175872931208355,"I(i_1,μ̃_19635) * C(i_1,μ̃_19635;a_1i_1) -> R(i_1;a_1i_1)",R(i_1;a_1i_1),"I(i_1,μ̃_19635)","C(i_1,μ̃_19635;a_1i_1)",R(i_1;a_1i_1),"i,a",;i_1,"7,",7 × ?,,
3,23,Permute,residual,R,100338,,,5488,5488,55773528,1416167424,686,,,,,R(i_1;a_1i_1),R(i_1;a_1i_1),,,,"i,a",;i_1,"7,",7 × ?,,
3,24,Tensor,leaf,t,1491,,,792440,792440,55773528,1416167424,99055,98598,-1.6376837457354991,0.10417720168326705,0.029695591403256404,"t(i_2,i_3;a_3i_2i_3,a_2i_2i_3)","t(i_2,i_3;a_3i_2i_3,a_2i_2i_3)",,,,"i,i,a,a",";;i_2,i_3;i_2,i_3","7,7,,",7 × 7 × ? × ?,,
3,24,Product,intermediate,I,690441,139048,792440,139048,139048,55773528,1416167424,17381,15288,0.01802766240580674,0.0005794125032682291,0.00323545529660807,"I(i_1,i_3,i_2;a_2i_2i_3) * t(i_2,i_3;a_3i_2i_3,a_2i_2i_3) -> I(i_3,i_2,i_1;a_3i_2i_3)","I(i_3,i_2,i_1;a_3i_2i_3)","I(i_1,i_3,i_2;a_2i_2i_3)","t(i_2,i_3;a_3i_2i_3,a_2i_2i_3)","I(i_3,i_2,i_1;a_3i_2i_3)","i,i,i,a",";;;i_2,i_3","7,7,7,",7 × 7 × 7 × ?,,
3,24,Tensor,leaf,C,25030,,,2207664,2207664,55773528,1416167424,275958,246870,-5695.615034274957,223631163.21246105,731.2730436956697,"C(i_3,i_2,μ̃_19660;a_3i_2i_3)","C(i_3,i_2,μ̃_19660;a_3i_2i_3)",,,,"i,i,μ̃,a",";;;i_2,i_3","7,7,114,",7 × 7 × 114 × ?,,
3,24,Product,intermediate,I,2768788,139048,2207664,12064,12064,55773528,1416167424,1508,798,0.965043145686334,0.5035850837514283,0.11680947459930277,"I(i_3,i_2,i_1;a_3i_2i_3) * C(i_3,i_2,μ̃_19660;a_3i_2i_3) -> I(i_1,μ̃_19660)","I(i_1,μ̃_19660)","I(i_3,i_2,i_1;a_3i_2i_3)","C(i_3,i_2,μ̃_19660;a_3i_2i_3)","I(i_1,μ̃_19660)","i,μ̃",;,"7,114",7 × 114,6384,1.88972
3,24,Tensor,leaf,s,28367,,,125584,125584,55773528,1416167424,15698,12996,138.52037144982427,140.242752948763,0.9820999861813638,"s(μ̃_19660,μ̃_19661)","s(μ̃_19660,μ̃_19661)",,,,"μ̃,μ̃",;,"114,114",114 × 114,103968,1.20791
3,24,Product,intermediate,I,991468,12064,125584,12064,12064,55773528,1416167424,1508,798,-0.033041326351896605,0.0031051549186082834,0.007610965103826109,"I(i_1,μ̃_19660) * s(μ̃_19660,μ̃_19661) -> I(i_1,μ̃_19661)","I(i_1,μ̃_19661)","I(i_1,μ̃_19660)","s(μ̃_19660,μ̃_19661)","I(i_1,μ̃_19661)","i,μ̃",;,"7,114",7 × 114,6384,1.88972
3,24,Tensor,leaf,C,26340,,,481264,481264,55773528,1416167424,60158,55674,23856.23808923302,118674620.50711954,1176.0636923303477,"C(i_1,μ̃_19661;a_1i_1)","C(i_1,μ̃_19661;a_1i_1)",,,,"i,μ̃,a",;;i_1,"7,114,",7 × 114 × ?,,
3,24,Product,intermediate,I,661975,12064,481264,5488,5488,55773528,1416167424,686,522,-0.02506305086992598,0.0014451155004019574,0.008525002392857197,"I(i_1,μ̃_19661) * C(i_1,μ̃_19661;a_1i_1) -> I(i_1;a_1i_1)",I(i_1;a_1i_1),"I(i_1,μ̃_19661)","C(i_1,μ̃_19661;a_1i_1)",I(i_1;a_1i_1),"i,a",;i_1,"7,",7 × ?,,
3,24,Constant,constant,_const,1126,,,8,8,55773528,1416167424,1,,,,,-2,-2,,,,,,,scalar,8,1
3,24,Product,residual,R,67805,5488,8,5488,5488,55773528,1416167424,686,522,0.05012610173985196,0.005780462001607829,0.017050004785714393,I(i_1;a_1i_1) * -2 -> R(i_1;a_1i_1),R(i_1;a_1i_1),I(i_1;a_1i_1),-2,R(i_1;a_1i_1),"i,a",;i_1,"7,",7 × ?,,
3,24,Permute,residual,R,63596,,,5488,5488,55773528,1416167424,686,,,,,R(i_1;a_1i_1),R(i_1;a_1i_1),,,,"i,a",;i_1,"7,",7 × ?,,
3,25,Tensor,leaf,t,1263,,,792440,792440,55773528,1416167424,99055,98598,-1.6376837457354991,0.10417720168326705,0.029695591403256404,"t(i_1,i_2;a_3i_1i_2,a_2i_1i_2)","t(i_1,i_2;a_3i_1i_2,a_2i_1i_2)",,,,"i,i,a,a",";;i_1,i_2;i_1,i_2","7,7,,",7 × 7 × ? × ?,,
3,25,Product,intermediate,I,156763,384,792440,384,384,55773528,1416167424,48,0,0.0,0.0,0.0,"I(i_1,i_2;a_2i_1i_2) * t(i_1,i_2;a_3i_1i_2,a_2i_1i_2) -> I(i_2,i_1;a_3i_1i_2)","I(i_2,i_1;a_3i_1i_2)","I(i_1,i_2;a_2i_1i_2)","t(i_1,i_2;a_3i_1i_2,a_2i_1i_2)","I(i_2,i_1;a_3i_1i_2)","i,i,a",";;i_1,i_2","7,7,",7 × 7 × ?,,
3,25,Tensor,leaf,C,13117,,,2207664,2207664,55773528,1416167424,275958,246870,-5695.615034274957,223631163.21246105,731.2730436956697,"C(i_2,i_1,μ̃_19674;a_3i_1i_2)","C(i_2,i_1,μ̃_19674;a_3i_1i_2)",,,,"i,i,μ̃,a",";;;i_1,i_2","7,7,114,",7 × 7 × 114 × ?,,
3,25,Product,intermediate,I,397190,384,2207664,432,432,55773528,1416167424,54,0,0.0,0.0,0.0,"I(i_2,i_1;a_3i_1i_2) * C(i_2,i_1,μ̃_19674;a_3i_1i_2) -> I(μ̃_19674,i_1)","I(μ̃_19674,i_1)","I(i_2,i_1;a_3i_1i_2)","C(i_2,i_1,μ̃_19674;a_3i_1i_2)","I(μ̃_19674,i_1)","μ̃,i",;,"114,7",114 × 7,6384,0.0676692
3,25,Tensor,leaf,s,13082,,,125584,125584,55773528,1416167424,15698,12996,138.52037144982427,140.242752948763,0.9820999861813638,"s(μ̃_19674,μ̃_19675)","s(μ̃_19674,μ̃_19675)",,,,"μ̃,μ̃",;,"114,114",114 × 114,103968,1.20791
3,25,Product,intermediate,I,193693,432,125584,432,432,55773528,1416167424,54,0,0.0,0.0,0.0,"I(μ̃_19674,i_1) * s(μ̃_19674,μ̃_19675) -> I(μ̃_19675,i_1)","I(μ̃_19675,i_1)","I(μ̃_19674,i_1)","s(μ̃_19674,μ̃_19675)","I(μ̃_19675,i_1)","μ̃,i",;,"114,7",114 × 7,6384,0.0676692
3,25,Tensor,leaf,C,10588,,,481264,481264,55773528,1416167424,60158,55674,23856.23808923302,118674620.50711954,1176.0636923303477,"C(i_1,μ̃_19675;a_1i_1)","C(i_1,μ̃_19675;a_1i_1)",,,,"i,μ̃,a",;;i_1,"7,114,",7 × 114 × ?,,
3,25,Product,intermediate,I,249010,432,481264,376,376,55773528,1416167424,47,0,0.0,0.0,0.0,"I(μ̃_19675,i_1) * C(i_1,μ̃_19675;a_1i_1) -> I(i_1;a_1i_1)",I(i_1;a_1i_1),"I(μ̃_19675,i_1)","C(i_1,μ̃_19675;a_1i_1)",I(i_1;a_1i_1),"i,a",;i_1,"7,",7 × ?,,
3,25,Constant,constant,_const,823,,,8,8,55773528,1416167424,1,,,,,2,2,,,,,,,scalar,8,1
3,25,Product,residual,R,59086,376,8,376,376,55773528,1416167424,47,0,0.0,0.0,0.0,I(i_1;a_1i_1) * 2 -> R(i_1;a_1i_1),R(i_1;a_1i_1),I(i_1;a_1i_1),2,R(i_1;a_1i_1),"i,a",;i_1,"7,",7 × ?,,
3,25,Permute,residual,R,49823,,,376,376,55773528,1416167424,47,,,,,R(i_1;a_1i_1),R(i_1;a_1i_1),,,,"i,a",;i_1,"7,",7 × ?,,
3,26,Tensor,leaf,t,1698,,,792440,792440,55773528,1416167424,99055,98598,-1.6376837457354991,0.10417720168326705,0.029695591403256404,"t(i_2,i_1;a_3i_1i_2,a_2i_1i_2)","t(i_2,i_1;a_3i_1i_2,a_2i_1i_2)",,,,"i,i,a,a",";;i_1,i_2;i_1,i_2","7,7,,",7 × 7 × ? × ?,,
3,26,Product,intermediate,I,155364,384,792440,384,384,55773528,1416167424,48,0,0.0,0.0,0.0,"I(i_1,i_2;a_2i_1i_2) * t(i_2,i_1;a_3i_1i_2,a_2i_1i_2) -> I(i_2,i_1;a_3i_1i_2)","I(i_2,i_1;a_3i_1i_2)","I(i_1,i_2;a_2i_1i_2)","t(i_2,i_1;a_3i_1i_2,a_2i_1i_2)","I(i_2,i_1;a_3i_1i_2)","i,i,a",";;i_1,i_2","7,7,",7 × 7 × ?,,
3,26,Tensor,leaf,C,13135,,,2207664,2207664,55773528,1416167424,275958,246870,-5695.615034274957,223631163.21246105,731.2730436956697,"C(i_2,i_1,μ̃_19681;a_3i_1i_2)","C(i_2,i_1,μ̃_19681;a_3i_1i_2)",,,,"i,i,μ̃,a",";;;i_1,i_2","7,7,114,",7 × 7 × 114 × ?,,
3,26,Product,intermediate,I,378330,384,2207664,432,432,55773528,1416167424,54,0,0.0,0.0,0.0,"I(i_2,i_1;a_3i_1i_2) * C(i_2,i_1,μ̃_19681;a_3i_1i_2) -> I(μ̃_19681,i_1)","I(μ̃_19681,i_1)","I(i_2,i_1;a_3i_1i_2)","C(i_2,i_1,μ̃_19681;a_3i_1i_2)","I(μ̃_19681,i_1)","μ̃,i",;,"114,7",114 × 7,6384,0.0676692
3,26,Tensor,leaf,s,13635,,,125584,125584,55773528,1416167424,15698,12996,138.52037144982427,140.242752948763,0.9820999861813638,"s(μ̃_19681,μ̃_19682)","s(μ̃_19681,μ̃_19682)",,,,"μ̃,μ̃",;,"114,114",114 × 114,103968,1.20791
3,26,Product,intermediate,I,180438,432,125584,432,432,55773528,1416167424,54,0,0.0,0.0,0.0,"I(μ̃_19681,i_1) * s(μ̃_19681,μ̃_19682) -> I(μ̃_19682,i_1)","I(μ̃_19682,i_1)","I(μ̃_19681,i_1)","s(μ̃_19681,μ̃_19682)","I(μ̃_19682,i_1)","μ̃,i",;,"114,7",114 × 7,6384,0.0676692
3,26,Tensor,leaf,C,11165,,,481264,481264,55773528,1416167424,60158,55674,23856.23808923302,118674620.50711954,1176.0636923303477,"C(i_1,μ̃_19682;a_1i_1)","C(i_1,μ̃_19682;a_1i_1)",,,,"i,μ̃,a",;;i_1,"7,114,",7 × 114 × ?,,
3,26,Product,intermediate,I,231578,432,481264,376,376,55773528,1416167424,47,0,0.0,0.0,0.0,"I(μ̃_19682,i_1) * C(i_1,μ̃_19682;a_1i_1) -> I(i_1;a_1i_1)",I(i_1;a_1i_1),"I(μ̃_19682,i_1)","C(i_1,μ̃_19682;a_1i_1)",I(i_1;a_1i_1),"i,a",;i_1,"7,",7 × ?,,
3,26,Constant,constant,_const,1014,,,8,8,55773528,1416167424,1,,,,,-1,-1,,,,,,,scalar,8,1
3,26,Product,residual,R,53276,376,8,376,376,55773528,1416167424,47,0,0.0,0.0,0.0,I(i_1;a_1i_1) * -1 -> R(i_1;a_1i_1),R(i_1;a_1i_1),I(i_1;a_1i_1),-1,R(i_1;a_1i_1),"i,a",;i_1,"7,",7 × ?,,
3,26,Permute,residual,R,65376,,,376,376,55773528,1416167424,47,,,,,R(i_1;a_1i_1),R(i_1;a_1i_1),,,,"i,a",;i_1,"7,",7 × ?,,
3,27,Tensor,leaf,g,8718,,,1843152,1843152,402956000,1416167424,230394,225036,-13.7135187938935,9.824790694343452,0.19254784769834188,"g(μ̃_19683,i_3,Κ_1)","g(μ̃_19683,i_3,Κ_1)",,,,"μ̃,i,Κ",;;,"114,7,282",114 × 7 × 282,1800288,1.02381
3,27,Tensor,leaf,C,10298,,,481264,481264,402956000,1416167424,60158,55674,23856.23808923302,118674620.50711954,1176.0636923303477,"C(i_2,μ̃_19683;a_3i_2)","C(i_2,μ̃_19683;a_3i_2)",,,,"i,μ̃,a",;;i_2,"7,114,",7 × 114 × ?,,
3,27,Tensor,leaf,t,1064,,,5488,5488,402956000,1416167424,686,522,0.03847848950810251,0.0005173156123969507,0.004694637552147508,t(i_2;a_3i_2),t(i_2;a_3i_2),,,,"i,a",;i_2,"7,",7 × ?,,
3,27,Product,intermediate,I,794781,481264,5488,12064,12064,402956000,1416167424,1508,744,-0.442986507340199,0.060726537602885225,0.07563151447811066,"C(i_2,μ̃_19683;a_3i_2) * t(i_2;a_3i_2) -> I(μ̃_19683,i_2)","I(μ̃_19683,i_2)","C(i_2,μ̃_19683;a_3i_2)",t(i_2;a_3i_2),"I(μ̃_19683,i_2)","μ̃,i",;,"114,7",114 × 7,6384,1.88972
3,27,Product,intermediate,I,5825437,1843152,12064,121536,121536,403089600,1416167424,15192,13818,0.0021452560994871897,9.196935134572377e-05,0.001295162654374243,"g(μ̃_19683,i_3,Κ_1) * I(μ̃_19683,i_2) -> I(i_3,i_2,Κ_1)","I(i_3,i_2,Κ_1)","g(μ̃_19683,i_3,Κ_1)","I(μ̃_19683,i_2)","I(i_3,i_2,Κ_1)","i,i,Κ",;;,"7,7,282",7 × 7 × 282,110544,1.09944
3,27,Tensor,leaf,g,8161,,,1843152,1843152,403089600,1416167424,230394,225036,-13.7135187938935,9.824790694343452,0.19254784769834188,"g(μ̃_19684,i_4,Κ_1)","g(μ̃_19684,i_4,Κ_1)",,,,"μ̃,i,Κ",;;,"114,7,282",114 × 7 × 282,1800288,1.02381
3,27,Product,intermediate,I,4762165,121536,1843152,334432,334432,403424032,1416167424,41804,39102,0.007093642800464797,3.0348508408050504e-05,0.000639666430835265,"I(i_3,i_2,Κ_1) * g(μ̃_19684,i_4,Κ_1) -> I(i_4,i_3,μ̃_19684,i_2)","I(i_4,i_3,μ̃_19684,i_2)","I(i_3,i_2,Κ_1)","g(μ̃_19684,i_4,Κ_1)","I(i_4,i_3,μ̃_19684,i_2)","i,i,μ̃,i",;;;,"7,7,114,7",7 × 7 × 114 × 7,312816,1.0691
3,27,Tensor,leaf,C,13518,,,2207664,2207664,403788544,1416167424,275958,246870,-5695.615034274957,223631163.21246105,731.2730436956697,"C(i_4,i_1,μ̃_19684;a_4i_1i_4)","C(i_4,i_1,μ̃_19684;a_4i_1i_4)",,,,"i,i,μ̃,a",";;;i_1,i_4","7,7,114,",7 × 7 × 114 × ?,,
3,27,Product,intermediate,I,5270528,334432,2207664,957848,957848,404746392,1416167424,119731,107016,0.008234122679414197,0.00012325862946366962,0.0005459356423613606,"I(i_4,i_3,μ̃_19684,i_2) * C(i_4,i_1,μ̃_19684;a_4i_1i_4) -> I(i_1,i_3,i_4,i_2;a_4i_1i_4)","I(i_1,i_3,i_4,i_2;a_4i_1i_4)","I(i_4,i_3,μ̃_19684,i_2)","C(i_4,i_1,μ̃_19684;a_4i_1i_4)","I(i_1,i_3,i_4,i_2;a_4i_1i_4)","i,i,i,i,a",";;;;i_1,i_4","7,7,7,7,",7 × 7 × 7 × 7 × ?,,
3,27,Tensor,leaf,t,1786,,,792440,792440,404746392,1416167424,99055,98598,-1.6376837457354991,0.10417720168326705,0.029695591403256404,"t(i_4,i_1;a_5i_1i_4,a_4i_1i_4)","t(i_4,i_1;a_5i_1i_4,a_4i_1i_4)",,,,"i,i,a,a",";;i_1,i_4;i_1,i_4","7,7,,",7 × 7 × ? × ?,,
3,27,Product,intermediate,I,2018658,957848,792440,957848,957848,404746392,1416167424,119731,107016,5.955040925532523e-05,5.076243223321087e-08,3.0143883575468694e-05,"I(i_1,i_3,i_4,i_2;a_4i_1i_4) * t(i_4,i_1;a_5i_1i_4,a_4i_1i_4) -> I(i_4,i_3,i_2,i_1;a_5i_1i_4)","I(i_4,i_3,i_2,i_1;a_5i_1i_4)","I(i_1,i_3,i_4,i_2;a_4i_1i_4)","t(i_4,i_1;a_5i_1i_4,a_4i_1i_4)","I(i_4,i_3,i_2,i_1;a_5i_1i_4)","i,i,i,i,a",";;;;i_1,i_4","7,7,7,7,",7 × 7 × 7 × 7 × ?,,
3,27,Product,intermediate,I,2561054,957848,5489512,139048,139048,404746392,1416167424,17381,15288,7.32306724748252e-05,6.30315708327061e-08,3.320985707899205e-05,"I(i_4,i_3,i_2,i_1;a_5i_1i_4) * I(i_4,i_2,i_1;a_5i_1i_4,a_1i_1i_2) -> I(i_3,i_2,i_1;a_1i_1i_2)","I(i_3,i_2,i_1;a_1i_1i_2)","I(i_4,i_3,i_2,i_1;a_5i_1i_4)","I(i_4,i_2,i_1;a_5i_1i_4,a_1i_1i_2)","I(i_3,i_2,i_1;a_1i_1i_2)","i,i,i,a",";;;i_1,i_2","7,7,7,",7 × 7 × 7 × ?,,
3,27,Tensor,leaf,s,25627,,,125584,125584,404746392,1416167424,15698,12996,138.52037144982427,140.242752948763,0.9820999861813638,"s(μ̃_19687,μ̃_19688)","s(μ̃_19687,μ̃_19688)",,,,"μ̃,μ̃",;,"114,114",114 × 114,103968,1.20791
3,27,Product,intermediate,I,1135338,125584,12064,12064,12064,404746392,1416167424,1508,798,0.03719480414794619,0.0008519529503118057,0.004141455131562324,"s(μ̃_19687,μ̃_19688) * I(μ̃_19688,i_3) -> I(μ̃_19687,i_3)","I(μ̃_19687,i_3)","s(μ̃_19687,μ̃_19688)","I(μ̃_19688,i_3)","I(μ̃_19687,i_3)","μ̃,i",;,"114,7",114 × 7,6384,1.88972
3,27,Tensor,leaf,C,25849,,,2207664,2207664,404746392,1416167424,275958,246870,-5695.615034274957,223631163.21246105,731.2730436956697,"C(i_2,i_1,μ̃_19687;a_2i_1i_2)","C(i_2,i_1,μ̃_19687;a_2i_1i_2)",,,,"i,i,μ̃,a",";;;i_1,i_2","7,7,114,",7 × 7 × 114 × ?,,
3,27,Product,intermediate,I,1572802,12064,2207664,139048,139048,404897504,1416167424,17381,15288,-0.21023882284972184,0.01764529319597778,0.005731204074922332,"I(μ̃_19687,i_3) * C(i_2,i_1,μ̃_19687;a_2i_1i_2) -> I(i_2,i_1,i_3;a_2i_1i_2)","I(i_2,i_1,i_3;a_2i_1i_2)","I(μ̃_19687,i_3)","C(i_2,i_1,μ̃_19687;a_2i_1i_2)","I(i_2,i_1,i_3;a_2i_1i_2)","i,i,i,a",";;;i_1,i_2","7,7,7,",7 × 7 × 7 × ?,,
3,27,Product,intermediate,I,907501,139048,139048,792440,792440,404897504,1416167424,99055,98598,-3.229431638912183e-06,4.621113761546728e-12,1.1379720825845703e-07,"I(i_3,i_2,i_1;a_1i_1i_2) * I(i_2,i_1,i_3;a_2i_1i_2) -> I(i_1,i_2;a_1i_1i_2,a_2i_1i_2)","I(i_1,i_2;a_1i_1i_2,a_2i_1i_2)","I(i_3,i_2,i_1;a_1i_1i_2)","I(i_2,i_1,i_3;a_2i_1i_2)","I(i_1,i_2;a_1i_1i_2,a_2i_1i_2)","i,i,a,a",";;i_1,i_2;i_1,i_2","7,7,,",7 × 7 × ? × ?,,
3,27,Constant,constant,_const,1365,,,8,8,404897504,1416167424,1,,,,,2,2,,,,,,,scalar,8,1
3,27,Product,residual,R,89932,792440,8,792440,792440,404897504,1416167424,99055,98598,-6.458863277824366e-06,1.8484455046186912e-11,2.2759441651691405e-07,"I(i_1,i_2;a_1i_1i_2,a_2i_1i_2) * 2 -> R(i_1,i_2;a_1i_1i_2,a_2i_1i_2)","R(i_1,i_2;a_1i_1i_2,a_2i_1i_2)","I(i_1,i_2;a_1i_1i_2,a_2i_1i_2)",2,"R(i_1,i_2;a_1i_1i_2,a_2i_1i_2)","i,i,a,a",";;i_1,i_2;i_1,i_2","7,7,,",7 × 7 × ? × ?,,
3,27,Permute,residual,R,98390,,,792440,792440,404897504,1416167424,99055,,,,,"R(i_1,i_2;a_1i_1i_2,a_2i_1i_2)","R(i_1,i_2;a_1i_1i_2,a_2i_1i_2)",,,,"i,i,a,a",";;i_1,i_2;i_1,i_2","7,7,,",7 × 7 × ? × ?,,
3,28,Tensor,leaf,t,2140,,,792440,792440,404897504,1416167424,99055,98598,-1.6376837457354991,0.10417720168326705,0.029695591403256404,"t(i_1,i_4;a_4i_1i_4,a_3i_1i_4)","t(i_1,i_4;a_4i_1i_4,a_3i_1i_4)",,,,"i,i,a,a",";;i_1,i_4;i_1,i_4","7,7,,",7 × 7 × ? × ?,,
3,28,Product,intermediate,I,2039008,957848,792440,957848,957848,404897504,1416167424,119731,107016,0.0007025454078038206,0.0024764872076487817,0.003950437259479149,"I(i_1,i_3,i_2,i_4;a_3i_1i_4) * t(i_1,i_4;a_4i_1i_4,a_3i_1i_4) -> I(i_4,i_3,i_2,i_1;a_4i_1i_4)","I(i_4,i_3,i_2,i_1;a_4i_1i_4)","I(i_1,i_3,i_2,i_4;a_3i_1i_4)","t(i_1,i_4;a_4i_1i_4,a_3i_1i_4)","I(i_4,i_3,i_2,i_1;a_4i_1i_4)","i,i,i,i,a",";;;;i_1,i_4","7,7,7,7,",7 × 7 × 7 × 7 × ?,,
3,28,Product,intermediate,I,2673325,957848,5489512,139048,139048,404897504,1416167424,17381,15288,0.006363471375807135,0.007433440611241797,0.010991767912469263,"I(i_4,i_3,i_2,i_1;a_4i_1i_4) * I(i_2,i_4,i_1;a_1i_1i_2,a_4i_1i_4) -> I(i_3,i_2,i_1;a_1i_1i_2)","I(i_3,i_2,i_1;a_1i_1i_2)","I(i_4,i_3,i_2,i_1;a_4i_1i_4)","I(i_2,i_4,i_1;a_1i_1i_2,a_4i_1i_4)","I(i_3,i_2,i_1;a_1i_1i_2)","i,i,i,a",";;;i_1,i_2","7,7,7,",7 × 7 × 7 × ?,,
3,28,Product,intermediate,I,986293,139048,139048,792440,792440,404897504,1416167424,99055,98598,0.001035661980009787,5.109383392496863e-07,6.0875401480336066e-05,"I(i_3,i_2,i_1;a_1i_1i_2) * I(i_2,i_1,i_3;a_2i_1i_2) -> I(i_2,i_1;a_2i_1i_2,a_1i_1i_2)","I(i_2,i_1;a_2i_1i_2,a_1i_1i_2)","I(i_3,i_2,i_1;a_1i_1i_2)","I(i_2,i_1,i_3;a_2i_1i_2)","I(i_2,i_1;a_2i_1i_2,a_1i_1i_2)","i,i,a,a",";;i_1,i_2;i_1,i_2","7,7,,",7 × 7 × ? × ?,,
3,28,Constant,constant,_const,1385,,,8,8,404897504,1416167424,1,,,,,-4,-4,,,,,,,scalar,8,1
3,28,Product,residual,R,93539,792440,8,792440,792440,404897504,1416167424,99055,98598,-0.004142647920039148,8.17501342799498e-06,0.00024350160592134427,"I(i_2,i_1;a_2i_1i_2,a_1i_1i_2) * -4 -> R(i_2,i_1;a_2i_1i_2,a_1i_1i_2)","R(i_2,i_1;a_2i_1i_2,a_1i_1i_2)","I(i_2,i_1;a_2i_1i_2,a_1i_1i_2)",-4,"R(i_2,i_1;a_2i_1i_2,a_1i_1i_2)","i,i,a,a",";;i_1,i_2;i_1,i_2","7,7,,",7 × 7 × ? × ?,,
3,28,Permute,residual,R,82504,,,792440,792440,404897504,1416167424,99055,,,,,"R(i_2,i_1;a_2i_1i_2,a_1i_1i_2)","R(i_2,i_1;a_2i_1i_2,a_1i_1i_2)",,,,"i,i,a,a",";;i_1,i_2;i_1,i_2","7,7,,",7 × 7 × ? × ?,,
3,29,Tensor,leaf,t,1587,,,792440,792440,404897504,1416167424,99055,98598,-1.6376837457354991,0.10417720168326705,0.029695591403256404,"t(i_4,i_1;a_4i_1i_4,a_3i_1i_4)","t(i_4,i_1;a_4i_1i_4,a_3i_1i_4)",,,,"i,i,a,a",";;i_1,i_4;i_1,i_4","7,7,,",7 × 7 × ? × ?,,
3,29,Product,intermediate,I,13628030,957848,792440,957848,957848,404897504,1416167424,119731,107016,0.01670398981889391,0.0018482958965661159,0.003950437259479149,"I(i_1,i_3,i_2,i_4;a_3i_1i_4) * t(i_4,i_1;a_4i_1i_4,a_3i_1i_4) -> I(i_4,i_3,i_2,i_1;a_4i_1i_4)","I(i_4,i_3,i_2,i_1;a_4i_1i_4)","I(i_1,i_3,i_2,i_4;a_3i_1i_4)","t(i_4,i_1;a_4i_1i_4,a_3i_1i_4)","I(i_4,i_3,i_2,i_1;a_4i_1i_4)","i,i,i,i,a",";;;;i_1,i_4","7,7,7,7,",7 × 7 × 7 × 7 × ?,,
3,29,Product,intermediate,I,2674593,957848,5489512,139048,139048,404897504,1416167424,17381,15288,0.010632567400220127,0.002068598025736649,0.005225062178397139,"I(i_4,i_3,i_2,i_1;a_4i_1i_4) * I(i_2,i_4,i_1;a_1i_1i_2,a_4i_1i_4) -> I(i_3,i_2,i_1;a_1i_1i_2)","I(i_3,i_2,i_1;a_1i_1i_2)","I(i_4,i_3,i_2,i_1;a_4i_1i_4)","I(i_2,i_4,i_1;a_1i_1i_2,a_4i_1i_4)","I(i_3,i_2,i_1;a_1i_1i_2)","i,i,i,a",";;;i_1,i_2","7,7,7,",7 × 7 × 7 × ?,,
3,29,Product,intermediate,I,1111823,139048,139048,792440,792440,404897504,1416167424,99055,98598,0.0003895408942769328,1.414153630943444e-07,2.8773777059877348e-05,"I(i_3,i_2,i_1;a_1i_1i_2) * I(i_2,i_1,i_3;a_2i_1i_2) -> I(i_2,i_1;a_1i_1i_2,a_2i_1i_2)","I(i_2,i_1;a_1i_1i_2,a_2i_1i_2)","I(i_3,i_2,i_1;a_1i_1i_2)","I(i_2,i_1,i_3;a_2i_1i_2)","I(i_2,i_1;a_1i_1i_2,a_2i_1i_2)","i,i,a,a",";;i_1,i_2;i_1,i_2","7,7,,",7 × 7 × ? × ?,,
3,29,Constant,constant,_const,17645,,,8,8,404897504,1416167424,1,,,,,2,2,,,,,,,scalar,8,1
3,29,Product,residual,R,89412,792440,8,792440,792440,404897504,1416167424,99055,98598,0.0007790817885538656,5.656614523773776e-07,5.7547554119754696e-05,"I(i_2,i_1;a_1i_1i_2,a_2i_1i_2) * 2 -> R(i_2,i_1;a_1i_1i_2,a_2i_1i_2)","R(i_2,i_1;a_1i_1i_2,a_2i_1i_2)","I(i_2,i_1;a_1i_1i_2,a_2i_1i_2)",2,"R(i_2,i_1;a_1i_1i_2,a_2i_1i_2)","i,i,a,a",";;i_1,i_2;i_1,i_2","7,7,,",7 × 7 × ? × ?,,
3,29,Permute,residual,R,116318,,,792440,792440,404897504,1416167424,99055,,,,,"R(i_2,i_1;a_1i_1i_2,a_2i_1i_2)","R(i_2,i_1;a_1i_1i_2,a_2i_1i_2)",,,,"i,i,a,a",";;i_1,i_2;i_1,i_2","7,7,,",7 × 7 × ? × ?,,
3,30,Tensor,leaf,t,2296,,,792440,792440,404897504,1416167424,99055,98598,-1.6376837457354991,0.10417720168326705,0.029695591403256404,"t(i_1,i_3;a_4i_1i_3,a_3i_1i_3)","t(i_1,i_3;a_4i_1i_3,a_3i_1i_3)",,,,"i,i,a,a",";;i_1,i_3;i_1,i_3","7,7,,",7 × 7 × ? × ?,,
3,30,Product,intermediate,I,2704024,957848,792440,957848,957848,404897504,1416167424,119731,107016,0.022428180191062956,0.0010317544288643598,0.00323545529660807,"I(i_1,i_4,i_2,i_3;a_3i_1i_3) * t(i_1,i_3;a_4i_1i_3,a_3i_1i_3) -> I(i_3,i_4,i_2,i_1;a_4i_1i_3)","I(i_3,i_4,i_2,i_1;a_4i_1i_3)","I(i_1,i_4,i_2,i_3;a_3i_1i_3)","t(i_1,i_3;a_4i_1i_3,a_3i_1i_3)","I(i_3,i_4,i_2,i_1;a_4i_1i_3)","i,i,i,i,a",";;;;i_1,i_3","7,7,7,7,",7 × 7 × 7 × 7 × ?,,
3,30,Product,intermediate,I,2578087,957848,5489512,139048,139048,404897504,1416167424,17381,15288,0.0254920864530224,0.001604155746067905,0.004424353695953251,"I(i_3,i_4,i_2,i_1;a_4i_1i_3) * I(i_2,i_3,i_1;a_1i_1i_2,a_4i_1i_3) -> I(i_4,i_2,i_1;a_1i_1i_2)","I(i_4,i_2,i_1;a_1i_1i_2)","I(i_3,i_4,i_2,i_1;a_4i_1i_3)","I(i_2,i_3,i_1;a_1i_1i_2,a_4i_1i_3)","I(i_4,i_2,i_1;a_1i_1i_2)","i,i,i,a",";;;i_1,i_2","7,7,7,",7 × 7 × 7 × ?,,
3,30,Product,intermediate,I,1059316,139048,139048,792440,792440,404897504,1416167424,99055,98598,0.0005192472174906114,1.051033806223389e-07,2.518341959773506e-05,"I(i_4,i_2,i_1;a_1i_1i_2) * I(i_2,i_1,i_4;a_2i_1i_2) -> I(i_2,i_1;a_2i_1i_2,a_1i_1i_2)","I(i_2,i_1;a_2i_1i_2,a_1i_1i_2)","I(i_4,i_2,i_1;a_1i_1i_2)","I(i_2,i_1,i_4;a_2i_1i_2)","I(i_2,i_1;a_2i_1i_2,a_1i_1i_2)","i,i,a,a",";;i_1,i_2;i_1,i_2","7,7,,",7 × 7 × ? × ?,,
3,30,Constant,constant,_const,1407,,,8,8,404897504,1416167424,1,,,,,2,2,,,,,,,scalar,8,1
3,30,Product,residual,R,88154,792440,8,792440,792440,404897504,1416167424,99055,98598,0.0010384944349812227,4.204135224893556e-07,5.036683919547012e-05,"I(i_2,i_1;a_2i_1i_2,a_1i_1i_2) * 2 -> R(i_2,i_1;a_2i_1i_2,a_1i_1i_2)","R(i_2,i_1;a_2i_1i_2,a_1i_1i_2)","I(i_2,i_1;a_2i_1i_2,a_1i_1i_2)",2,"R(i_2,i_1;a_2i_1i_2,a_1i_1i_2)","i,i,a,a",";;i_1,i_2;i_1,i_2","7,7,,",7 × 7 × ? × ?,,
3,30,Permute,residual,R,74758,,,792440,792440,404897504,1416167424,99055,,,,,"R(i_2,i_1;a_2i_1i_2,a_1i_1i_2)","R(i_2,i_1;a_2i_1i_2,a_1i_1i_2)",,,,"i,i,a,a",";;i_1,i_2;i_1,i_2","7,7,,",7 × 7 × ? × ?,,
3,31,Tensor,leaf,t,1575,,,792440,792440,404897504,1416167424,99055,98598,-1.6376837457354991,0.10417720168326705,0.029695591403256404,"t(i_3,i_1;a_4i_1i_3,a_3i_1i_3)","t(i_3,i_1;a_4i_1i_3,a_3i_1i_3)",,,,"i,i,a,a",";;i_1,i_3;i_1,i_3","7,7,,",7 × 7 × ? × ?,,
3,31,Product,intermediate,I,3078647,957848,792440,957848,957848,404897504,1416167424,119731,107016,0.030650361224126507,0.0009455378591558074,0.00323545529660807,"I(i_1,i_4,i_2,i_3;a_3i_1i_3) * t(i_3,i_1;a_4i_1i_3,a_3i_1i_3) -> I(i_3,i_4,i_2,i_1;a_4i_1i_3)","I(i_3,i_4,i_2,i_1;a_4i_1i_3)","I(i_1,i_4,i_2,i_3;a_3i_1i_3)","t(i_3,i_1;a_4i_1i_3,a_3i_1i_3)","I(i_3,i_4,i_2,i_1;a_4i_1i_3)","i,i,i,i,a",";;;;i_1,i_3","7,7,7,7,",7 × 7 × 7 × 7 × ?,,
3,31,Product,intermediate,I,3066680,957848,5489512,139048,139048,404897504,1416167424,17381,15288,0.020744265232965676,0.0009658214231583486,0.0036295908387381248,"I(i_3,i_4,i_2,i_1;a_4i_1i_3) * I(i_3,i_2,i_1;a_4i_1i_3,a_2i_1i_2) -> I(i_4,i_2,i_1;a_2i_1i_2)","I(i_4,i_2,i_1;a_2i_1i_2)","I(i_3,i_4,i_2,i_1;a_4i_1i_3)","I(i_3,i_2,i_1;a_4i_1i_3,a_2i_1i_2)","I(i_4,i_2,i_1;a_2i_1i_2)","i,i,i,a",";;;i_1,i_2","7,7,7,",7 × 7 × 7 × ?,,
3,31,Product,intermediate,I,923425,139048,139048,792440,792440,404897504,1416167424,99055,98598,0.00025950048297308803,6.460312272704482e-08,2.0413445605252302e-05,"I(i_4,i_2,i_1;a_2i_1i_2) * I(i_2,i_1,i_4;a_1i_1i_2) -> I(i_2,i_1;a_2i_1i_2,a_1i_1i_2)","I(i_2,i_1;a_2i_1i_2,a_1i_1i_2)","I(i_4,i_2,i_1;a_2i_1i_2)","I(i_2,i_1,i_4;a_1i_1i_2)","I(i_2,i_1;a_2i_1i_2,a_1i_1i_2)","i,i,a,a",";;i_1,i_2;i_1,i_2","7,7,,",7 × 7 × ? × ?,,
3,31,Constant,constant,_const,1815,,,8,8,404897504,1416167424,1,,,,,2,2,,,,,,,scalar,8,1
3,31,Product,residual,R,77509,792440,8,792440,792440,404897504,1416167424,99055,98598,0.0005190009659461761,2.584124909081793e-07,4.0826891210504603e-05,"I(i_2,i_1;a_2i_1i_2,a_1i_1i_2) * 2 -> R(i_2,i_1;a_2i_1i_2,a_1i_1i_2)","R(i_2,i_1;a_2i_1i_2,a_1i_1i_2)","I(i_2,i_1;a_2i_1i_2,a_1i_1i_2)",2,"R(i_2,i_1;a_2i_1i_2,a_1i_1i_2)","i,i,a,a",";;i_1,i_2;i_1,i_2","7,7,,",7 × 7 × ? × ?,,
3,31,Permute,residual,R,87574,,,792440,792440,404897504,1416167424,99055,,,,,"R(i_2,i_1;a_2i_1i_2,a_1i_1i_2)","R(i_2,i_1;a_2i_1i_2,a_1i_1i_2)",,,,"i,i,a,a",";;i_1,i_2;i_1,i_2","7,7,,",7 × 7 × ? × ?,,
3,32,Product,intermediate,I,1086768,334432,12064,24888,24888,404897504,1416167424,3111,2401,0.007877625419117979,1.3163088128987902e-05,0.0009079615869758556,"I(i_3,i_2,i_4,μ̃_19711) * I(μ̃_19711,i_1) -> I(i_3,i_2,i_4,i_1)","I(i_3,i_2,i_4,i_1)","I(i_3,i_2,i_4,μ̃_19711)","I(μ̃_19711,i_1)","I(i_3,i_2,i_4,i_1)","i,i,i,i",;;;,"7,7,7,7",7 × 7 × 7 × 7,19208,1.29571
3,32,Product,intermediate,I,886547,24888,139048,139048,139048,404897504,1416167424,17381,15288,2.1097908041242165e-05,1.0123399684127778e-09,5.226973230335327e-06,"I(i_3,i_2,i_4,i_1) * I(i_2,i_1,i_4;a_1i_1i_2) -> I(i_3,i_2,i_1;a_1i_1i_2)","I(i_3,i_2,i_1;a_1i_1i_2)","I(i_3,i_2,i_4,i_1)","I(i_2,i_1,i_4;a_1i_1i_2)","I(i_3,i_2,i_1;a_1i_1i_2)","i,i,i,a",";;;i_1,i_2","7,7,7,",7 × 7 × 7 × ?,,
3,32,Product,intermediate,I,1046807,139048,139048,792440,792440,404897504,1416167424,99055,98598,-2.2594481703137016e-07,6.912647940582573e-14,2.8710022254792008e-08,"I(i_3,i_2,i_1;a_1i_1i_2) * I(i_2,i_1,i_3;a_2i_1i_2) -> I(i_2,i_1;a_2i_1i_2,a_1i_1i_2)","I(i_2,i_1;a_2i_1i_2,a_1i_1i_2)","I(i_3,i_2,i_1;a_1i_1i_2)","I(i_2,i_1,i_3;a_2i_1i_2)","I(i_2,i_1;a_2i_1i_2,a_1i_1i_2)","i,i,a,a",";;i_1,i_2;i_1,i_2","7,7,,",7 × 7 × ? × ?,,
3,32,Constant,constant,_const,1087,,,8,8,404897504,1416167424,1,,,,,2,2,,,,,,,scalar,8,1
3,32,Product,residual,R,59663,792440,8,792440,792440,404897504,1416167424,99055,98598,-4.518896340627403e-07,2.7650591762330293e-13,5.7420044509584016e-08,"I(i_2,i_1;a_2i_1i_2,a_1i_1i_2) * 2 -> R(i_2,i_1;a_2i_1i_2,a_1i_1i_2)","R(i_2,i_1;a_2i_1i_2,a_1i_1i_2)","I(i_2,i_1;a_2i_1i_2,a_1i_1i_2)",2,"R(i_2,i_1;a_2i_1i_2,a_1i_1i_2)","i,i,a,a",";;i_1,i_2;i_1,i_2","7,7,,",7 × 7 × ? × ?,,
3,32,Permute,residual,R,85312,,,792440,792440,404897504,1416167424,99055,,,,,"R(i_2,i_1;a_2i_1i_2,a_1i_1i_2)","R(i_2,i_1;a_2i_1i_2,a_1i_1i_2)",,,,"i,i,a,a",";;i_1,i_2;i_1,i_2","7,7,,",7 × 7 × ? × ?,,
3,33,Tensor,leaf,C,19302,,,2207664,2207664,404897504,1416167424,275958,246870,-5695.615034274957,223631163.21246105,731.2730436956697,"C(i_4,i_3,μ̃_19902;a_5i_3i_4)","C(i_4,i_3,μ̃_19902;a_5i_3i_4)",,,,"i,i,μ̃,a",";;;i_3,i_4","7,7,114,",7 × 7 × 114 × ?,,
3,33,Tensor,leaf,t,1975,,,792440,792440,404897504,1416167424,99055,98598,-1.6376837457354991,0.10417720168326705,0.029695591403256404,"t(i_4,i_3;a_5i_3i_4,a_4i_3i_4)","t(i_4,i_3;a_5i_3i_4,a_4i_3i_4)",,,,"i,i,a,a",";;i_3,i_4;i_3,i_4","7,7,,",7 × 7 × ? × ?,,
3,33,Product,intermediate,I,3674437,2207664,792440,2207664,2207664,407885544,1416167424,275958,246870,25.629026650953705,260.40507722841664,0.7619354166739896,"C(i_4,i_3,μ̃_19902;a_5i_3i_4) * t(i_4,i_3;a_5i_3i_4,a_4i_3i_4) -> I(μ̃_19902,i_4,i_3;a_4i_3i_4)","I(μ̃_19902,i_4,i_3;a_4i_3i_4)","C(i_4,i_3,μ̃_19902;a_5i_3i_4)","t(i_4,i_3;a_5i_3i_4,a_4i_3i_4)","I(μ̃_19902,i_4,i_3;a_4i_3i_4)","μ̃,i,i,a",";;;i_3,i_4","114,7,7,",114 × 7 × 7 × ?,,
3,33,Tensor,leaf,C,16775,,,2207664,2207664,407885544,1416167424,275958,246870,-5695.615034274957,223631163.21246105,731.2730436956697,"C(i_4,i_3,μ̃_19903;a_4i_3i_4)","C(i_4,i_3,μ̃_19903;a_4i_3i_4)",,,,"i,i,μ̃,a",";;;i_3,i_4","7,7,114,",7 × 7 × 114 × ?,,
3,33,Product,intermediate,I,217626284,2207664,2207664,5179792,5179792,412272896,1416167424,647474,624978,-65015.384381219534,34380236.47019891,454.5187547433514,"I(μ̃_19902,i_4,i_3;a_4i_3i_4) * C(i_4,i_3,μ̃_19903;a_4i_3i_4) -> I(μ̃_19903,μ̃_19902,i_3,i_4)","I(μ̃_19903,μ̃_19902,i_3,i_4)","I(μ̃_19902,i_4,i_3;a_4i_3i_4)","C(i_4,i_3,μ̃_19903;a_4i_3i_4)","I(μ̃_19903,μ̃_19902,i_3,i_4)","μ̃,μ̃,i,i",;;;,"114,114,7,7",114 × 114 × 7 × 7,5094432,1.01676
3,33,Product,intermediate,I,33124942,24888,5179792,5179792,5179792,415269912,1416167424,647474,636804,-0.25083359745011813,11.143144087946887,0.23238269610944087,"I(i_3,i_1,i_4,i_2) * I(μ̃_19903,μ̃_19902,i_3,i_4) -> I(i_1,μ̃_19902,μ̃_19903,i_2)","I(i_1,μ̃_19902,μ̃_19903,i_2)","I(i_3,i_1,i_4,i_2)","I(μ̃_19903,μ̃_19902,i_3,i_4)","I(i_1,μ̃_19902,μ̃_19903,i_2)","i,μ̃,μ̃,i",;;;,"7,114,114,7",7 × 114 × 114 × 7,5094432,1.01676
3,33,Product,intermediate,I,12586664,5179792,2226240,2226240,2226240,417471264,1416167424,278280,248976,-0.0009228192832646253,7.744584797290895e-05,0.00048049208017013085,"I(i_1,μ̃_19902,μ̃_19903,i_2) * I(i_2,i_1,μ̃_19902;a_2i_1i_2) -> I(i_1,μ̃_19903,i_2;a_2i_1i_2)","I(i_1,μ̃_19903,i_2;a_2i_1i_2)","I(i_1,μ̃_19902,μ̃_19903,i_2)","I(i_2,i_1,μ̃_19902;a_2i_1i_2)","I(i_1,μ̃_19903,i_2;a_2i_1i_2)","i,μ̃,i,a",";;;i_1,i_2","7,114,7,",7 × 114 × 7 × ?,,
3,33,Product,intermediate,I,4331064,2226240,2226240,792440,792440,417471264,1416167424,99055,98598,0.00023818152712181336,4.887645411021843e-08,2.1856159955861953e-05,"I(i_1,μ̃_19903,i_2;a_2i_1i_2) * I(i_2,i_1,μ̃_19903;a_1i_1i_2) -> I(i_1,i_2;a_2i_1i_2,a_1i_1i_2)","I(i_1,i_2;a_2i_1i_2,a_1i_1i_2)","I(i_1,μ̃_19903,i_2;a_2i_1i_2)","I(i_2,i_1,μ̃_19903;a_1i_1i_2)","I(i_1,i_2;a_2i_1i_2,a_1i_1i_2)","i,i,a,a",";;i_1,i_2;i_1,i_2","7,7,,",7 × 7 × ? × ?,,
3,33,Constant,constant,_const,1987,,,8,8,417471264,1416167424,1,,,,,2,2,,,,,,,scalar,8,1
3,33,Product,residual,R,151355,792440,8,792440,792440,417471264,1416167424,99055,98598,0.0004763630542436267,1.955058164408737e-07,4.3712319911723906e-05,"I(i_1,i_2;a_2i_1i_2,a_1i_1i_2) * 2 -> R(i_1,i_2;a_2i_1i_2,a_1i_1i_2)","R(i_1,i_2;a_2i_1i_2,a_1i_1i_2)","I(i_1,i_2;a_2i_1i_2,a_1i_1i_2)",2,"R(i_1,i_2;a_2i_1i_2,a_1i_1i_2)","i,i,a,a",";;i_1,i_2;i_1,i_2","7,7,,",7 × 7 × ? × ?,,
3,33,Permute,residual,R,4474663,,,792440,792440,417471264,1416167424,99055,,,,,"R(i_1,i_2;a_2i_1i_2,a_1i_1i_2)","R(i_1,i_2;a_2i_1i_2,a_1i_1i_2)",,,,"i,i,a,a",";;i_1,i_2;i_1,i_2","7,7,,",7 × 7 × ? × ?,,
3,34,Product,intermediate,I,1143920,334432,12064,2088,2088,417471264,1416167424,261,49,-0.0037576086948745697,9.666814841660514e-07,0.0002168222903532573,"I(i_3,i_2,i_4,μ̃_19767) * I(μ̃_19767,i_3) -> I(i_4,i_2)","I(i_4,i_2)","I(i_3,i_2,i_4,μ̃_19767)","I(μ̃_19767,i_3)","I(i_4,i_2)","i,i",;,"7,7",7 × 7,392,5.32653
3,34,Product,intermediate,I,2365859,2088,5489512,5489512,5489512,417471264,1416167424,686189,684084,-0.3479123684637961,0.00022032962188298273,0.000177131309598852,"I(i_4,i_2) * I(i_2,i_4,i_1;a_1i_1i_2,a_4i_1i_4) -> I(i_1,i_2,i_4;a_1i_1i_2,a_4i_1i_4)","I(i_1,i_2,i_4;a_1i_1i_2,a_4i_1i_4)","I(i_4,i_2)","I(i_2,i_4,i_1;a_1i_1i_2,a_4i_1i_4)","I(i_1,i_2,i_4;a_1i_1i_2,a_4i_1i_4)","i,i,i,a,a",";;;i_1,i_2;i_1,i_4","7,7,7,,",7 × 7 × 7 × ? × ?,,
3,34,Tensor,leaf,t,2310,,,792440,792440,417471264,1416167424,99055,98598,-1.6376837457354991,0.10417720168326705,0.029695591403256404,"t(i_4,i_1;a_5i_1i_4,a_4i_1i_4)","t(i_4,i_1;a_5i_1i_4,a_4i_1i_4)",,,,"i,i,a,a",";;i_1,i_4;i_1,i_4","7,7,,",7 × 7 × ? × ?,,
3,34,Product,intermediate,I,5242983,5489512,792440,5489512,5489512,417471264,1416167424,686189,684096,-2.7811433011891715,0.6946743693853802,0.029695591403256356,"I(i_4,i_2,i_1;a_5i_1i_4,a_2i_1i_2) * t(i_4,i_1;a_5i_1i_4,a_4i_1i_4) -> I(i_2,i_4,i_1;a_2i_1i_2,a_4i_1i_4)","I(i_2,i_4,i_1;a_2i_1i_2,a_4i_1i_4)","I(i_4,i_2,i_1;a_5i_1i_4,a_2i_1i_2)","t(i_4,i_1;a_5i_1i_4,a_4i_1i_4)","I(i_2,i_4,i_1;a_2i_1i_2,a_4i_1i_4)","i,i,i,a,a",";;;i_1,i_2;i_1,i_4","7,7,7,,",7 × 7 × 7 × ? × ?,,
3,34,Product,intermediate,I,5704874,5489512,5489512,792440,792440,421836696,1416167424,99055,98598,0.0010513691289608595,1.4820197711975618e-08,6.934630600678408e-06,"I(i_1,i_2,i_4;a_1i_1i_2,a_4i_1i_4) * I(i_2,i_4,i_1;a_2i_1i_2,a_4i_1i_4) -> I(i_2,i_1;a_2i_1i_2,a_1i_1i_2)","I(i_2,i_1;a_2i_1i_2,a_1i_1i_2)","I(i_1,i_2,i_4;a_1i_1i_2,a_4i_1i_4)","I(i_2,i_4,i_1;a_2i_1i_2,a_4i_1i_4)","I(i_2,i_1;a_2i_1i_2,a_1i_1i_2)","i,i,a,a",";;i_1,i_2;i_1,i_2","7,7,,",7 × 7 × ? × ?,,
3,34,Constant,constant,_const,1256,,,8,8,421836696,1416167424,1,,,,,2,2,,,,,,,scalar,8,1
3,34,Product,residual,R,115739,792440,8,792440,792440,421836696,1416167424,99055,98598,0.002102738257921719,5.928079084790247e-08,1.3869261201356816e-05,"I(i_2,i_1;a_2i_1i_2,a_1i_1i_2) * 2 -> R(i_2,i_1;a_2i_1i_2,a_1i_1i_2)","R(i_2,i_1;a_2i_1i_2,a_1i_1i_2)","I(i_2,i_1;a_2i_1i_2,a_1i_1i_2)",2,"R(i_2,i_1;a_2i_1i_2,a_1i_1i_2)","i,i,a,a",";;i_1,i_2;i_1,i_2","7,7,,",7 × 7 × ? × ?,,
3,34,Permute,residual,R,91073,,,792440,792440,421836696,1416167424,99055,,,,,"R(i_2,i_1;a_2i_1i_2,a_1i_1i_2)","R(i_2,i_1;a_2i_1i_2,a_1i_1i_2)",,,,"i,i,a,a",";;i_1,i_2;i_1,i_2","7,7,,",7 × 7 × ? × ?,,
3,35,Product,intermediate,I,963491,139048,139048,792440,792440,421836696,1416167424,99055,98598,-0.01143645325413353,4.7047924847614486e-05,0.0005246383035956558,"I(i_3,i_2,i_1;a_2i_1i_2) * I(i_2,i_1,i_3;a_1i_1i_2) -> I(i_2,i_1;a_2i_1i_2,a_1i_1i_2)","I(i_2,i_1;a_2i_1i_2,a_1i_1i_2)","I(i_3,i_2,i_1;a_2i_1i_2)","I(i_2,i_1,i_3;a_1i_1i_2)","I(i_2,i_1;a_2i_1i_2,a_1i_1i_2)","i,i,a,a",";;i_1,i_2;i_1,i_2","7,7,,",7 × 7 × ? × ?,,
3,35,Constant,constant,_const,1570,,,8,8,421836696,1416167424,1,,,,,-2,-2,,,,,,,scalar,8,1
3,35,Product,residual,R,84399,792440,8,792440,792440,421836696,1416167424,99055,98598,0.02287290650826706,0.00018819169939045794,0.0010492766071913116,"I(i_2,i_1;a_2i_1i_2,a_1i_1i_2) * -2 -> R(i_2,i_1;a_2i_1i_2,a_1i_1i_2)","R(i_2,i_1;a_2i_1i_2,a_1i_1i_2)","I(i_2,i_1;a_2i_1i_2,a_1i_1i_2)",-2,"R(i_2,i_1;a_2i_1i_2,a_1i_1i_2)","i,i,a,a",";;i_1,i_2;i_1,i_2","7,7,,",7 × 7 × ? × ?,,
3,35,Permute,residual,R,106202,,,792440,792440,421836696,1416167424,99055,,,,,"R(i_2,i_1;a_2i_1i_2,a_1i_1i_2)","R(i_2,i_1;a_2i_1i_2,a_1i_1i_2)",,,,"i,i,a,a",";;i_1,i_2;i_1,i_2","7,7,,",7 × 7 × ? × ?,,
3,36,Product,intermediate,I,15459540,5179792,5179792,24888,24888,421836696,1416167424,3111,2401,-0.46998959459187756,0.006605364003954549,0.0290572370626382,"I(i_4,i_3,μ̃_19701,μ̃_19700) * I(μ̃_19701,μ̃_19700,i_2,i_1) -> I(i_4,i_3,i_2,i_1)","I(i_4,i_3,i_2,i_1)","I(i_4,i_3,μ̃_19701,μ̃_19700)","I(μ̃_19701,μ̃_19700,i_2,i_1)","I(i_4,i_3,i_2,i_1)","i,i,i,i",;;;,"7,7,7,7",7 × 7 × 7 × 7,19208,1.29571
3,36,Product,intermediate,I,13548498,24888,5179792,5179792,5179792,421836696,1416167424,647474,636804,931.3834288807616,15164.888884195952,14.638156611536111,"I(i_4,i_3,i_2,i_1) * I(μ̃_19704,μ̃_19702,i_4,i_3) -> I(μ̃_19704,μ̃_19702,i_2,i_1)","I(μ̃_19704,μ̃_19702,i_2,i_1)","I(i_4,i_3,i_2,i_1)","I(μ̃_19704,μ̃_19702,i_4,i_3)","I(μ̃_19704,μ̃_19702,i_2,i_1)","μ̃,μ̃,i,i",;;;,"114,114,7,7",114 × 114 × 7 × 7,5094432,1.01676
3,36,Product,intermediate,I,14497198,5179792,2226240,2226240,2226240,422985664,1416167424,278280,248976,-0.004686542464814005,0.05367481171618882,0.022283985388086985,"I(μ̃_19704,μ̃_19702,i_2,i_1) * I(i_2,i_1,μ̃_19702;a_1i_1i_2) -> I(μ̃_19704,i_2,i_1;a_1i_1i_2)","I(μ̃_19704,i_2,i_1;a_1i_1i_2)","I(μ̃_19704,μ̃_19702,i_2,i_1)","I(i_2,i_1,μ̃_19702;a_1i_1i_2)","I(μ̃_19704,i_2,i_1;a_1i_1i_2)","μ̃,i,i,a",";;;i_1,i_2","114,7,7,",114 × 7 × 7 × ?,,
3,36,Product,residual,R,4633035,2226240,2226240,792440,792440,422985664,1416167424,99055,98598,0.07903275190534713,7.328767267611436e-05,0.0009391113929684437,"I(μ̃_19704,i_2,i_1;a_1i_1i_2) * I(i_2,i_1,μ̃_19704;a_2i_1i_2) -> R(i_2,i_1;a_2i_1i_2,a_1i_1i_2)","R(i_2,i_1;a_2i_1i_2,a_1i_1i_2)","I(μ̃_19704,i_2,i_1;a_1i_1i_2)","I(i_2,i_1,μ̃_19704;a_2i_1i_2)","R(i_2,i_1;a_2i_1i_2,a_1i_1i_2)","i,i,a,a",";;i_1,i_2;i_1,i_2","7,7,,",7 × 7 × ? × ?,,
3,36,Permute,residual,R,638132,,,792440,792440,422985664,1416167424,99055,,,,,"R(i_2,i_1;a_2i_1i_2,a_1i_1i_2)","R(i_2,i_1;a_2i_1i_2,a_1i_1i_2)",,,,"i,i,a,a",";;i_1,i_2;i_1,i_2","7,7,,",7 × 7 × ? × ?,,
3,37,Product,intermediate,I,1098238,121536,121536,24888,24888,422985664,1416167424,3111,2401,9.203251470883953e-05,6.440682601040504e-10,7.779118096950492e-06,"I(i_3,i_1,Κ_1) * I(i_4,i_2,Κ_1) -> I(i_4,i_3,i_2,i_1)","I(i_4,i_3,i_2,i_1)","I(i_3,i_1,Κ_1)","I(i_4,i_2,Κ_1)","I(i_4,i_3,i_2,i_1)","i,i,i,i",;;;,"7,7,7,7",7 × 7 × 7 × 7,19208,1.29571
3,37,Product,intermediate,I,26426937,24888,5179792,5179792,5179792,422985664,1416167424,647474,636804,-0.16188529563246978,0.0013145216726637384,0.0038770970851695003,"I(i_4,i_3,i_2,i_1) * I(μ̃_19734,μ̃_19732,i_4,i_3) -> I(μ̃_19734,μ̃_19732,i_2,i_1)","I(μ̃_19734,μ̃_19732,i_2,i_1)","I(i_4,i_3,i_2,i_1)","I(μ̃_19734,μ̃_19732,i_4,i_3)","I(μ̃_19734,μ̃_19732,i_2,i_1)","μ̃,μ̃,i,i",;;;,"114,114,7,7",114 × 114 × 7 × 7,5094432,1.01676
3,37,Product,intermediate,I,14174272,5179792,2226240,2226240,2226240,423010552,1416167424,278280,248976,-2.1266373002492584e-06,5.020624153473044e-09,6.459165564159496e-06,"I(μ̃_19734,μ̃_19732,i_2,i_1) * I(i_2,i_1,μ̃_19732;a_1i_1i_2) -> I(μ̃_19734,i_1,i_2;a_1i_1i_2)","I(μ̃_19734,i_1,i_2;a_1i_1i_2)","I(μ̃_19734,μ̃_19732,i_2,i_1)","I(i_2,i_1,μ̃_19732;a_1i_1i_2)","I(μ̃_19734,i_1,i_2;a_1i_1i_2)","μ̃,i,i,a",";;;i_1,i_2","114,7,7,",114 × 7 × 7 × ?,,
3,37,Product,residual,R,4939502,2226240,2226240,792440,792440,423010552,1416167424,99055,98598,-1.7777425964733507e-05,6.746213586670028e-12,2.443992982658975e-07,"I(μ̃_19734,i_1,i_2;a_1i_1i_2) * I(i_2,i_1,μ̃_19734;a_2i_1i_2) -> R(i_2,i_1;a_2i_1i_2,a_1i_1i_2)","R(i_2,i_1;a_2i_1i_2,a_1i_1i_2)","I(μ̃_19734,i_1,i_2;a_1i_1i_2)","I(i_2,i_1,μ̃_19734;a_2i_1i_2)","R(i_2,i_1;a_2i_1i_2,a_1i_1i_2)","i,i,a,a",";;i_1,i_2;i_1,i_2","7,7,,",7 × 7 × ? × ?,,
3,37,Permute,residual,R,648836,,,792440,792440,423010552,1416167424,99055,,,,,"R(i_2,i_1;a_2i_1i_2,a_1i_1i_2)","R(i_2,i_1;a_2i_1i_2,a_1i_1i_2)",,,,"i,i,a,a",";;i_1,i_2;i_1,i_2","7,7,,",7 × 7 × ? × ?,,
3,38,Product,intermediate,I,941839,24888,139048,139048,139048,423010552,1416167424,17381,15288,5.5128677309954895e-08,4.763342066521454e-14,3.132753355924184e-08,"I(i_4,i_3,i_2,i_1) * I(i_2,i_1,i_3;a_1i_1i_2) -> I(i_4,i_1,i_2;a_1i_1i_2)","I(i_4,i_1,i_2;a_1i_1i_2)","I(i_4,i_3,i_2,i_1)","I(i_2,i_1,i_3;a_1i_1i_2)","I(i_4,i_1,i_2;a_1i_1i_2)","i,i,i,a",";;;i_1,i_2","7,7,7,",7 × 7 × 7 × ?,,
3,38,Product,residual,R,1010279,139048,139048,792440,792440,423010552,1416167424,99055,98598,1.0262336830545788e-08,3.7263899829980206e-18,1.8260944269670102e-10,"I(i_4,i_1,i_2;a_1i_1i_2) * I(i_2,i_1,i_4;a_2i_1i_2) -> R(i_2,i_1;a_2i_1i_2,a_1i_1i_2)","R(i_2,i_1;a_2i_1i_2,a_1i_1i_2)","I(i_4,i_1,i_2;a_1i_1i_2)","I(i_2,i_1,i_4;a_2i_1i_2)","R(i_2,i_1;a_2i_1i_2,a_1i_1i_2)","i,i,a,a",";;i_1,i_2;i_1,i_2","7,7,,",7 × 7 × ? × ?,,
3,38,Permute,residual,R,378599,,,792440,792440,423010552,1416167424,99055,,,,,"R(i_2,i_1;a_2i_1i_2,a_1i_1i_2)","R(i_2,i_1;a_2i_1i_2,a_1i_1i_2)",,,,"i,i,a,a",";;i_1,i_2;i_1,i_2","7,7,,",7 × 7 × ? × ?,,
3,39,Product,intermediate,I,195052067,83306800,5179792,334432,334432,423010552,1416167424,41804,39102,-0.11521884472344969,0.0051768326943408445,0.007000237861111135,"I(i_3,μ̃_19737,μ̃_19736,μ̃_19735) * I(μ̃_19736,μ̃_19735,i_1,i_2) -> I(i_3,μ̃_19737,i_1,i_2)","I(i_3,μ̃_19737,i_1,i_2)","I(i_3,μ̃_19737,μ̃_19736,μ̃_19735)","I(μ̃_19736,μ̃_19735,i_1,i_2)","I(i_3,μ̃_19737,i_1,i_2)","i,μ̃,i,i",;;;,"7,114,7,7",7 × 114 × 7 × 7,312816,1.0691
3,39,Tensor,leaf,C,20154,,,2207664,2207664,423010552,1416167424,275958,246870,-5695.615034274957,223631163.21246105,731.2730436956697,"C(i_2,i_1,μ̃_19737;a_1i_1i_2)","C(i_2,i_1,μ̃_19737;a_1i_1i_2)",,,,"i,i,μ̃,a",";;;i_1,i_2","7,7,114,",7 × 7 × 114 × ?,,
3,39,Product,intermediate,I,2810803,334432,2207664,139048,139048,423010552,1416167424,17381,15288,0.03326344162443559,0.0032917215662928894,0.008196513009681109,"I(i_3,μ̃_19737,i_1,i_2) * C(i_2,i_1,μ̃_19737;a_1i_1i_2) -> I(i_3,i_1,i_2;a_1i_1i_2)","I(i_3,i_1,i_2;a_1i_1i_2)","I(i_3,μ̃_19737,i_1,i_2)","C(i_2,i_1,μ̃_19737;a_1i_1i_2)","I(i_3,i_1,i_2;a_1i_1i_2)","i,i,i,a",";;;i_1,i_2","7,7,7,",7 × 7 × 7 × ?,,
3,39,Product,intermediate,I,1107834,139048,139048,792440,792440,423010552,1416167424,99055,98598,-0.000366847137205697,2.247088238699135e-07,4.7072050223317956e-05,"I(i_3,i_1,i_2;a_1i_1i_2) * I(i_2,i_1,i_3;a_2i_1i_2) -> I(i_1,i_2;a_1i_1i_2,a_2i_1i_2)","I(i_1,i_2;a_1i_1i_2,a_2i_1i_2)","I(i_3,i_1,i_2;a_1i_1i_2)","I(i_2,i_1,i_3;a_2i_1i_2)","I(i_1,i_2;a_1i_1i_2,a_2i_1i_2)","i,i,a,a",";;i_1,i_2;i_1,i_2","7,7,,",7 × 7 × ? × ?,,
3,39,Constant,constant,_const,1883,,,8,8,423010552,1416167424,1,,,,,-2,-2,,,,,,,scalar,8,1
3,39,Product,residual,R,103296,792440,8,792440,792440,423010552,1416167424,99055,98598,0.000733694274411394,8.98835295479654e-07,9.414410044663591e-05,"I(i_1,i_2;a_1i_1i_2,a_2i_1i_2) * -2 -> R(i_1,i_2;a_1i_1i_2,a_2i_1i_2)","R(i_1,i_2;a_1i_1i_2,a_2i_1i_2)","I(i_1,i_2;a_1i_1i_2,a_2i_1i_2)",-2,"R(i_1,i_2;a_1i_1i_2,a_2i_1i_2)","i,i,a,a",";;i_1,i_2;i_1,i_2","7,7,,",7 × 7 × ? × ?,,
3,39,Permute,residual,R,6918602,,,792440,792440,423010552,1416167424,99055,,,,,"R(i_1,i_2;a_1i_1i_2,a_2i_1i_2)","R(i_1,i_2;a_1i_1i_2,a_2i_1i_2)",,,,"i,i,a,a",";;i_1,i_2;i_1,i_2","7,7,,",7 × 7 × ? × ?,,
3,40,Product,intermediate,I,889440,24888,139048,139048,139048,423010552,1416167424,17381,15288,0.0004648048868161068,4.6999745013987236e-07,0.000131903553373933,"I(i_4,i_3,i_2,i_1) * I(i_2,i_1,i_3;a_1i_1i_2) -> I(i_4,i_1,i_2;a_1i_1i_2)","I(i_4,i_1,i_2;a_1i_1i_2)","I(i_4,i_3,i_2,i_1)","I(i_2,i_1,i_3;a_1i_1i_2)","I(i_4,i_1,i_2;a_1i_1i_2)","i,i,i,a",";;;i_1,i_2","7,7,7,",7 × 7 × 7 × ?,,
3,40,Product,residual,R,1061659,139048,139048,792440,792440,423010552,1416167424,99055,98598,-3.621988551081263e-05,3.486952970085382e-11,7.517975056853187e-07,"I(i_4,i_1,i_2;a_1i_1i_2) * I(i_2,i_1,i_4;a_2i_1i_2) -> R(i_2,i_1;a_2i_1i_2,a_1i_1i_2)","R(i_2,i_1;a_2i_1i_2,a_1i_1i_2)","I(i_4,i_1,i_2;a_1i_1i_2)","I(i_2,i_1,i_4;a_2i_1i_2)","R(i_2,i_1;a_2i_1i_2,a_1i_1i_2)","i,i,a,a",";;i_1,i_2;i_1,i_2","7,7,,",7 × 7 × ? × ?,,
3,40,Permute,residual,R,172597,,,792440,792440,423010552,1416167424,99055,,,,,"R(i_2,i_1;a_2i_1i_2,a_1i_1i_2)","R(i_2,i_1;a_2i_1i_2,a_1i_1i_2)",,,,"i,i,a,a",";;i_1,i_2;i_1,i_2","7,7,,",7 × 7 × ? × ?,,
3,41,Product,intermediate,I,141120732,5490816,2207664,1843152,1843152,423010552,1416167424,230394,225036,-4.40151621547229,5.629449781118643,0.13655661305253355,"I(i_1,i_3,Κ_1;a_3i_1i_3) * I(μ̃_19779,i_3,i_1;a_3i_1i_3) -> I(μ̃_19779,i_1,Κ_1)","I(μ̃_19779,i_1,Κ_1)","I(i_1,i_3,Κ_1;a_3i_1i_3)","I(μ̃_19779,i_3,i_1;a_3i_1i_3)","I(μ̃_19779,i_1,Κ_1)","μ̃,i,Κ",;;,"114,7,282",114 × 7 × 282,1800288,1.02381
3,41,Product,intermediate,I,18174700,1843152,2226240,5490816,5490816,423010552,1416167424,686352,615888,-0.2207708494131774,0.08635133317296892,0.007496002950083781,"I(μ̃_19779,i_1,Κ_1) * I(i_2,i_1,μ̃_19779;a_1i_1i_2) -> I(i_2,i_1,Κ_1;a_1i_1i_2)","I(i_2,i_1,Κ_1;a_1i_1i_2)","I(μ̃_19779,i_1,Κ_1)","I(i_2,i_1,μ̃_19779;a_1i_1i_2)","I(i_2,i_1,Κ_1;a_1i_1i_2)","i,i,Κ,a",";;;i_1,i_2","7,7,282,",7 × 7 × 282 × ?,,
3,41,Product,intermediate,I,157525602,5490816,2207664,1843152,1843152,424731864,1416167424,230394,225036,0.7056017248174619,19.22048376484841,0.27000048724141834,"I(i_2,i_4,Κ_1;a_4i_2i_4) * I(μ̃_19781,i_2,i_4;a_4i_2i_4) -> I(μ̃_19781,i_2,Κ_1)","I(μ̃_19781,i_2,Κ_1)","I(i_2,i_4,Κ_1;a_4i_2i_4)","I(μ̃_19781,i_2,i_4;a_4i_2i_4)","I(μ̃_19781,i_2,Κ_1)","μ̃,i,Κ",;;,"114,7,282",114 × 7 × 282,1800288,1.02381
3,41,Product,intermediate,I,16911521,5490816,1843152,2226240,2226240,426958104,1416167424,278280,248976,-0.30866788068449624,0.015388229669964702,0.006965062921727773,"I(i_2,i_1,Κ_1;a_1i_1i_2) * I(μ̃_19781,i_2,Κ_1) -> I(μ̃_19781,i_1,i_2;a_1i_1i_2)","I(μ̃_19781,i_1,i_2;a_1i_1i_2)","I(i_2,i_1,Κ_1;a_1i_1i_2)","I(μ̃_19781,i_2,Κ_1)","I(μ̃_19781,i_1,i_2;a_1i_1i_2)","μ̃,i,i,a",";;;i_1,i_2","114,7,7,",114 × 7 × 7 × ?,,
3,41,Product,intermediate,I,4252367,2226240,2226240,792440,792440,427750544,1416167424,99055,98598,0.009346842503120192,3.458132383944794e-05,0.00071314690245928,"I(μ̃_19781,i_1,i_2;a_1i_1i_2) * I(i_2,i_1,μ̃_19781;a_2i_1i_2) -> I(i_2,i_1;a_1i_1i_2,a_2i_1i_2)","I(i_2,i_1;a_1i_1i_2,a_2i_1i_2)","I(μ̃_19781,i_1,i_2;a_1i_1i_2)","I(i_2,i_1,μ̃_19781;a_2i_1i_2)","I(i_2,i_1;a_1i_1i_2,a_2i_1i_2)","i,i,a,a",";;i_1,i_2;i_1,i_2","7,7,,",7 × 7 × ? × ?,,
3,41,Constant,constant,_const,1789,,,8,8,427750544,1416167424,1,,,,,-4,-4,,,,,,,scalar,8,1
3,41,Product,residual,R,129406,792440,8,792440,792440,427750544,1416167424,99055,98598,-0.03738737001248077,0.000553301181431167,0.00285258760983712,"I(i_2,i_1;a_1i_1i_2,a_2i_1i_2) * -4 -> R(i_2,i_1;a_1i_1i_2,a_2i_1i_2)","R(i_2,i_1;a_1i_1i_2,a_2i_1i_2)","I(i_2,i_1;a_1i_1i_2,a_2i_1i_2)",-4,"R(i_2,i_1;a_1i_1i_2,a_2i_1i_2)","i,i,a,a",";;i_1,i_2;i_1,i_2","7,7,,",7 × 7 × ? × ?,,
3,41,Permute,residual,R,106435,,,792440,792440,427750544,1416167424,99055,,,,,"R(i_2,i_1;a_1i_1i_2,a_2i_1i_2)","R(i_2,i_1;a_1i_1i_2,a_2i_1i_2)",,,,"i,i,a,a",";;i_1,i_2;i_1,i_2","7,7,,",7 × 7 × ? × ?,,
3,42,Tensor,leaf,g,10358,,,29489328,29489328,454221192,1416167424,3686166,3664872,328.03408291046196,123.92989425956745,0.8503952014554764,"g(μ̃_19895,μ̃_19896,Κ_1)","g(μ̃_19895,μ̃_19896,Κ_1)",,,,"μ̃,μ̃,Κ",;;,"114,114,282",114 × 114 × 282,29318976,1.00581
3,42,Product,intermediate,I,64267922,29489328,12064,1843152,1843152,456064344,1416167424,230394,225036,0.0805973586054229,0.0009800115556885167,0.0032421543104535822,"g(μ̃_19895,μ̃_19896,Κ_1) * I(μ̃_19895,i_2) -> I(μ̃_19896,i_2,Κ_1)","I(μ̃_19896,i_2,Κ_1)","g(μ̃_19895,μ̃_19896,Κ_1)","I(μ̃_19895,i_2)","I(μ̃_19896,i_2,Κ_1)","μ̃,i,Κ",;;,"114,7,282",114 × 7 × 282,1800288,1.02381
3,42,Tensor,leaf,C,15451,,,2207664,2207664,456064344,1416167424,275958,246870,-5695.615034274957,223631163.21246105,731.2730436956697,"C(i_2,i_1,μ̃_19896;a_2i_1i_2)","C(i_2,i_1,μ̃_19896;a_2i_1i_2)",,,,"i,i,μ̃,a",";;;i_1,i_2","7,7,114,",7 × 7 × 114 × ?,,
3,42,Product,intermediate,I,18553893,1843152,2207664,5490816,5490816,456064344,1416167424,686352,615888,0.008732444710039642,0.004902492992751142,0.0022002503941530777,"I(μ̃_19896,i_2,Κ_1) * C(i_2,i_1,μ̃_19896;a_2i_1i_2) -> I(i_1,i_2,Κ_1;a_2i_1i_2)","I(i_1,i_2,Κ_1;a_2i_1i_2)","I(μ̃_19896,i_2,Κ_1)","C(i_2,i_1,μ̃_19896;a_2i_1i_2)","I(i_1,i_2,Κ_1;a_2i_1i_2)","i,i,Κ,a",";;;i_1,i_2","7,7,282,",7 × 7 × 282 × ?,,
3,42,Product,intermediate,I,16696924,5490816,1843152,2226240,2226240,456064344,1416167424,278280,248976,0.008887852776371127,3.924847387618937e-05,0.00031808943463220915,"I(i_1,i_2,Κ_1;a_2i_1i_2) * I(μ̃_19898,i_1,Κ_1) -> I(μ̃_19898,i_2,i_1;a_2i_1i_2)","I(μ̃_19898,i_2,i_1;a_2i_1i_2)","I(i_1,i_2,Κ_1;a_2i_1i_2)","I(μ̃_19898,i_1,Κ_1)","I(μ̃_19898,i_2,i_1;a_2i_1i_2)","μ̃,i,i,a",";;;i_1,i_2","114,7,7,",114 × 7 × 7 × ?,,
3,42,Product,intermediate,I,4471740,2226240,2226240,792440,792440,456064344,1416167424,99055,98598,-0.00010295036522546955,4.61717228486962e-07,4.1179507016222016e-05,"I(μ̃_19898,i_2,i_1;a_2i_1i_2) * I(i_2,i_1,μ̃_19898;a_1i_1i_2) -> I(i_1,i_2;a_1i_1i_2,a_2i_1i_2)","I(i_1,i_2;a_1i_1i_2,a_2i_1i_2)","I(μ̃_19898,i_2,i_1;a_2i_1i_2)","I(i_2,i_1,μ̃_19898;a_1i_1i_2)","I(i_1,i_2;a_1i_1i_2,a_2i_1i_2)","i,i,a,a",";;i_1,i_2;i_1,i_2","7,7,,",7 × 7 × ? × ?,,
3,42,Constant,constant,_const,1834,,,8,8,456064344,1416167424,1,,,,,-2,-2,,,,,,,scalar,8,1
3,42,Product,residual,R,163271,792440,8,792440,792440,456064344,1416167424,99055,98598,0.0002059007304509391,1.846868913947848e-06,8.235901403244403e-05,"I(i_1,i_2;a_1i_1i_2,a_2i_1i_2) * -2 -> R(i_1,i_2;a_1i_1i_2,a_2i_1i_2)","R(i_1,i_2;a_1i_1i_2,a_2i_1i_2)","I(i_1,i_2;a_1i_1i_2,a_2i_1i_2)",-2,"R(i_1,i_2;a_1i_1i_2,a_2i_1i_2)","i,i,a,a",";;i_1,i_2;i_1,i_2","7,7,,",7 × 7 × ? × ?,,
3,42,Permute,residual,R,84876,,,792440,792440,456064344,1416167424,99055,,,,,"R(i_1,i_2;a_1i_1i_2,a_2i_1i_2)","R(i_1,i_2;a_1i_1i_2,a_2i_1i_2)",,,,"i,i,a,a",";;i_1,i_2;i_1,i_2","7,7,,",7 × 7 × ? × ?,,
3,43,Product,intermediate,I,18000049,5490816,1843152,2226240,2226240,456064344,1416167424,278280,248976,0.0981895533279047,0.0014373760544046936,0.002139612722549105,"I(i_2,i_1,Κ_1;a_1i_1i_2) * I(μ̃_19944,i_2,Κ_1) -> I(μ̃_19944,i_1,i_2;a_1i_1i_2)","I(μ̃_19944,i_1,i_2;a_1i_1i_2)","I(i_2,i_1,Κ_1;a_1i_1i_2)","I(μ̃_19944,i_2,Κ_1)","I(μ̃_19944,i_1,i_2;a_1i_1i_2)","μ̃,i,i,a",";;;i_1,i_2","114,7,7,",114 × 7 × 7 × ?,,
3,43,Product,residual,R,5295850,2226240,2226240,792440,792440,456064344,1416167424,99055,98598,0.007325823710937925,1.543461580116773e-05,0.0004978612292284569,"I(μ̃_19944,i_1,i_2;a_1i_1i_2) * I(i_2,i_1,μ̃_19944;a_2i_1i_2) -> R(i_2,i_1;a_2i_1i_2,a_1i_1i_2)","R(i_2,i_1;a_2i_1i_2,a_1i_1i_2)","I(μ̃_19944,i_1,i_2;a_1i_1i_2)","I(i_2,i_1,μ̃_19944;a_2i_1i_2)","R(i_2,i_1;a_2i_1i_2,a_1i_1i_2)","i,i,a,a",";;i_1,i_2;i_1,i_2","7,7,,",7 × 7 × ? × ?,,
3,43,Permute,residual,R,531490,,,792440,792440,456064344,1416167424,99055,,,,,"R(i_2,i_1;a_2i_1i_2,a_1i_1i_2)","R(i_2,i_1;a_2i_1i_2,a_1i_1i_2)",,,,"i,i,a,a",";;i_1,i_2;i_1,i_2","7,7,,",7 × 7 × ? × ?,,
3,44,Product,intermediate,I,17124294,5490816,1843152,2226240,2226240,456064344,1416167424,278280,248976,0.011834265708735827,0.0005952104636180612,0.001181037906581577,"I(i_1,i_2,Κ_1;a_2i_1i_2) * I(μ̃_19836,i_1,Κ_1) -> I(μ̃_19836,i_2,i_1;a_2i_1i_2)","I(μ̃_19836,i_2,i_1;a_2i_1i_2)","I(i_1,i_2,Κ_1;a_2i_1i_2)","I(μ̃_19836,i_1,Κ_1)","I(μ̃_19836,i_2,i_1;a_2i_1i_2)","μ̃,i,i,a",";;;i_1,i_2","114,7,7,",114 × 7 × 7 × ?,,
3,44,Product,intermediate,I,4554581,2226240,2226240,792440,792440,456064344,1416167424,99055,98598,0.00024385050040894477,1.394831281071596e-06,7.43223735281363e-05,"I(μ̃_19836,i_2,i_1;a_2i_1i_2) * I(i_2,i_1,μ̃_19836;a_1i_1i_2) -> I(i_1,i_2;a_1i_1i_2,a_2i_1i_2)","I(i_1,i_2;a_1i_1i_2,a_2i_1i_2)","I(μ̃_19836,i_2,i_1;a_2i_1i_2)","I(i_2,i_1,μ̃_19836;a_1i_1i_2)","I(i_1,i_2;a_1i_1i_2,a_2i_1i_2)","i,i,a,a",";;i_1,i_2;i_1,i_2","7,7,,",7 × 7 × ? × ?,,
3,44,Constant,constant,_const,2371,,,8,8,456064344,1416167424,1,,,,,4,4,,,,,,,scalar,8,1
3,44,Product,residual,R,177565,792440,8,792440,792440,456064344,1416167424,99055,98598,0.0009754020016357791,2.2317300497145535e-05,0.0002972894941125452,"I(i_1,i_2;a_1i_1i_2,a_2i_1i_2) * 4 -> R(i_1,i_2;a_1i_1i_2,a_2i_1i_2)","R(i_1,i_2;a_1i_1i_2,a_2i_1i_2)","I(i_1,i_2;a_1i_1i_2,a_2i_1i_2)",4,"R(i_1,i_2;a_1i_1i_2,a_2i_1i_2)","i,i,a,a",";;i_1,i_2;i_1,i_2","7,7,,",7 × 7 × ? × ?,,
3,44,Permute,residual,R,116443,,,792440,792440,456064344,1416167424,99055,,,,,"R(i_1,i_2;a_1i_1i_2,a_2i_1i_2)","R(i_1,i_2;a_1i_1i_2,a_2i_1i_2)",,,,"i,i,a,a",";;i_1,i_2;i_1,i_2","7,7,,",7 × 7 × ? × ?,,
3,45,Product,intermediate,I,15945267,5490816,1843152,2226240,2226240,456064344,1416167424,278280,248976,0.00033614451084596023,1.144678273915661e-07,1.7691768631719986e-05,"I(i_2,i_1,Κ_1;a_1i_1i_2) * I(μ̃_19917,i_2,Κ_1) -> I(μ̃_19917,i_2,i_1;a_1i_1i_2)","I(μ̃_19917,i_2,i_1;a_1i_1i_2)","I(i_2,i_1,Κ_1;a_1i_1i_2)","I(μ̃_19917,i_2,Κ_1)","I(μ̃_19917,i_2,i_1;a_1i_1i_2)","μ̃,i,i,a",";;;i_1,i_2","114,7,7,",114 × 7 × 7 × ?,,
3,45,Tensor,leaf,C,30473,,,2207664,2207664,456064344,1416167424,275958,246870,-5695.615034274957,223631163.21246105,731.2730436956697,"C(i_2,i_1,μ̃_19917;a_2i_1i_2)","C(i_2,i_1,μ̃_19917;a_2i_1i_2)",,,,"i,i,μ̃,a",";;;i_1,i_2","7,7,114,",7 × 7 × 114 × ?,,
3,45,Product,residual,R,4548695,2226240,2207664,792440,792440,456064344,1416167424,99055,98598,0.0007318788844773733,7.650036306145078e-08,1.920635873490589e-05,"I(μ̃_19917,i_2,i_1;a_1i_1i_2) * C(i_2,i_1,μ̃_19917;a_2i_1i_2) -> R(i_2,i_1;a_2i_1i_2,a_1i_1i_2)","R(i_2,i_1;a_2i_1i_2,a_1i_1i_2)","I(μ̃_19917,i_2,i_1;a_1i_1i_2)","C(i_2,i_1,μ̃_19917;a_2i_1i_2)","R(i_2,i_1;a_2i_1i_2,a_1i_1i_2)","i,i,a,a",";;i_1,i_2;i_1,i_2","7,7,,",7 × 7 × ? × ?,,
3,45,Permute,residual,R,164123,,,792440,792440,456064344,1416167424,99055,,,,,"R(i_2,i_1;a_2i_1i_2,a_1i_1i_2)","R(i_2,i_1;a_2i_1i_2,a_1i_1i_2)",,,,"i,i,a,a",";;i_1,i_2;i_1,i_2","7,7,,",7 × 7 × ? × ?,,
3,46,Product,intermediate,I,20220154,1843152,2226240,5490816,5490816,456064344,1416167424,686352,615888,-0.7380105951577062,0.16273858064099642,0.013822411903691146,"I(μ̃_19862,i_1,Κ_1) * I(i_2,i_1,μ̃_19862;a_1i_1i_2) -> I(i_2,i_1,Κ_1;a_1i_1i_2)","I(i_2,i_1,Κ_1;a_1i_1i_2)","I(μ̃_19862,i_1,Κ_1)","I(i_2,i_1,μ̃_19862;a_1i_1i_2)","I(i_2,i_1,Κ_1;a_1i_1i_2)","i,i,Κ,a",";;;i_1,i_2","7,7,282,",7 × 7 × 282 × ?,,
3,46,Product,intermediate,I,17333882,5490816,1843152,2226240,2226240,456064344,1416167424,278280,248976,-0.5931307497860098,0.03927900629927597,0.010287409222720614,"I(i_2,i_1,Κ_1;a_1i_1i_2) * I(μ̃_19864,i_2,Κ_1) -> I(μ̃_19864,i_1,i_2;a_1i_1i_2)","I(μ̃_19864,i_1,i_2;a_1i_1i_2)","I(i_2,i_1,Κ_1;a_1i_1i_2)","I(μ̃_19864,i_2,Κ_1)","I(μ̃_19864,i_1,i_2;a_1i_1i_2)","μ̃,i,i,a",";;;i_1,i_2","114,7,7,",114 × 7 × 7 × ?,,
3,46,Product,intermediate,I,4833696,2226240,2226240,792440,792440,456064344,1416167424,99055,98598,0.016774469947890922,9.225537414766572e-05,0.001118023273698313,"I(μ̃_19864,i_1,i_2;a_1i_1i_2) * I(i_2,i_1,μ̃_19864;a_2i_1i_2) -> I(i_2,i_1;a_2i_1i_2,a_1i_1i_2)","I(i_2,i_1;a_2i_1i_2,a_1i_1i_2)","I(μ̃_19864,i_1,i_2;a_1i_1i_2)","I(i_2,i_1,μ̃_19864;a_2i_1i_2)","I(i_2,i_1;a_2i_1i_2,a_1i_1i_2)","i,i,a,a",";;i_1,i_2;i_1,i_2","7,7,,",7 × 7 × ? × ?,,
3,46,Constant,constant,_const,1989,,,8,8,456064344,1416167424,1,,,,,4,4,,,,,,,scalar,8,1
3,46,Product,residual,R,277939,792440,8,792440,792440,456064344,1416167424,99055,98598,0.06709787979156369,0.0014760859863626515,0.004472093094793252,"I(i_2,i_1;a_2i_1i_2,a_1i_1i_2) * 4 -> R(i_2,i_1;a_2i_1i_2,a_1i_1i_2)","R(i_2,i_1;a_2i_1i_2,a_1i_1i_2)","I(i_2,i_1;a_2i_1i_2,a_1i_1i_2)",4,"R(i_2,i_1;a_2i_1i_2,a_1i_1i_2)","i,i,a,a",";;i_1,i_2;i_1,i_2","7,7,,",7 × 7 × ? × ?,,
3,46,Permute,residual,R,86500,,,792440,792440,456064344,1416167424,99055,,,,,"R(i_2,i_1;a_2i_1i_2,a_1i_1i_2)","R(i_2,i_1;a_2i_1i_2,a_1i_1i_2)",,,,"i,i,a,a",";;i_1,i_2;i_1,i_2","7,7,,",7 × 7 × ? × ?,,
3,47,Tensor,leaf,g,10466,,,29489328,29489328,456064344,1416167424,3686166,3664872,328.03408291046196,123.92989425956745,0.8503952014554764,"g(μ̃_19829,μ̃_19830,Κ_1)","g(μ̃_19829,μ̃_19830,Κ_1)",,,,"μ̃,μ̃,Κ",;;,"114,114,282",114 × 114 × 282,29318976,1.00581
3,47,Product,intermediate,I,81673421,121536,29489328,5179792,5179792,456064344,1416167424,647474,636804,0.10068774510508716,0.0002736028636338198,0.0016369214717202973,"I(i_3,i_1,Κ_1) * g(μ̃_19829,μ̃_19830,Κ_1) -> I(i_3,μ̃_19830,μ̃_19829,i_1)","I(i_3,μ̃_19830,μ̃_19829,i_1)","I(i_3,i_1,Κ_1)","g(μ̃_19829,μ̃_19830,Κ_1)","I(i_3,μ̃_19830,μ̃_19829,i_1)","i,μ̃,μ̃,i",;;;,"7,114,114,7",7 × 114 × 114 × 7,5094432,1.01676
3,47,Product,intermediate,I,20151970,2207664,5489512,15384928,15384928,456064344,1416167424,1923116,1726416,87.63984296809427,1483.8362022683311,0.8818633141373122,"I(μ̃_19829,i_2,i_3;a_5i_2i_3) * I(i_3,i_1,i_2;a_5i_2i_3,a_1i_1i_2) -> I(i_1,μ̃_19829,i_3,i_2;a_1i_1i_2)","I(i_1,μ̃_19829,i_3,i_2;a_1i_1i_2)","I(μ̃_19829,i_2,i_3;a_5i_2i_3)","I(i_3,i_1,i_2;a_5i_2i_3,a_1i_1i_2)","I(i_1,μ̃_19829,i_3,i_2;a_1i_1i_2)","i,μ̃,i,i,a",";;;;i_1,i_2","7,114,7,7,",7 × 114 × 7 × 7 × ?,,
3,47,Product,intermediate,I,266329020,5179792,15384928,2226240,2226240,456064344,1416167424,278280,248976,-0.00024376090119568444,1.5928989875060785e-07,2.0235455550871364e-05,"I(i_3,μ̃_19830,μ̃_19829,i_1) * I(i_1,μ̃_19829,i_3,i_2;a_1i_1i_2) -> I(μ̃_19830,i_1,i_2;a_1i_1i_2)","I(μ̃_19830,i_1,i_2;a_1i_1i_2)","I(i_3,μ̃_19830,μ̃_19829,i_1)","I(i_1,μ̃_19829,i_3,i_2;a_1i_1i_2)","I(μ̃_19830,i_1,i_2;a_1i_1i_2)","μ̃,i,i,a",";;;i_1,i_2","114,7,7,",114 × 7 × 7 × ?,,
3,47,Tensor,leaf,C,12777,,,2207664,2207664,456064344,1416167424,275958,246870,-5695.615034274957,223631163.21246105,731.2730436956697,"C(i_2,i_1,μ̃_19830;a_2i_1i_2)","C(i_2,i_1,μ̃_19830;a_2i_1i_2)",,,,"i,i,μ̃,a",";;;i_1,i_2","7,7,114,",7 × 7 × 114 × ?,,
3,47,Product,intermediate,I,4398735,2226240,2207664,792440,792440,456064344,1416167424,99055,98598,-0.00021530378712433996,1.429483829065892e-07,2.2130592857049653e-05,"I(μ̃_19830,i_1,i_2;a_1i_1i_2) * C(i_2,i_1,μ̃_19830;a_2i_1i_2) -> I(i_1,i_2;a_2i_1i_2,a_1i_1i_2)","I(i_1,i_2;a_2i_1i_2,a_1i_1i_2)","I(μ̃_19830,i_1,i_2;a_1i_1i_2)","C(i_2,i_1,μ̃_19830;a_2i_1i_2)","I(i_1,i_2;a_2i_1i_2,a_1i_1i_2)","i,i,a,a",";;i_1,i_2;i_1,i_2","7,7,,",7 × 7 × ? × ?,,
3,47,Constant,constant,_const,2316,,,8,8,456064344,1416167424,1,,,,,-2,-2,,,,,,,scalar,8,1
3,47,Product,residual,R,4538302,792440,8,792440,792440,456064344,1416167424,99055,98598,0.0004306075742486799,5.717935316263568e-07,4.4261185714099306e-05,"I(i_1,i_2;a_2i_1i_2,a_1i_1i_2) * -2 -> R(i_1,i_2;a_2i_1i_2,a_1i_1i_2)","R(i_1,i_2;a_2i_1i_2,a_1i_1i_2)","I(i_1,i_2;a_2i_1i_2,a_1i_1i_2)",-2,"R(i_1,i_2;a_2i_1i_2,a_1i_1i_2)","i,i,a,a",";;i_1,i_2;i_1,i_2","7,7,,",7 × 7 × ? × ?,,
3,47,Permute,residual,R,95040,,,792440,792440,456064344,1416167424,99055,,,,,"R(i_1,i_2;a_2i_1i_2,a_1i_1i_2)","R(i_1,i_2;a_2i_1i_2,a_1i_1i_2)",,,,"i,i,a,a",";;i_1,i_2;i_1,i_2","7,7,,",7 × 7 × ? × ?,,
3,48,Product,intermediate,I,20416492,2207664,5489512,15384928,15384928,456064344,1416167424,1923116,1726416,83.76984899230655,1744.91128997256,0.881863314143104,"I(μ̃_19880,i_3,i_2;a_5i_2i_3) * I(i_1,i_3,i_2;a_2i_1i_2,a_5i_2i_3) -> I(i_1,μ̃_19880,i_3,i_2;a_2i_1i_2)","I(i_1,μ̃_19880,i_3,i_2;a_2i_1i_2)","I(μ̃_19880,i_3,i_2;a_5i_2i_3)","I(i_1,i_3,i_2;a_2i_1i_2,a_5i_2i_3)","I(i_1,μ̃_19880,i_3,i_2;a_2i_1i_2)","i,μ̃,i,i,a",";;;;i_1,i_2","7,114,7,7,",7 × 114 × 7 × 7 × ?,,
3,48,Product,intermediate,I,289688338,5179792,15384928,2226240,2226240,456064344,1416167424,278280,248976,-2.5204741366063528e-05,1.8654838768002993e-07,2.0714642771301583e-05,"I(i_3,μ̃_19881,μ̃_19880,i_1) * I(i_1,μ̃_19880,i_3,i_2;a_2i_1i_2) -> I(μ̃_19881,i_1,i_2;a_2i_1i_2)","I(μ̃_19881,i_1,i_2;a_2i_1i_2)","I(i_3,μ̃_19881,μ̃_19880,i_1)","I(i_1,μ̃_19880,i_3,i_2;a_2i_1i_2)","I(μ̃_19881,i_1,i_2;a_2i_1i_2)","μ̃,i,i,a",";;;i_1,i_2","114,7,7,",114 × 7 × 7 × ?,,
3,48,Tensor,leaf,C,17734,,,2207664,2207664,456064344,1416167424,275958,246870,-5695.615034274957,223631163.21246105,731.2730436956697,"C(i_2,i_1,μ̃_19881;a_1i_1i_2)","C(i_2,i_1,μ̃_19881;a_1i_1i_2)",,,,"i,i,μ̃,a",";;;i_1,i_2","7,7,114,",7 × 7 × 114 × ?,,
3,48,Product,intermediate,I,4987510,2226240,2207664,792440,792440,456064344,1416167424,99055,98598,1.1248135594726671e-05,1.7919861985434447e-07,2.8210042878502458e-05,"I(μ̃_19881,i_1,i_2;a_2i_1i_2) * C(i_2,i_1,μ̃_19881;a_1i_1i_2) -> I(i_1,i_2;a_1i_1i_2,a_2i_1i_2)","I(i_1,i_2;a_1i_1i_2,a_2i_1i_2)","I(μ̃_19881,i_1,i_2;a_2i_1i_2)","C(i_2,i_1,μ̃_19881;a_1i_1i_2)","I(i_1,i_2;a_1i_1i_2,a_2i_1i_2)","i,i,a,a",";;i_1,i_2;i_1,i_2","7,7,,",7 × 7 × ? × ?,,
3,48,Constant,constant,_const,1741,,,8,8,456064344,1416167424,1,,,,,-2,-2,,,,,,,scalar,8,1
3,48,Product,residual,R,3271408,792440,8,792440,792440,456064344,1416167424,99055,98598,-2.2496271189453343e-05,7.167944794173779e-07,5.6420085757004917e-05,"I(i_1,i_2;a_1i_1i_2,a_2i_1i_2) * -2 -> R(i_1,i_2;a_1i_1i_2,a_2i_1i_2)","R(i_1,i_2;a_1i_1i_2,a_2i_1i_2)","I(i_1,i_2;a_1i_1i_2,a_2i_1i_2)",-2,"R(i_1,i_2;a_1i_1i_2,a_2i_1i_2)","i,i,a,a",";;i_1,i_2;i_1,i_2","7,7,,",7 × 7 × ? × ?,,
3,48,Permute,residual,R,74170,,,792440,792440,456064344,1416167424,99055,,,,,"R(i_1,i_2;a_1i_1i_2,a_2i_1i_2)","R(i_1,i_2;a_1i_1i_2,a_2i_1i_2)",,,,"i,i,a,a",";;i_1,i_2;i_1,i_2","7,7,,",7 × 7 × ? × ?,,
3,49,Product,intermediate,I,26854628,24888,5179792,5179792,5179792,456064344,1416167424,647474,636804,-23631.847912696227,8242635.374360969,320.63065133946066,"I(i_3,i_1,i_4,i_2) * I(μ̃_19841,μ̃_19839,i_4,i_3) -> I(i_2,i_1,μ̃_19841,μ̃_19839)","I(i_2,i_1,μ̃_19841,μ̃_19839)","I(i_3,i_1,i_4,i_2)","I(μ̃_19841,μ̃_19839,i_4,i_3)","I(i_2,i_1,μ̃_19841,μ̃_19839)","i,i,μ̃,μ̃",;;;,"7,7,114,114",7 × 7 × 114 × 114,5094432,1.01676
3,49,Product,intermediate,I,13889468,5179792,2226240,2226240,2226240,456064344,1416167424,278280,248976,9.668934068678151,49.403024506333445,0.5066793094309898,"I(i_2,i_1,μ̃_19841,μ̃_19839) * I(i_2,i_1,μ̃_19839;a_1i_1i_2) -> I(i_1,i_2,μ̃_19841;a_1i_1i_2)","I(i_1,i_2,μ̃_19841;a_1i_1i_2)","I(i_2,i_1,μ̃_19841,μ̃_19839)","I(i_2,i_1,μ̃_19839;a_1i_1i_2)","I(i_1,i_2,μ̃_19841;a_1i_1i_2)","i,i,μ̃,a",";;;i_1,i_2","7,7,114,",7 × 7 × 114 × ?,,
3,49,Product,residual,R,4467363,2226240,2226240,792440,792440,456064344,1416167424,99055,98598,-1.1376220216663222,0.039505657337723946,0.02033991473072085,"I(i_1,i_2,μ̃_19841;a_1i_1i_2) * I(i_2,i_1,μ̃_19841;a_2i_1i_2) -> R(i_2,i_1;a_2i_1i_2,a_1i_1i_2)","R(i_2,i_1;a_2i_1i_2,a_1i_1i_2)","I(i_1,i_2,μ̃_19841;a_1i_1i_2)","I(i_2,i_1,μ̃_19841;a_2i_1i_2)","R(i_2,i_1;a_2i_1i_2,a_1i_1i_2)","i,i,a,a",";;i_1,i_2;i_1,i_2","7,7,,",7 × 7 × ? × ?,,
3,49,Permute,residual,R,3885893,,,792440,792440,456064344,1416167424,99055,,,,,"R(i_2,i_1;a_2i_1i_2,a_1i_1i_2)","R(i_2,i_1;a_2i_1i_2,a_1i_1i_2)",,,,"i,i,a,a",";;i_1,i_2;i_1,i_2","7,7,,",7 × 7 × ? × ?,,
3,50,Tensor,leaf,t,2222,,,792440,792440,456064344,1416167424,99055,98598,-1.6376837457354991,0.10417720168326705,0.029695591403256404,"t(i_2,i_4;a_6i_2i_4,a_3i_2i_4)","t(i_2,i_4;a_6i_2i_4,a_3i_2i_4)",,,,"i,i,a,a",";;i_2,i_4;i_2,i_4","7,7,,",7 × 7 × ? × ?,,
3,50,Product,intermediate,I,5480142,5489512,792440,5489512,5489512,456064344,1416167424,686189,684096,-3.304320943593143,0.7218967961601538,0.029695591403256356,"I(i_4,i_1,i_2;a_6i_2i_4,a_2i_1i_2) * t(i_2,i_4;a_6i_2i_4,a_3i_2i_4) -> I(i_1,i_4,i_2;a_2i_1i_2,a_3i_2i_4)","I(i_1,i_4,i_2;a_2i_1i_2,a_3i_2i_4)","I(i_4,i_1,i_2;a_6i_2i_4,a_2i_1i_2)","t(i_2,i_4;a_6i_2i_4,a_3i_2i_4)","I(i_1,i_4,i_2;a_2i_1i_2,a_3i_2i_4)","i,i,i,a,a",";;;i_1,i_2;i_2,i_4","7,7,7,,",7 × 7 × 7 × ? × ?,,
3,50,Product,intermediate,I,30633416,38260568,5489512,5489512,5489512,456064344,1416167424,686189,684096,-1.6540176371795257,0.01690565696170519,0.0052750572606089586,"I(i_2,i_1,i_4,i_3;a_3i_2i_4,a_4i_1i_3) * I(i_1,i_4,i_2;a_2i_1i_2,a_3i_2i_4) -> I(i_1,i_3,i_2;a_4i_1i_3,a_2i_1i_2)","I(i_1,i_3,i_2;a_4i_1i_3,a_2i_1i_2)","I(i_2,i_1,i_4,i_3;a_3i_2i_4,a_4i_1i_3)","I(i_1,i_4,i_2;a_2i_1i_2,a_3i_2i_4)","I(i_1,i_3,i_2;a_4i_1i_3,a_2i_1i_2)","i,i,i,a,a",";;;i_1,i_3;i_1,i_2","7,7,7,,",7 × 7 × 7 × ? × ?,,
3,50,Product,intermediate,I,7571744,5489512,5489512,792440,792440,456064344,1416167424,99055,98598,0.008941080987615367,2.551746899817773e-05,0.0005989339233257169,"I(i_1,i_3,i_2;a_4i_1i_3,a_2i_1i_2) * I(i_2,i_3,i_1;a_1i_1i_2,a_4i_1i_3) -> I(i_1,i_2;a_1i_1i_2,a_2i_1i_2)","I(i_1,i_2;a_1i_1i_2,a_2i_1i_2)","I(i_1,i_3,i_2;a_4i_1i_3,a_2i_1i_2)","I(i_2,i_3,i_1;a_1i_1i_2,a_4i_1i_3)","I(i_1,i_2;a_1i_1i_2,a_2i_1i_2)","i,i,a,a",";;i_1,i_2;i_1,i_2","7,7,,",7 × 7 × ? × ?,,
3,50,Constant,constant,_const,1532,,,8,8,456064344,1416167424,1,,,,,-2,-2,,,,,,,scalar,8,1
3,50,Product,residual,R,122411,792440,8,792440,792440,456064344,1416167424,99055,98598,-0.017882161975230734,0.00010206987599271092,0.0011978678466514339,"I(i_1,i_2;a_1i_1i_2,a_2i_1i_2) * -2 -> R(i_1,i_2;a_1i_1i_2,a_2i_1i_2)","R(i_1,i_2;a_1i_1i_2,a_2i_1i_2)","I(i_1,i_2;a_1i_1i_2,a_2i_1i_2)",-2,"R(i_1,i_2;a_1i_1i_2,a_2i_1i_2)","i,i,a,a",";;i_1,i_2;i_1,i_2","7,7,,",7 × 7 × ? × ?,,
3,50,Permute,residual,R,72734,,,792440,792440,456064344,1416167424,99055,,,,,"R(i_1,i_2;a_1i_1i_2,a_2i_1i_2)","R(i_1,i_2;a_1i_1i_2,a_2i_1i_2)",,,,"i,i,a,a",";;i_1,i_2;i_1,i_2","7,7,,",7 × 7 × ? × ?,,
3,51,Tensor,leaf,t,1972,,,792440,792440,456064344,1416167424,99055,98598,-1.6376837457354991,0.10417720168326705,0.029695591403256404,"t(i_4,i_1;a_4i_1i_4,a_3i_1i_4)","t(i_4,i_1;a_4i_1i_4,a_3i_1i_4)",,,,"i,i,a,a",";;i_1,i_4;i_1,i_4","7,7,,",7 × 7 × ? × ?,,
3,51,Product,intermediate,I,4799201,5538232,792440,2088,2088,456064344,1416167424,261,49,-0.3197583173389329,0.012689281931302037,0.04554500892640889,"I(i_1,i_3,i_4;a_3i_1i_4,a_4i_1i_4) * t(i_4,i_1;a_4i_1i_4,a_3i_1i_4) -> I(i_3,i_1)","I(i_3,i_1)","I(i_1,i_3,i_4;a_3i_1i_4,a_4i_1i_4)","t(i_4,i_1;a_4i_1i_4,a_3i_1i_4)","I(i_3,i_1)","i,i",;,"7,7",7 × 7,392,5.32653
3,51,Product,intermediate,I,2239157,2088,5489512,5489512,5489512,456064344,1416167424,686189,684084,-92.72062678166319,3.9647191804642596,0.045545008947275804,"I(i_3,i_1) * I(i_3,i_1,i_2;a_6i_2i_3,a_2i_1i_2) -> I(i_2,i_3,i_1;a_6i_2i_3,a_2i_1i_2)","I(i_2,i_3,i_1;a_6i_2i_3,a_2i_1i_2)","I(i_3,i_1)","I(i_3,i_1,i_2;a_6i_2i_3,a_2i_1i_2)","I(i_2,i_3,i_1;a_6i_2i_3,a_2i_1i_2)","i,i,i,a,a",";;;i_2,i_3;i_1,i_2","7,7,7,,",7 × 7 × 7 × ? × ?,,
3,51,Product,intermediate,I,5808272,5489512,5489512,792440,792440,456064344,1416167424,99055,98598,0.07648973893981052,0.0001943716746770255,0.0014335853570209998,"I(i_2,i_3,i_1;a_6i_2i_3,a_2i_1i_2) * I(i_1,i_3,i_2;a_1i_1i_2,a_6i_2i_3) -> I(i_2,i_1;a_1i_1i_2,a_2i_1i_2)","I(i_2,i_1;a_1i_1i_2,a_2i_1i_2)","I(i_2,i_3,i_1;a_6i_2i_3,a_2i_1i_2)","I(i_1,i_3,i_2;a_1i_1i_2,a_6i_2i_3)","I(i_2,i_1;a_1i_1i_2,a_2i_1i_2)","i,i,a,a",";;i_1,i_2;i_1,i_2","7,7,,",7 × 7 × ? × ?,,
3,51,Constant,constant,_const,1769,,,8,8,456064344,1416167424,1,,,,,-4,-4,,,,,,,scalar,8,1
3,51,Product,residual,R,90883,792440,8,792440,792440,456064344,1416167424,99055,98598,-0.3059589557592421,0.003109946794832408,0.005734341428083999,"I(i_2,i_1;a_1i_1i_2,a_2i_1i_2) * -4 -> R(i_2,i_1;a_1i_1i_2,a_2i_1i_2)","R(i_2,i_1;a_1i_1i_2,a_2i_1i_2)","I(i_2,i_1;a_1i_1i_2,a_2i_1i_2)",-4,"R(i_2,i_1;a_1i_1i_2,a_2i_1i_2)","i,i,a,a",";;i_1,i_2;i_1,i_2","7,7,,",7 × 7 × ? × ?,,
3,51,Permute,residual,R,116627,,,792440,792440,456064344,1416167424,99055,,,,,"R(i_2,i_1;a_1i_1i_2,a_2i_1i_2)","R(i_2,i_1;a_1i_1i_2,a_2i_1i_2)",,,,"i,i,a,a",";;i_1,i_2;i_1,i_2","7,7,,",7 × 7 × ? × ?,,
3,52,Tensor,leaf,t,2724,,,5488,5488,456064344,1416167424,686,522,0.03847848950810251,0.0005173156123969507,0.004694637552147508,t(i_1;a_3i_1),t(i_1;a_3i_1),,,,"i,a",;i_1,"7,",7 × ?,,
3,52,Product,intermediate,I,272008,384,5488,384,384,456064344,1416167424,48,0,0.0,0.0,0.0,"I(i_1,i_3;a_3i_1) * t(i_1;a_3i_1) -> I(i_3,i_1)","I(i_3,i_1)","I(i_1,i_3;a_3i_1)",t(i_1;a_3i_1),"I(i_3,i_1)","i,i",;,"7,7",7 × 7,392,0.979592
3,52,Product,intermediate,I,272792,384,5489512,400,400,456064344,1416167424,50,0,0.0,0.0,0.0,"I(i_3,i_1) * I(i_1,i_3,i_2;a_2i_1i_2,a_5i_2i_3) -> I(i_2,i_3,i_1;a_5i_2i_3,a_2i_1i_2)","I(i_2,i_3,i_1;a_5i_2i_3,a_2i_1i_2)","I(i_3,i_1)","I(i_1,i_3,i_2;a_2i_1i_2,a_5i_2i_3)","I(i_2,i_3,i_1;a_5i_2i_3,a_2i_1i_2)","i,i,i,a,a",";;;i_2,i_3;i_1,i_2","7,7,7,,",7 × 7 × 7 × ? × ?,,
3,52,Product,intermediate,I,306932,400,5489512,384,384,456064344,1416167424,48,0,0.0,0.0,0.0,"I(i_2,i_3,i_1;a_5i_2i_3,a_2i_1i_2) * I(i_1,i_3,i_2;a_1i_1i_2,a_5i_2i_3) -> I(i_1,i_2;a_2i_1i_2,a_1i_1i_2)","I(i_1,i_2;a_2i_1i_2,a_1i_1i_2)","I(i_2,i_3,i_1;a_5i_2i_3,a_2i_1i_2)","I(i_1,i_3,i_2;a_1i_1i_2,a_5i_2i_3)","I(i_1,i_2;a_2i_1i_2,a_1i_1i_2)","i,i,a,a",";;i_1,i_2;i_1,i_2","7,7,,",7 × 7 × ? × ?,,
3,52,Constant,constant,_const,1073,,,8,8,456064344,1416167424,1,,,,,-2,-2,,,,,,,scalar,8,1
3,52,Product,residual,R,59075,384,8,384,384,456064344,1416167424,48,0,0.0,0.0,0.0,"I(i_1,i_2;a_2i_1i_2,a_1i_1i_2) * -2 -> R(i_1,i_2;a_2i_1i_2,a_1i_1i_2)","R(i_1,i_2;a_2i_1i_2,a_1i_1i_2)","I(i_1,i_2;a_2i_1i_2,a_1i_1i_2)",-2,"R(i_1,i_2;a_2i_1i_2,a_1i_1i_2)","i,i,a,a",";;i_1,i_2;i_1,i_2","7,7,,",7 × 7 × ? × ?,,
3,52,Permute,residual,R,61458,,,384,384,456064344,1416167424,48,,,,,"R(i_1,i_2;a_2i_1i_2,a_1i_1i_2)","R(i_1,i_2;a_2i_1i_2,a_1i_1i_2)",,,,"i,i,a,a",";;i_1,i_2;i_1,i_2","7,7,,",7 × 7 × ? × ?,,
3,53,Product,intermediate,I,35096737,38260568,5489512,5489512,5489512,456064344,1416167424,686189,684096,-2.1235786859337615,0.015796819378955676,0.005694063680388458,"I(i_2,i_1,i_4,i_3;a_3i_2i_4,a_4i_1i_3) * I(i_1,i_4,i_2;a_1i_1i_2,a_3i_2i_4) -> I(i_1,i_3,i_2;a_4i_1i_3,a_1i_1i_2)","I(i_1,i_3,i_2;a_4i_1i_3,a_1i_1i_2)","I(i_2,i_1,i_4,i_3;a_3i_2i_4,a_4i_1i_3)","I(i_1,i_4,i_2;a_1i_1i_2,a_3i_2i_4)","I(i_1,i_3,i_2;a_4i_1i_3,a_1i_1i_2)","i,i,i,a,a",";;;i_1,i_3;i_1,i_2","7,7,7,,",7 × 7 × 7 × ? × ?,,
3,53,Product,residual,R,6396988,5489512,5489512,792440,792440,456064344,1416167424,99055,98598,0.00950137420818509,1.1149143065653999e-05,0.00047023890012229733,"I(i_1,i_3,i_2;a_4i_1i_3,a_1i_1i_2) * I(i_2,i_3,i_1;a_2i_1i_2,a_4i_1i_3) -> R(i_1,i_2;a_2i_1i_2,a_1i_1i_2)","R(i_1,i_2;a_2i_1i_2,a_1i_1i_2)","I(i_1,i_3,i_2;a_4i_1i_3,a_1i_1i_2)","I(i_2,i_3,i_1;a_2i_1i_2,a_4i_1i_3)","R(i_1,i_2;a_2i_1i_2,a_1i_1i_2)","i,i,a,a",";;i_1,i_2;i_1,i_2","7,7,,",7 × 7 × ? × ?,,
3,53,Permute,residual,R,104583,,,792440,792440,456064344,1416167424,99055,,,,,"R(i_1,i_2;a_2i_1i_2,a_1i_1i_2)","R(i_1,i_2;a_2i_1i_2,a_1i_1i_2)",,,,"i,i,a,a",";;i_1,i_2;i_1,i_2","7,7,,",7 × 7 × ? × ?,,
3,54,Product,intermediate,I,7222233,5489512,5489512,792440,792440,456064344,1416167424,99055,98598,0.00707699575381012,1.4005454043626477e-05,0.0004804078802177406,"I(i_2,i_3,i_1;a_4i_2i_3,a_1i_1i_2) * I(i_1,i_3,i_2;a_2i_1i_2,a_4i_2i_3) -> I(i_2,i_1;a_1i_1i_2,a_2i_1i_2)","I(i_2,i_1;a_1i_1i_2,a_2i_1i_2)","I(i_2,i_3,i_1;a_4i_2i_3,a_1i_1i_2)","I(i_1,i_3,i_2;a_2i_1i_2,a_4i_2i_3)","I(i_2,i_1;a_1i_1i_2,a_2i_1i_2)","i,i,a,a",";;i_1,i_2;i_1,i_2","7,7,,",7 × 7 × ? × ?,,
3,54,Constant,constant,_const,1538,,,8,8,456064344,1416167424,1,,,,,2,2,,,,,,,scalar,8,1
3,54,Product,residual,R,95488,792440,8,792440,792440,456064344,1416167424,99055,98598,0.01415399150762024,5.602181617450591e-05,0.0009608157604354812,"I(i_2,i_1;a_1i_1i_2,a_2i_1i_2) * 2 -> R(i_2,i_1;a_1i_1i_2,a_2i_1i_2)","R(i_2,i_1;a_1i_1i_2,a_2i_1i_2)","I(i_2,i_1;a_1i_1i_2,a_2i_1i_2)",2,"R(i_2,i_1;a_1i_1i_2,a_2i_1i_2)","i,i,a,a",";;i_1,i_2;i_1,i_2","7,7,,",7 × 7 × ? × ?,,
3,54,Permute,residual,R,108516,,,792440,792440,456064344,1416167424,99055,,,,,"R(i_2,i_1;a_1i_1i_2,a_2i_1i_2)","R(i_2,i_1;a_1i_1i_2,a_2i_1i_2)",,,,"i,i,a,a",";;i_1,i_2;i_1,i_2","7,7,,",7 × 7 × ? × ?,,
3,55,Tensor,leaf,t,2104,,,792440,792440,456064344,1416167424,99055,98598,-1.6376837457354991,0.10417720168326705,0.029695591403256404,"t(i_3,i_1;a_4i_1i_3,a_3i_1i_3)","t(i_3,i_1;a_4i_1i_3,a_3i_1i_3)",,,,"i,i,a,a",";;i_1,i_3;i_1,i_3","7,7,,",7 × 7 × ? × ?,,
3,55,Product,intermediate,I,1246265,5538232,792440,2088,2088,456064344,1416167424,261,49,-0.24054162173817034,0.007467484992974534,0.03296723045387932,"I(i_1,i_4,i_3;a_4i_1i_3,a_3i_1i_3) * t(i_3,i_1;a_4i_1i_3,a_3i_1i_3) -> I(i_4,i_1)","I(i_4,i_1)","I(i_1,i_4,i_3;a_4i_1i_3,a_3i_1i_3)","t(i_3,i_1;a_4i_1i_3,a_3i_1i_3)","I(i_4,i_1)","i,i",;,"7,7",7 × 7,392,5.32653
3,55,Product,intermediate,I,2400850,2088,5489512,5489512,5489512,456064344,1416167424,686189,684084,-71.11937541088685,2.3202700168546215,0.03296723046316589,"I(i_4,i_1) * I(i_4,i_1,i_2;a_6i_2i_4,a_2i_1i_2) -> I(i_2,i_4,i_1;a_6i_2i_4,a_2i_1i_2)","I(i_2,i_4,i_1;a_6i_2i_4,a_2i_1i_2)","I(i_4,i_1)","I(i_4,i_1,i_2;a_6i_2i_4,a_2i_1i_2)","I(i_2,i_4,i_1;a_6i_2i_4,a_2i_1i_2)","i,i,i,a,a",";;;i_2,i_4;i_1,i_2","7,7,7,,",7 × 7 × 7 × ? × ?,,
3,55,Product,intermediate,I,5343076,5489512,5489512,792440,792440,456064344,1416167424,99055,98598,0.05653798768217057,0.00011253447043115366,0.0009300554161351928,"I(i_2,i_4,i_1;a_6i_2i_4,a_2i_1i_2) * I(i_1,i_4,i_2;a_1i_1i_2,a_6i_2i_4) -> I(i_2,i_1;a_1i_1i_2,a_2i_1i_2)","I(i_2,i_1;a_1i_1i_2,a_2i_1i_2)","I(i_2,i_4,i_1;a_6i_2i_4,a_2i_1i_2)","I(i_1,i_4,i_2;a_1i_1i_2,a_6i_2i_4)","I(i_2,i_1;a_1i_1i_2,a_2i_1i_2)","i,i,a,a",";;i_1,i_2;i_1,i_2","7,7,,",7 × 7 × ? × ?,,
3,55,Constant,constant,_const,2629,,,8,8,456064344,1416167424,1,,,,,2,2,,,,,,,scalar,8,1
3,55,Product,residual,R,156594,792440,8,792440,792440,456064344,1416167424,99055,98598,0.11307597536434114,0.00045013788172461463,0.0018601108322703855,"I(i_2,i_1;a_1i_1i_2,a_2i_1i_2) * 2 -> R(i_2,i_1;a_1i_1i_2,a_2i_1i_2)","R(i_2,i_1;a_1i_1i_2,a_2i_1i_2)","I(i_2,i_1;a_1i_1i_2,a_2i_1i_2)",2,"R(i_2,i_1;a_1i_1i_2,a_2i_1i_2)","i,i,a,a",";;i_1,i_2;i_1,i_2","7,7,,",7 × 7 × ? × ?,,
3,55,Permute,residual,R,77421,,,792440,792440,456064344,1416167424,99055,,,,,"R(i_2,i_1;a_1i_1i_2,a_2i_1i_2)","R(i_2,i_1;a_1i_1i_2,a_2i_1i_2)",,,,"i,i,a,a",";;i_1,i_2;i_1,i_2","7,7,,",7 × 7 × ? × ?,,
3,56,Tensor,leaf,g,8619,,,1843152,1843152,456064344,1416167424,230394,225036,-13.7135187938935,9.824790694343452,0.19254784769834188,"g(μ̃_19885,i_4,Κ_1)","g(μ̃_19885,i_4,Κ_1)",,,,"μ̃,i,Κ",;;,"114,7,282",114 × 7 × 282,1800288,1.02381
3,56,Product,intermediate,I,2152395,121536,1843152,12064,12064,456064344,1416167424,1508,798,0.006208948705957705,1.9731690459528932e-05,0.0007761347783906031,"I(i_3,i_4,Κ_1) * g(μ̃_19885,i_4,Κ_1) -> I(i_3,μ̃_19885)","I(i_3,μ̃_19885)","I(i_3,i_4,Κ_1)","g(μ̃_19885,i_4,Κ_1)","I(i_3,μ̃_19885)","i,μ̃",;,"7,114",7 × 114,6384,1.88972
3,56,Product,intermediate,I,431221,12064,12064,2088,2088,456064344,1416167424,261,49,6.433813933848092e-05,7.035978901947867e-10,9.909437942383246e-06,"I(i_3,μ̃_19885) * I(μ̃_19885,i_2) -> I(i_3,i_2)","I(i_3,i_2)","I(i_3,μ̃_19885)","I(μ̃_19885,i_2)","I(i_3,i_2)","i,i",;,"7,7",7 × 7,392,5.32653
3,56,Product,intermediate,I,2497316,2088,5489512,5489512,5489512,456064344,1416167424,686189,684084,0.020911686406638215,2.1258940349782986e-07,9.909437945174642e-06,"I(i_3,i_2) * I(i_2,i_3,i_1;a_2i_1i_2,a_6i_1i_3) -> I(i_1,i_3,i_2;a_6i_1i_3,a_2i_1i_2)","I(i_1,i_3,i_2;a_6i_1i_3,a_2i_1i_2)","I(i_3,i_2)","I(i_2,i_3,i_1;a_2i_1i_2,a_6i_1i_3)","I(i_1,i_3,i_2;a_6i_1i_3,a_2i_1i_2)","i,i,i,a,a",";;;i_1,i_3;i_1,i_2","7,7,7,,",7 × 7 × 7 × ? × ?,,
3,56,Product,intermediate,I,6166016,5489512,5489512,792440,792440,456064344,1416167424,99055,98598,-1.3942801219908363e-05,1.0869064473257632e-11,2.7395554291874114e-07,"I(i_1,i_3,i_2;a_6i_1i_3,a_2i_1i_2) * I(i_2,i_3,i_1;a_1i_1i_2,a_6i_1i_3) -> I(i_1,i_2;a_1i_1i_2,a_2i_1i_2)","I(i_1,i_2;a_1i_1i_2,a_2i_1i_2)","I(i_1,i_3,i_2;a_6i_1i_3,a_2i_1i_2)","I(i_2,i_3,i_1;a_1i_1i_2,a_6i_1i_3)","I(i_1,i_2;a_1i_1i_2,a_2i_1i_2)","i,i,a,a",";;i_1,i_2;i_1,i_2","7,7,,",7 × 7 × ? × ?,,
3,56,Constant,constant,_const,1855,,,8,8,456064344,1416167424,1,,,,,2,2,,,,,,,scalar,8,1
3,56,Product,residual,R,107194,792440,8,792440,792440,456064344,1416167424,99055,98598,-2.7885602439816726e-05,4.347625789303053e-11,5.479110858374823e-07,"I(i_1,i_2;a_1i_1i_2,a_2i_1i_2) * 2 -> R(i_1,i_2;a_1i_1i_2,a_2i_1i_2)","R(i_1,i_2;a_1i_1i_2,a_2i_1i_2)","I(i_1,i_2;a_1i_1i_2,a_2i_1i_2)",2,"R(i_1,i_2;a_1i_1i_2,a_2i_1i_2)","i,i,a,a",";;i_1,i_2;i_1,i_2","7,7,,",7 × 7 × ? × ?,,
3,56,Permute,residual,R,71937,,,792440,792440,456064344,1416167424,99055,,,,,"R(i_1,i_2;a_1i_1i_2,a_2i_1i_2)","R(i_1,i_2;a_1i_1i_2,a_2i_1i_2)",,,,"i,i,a,a",";;i_1,i_2;i_1,i_2","7,7,,",7 × 7 × ? × ?,,
3,57,Tensor,leaf,g,26656,,,121536,121536,456064344,1416167424,15192,13818,10.313570711990552,5.229066732803696,0.3618052751837735,"g(i_2,i_3,Κ_1)","g(i_2,i_3,Κ_1)",,,,"i,i,Κ",;;,"7,7,282",7 × 7 × 282,110544,1.09944
3,57,Tensor,leaf,g,6367,,,1843152,1843152,456064344,1416167424,230394,225036,-13.7135187938935,9.824790694343452,0.19254784769834188,"g(μ̃_19890,i_4,Κ_1)","g(μ̃_19890,i_4,Κ_1)",,,,"μ̃,i,Κ",;;,"114,7,282",114 × 7 × 282,1800288,1.02381
3,57,Product,intermediate,I,1637321,1843152,12064,5280,5280,456064344,1416167424,660,282,0.015864289887025103,8.090936327386262e-05,0.0031736275884620105,"g(μ̃_19890,i_4,Κ_1) * I(μ̃_19890,i_4) -> I(Κ_1)",I(Κ_1),"g(μ̃_19890,i_4,Κ_1)","I(μ̃_19890,i_4)",I(Κ_1),Κ,,282,282,2256,2.34043
3,57,Product,intermediate,I,586274,121536,5280,2088,2088,456064344,1416167424,261,49,0.007750040076902569,1.4155868060131338e-05,0.0026564775573378963,"g(i_2,i_3,Κ_1) * I(Κ_1) -> I(i_3,i_2)","I(i_3,i_2)","g(i_2,i_3,Κ_1)",I(Κ_1),"I(i_3,i_2)","i,i",;,"7,7",7 × 7,392,5.32653
3,57,Product,intermediate,I,2439626,2088,5489512,5489512,5489512,456064344,1416167424,686189,684084,2.9062108744702173,0.004679949704923637,0.0026564775585549887,"I(i_3,i_2) * I(i_2,i_3,i_1;a_2i_1i_2,a_5i_1i_3) -> I(i_1,i_2,i_3;a_2i_1i_2,a_5i_1i_3)","I(i_1,i_2,i_3;a_2i_1i_2,a_5i_1i_3)","I(i_3,i_2)","I(i_2,i_3,i_1;a_2i_1i_2,a_5i_1i_3)","I(i_1,i_2,i_3;a_2i_1i_2,a_5i_1i_3)","i,i,i,a,a",";;;i_1,i_2;i_1,i_3","7,7,7,,",7 × 7 × 7 × ? × ?,,
3,57,Product,intermediate,I,7250045,5489512,5489512,792440,792440,456064344,1416167424,99055,98598,-0.0020148119728183632,2.0518607090455745e-07,7.629690303743293e-05,"I(i_1,i_2,i_3;a_2i_1i_2,a_5i_1i_3) * I(i_2,i_3,i_1;a_1i_1i_2,a_5i_1i_3) -> I(i_2,i_1;a_2i_1i_2,a_1i_1i_2)","I(i_2,i_1;a_2i_1i_2,a_1i_1i_2)","I(i_1,i_2,i_3;a_2i_1i_2,a_5i_1i_3)","I(i_2,i_3,i_1;a_1i_1i_2,a_5i_1i_3)","I(i_2,i_1;a_2i_1i_2,a_1i_1i_2)","i,i,a,a",";;i_1,i_2;i_1,i_2","7,7,,",7 × 7 × ? × ?,,
3,57,Constant,constant,_const,1856,,,8,8,456064344,1416167424,1,,,,,-4,-4,,,,,,,scalar,8,1
3,57,Product,residual,R,105096,792440,8,792440,792440,456064344,1416167424,99055,98598,0.008059247891273453,3.2829771344729193e-06,0.00030518761214973173,"I(i_2,i_1;a_2i_1i_2,a_1i_1i_2) * -4 -> R(i_2,i_1;a_2i_1i_2,a_1i_1i_2)","R(i_2,i_1;a_2i_1i_2,a_1i_1i_2)","I(i_2,i_1;a_2i_1i_2,a_1i_1i_2)",-4,"R(i_2,i_1;a_2i_1i_2,a_1i_1i_2)","i,i,a,a",";;i_1,i_2;i_1,i_2","7,7,,",7 × 7 × ? × ?,,
3,57,Permute,residual,R,102833,,,792440,792440,456064344,1416167424,99055,,,,,"R(i_2,i_1;a_2i_1i_2,a_1i_1i_2)","R(i_2,i_1;a_2i_1i_2,a_1i_1i_2)",,,,"i,i,a,a",";;i_1,i_2;i_1,i_2","7,7,,",7 × 7 × ? × ?,,
3,58,Product,intermediate,I,6283449,5489512,5489512,792440,792440,456064344,1416167424,99055,98598,0.7604237863833474,0.0430218499414589,0.017041388724678697,"I(i_2,i_1,i_3;a_1i_1i_2,a_4i_2i_3) * I(i_1,i_3,i_2;a_2i_1i_2,a_4i_2i_3) -> I(i_1,i_2;a_1i_1i_2,a_2i_1i_2)","I(i_1,i_2;a_1i_1i_2,a_2i_1i_2)","I(i_2,i_1,i_3;a_1i_1i_2,a_4i_2i_3)","I(i_1,i_3,i_2;a_2i_1i_2,a_4i_2i_3)","I(i_1,i_2;a_1i_1i_2,a_2i_1i_2)","i,i,a,a",";;i_1,i_2;i_1,i_2","7,7,,",7 × 7 × ? × ?,,
3,58,Constant,constant,_const,45761,,,8,8,456064344,1416167424,1,,,,,-2,-2,,,,,,,scalar,8,1
3,58,Product,residual,R,96719,792440,8,792440,792440,456064344,1416167424,99055,98598,-1.5208475727666948,0.1720873997658356,0.03408277744935739,"I(i_1,i_2;a_1i_1i_2,a_2i_1i_2) * -2 -> R(i_1,i_2;a_1i_1i_2,a_2i_1i_2)","R(i_1,i_2;a_1i_1i_2,a_2i_1i_2)","I(i_1,i_2;a_1i_1i_2,a_2i_1i_2)",-2,"R(i_1,i_2;a_1i_1i_2,a_2i_1i_2)","i,i,a,a",";;i_1,i_2;i_1,i_2","7,7,,",7 × 7 × ? × ?,,
3,58,Permute,residual,R,101934,,,792440,792440,456064344,1416167424,99055,,,,,"R(i_1,i_2;a_1i_1i_2,a_2i_1i_2)","R(i_1,i_2;a_1i_1i_2,a_2i_1i_2)",,,,"i,i,a,a",";;i_1,i_2;i_1,i_2","7,7,,",7 × 7 × ? × ?,,
3,59,Tensor,leaf,g,11138,,,1843152,1843152,456064344,1416167424,230394,225036,-13.7135187938935,9.824790694343452,0.19254784769834188,"g(μ̃_19934,i_4,Κ_1)","g(μ̃_19934,i_4,Κ_1)",,,,"μ̃,i,Κ",;;,"114,7,282",114 × 7 × 282,1800288,1.02381
3,59,Product,intermediate,I,1377588,5280,1843152,12064,12064,456064344,1416167424,1508,798,0.004910072559888363,3.984967994919285e-05,0.0011615754918710525,"I(Κ_1) * g(μ̃_19934,i_4,Κ_1) -> I(i_4,μ̃_19934)","I(i_4,μ̃_19934)",I(Κ_1),"g(μ̃_19934,i_4,Κ_1)","I(i_4,μ̃_19934)","i,μ̃",;,"7,114",7 × 114,6384,1.88972
3,59,Product,intermediate,I,438901,12064,12064,2088,2088,456064344,1416167424,261,49,7.681877276310048e-05,1.0191090481964424e-09,1.2678741179563643e-05,"I(i_4,μ̃_19934) * I(μ̃_19934,i_2) -> I(i_4,i_2)","I(i_4,i_2)","I(i_4,μ̃_19934)","I(μ̃_19934,i_2)","I(i_4,i_2)","i,i",;,"7,7",7 × 7,392,5.32653
3,59,Product,intermediate,I,2496714,2088,5489512,5489512,5489512,456064344,1416167424,686189,684084,0.024870735503727977,3.0812383235312207e-07,1.2678741183135127e-05,"I(i_4,i_2) * I(i_2,i_4,i_1;a_2i_1i_2,a_6i_1i_4) -> I(i_1,i_4,i_2;a_6i_1i_4,a_2i_1i_2)","I(i_1,i_4,i_2;a_6i_1i_4,a_2i_1i_2)","I(i_4,i_2)","I(i_2,i_4,i_1;a_2i_1i_2,a_6i_1i_4)","I(i_1,i_4,i_2;a_6i_1i_4,a_2i_1i_2)","i,i,i,a,a",";;;i_1,i_4;i_1,i_2","7,7,7,,",7 × 7 × 7 × ? × ?,,
3,59,Product,intermediate,I,6001568,5489512,5489512,792440,792440,456064344,1416167424,99055,98598,-1.5854168751902098e-05,1.5424741674832307e-11,3.292554152024405e-07,"I(i_1,i_4,i_2;a_6i_1i_4,a_2i_1i_2) * I(i_2,i_4,i_1;a_1i_1i_2,a_6i_1i_4) -> I(i_1,i_2;a_1i_1i_2,a_2i_1i_2)","I(i_1,i_2;a_1i_1i_2,a_2i_1i_2)","I(i_1,i_4,i_2;a_6i_1i_4,a_2i_1i_2)","I(i_2,i_4,i_1;a_1i_1i_2,a_6i_1i_4)","I(i_1,i_2;a_1i_1i_2,a_2i_1i_2)","i,i,a,a",";;i_1,i_2;i_1,i_2","7,7,,",7 × 7 × ? × ?,,
3,59,Constant,constant,_const,2003,,,8,8,456064344,1416167424,1,,,,,-4,-4,,,,,,,scalar,8,1
3,59,Product,residual,R,4793004,792440,8,792440,792440,456064344,1416167424,99055,98598,6.341667500760839e-05,2.467958667973169e-10,1.317021660809762e-06,"I(i_1,i_2;a_1i_1i_2,a_2i_1i_2) * -4 -> R(i_1,i_2;a_1i_1i_2,a_2i_1i_2)","R(i_1,i_2;a_1i_1i_2,a_2i_1i_2)","I(i_1,i_2;a_1i_1i_2,a_2i_1i_2)",-4,"R(i_1,i_2;a_1i_1i_2,a_2i_1i_2)","i,i,a,a",";;i_1,i_2;i_1,i_2","7,7,,",7 × 7 × ? × ?,,
3,59,Permute,residual,R,83196,,,792440,792440,456064344,1416167424,99055,,,,,"R(i_1,i_2;a_1i_1i_2,a_2i_1i_2)","R(i_1,i_2;a_1i_1i_2,a_2i_1i_2)",,,,"i,i,a,a",";;i_1,i_2;i_1,i_2","7,7,,",7 × 7 × ? × ?,,
3,60,Tensor,leaf,t,1972,,,792440,792440,456064344,1416167424,99055,98598,-1.6376837457354991,0.10417720168326705,0.029695591403256404,"t(i_2,i_3;a_4i_2i_3,a_3i_2i_3)","t(i_2,i_3;a_4i_2i_3,a_3i_2i_3)",,,,"i,i,a,a",";;i_2,i_3;i_2,i_3","7,7,,",7 × 7 × ? × ?,,
3,60,Product,intermediate,I,5049402,5489512,792440,5489512,5489512,456064344,1416167424,686189,684096,-0.8472499726090557,0.041799968270246075,0.01844403913821089,"I(i_2,i_3,i_1;a_3i_2i_3,a_1i_1i_2) * t(i_2,i_3;a_4i_2i_3,a_3i_2i_3) -> I(i_3,i_1,i_2;a_1i_1i_2,a_4i_2i_3)","I(i_3,i_1,i_2;a_1i_1i_2,a_4i_2i_3)","I(i_2,i_3,i_1;a_3i_2i_3,a_1i_1i_2)","t(i_2,i_3;a_4i_2i_3,a_3i_2i_3)","I(i_3,i_1,i_2;a_1i_1i_2,a_4i_2i_3)","i,i,i,a,a",";;;i_1,i_2;i_2,i_3","7,7,7,,",7 × 7 × 7 × ? × ?,,
3,60,Product,intermediate,I,5514726,5489512,5489512,792440,792440,456064344,1416167424,99055,98598,-0.8776025506886697,0.04496488986140305,0.01916989116734484,"I(i_3,i_1,i_2;a_1i_1i_2,a_4i_2i_3) * I(i_1,i_3,i_2;a_2i_1i_2,a_4i_2i_3) -> I(i_1,i_2;a_1i_1i_2,a_2i_1i_2)","I(i_1,i_2;a_1i_1i_2,a_2i_1i_2)","I(i_3,i_1,i_2;a_1i_1i_2,a_4i_2i_3)","I(i_1,i_3,i_2;a_2i_1i_2,a_4i_2i_3)","I(i_1,i_2;a_1i_1i_2,a_2i_1i_2)","i,i,a,a",";;i_1,i_2;i_1,i_2","7,7,,",7 × 7 × ? × ?,,
3,60,Constant,constant,_const,1724,,,8,8,456064344,1416167424,1,,,,,-2,-2,,,,,,,scalar,8,1
3,60,Product,residual,R,120333,792440,8,792440,792440,456064344,1416167424,99055,98598,1.7552051013773393,0.1798595594456122,0.03833978233468968,"I(i_1,i_2;a_1i_1i_2,a_2i_1i_2) * -2 -> R(i_1,i_2;a_1i_1i_2,a_2i_1i_2)","R(i_1,i_2;a_1i_1i_2,a_2i_1i_2)","I(i_1,i_2;a_1i_1i_2,a_2i_1i_2)",-2,"R(i_1,i_2;a_1i_1i_2,a_2i_1i_2)","i,i,a,a",";;i_1,i_2;i_1,i_2","7,7,,",7 × 7 × ? × ?,,
3,60,Permute,residual,R,81089,,,792440,792440,456064344,1416167424,99055,,,,,"R(i_1,i_2;a_1i_1i_2,a_2i_1i_2)","R(i_1,i_2;a_1i_1i_2,a_2i_1i_2)",,,,"i,i,a,a",";;i_1,i_2;i_1,i_2","7,7,,",7 × 7 × ? × ?,,
3,61,Tensor,leaf,t,2146,,,792440,792440,456064344,1416167424,99055,98598,-1.6376837457354991,0.10417720168326705,0.029695591403256404,"t(i_3,i_2;a_4i_2i_3,a_3i_2i_3)","t(i_3,i_2;a_4i_2i_3,a_3i_2i_3)",,,,"i,i,a,a",";;i_2,i_3;i_2,i_3","7,7,,",7 × 7 × ? × ?,,
3,61,Product,intermediate,I,5050643,5489512,792440,5489512,5489512,456064344,1416167424,686189,684096,-0.8641658674105149,0.038758745405562414,0.01844403913821089,"I(i_2,i_3,i_1;a_3i_2i_3,a_2i_1i_2) * t(i_3,i_2;a_4i_2i_3,a_3i_2i_3) -> I(i_3,i_1,i_2;a_2i_1i_2,a_4i_2i_3)","I(i_3,i_1,i_2;a_2i_1i_2,a_4i_2i_3)","I(i_2,i_3,i_1;a_3i_2i_3,a_2i_1i_2)","t(i_3,i_2;a_4i_2i_3,a_3i_2i_3)","I(i_3,i_1,i_2;a_2i_1i_2,a_4i_2i_3)","i,i,i,a,a",";;;i_1,i_2;i_2,i_3","7,7,7,,",7 × 7 × 7 × ? × ?,,
3,61,Product,intermediate,I,6194355,5489512,5489512,792440,792440,456064344,1416167424,99055,98598,-0.8854747686949482,0.04082952892209118,0.01898823835251351,"I(i_3,i_1,i_2;a_2i_1i_2,a_4i_2i_3) * I(i_1,i_3,i_2;a_1i_1i_2,a_4i_2i_3) -> I(i_1,i_2;a_1i_1i_2,a_2i_1i_2)","I(i_1,i_2;a_1i_1i_2,a_2i_1i_2)","I(i_3,i_1,i_2;a_2i_1i_2,a_4i_2i_3)","I(i_1,i_3,i_2;a_1i_1i_2,a_4i_2i_3)","I(i_1,i_2;a_1i_1i_2,a_2i_1i_2)","i,i,a,a",";;i_1,i_2;i_1,i_2","7,7,,",7 × 7 × ? × ?,,
3,61,Constant,constant,_const,2393,,,8,8,456064344,1416167424,1,,,,,-2,-2,,,,,,,scalar,8,1
3,61,Product,residual,R,95815,792440,8,792440,792440,456064344,1416167424,99055,98598,1.7709495373898965,0.1633181156883647,0.03797647670502702,"I(i_1,i_2;a_1i_1i_2,a_2i_1i_2) * -2 -> R(i_1,i_2;a_1i_1i_2,a_2i_1i_2)","R(i_1,i_2;a_1i_1i_2,a_2i_1i_2)","I(i_1,i_2;a_1i_1i_2,a_2i_1i_2)",-2,"R(i_1,i_2;a_1i_1i_2,a_2i_1i_2)","i,i,a,a",";;i_1,i_2;i_1,i_2","7,7,,",7 × 7 × ? × ?,,
3,61,Permute,residual,R,85149,,,792440,792440,456064344,1416167424,99055,,,,,"R(i_1,i_2;a_1i_1i_2,a_2i_1i_2)","R(i_1,i_2;a_1i_1i_2,a_2i_1i_2)",,,,"i,i,a,a",";;i_1,i_2;i_1,i_2","7,7,,",7 × 7 × ? × ?,,
3,62,Tensor,leaf,C,18117,,,2207664,2207664,456064344,1416167424,275958,246870,-5695.615034274957,223631163.21246105,731.2730436956697,"C(i_3,i_1,μ̃_19783;a_4i_1i_3)","C(i_3,i_1,μ̃_19783;a_4i_1i_3)",,,,"i,i,μ̃,a",";;;i_1,i_3","7,7,114,",7 × 7 × 114 × ?,,
3,62,Product,intermediate,I,5006946,334432,2207664,957848,957848,456064344,1416167424,119731,107016,0.007171563388492804,0.00011674777200884442,0.0005459356423613606,"I(i_4,i_3,μ̃_19783,i_2) * C(i_3,i_1,μ̃_19783;a_4i_1i_3) -> I(i_1,i_4,i_3,i_2;a_4i_1i_3)","I(i_1,i_4,i_3,i_2;a_4i_1i_3)","I(i_4,i_3,μ̃_19783,i_2)","C(i_3,i_1,μ̃_19783;a_4i_1i_3)","I(i_1,i_4,i_3,i_2;a_4i_1i_3)","i,i,i,i,a",";;;;i_1,i_3","7,7,7,7,",7 × 7 × 7 × 7 × ?,,
3,62,Tensor,leaf,t,2382,,,792440,792440,456064344,1416167424,99055,98598,-1.6376837457354991,0.10417720168326705,0.029695591403256404,"t(i_3,i_1;a_6i_1i_3,a_4i_1i_3)","t(i_3,i_1;a_6i_1i_3,a_4i_1i_3)",,,,"i,i,a,a",";;i_1,i_3;i_1,i_3","7,7,,",7 × 7 × ? × ?,,
3,62,Product,intermediate,I,1931864,957848,792440,957848,957848,456064344,1416167424,119731,107016,1.346511403089264e-06,4.313753840554446e-08,3.0143883575468697e-05,"I(i_1,i_4,i_3,i_2;a_4i_1i_3) * t(i_3,i_1;a_6i_1i_3,a_4i_1i_3) -> I(i_3,i_4,i_2,i_1;a_6i_1i_3)","I(i_3,i_4,i_2,i_1;a_6i_1i_3)","I(i_1,i_4,i_3,i_2;a_4i_1i_3)","t(i_3,i_1;a_6i_1i_3,a_4i_1i_3)","I(i_3,i_4,i_2,i_1;a_6i_1i_3)","i,i,i,i,a",";;;;i_1,i_3","7,7,7,7,",7 × 7 × 7 × 7 × ?,,
3,62,Product,intermediate,I,11936690,957848,5489512,139048,139048,456064344,1416167424,17381,15288,1.899310287977144e-05,5.667062894397575e-08,3.318999500294696e-05,"I(i_3,i_4,i_2,i_1;a_6i_1i_3) * I(i_2,i_3,i_1;a_2i_1i_2,a_6i_1i_3) -> I(i_4,i_2,i_1;a_2i_1i_2)","I(i_4,i_2,i_1;a_2i_1i_2)","I(i_3,i_4,i_2,i_1;a_6i_1i_3)","I(i_2,i_3,i_1;a_2i_1i_2,a_6i_1i_3)","I(i_4,i_2,i_1;a_2i_1i_2)","i,i,i,a",";;;i_1,i_2","7,7,7,",7 × 7 × 7 × ?,,
3,62,Product,intermediate,I,1168295,139048,139048,792440,792440,456064344,1416167424,99055,98598,-2.8227579349460032e-06,4.2188267466035365e-12,1.242155144276154e-07,"I(i_4,i_2,i_1;a_2i_1i_2) * I(i_2,i_1,i_4;a_1i_1i_2) -> I(i_1,i_2;a_2i_1i_2,a_1i_1i_2)","I(i_1,i_2;a_2i_1i_2,a_1i_1i_2)","I(i_4,i_2,i_1;a_2i_1i_2)","I(i_2,i_1,i_4;a_1i_1i_2)","I(i_1,i_2;a_2i_1i_2,a_1i_1i_2)","i,i,a,a",";;i_1,i_2;i_1,i_2","7,7,,",7 × 7 × ? × ?,,
3,62,Constant,constant,_const,1633,,,8,8,456064344,1416167424,1,,,,,2,2,,,,,,,scalar,8,1
3,62,Product,residual,R,95746,792440,8,792440,792440,456064344,1416167424,99055,98598,-5.6455158698920064e-06,1.6875306986414146e-11,2.484310288552308e-07,"I(i_1,i_2;a_2i_1i_2,a_1i_1i_2) * 2 -> R(i_1,i_2;a_2i_1i_2,a_1i_1i_2)","R(i_1,i_2;a_2i_1i_2,a_1i_1i_2)","I(i_1,i_2;a_2i_1i_2,a_1i_1i_2)",2,"R(i_1,i_2;a_2i_1i_2,a_1i_1i_2)","i,i,a,a",";;i_1,i_2;i_1,i_2","7,7,,",7 × 7 × ? × ?,,
3,62,Permute,residual,R,126548,,,792440,792440,456064344,1416167424,99055,,,,,"R(i_1,i_2;a_2i_1i_2,a_1i_1i_2)","R(i_1,i_2;a_2i_1i_2,a_1i_1i_2)",,,,"i,i,a,a",";;i_1,i_2;i_1,i_2","7,7,,",7 × 7 × ? × ?,,
3,63,Tensor,leaf,t,2070,,,792440,792440,456064344,1416167424,99055,98598,-1.6376837457354991,0.10417720168326705,0.029695591403256404,"t(i_1,i_3;a_5i_1i_3,a_4i_1i_3)","t(i_1,i_3;a_5i_1i_3,a_4i_1i_3)",,,,"i,i,a,a",";;i_1,i_3;i_1,i_3","7,7,,",7 × 7 × ? × ?,,
3,63,Product,intermediate,I,2119247,957848,792440,957848,957848,456064344,1416167424,119731,107016,6.669503920574059e-07,4.807565066108229e-08,3.0143883575468697e-05,"I(i_1,i_4,i_3,i_2;a_4i_1i_3) * t(i_1,i_3;a_5i_1i_3,a_4i_1i_3) -> I(i_3,i_4,i_2,i_1;a_5i_1i_3)","I(i_3,i_4,i_2,i_1;a_5i_1i_3)","I(i_1,i_4,i_3,i_2;a_4i_1i_3)","t(i_1,i_3;a_5i_1i_3,a_4i_1i_3)","I(i_3,i_4,i_2,i_1;a_5i_1i_3)","i,i,i,i,a",";;;;i_1,i_3","7,7,7,7,",7 × 7 × 7 × 7 × ?,,
3,63,Product,intermediate,I,2754565,957848,5489512,139048,139048,456064344,1416167424,17381,15288,8.825501024282125e-05,6.092037247265645e-08,3.285330895152277e-05,"I(i_3,i_4,i_2,i_1;a_5i_1i_3) * I(i_3,i_2,i_1;a_5i_1i_3,a_1i_1i_2) -> I(i_4,i_2,i_1;a_1i_1i_2)","I(i_4,i_2,i_1;a_1i_1i_2)","I(i_3,i_4,i_2,i_1;a_5i_1i_3)","I(i_3,i_2,i_1;a_5i_1i_3,a_1i_1i_2)","I(i_4,i_2,i_1;a_1i_1i_2)","i,i,i,a",";;;i_1,i_2","7,7,7,",7 × 7 × 7 × ?,,
3,63,Product,intermediate,I,1008228,139048,139048,792440,792440,456064344,1416167424,99055,98598,-2.4015083692007286e-06,4.446660938685393e-12,1.1798848617963029e-07,"I(i_4,i_2,i_1;a_1i_1i_2) * I(i_2,i_1,i_4;a_2i_1i_2) -> I(i_1,i_2;a_1i_1i_2,a_2i_1i_2)","I(i_1,i_2;a_1i_1i_2,a_2i_1i_2)","I(i_4,i_2,i_1;a_1i_1i_2)","I(i_2,i_1,i_4;a_2i_1i_2)","I(i_1,i_2;a_1i_1i_2,a_2i_1i_2)","i,i,a,a",";;i_1,i_2;i_1,i_2","7,7,,",7 × 7 × ? × ?,,
3,63,Constant,constant,_const,1756,,,8,8,456064344,1416167424,1,,,,,2,2,,,,,,,scalar,8,1
3,63,Product,residual,R,300225,792440,8,792440,792440,456064344,1416167424,99055,98598,-4.803016738401457e-06,1.778664375474157e-11,2.3597697235926058e-07,"I(i_1,i_2;a_1i_1i_2,a_2i_1i_2) * 2 -> R(i_1,i_2;a_1i_1i_2,a_2i_1i_2)","R(i_1,i_2;a_1i_1i_2,a_2i_1i_2)","I(i_1,i_2;a_1i_1i_2,a_2i_1i_2)",2,"R(i_1,i_2;a_1i_1i_2,a_2i_1i_2)","i,i,a,a",";;i_1,i_2;i_1,i_2","7,7,,",7 × 7 × ? × ?,,
3,63,Permute,residual,R,83480,,,792440,792440,456064344,1416167424,99055,,,,,"R(i_1,i_2;a_1i_1i_2,a_2i_1i_2)","R(i_1,i_2;a_1i_1i_2,a_2i_1i_2)",,,,"i,i,a,a",";;i_1,i_2;i_1,i_2","7,7,,",7 × 7 × ? × ?,,
3,64,Tensor,leaf,t,2822,,,792440,792440,456064344,1416167424,99055,98598,-1.6376837457354991,0.10417720168326705,0.029695591403256404,"t(i_3,i_2;a_4i_2i_3,a_3i_2i_3)","t(i_3,i_2;a_4i_2i_3,a_3i_2i_3)",,,,"i,i,a,a",";;i_2,i_3;i_2,i_3","7,7,,",7 × 7 × ? × ?,,
3,64,Product,intermediate,I,5441339,5489512,792440,5489512,5489512,456064344,1416167424,686189,684096,-0.1598560495593535,0.002385436620080537,0.004365348651486221,"I(i_2,i_1,i_3;a_1i_1i_2,a_3i_2i_3) * t(i_3,i_2;a_4i_2i_3,a_3i_2i_3) -> I(i_3,i_1,i_2;a_4i_2i_3,a_1i_1i_2)","I(i_3,i_1,i_2;a_4i_2i_3,a_1i_1i_2)","I(i_2,i_1,i_3;a_1i_1i_2,a_3i_2i_3)","t(i_3,i_2;a_4i_2i_3,a_3i_2i_3)","I(i_3,i_1,i_2;a_4i_2i_3,a_1i_1i_2)","i,i,i,a,a",";;;i_2,i_3;i_1,i_2","7,7,7,,",7 × 7 × 7 × ? × ?,,
3,64,Product,intermediate,I,7135455,5489512,5489512,792440,792440,456064344,1416167424,99055,98598,-0.15567767244029304,0.002944514898586971,0.0054987997342753215,"I(i_3,i_1,i_2;a_4i_2i_3,a_1i_1i_2) * I(i_1,i_3,i_2;a_2i_1i_2,a_4i_2i_3) -> I(i_1,i_2;a_1i_1i_2,a_2i_1i_2)","I(i_1,i_2;a_1i_1i_2,a_2i_1i_2)","I(i_3,i_1,i_2;a_4i_2i_3,a_1i_1i_2)","I(i_1,i_3,i_2;a_2i_1i_2,a_4i_2i_3)","I(i_1,i_2;a_1i_1i_2,a_2i_1i_2)","i,i,a,a",";;i_1,i_2;i_1,i_2","7,7,,",7 × 7 × ? × ?,,
3,64,Constant,constant,_const,1782,,,8,8,456064344,1416167424,1,,,,,-2,-2,,,,,,,scalar,8,1
3,64,Product,residual,R,120883,792440,8,792440,792440,456064344,1416167424,99055,98598,0.3113553448805861,0.011778059594347884,0.010997599468550643,"I(i_1,i_2;a_1i_1i_2,a_2i_1i_2) * -2 -> R(i_1,i_2;a_1i_1i_2,a_2i_1i_2)","R(i_1,i_2;a_1i_1i_2,a_2i_1i_2)","I(i_1,i_2;a_1i_1i_2,a_2i_1i_2)",-2,"R(i_1,i_2;a_1i_1i_2,a_2i_1i_2)","i,i,a,a",";;i_1,i_2;i_1,i_2","7,7,,",7 × 7 × ? × ?,,
3,64,Permute,residual,R,91794,,,792440,792440,456064344,1416167424,99055,,,,,"R(i_1,i_2;a_1i_1i_2,a_2i_1i_2)","R(i_1,i_2;a_1i_1i_2,a_2i_1i_2)",,,,"i,i,a,a",";;i_1,i_2;i_1,i_2","7,7,,",7 × 7 × ? × ?,,
3,65,Tensor,leaf,t,2640,,,792440,792440,456064344,1416167424,99055,98598,-1.6376837457354991,0.10417720168326705,0.029695591403256404,"t(i_2,i_3;a_4i_2i_3,a_3i_2i_3)","t(i_2,i_3;a_4i_2i_3,a_3i_2i_3)",,,,"i,i,a,a",";;i_2,i_3;i_2,i_3","7,7,,",7 × 7 × ? × ?,,
3,65,Product,intermediate,I,5160203,5489512,792440,5489512,5489512,456064344,1416167424,686189,684096,-0.16519714108509137,0.002986308722401314,0.004365348651486221,"I(i_2,i_1,i_3;a_1i_1i_2,a_3i_2i_3) * t(i_2,i_3;a_4i_2i_3,a_3i_2i_3) -> I(i_3,i_1,i_2;a_4i_2i_3,a_1i_1i_2)","I(i_3,i_1,i_2;a_4i_2i_3,a_1i_1i_2)","I(i_2,i_1,i_3;a_1i_1i_2,a_3i_2i_3)","t(i_2,i_3;a_4i_2i_3,a_3i_2i_3)","I(i_3,i_1,i_2;a_4i_2i_3,a_1i_1i_2)","i,i,i,a,a",";;;i_2,i_3;i_1,i_2","7,7,7,,",7 × 7 × 7 × ? × ?,,
3,65,Product,intermediate,I,6160477,5489512,5489512,792440,792440,456064344,1416167424,99055,98598,-0.23040633244299424,0.006735333544390695,0.008070977450649854,"I(i_3,i_1,i_2;a_4i_2i_3,a_1i_1i_2) * I(i_1,i_3,i_2;a_2i_1i_2,a_4i_2i_3) -> I(i_1,i_2;a_2i_1i_2,a_1i_1i_2)","I(i_1,i_2;a_2i_1i_2,a_1i_1i_2)","I(i_3,i_1,i_2;a_4i_2i_3,a_1i_1i_2)","I(i_1,i_3,i_2;a_2i_1i_2,a_4i_2i_3)","I(i_1,i_2;a_2i_1i_2,a_1i_1i_2)","i,i,a,a",";;i_1,i_2;i_1,i_2","7,7,,",7 × 7 × ? × ?,,
3,65,Constant,constant,_const,1567,,,8,8,456064344,1416167424,1,,,,,4,4,,,,,,,scalar,8,1
3,65,Product,residual,R,301849,792440,8,792440,792440,456064344,1416167424,99055,98598,-0.921625329771977,0.10776533671025113,0.03228390980259942,"I(i_1,i_2;a_2i_1i_2,a_1i_1i_2) * 4 -> R(i_1,i_2;a_2i_1i_2,a_1i_1i_2)","R(i_1,i_2;a_2i_1i_2,a_1i_1i_2)","I(i_1,i_2;a_2i_1i_2,a_1i_1i_2)",4,"R(i_1,i_2;a_2i_1i_2,a_1i_1i_2)","i,i,a,a",";;i_1,i_2;i_1,i_2","7,7,,",7 × 7 × ? × ?,,
3,65,Permute,residual,R,619323,,,792440,792440,456064344,1416167424,99055,,,,,"R(i_1,i_2;a_2i_1i_2,a_1i_1i_2)","R(i_1,i_2;a_2i_1i_2,a_1i_1i_2)",,,,"i,i,a,a",";;i_1,i_2;i_1,i_2","7,7,,",7 × 7 × ? × ?,,
3,66,Tensor,leaf,t,2457,,,792440,792440,456064344,1416167424,99055,98598,-1.6376837457354991,0.10417720168326705,0.029695591403256404,"t(i_1,i_4;a_5i_1i_4,a_4i_1i_4)","t(i_1,i_4;a_5i_1i_4,a_4i_1i_4)",,,,"i,i,a,a",";;i_1,i_4;i_1,i_4","7,7,,",7 × 7 × ? × ?,,
3,66,Product,intermediate,I,2121342,957848,792440,957848,957848,456064344,1416167424,119731,107016,4.73957782897217e-05,6.279734843130147e-08,3.0143883575468694e-05,"I(i_1,i_3,i_4,i_2;a_4i_1i_4) * t(i_1,i_4;a_5i_1i_4,a_4i_1i_4) -> I(i_4,i_3,i_2,i_1;a_5i_1i_4)","I(i_4,i_3,i_2,i_1;a_5i_1i_4)","I(i_1,i_3,i_4,i_2;a_4i_1i_4)","t(i_1,i_4;a_5i_1i_4,a_4i_1i_4)","I(i_4,i_3,i_2,i_1;a_5i_1i_4)","i,i,i,i,a",";;;;i_1,i_4","7,7,7,7,",7 × 7 × 7 × 7 × ?,,
3,66,Product,intermediate,I,2805666,957848,5489512,139048,139048,456064344,1416167424,17381,15288,-4.480791826884393e-05,1.52449863878391e-07,4.371360968583316e-05,"I(i_4,i_3,i_2,i_1;a_5i_1i_4) * I(i_4,i_2,i_1;a_5i_1i_4,a_1i_1i_2) -> I(i_3,i_2,i_1;a_1i_1i_2)","I(i_3,i_2,i_1;a_1i_1i_2)","I(i_4,i_3,i_2,i_1;a_5i_1i_4)","I(i_4,i_2,i_1;a_5i_1i_4,a_1i_1i_2)","I(i_3,i_2,i_1;a_1i_1i_2)","i,i,i,a",";;;i_1,i_2","7,7,7,",7 × 7 × 7 × ?,,
3,66,Product,intermediate,I,1036458,139048,139048,792440,792440,456064344,1416167424,99055,98598,-3.2641026471123413e-06,1.1564272228594218e-11,1.5415048023194648e-07,"I(i_3,i_2,i_1;a_1i_1i_2) * I(i_2,i_1,i_3;a_2i_1i_2) -> I(i_1,i_2;a_1i_1i_2,a_2i_1i_2)","I(i_1,i_2;a_1i_1i_2,a_2i_1i_2)","I(i_3,i_2,i_1;a_1i_1i_2)","I(i_2,i_1,i_3;a_2i_1i_2)","I(i_1,i_2;a_1i_1i_2,a_2i_1i_2)","i,i,a,a",";;i_1,i_2;i_1,i_2","7,7,,",7 × 7 × ? × ?,,
3,66,Constant,constant,_const,1700,,,8,8,456064344,1416167424,1,,,,,-4,-4,,,,,,,scalar,8,1
3,66,Product,residual,R,93017,792440,8,792440,792440,456064344,1416167424,99055,98598,1.3056410588449365e-05,1.8502835565750748e-10,6.166019209277859e-07,"I(i_1,i_2;a_1i_1i_2,a_2i_1i_2) * -4 -> R(i_1,i_2;a_1i_1i_2,a_2i_1i_2)","R(i_1,i_2;a_1i_1i_2,a_2i_1i_2)","I(i_1,i_2;a_1i_1i_2,a_2i_1i_2)",-4,"R(i_1,i_2;a_1i_1i_2,a_2i_1i_2)","i,i,a,a",";;i_1,i_2;i_1,i_2","7,7,,",7 × 7 × ? × ?,,
3,66,Permute,residual,R,4385214,,,792440,792440,456064344,1416167424,99055,,,,,"R(i_1,i_2;a_1i_1i_2,a_2i_1i_2)","R(i_1,i_2;a_1i_1i_2,a_2i_1i_2)",,,,"i,i,a,a",";;i_1,i_2;i_1,i_2","7,7,,",7 × 7 × ? × ?,,
3,67,Tensor,leaf,C,32933,,,2207664,2207664,456064344,1416167424,275958,246870,-5695.615034274957,223631163.21246105,731.2730436956697,"C(i_2,i_1,μ̃_19721;a_4i_1i_2)","C(i_2,i_1,μ̃_19721;a_4i_1i_2)",,,,"i,i,μ̃,a",";;;i_1,i_2","7,7,114,",7 × 7 × 114 × ?,,
3,67,Product,intermediate,I,3157738,12064,2207664,139048,139048,456064344,1416167424,17381,15288,-0.007172001346148134,0.00041876879883329804,0.0008759583848008702,"I(i_3,μ̃_19721) * C(i_2,i_1,μ̃_19721;a_4i_1i_2) -> I(i_2,i_1,i_3;a_4i_1i_2)","I(i_2,i_1,i_3;a_4i_1i_2)","I(i_3,μ̃_19721)","C(i_2,i_1,μ̃_19721;a_4i_1i_2)","I(i_2,i_1,i_3;a_4i_1i_2)","i,i,i,a",";;;i_1,i_2","7,7,7,",7 × 7 × 7 × ?,,
3,67,Tensor,leaf,t,2913,,,792440,792440,456064344,1416167424,99055,98598,-1.6376837457354991,0.10417720168326705,0.029695591403256404,"t(i_2,i_1;a_4i_1i_2,a_1i_1i_2)","t(i_2,i_1;a_4i_1i_2,a_1i_1i_2)",,,,"i,i,a,a",";;i_1,i_2;i_1,i_2","7,7,,",7 × 7 × ? × ?,,
3,67,Product,intermediate,I,951323,139048,792440,139048,139048,456064344,1416167424,17381,15288,0.00020014766951416068,7.577686140991092e-08,3.820865569515689e-05,"I(i_2,i_1,i_3;a_4i_1i_2) * t(i_2,i_1;a_4i_1i_2,a_1i_1i_2) -> I(i_3,i_2,i_1;a_1i_1i_2)","I(i_3,i_2,i_1;a_1i_1i_2)","I(i_2,i_1,i_3;a_4i_1i_2)","t(i_2,i_1;a_4i_1i_2,a_1i_1i_2)","I(i_3,i_2,i_1;a_1i_1i_2)","i,i,i,a",";;;i_1,i_2","7,7,7,",7 × 7 × 7 × ?,,
3,67,Product,intermediate,I,13838041,139048,139048,792440,792440,456064344,1416167424,99055,98598,-5.023282142990856e-06,5.525426458888688e-12,1.3548523507113942e-07,"I(i_3,i_2,i_1;a_1i_1i_2) * I(i_2,i_1,i_3;a_2i_1i_2) -> I(i_1,i_2;a_2i_1i_2,a_1i_1i_2)","I(i_1,i_2;a_2i_1i_2,a_1i_1i_2)","I(i_3,i_2,i_1;a_1i_1i_2)","I(i_2,i_1,i_3;a_2i_1i_2)","I(i_1,i_2;a_2i_1i_2,a_1i_1i_2)","i,i,a,a",";;i_1,i_2;i_1,i_2","7,7,,",7 × 7 × ? × ?,,
3,67,Constant,constant,_const,1957,,,8,8,456064344,1416167424,1,,,,,2,2,,,,,,,scalar,8,1
3,67,Product,residual,R,120905,792440,8,792440,792440,456064344,1416167424,99055,98598,-1.0046564285981712e-05,2.2101705835554752e-11,2.7097047014227883e-07,"I(i_1,i_2;a_2i_1i_2,a_1i_1i_2) * 2 -> R(i_1,i_2;a_2i_1i_2,a_1i_1i_2)","R(i_1,i_2;a_2i_1i_2,a_1i_1i_2)","I(i_1,i_2;a_2i_1i_2,a_1i_1i_2)",2,"R(i_1,i_2;a_2i_1i_2,a_1i_1i_2)","i,i,a,a",";;i_1,i_2;i_1,i_2","7,7,,",7 × 7 × ? × ?,,
3,67,Permute,residual,R,372098,,,792440,792440,456064344,1416167424,99055,,,,,"R(i_1,i_2;a_2i_1i_2,a_1i_1i_2)","R(i_1,i_2;a_2i_1i_2,a_1i_1i_2)",,,,"i,i,a,a",";;i_1,i_2;i_1,i_2","7,7,,",7 × 7 × ? × ?,,
3,68,Product,intermediate,I,4246163,121536,1843152,334432,334432,456064344,1416167424,41804,39102,6.467265328179833e-05,2.701427087034101e-09,6.482729316389178e-06,"I(i_3,i_2,Κ_1) * I(μ̃_19748,i_1,Κ_1) -> I(i_3,μ̃_19748,i_1,i_2)","I(i_3,μ̃_19748,i_1,i_2)","I(i_3,i_2,Κ_1)","I(μ̃_19748,i_1,Κ_1)","I(i_3,μ̃_19748,i_1,i_2)","i,μ̃,i,i",;;;,"7,114,7,7",7 × 114 × 7 × 7,312816,1.0691
3,68,Tensor,leaf,C,30962,,,2207664,2207664,456064344,1416167424,275958,246870,-5695.615034274957,223631163.21246105,731.2730436956697,"C(i_2,i_1,μ̃_19748;a_1i_1i_2)","C(i_2,i_1,μ̃_19748;a_1i_1i_2)",,,,"i,i,μ̃,a",";;;i_1,i_2","7,7,114,",7 × 7 × 114 × ?,,
3,68,Product,intermediate,I,2916479,334432,2207664,139048,139048,456064344,1416167424,17381,15288,-2.7800867267969413e-05,2.2614978746031488e-09,4.326221794620058e-06,"I(i_3,μ̃_19748,i_1,i_2) * C(i_2,i_1,μ̃_19748;a_1i_1i_2) -> I(i_3,i_1,i_2;a_1i_1i_2)","I(i_3,i_1,i_2;a_1i_1i_2)","I(i_3,μ̃_19748,i_1,i_2)","C(i_2,i_1,μ̃_19748;a_1i_1i_2)","I(i_3,i_1,i_2;a_1i_1i_2)","i,i,i,a",";;;i_1,i_2","7,7,7,",7 × 7 × 7 × ?,,
3,68,Product,intermediate,I,1070721,139048,139048,792440,792440,456064344,1416167424,99055,98598,-3.8540455158689477e-07,1.683323710941096e-13,2.2698560494788667e-08,"I(i_3,i_1,i_2;a_1i_1i_2) * I(i_2,i_1,i_3;a_2i_1i_2) -> I(i_1,i_2;a_1i_1i_2,a_2i_1i_2)","I(i_1,i_2;a_1i_1i_2,a_2i_1i_2)","I(i_3,i_1,i_2;a_1i_1i_2)","I(i_2,i_1,i_3;a_2i_1i_2)","I(i_1,i_2;a_1i_1i_2,a_2i_1i_2)","i,i,a,a",";;i_1,i_2;i_1,i_2","7,7,,",7 × 7 × ? × ?,,
3,68,Constant,constant,_const,2148,,,8,8,456064344,1416167424,1,,,,,-2,-2,,,,,,,scalar,8,1
3,68,Product,residual,R,112495,792440,8,792440,792440,456064344,1416167424,99055,98598,7.708091031737895e-07,6.733294843764384e-13,4.5397120989577334e-08,"I(i_1,i_2;a_1i_1i_2,a_2i_1i_2) * -2 -> R(i_1,i_2;a_1i_1i_2,a_2i_1i_2)","R(i_1,i_2;a_1i_1i_2,a_2i_1i_2)","I(i_1,i_2;a_1i_1i_2,a_2i_1i_2)",-2,"R(i_1,i_2;a_1i_1i_2,a_2i_1i_2)","i,i,a,a",";;i_1,i_2;i_1,i_2","7,7,,",7 × 7 × ? × ?,,
3,68,Permute,residual,R,86056,,,792440,792440,456064344,1416167424,99055,,,,,"R(i_1,i_2;a_1i_1i_2,a_2i_1i_2)","R(i_1,i_2;a_1i_1i_2,a_2i_1i_2)",,,,"i,i,a,a",";;i_1,i_2;i_1,i_2","7,7,,",7 × 7 × ? × ?,,
3,69,Tensor,leaf,g,27618,,,1843152,1843152,456064344,1416167424,230394,225036,-13.7135187938935,9.824790694343452,0.19254784769834188,"g(μ̃_19827,i_3,Κ_1)","g(μ̃_19827,i_3,Κ_1)",,,,"μ̃,i,Κ",;;,"114,7,282",114 × 7 × 282,1800288,1.02381
3,69,Product,intermediate,I,17385095,1843152,1843152,125584,125584,456064344,1416167424,15698,12996,0.0014944921985907554,0.00010613834227707584,0.0015046931128213613,"I(μ̃_19826,i_3,Κ_1) * g(μ̃_19827,i_3,Κ_1) -> I(μ̃_19826,μ̃_19827)","I(μ̃_19826,μ̃_19827)","I(μ̃_19826,i_3,Κ_1)","g(μ̃_19827,i_3,Κ_1)","I(μ̃_19826,μ̃_19827)","μ̃,μ̃",;,"114,114",114 × 114,103968,1.20791
3,69,Tensor,leaf,C,19788,,,2207664,2207664,456064344,1416167424,275958,246870,-5695.615034274957,223631163.21246105,731.2730436956697,"C(i_2,i_1,μ̃_19826;a_2i_1i_2)","C(i_2,i_1,μ̃_19826;a_2i_1i_2)",,,,"i,i,μ̃,a",";;;i_1,i_2","7,7,114,",7 × 7 × 114 × ?,,
3,69,Product,intermediate,I,14362408,125584,2207664,2226240,2226240,456064344,1416167424,278280,248976,-0.22447141194419085,0.0025283548734736897,0.001127250518767802,"I(μ̃_19826,μ̃_19827) * C(i_2,i_1,μ̃_19826;a_2i_1i_2) -> I(i_2,i_1,μ̃_19827;a_2i_1i_2)","I(i_2,i_1,μ̃_19827;a_2i_1i_2)","I(μ̃_19826,μ̃_19827)","C(i_2,i_1,μ̃_19826;a_2i_1i_2)","I(i_2,i_1,μ̃_19827;a_2i_1i_2)","i,i,μ̃,a",";;;i_1,i_2","7,7,114,",7 × 7 × 114 × ?,,
3,69,Tensor,leaf,C,13455,,,2207664,2207664,456064344,1416167424,275958,246870,-5695.615034274957,223631163.21246105,731.2730436956697,"C(i_2,i_1,μ̃_19827;a_4i_1i_2)","C(i_2,i_1,μ̃_19827;a_4i_1i_2)",,,,"i,i,μ̃,a",";;;i_1,i_2","7,7,114,",7 × 7 × 114 × ?,,
3,69,Product,intermediate,I,4165035,2226240,2207664,792440,792440,456064344,1416167424,99055,98598,0.29953080914147584,0.0012678657707215425,0.0012500181951823643,"I(i_2,i_1,μ̃_19827;a_2i_1i_2) * C(i_2,i_1,μ̃_19827;a_4i_1i_2) -> I(i_2,i_1;a_4i_1i_2,a_2i_1i_2)","I(i_2,i_1;a_4i_1i_2,a_2i_1i_2)","I(i_2,i_1,μ̃_19827;a_2i_1i_2)","C(i_2,i_1,μ̃_19827;a_4i_1i_2)","I(i_2,i_1;a_4i_1i_2,a_2i_1i_2)","i,i,a,a",";;i_1,i_2;i_1,i_2","7,7,,",7 × 7 × ? × ?,,
3,69,Tensor,leaf,t,2594,,,792440,792440,456064344,1416167424,99055,98598,-1.6376837457354991,0.10417720168326705,0.029695591403256404,"t(i_2,i_1;a_4i_1i_2,a_1i_1i_2)","t(i_2,i_1;a_4i_1i_2,a_1i_1i_2)",,,,"i,i,a,a",";;i_1,i_2;i_1,i_2","7,7,,",7 × 7 × ? × ?,,
3,69,Product,intermediate,I,1506993,792440,792440,792440,792440,456064344,1416167424,99055,98598,0.00018104266049738635,2.375150582646858e-07,4.68163153021699e-05,"I(i_2,i_1;a_4i_1i_2,a_2i_1i_2) * t(i_2,i_1;a_4i_1i_2,a_1i_1i_2) -> I(i_1,i_2;a_1i_1i_2,a_2i_1i_2)","I(i_1,i_2;a_1i_1i_2,a_2i_1i_2)","I(i_2,i_1;a_4i_1i_2,a_2i_1i_2)","t(i_2,i_1;a_4i_1i_2,a_1i_1i_2)","I(i_1,i_2;a_1i_1i_2,a_2i_1i_2)","i,i,a,a",";;i_1,i_2;i_1,i_2","7,7,,",7 × 7 × ? × ?,,
3,69,Constant,constant,_const,1170,,,8,8,456064344,1416167424,1,,,,,-2,-2,,,,,,,scalar,8,1
3,69,Product,residual,R,93911,792440,8,792440,792440,456064344,1416167424,99055,98598,-0.0003620853209947727,9.500602330587432e-07,9.36326306043398e-05,"I(i_1,i_2;a_1i_1i_2,a_2i_1i_2) * -2 -> R(i_1,i_2;a_1i_1i_2,a_2i_1i_2)","R(i_1,i_2;a_1i_1i_2,a_2i_1i_2)","I(i_1,i_2;a_1i_1i_2,a_2i_1i_2)",-2,"R(i_1,i_2;a_1i_1i_2,a_2i_1i_2)","i,i,a,a",";;i_1,i_2;i_1,i_2","7,7,,",7 × 7 × ? × ?,,
3,69,Permute,residual,R,87437,,,792440,792440,456064344,1416167424,99055,,,,,"R(i_1,i_2;a_1i_1i_2,a_2i_1i_2)","R(i_1,i_2;a_1i_1i_2,a_2i_1i_2)",,,,"i,i,a,a",";;i_1,i_2;i_1,i_2","7,7,,",7 × 7 × ? × ?,,
3,70,Product,intermediate,I,17795041,5490816,1843152,2226240,2226240,456064344,1416167424,278280,248976,-0.001086875391223783,0.00014871529998985381,0.0006088640760946994,"I(i_2,i_1,Κ_1;a_1i_1i_2) * I(μ̃_19857,i_2,Κ_1) -> I(i_1,μ̃_19857,i_2;a_1i_1i_2)","I(i_1,μ̃_19857,i_2;a_1i_1i_2)","I(i_2,i_1,Κ_1;a_1i_1i_2)","I(μ̃_19857,i_2,Κ_1)","I(i_1,μ̃_19857,i_2;a_1i_1i_2)","i,μ̃,i,a",";;;i_1,i_2","7,114,7,",7 × 114 × 7 × ?,,
3,70,Tensor,leaf,C,18502,,,2207664,2207664,456064344,1416167424,275958,246870,-5695.615034274957,223631163.21246105,731.2730436956697,"C(i_2,i_1,μ̃_19857;a_2i_1i_2)","C(i_2,i_1,μ̃_19857;a_2i_1i_2)",,,,"i,i,μ̃,a",";;;i_1,i_2","7,7,114,",7 × 7 × 114 × ?,,
3,70,Product,intermediate,I,7554899,2226240,2207664,792440,792440,456064344,1416167424,99055,98598,-0.003619381440943805,0.00012144489573903814,0.000514206419039561,"I(i_1,μ̃_19857,i_2;a_1i_1i_2) * C(i_2,i_1,μ̃_19857;a_2i_1i_2) -> I(i_1,i_2;a_2i_1i_2,a_1i_1i_2)","I(i_1,i_2;a_2i_1i_2,a_1i_1i_2)","I(i_1,μ̃_19857,i_2;a_1i_1i_2)","C(i_2,i_1,μ̃_19857;a_2i_1i_2)","I(i_1,i_2;a_2i_1i_2,a_1i_1i_2)","i,i,a,a",";;i_1,i_2;i_1,i_2","7,7,,",7 × 7 × ? × ?,,
3,70,Constant,constant,_const,2055,,,8,8,456064344,1416167424,1,,,,,2,2,,,,,,,scalar,8,1
3,70,Product,residual,R,390471,792440,8,792440,792440,456064344,1416167424,99055,98598,-0.00723876288188761,0.0004857795829561526,0.001028412838079122,"I(i_1,i_2;a_2i_1i_2,a_1i_1i_2) * 2 -> R(i_1,i_2;a_2i_1i_2,a_1i_1i_2)","R(i_1,i_2;a_2i_1i_2,a_1i_1i_2)","I(i_1,i_2;a_2i_1i_2,a_1i_1i_2)",2,"R(i_1,i_2;a_2i_1i_2,a_1i_1i_2)","i,i,a,a",";;i_1,i_2;i_1,i_2","7,7,,",7 × 7 × ? × ?,,
3,70,Permute,residual,R,87943,,,792440,792440,456064344,1416167424,99055,,,,,"R(i_1,i_2;a_2i_1i_2,a_1i_1i_2)","R(i_1,i_2;a_2i_1i_2,a_1i_1i_2)",,,,"i,i,a,a",";;i_1,i_2;i_1,i_2","7,7,,",7 × 7 × ? × ?,,
3,71,Product,intermediate,I,4065530,121536,5490816,139048,139048,456064344,1416167424,17381,15288,-0.0006203454242709603,1.7964415471512618e-05,0.0004368704566720445,"I(i_3,i_1,Κ_1) * I(i_1,i_2,Κ_1;a_2i_1i_2) -> I(i_3,i_2,i_1;a_2i_1i_2)","I(i_3,i_2,i_1;a_2i_1i_2)","I(i_3,i_1,Κ_1)","I(i_1,i_2,Κ_1;a_2i_1i_2)","I(i_3,i_2,i_1;a_2i_1i_2)","i,i,i,a",";;;i_1,i_2","7,7,7,",7 × 7 × 7 × ?,,
3,71,Product,intermediate,I,1579830,139048,139048,792440,792440,456064344,1416167424,99055,98598,5.7247221916240005e-05,1.3070641787885477e-09,2.150803396673012e-06,"I(i_3,i_2,i_1;a_2i_1i_2) * I(i_2,i_1,i_3;a_1i_1i_2) -> I(i_2,i_1;a_1i_1i_2,a_2i_1i_2)","I(i_2,i_1;a_1i_1i_2,a_2i_1i_2)","I(i_3,i_2,i_1;a_2i_1i_2)","I(i_2,i_1,i_3;a_1i_1i_2)","I(i_2,i_1;a_1i_1i_2,a_2i_1i_2)","i,i,a,a",";;i_1,i_2;i_1,i_2","7,7,,",7 × 7 × ? × ?,,
3,71,Constant,constant,_const,1235,,,8,8,456064344,1416167424,1,,,,,-2,-2,,,,,,,scalar,8,1
3,71,Product,residual,R,91784,792440,8,792440,792440,456064344,1416167424,99055,98598,-0.00011449444383248001,5.228256715154191e-09,4.301606793346024e-06,"I(i_2,i_1;a_1i_1i_2,a_2i_1i_2) * -2 -> R(i_2,i_1;a_1i_1i_2,a_2i_1i_2)","R(i_2,i_1;a_1i_1i_2,a_2i_1i_2)","I(i_2,i_1;a_1i_1i_2,a_2i_1i_2)",-2,"R(i_2,i_1;a_1i_1i_2,a_2i_1i_2)","i,i,a,a",";;i_1,i_2;i_1,i_2","7,7,,",7 × 7 × ? × ?,,
3,71,Permute,residual,R,89195,,,792440,792440,456064344,1416167424,99055,,,,,"R(i_2,i_1;a_1i_1i_2,a_2i_1i_2)","R(i_2,i_1;a_1i_1i_2,a_2i_1i_2)",,,,"i,i,a,a",";;i_1,i_2;i_1,i_2","7,7,,",7 × 7 × ? × ?,,
3,72,Tensor,leaf,t,1745,,,792440,792440,456064344,1416167424,99055,98598,-1.6376837457354991,0.10417720168326705,0.029695591403256404,"t(i_2,i_1;a_3i_1i_2,a_1i_1i_2)","t(i_2,i_1;a_3i_1i_2,a_1i_1i_2)",,,,"i,i,a,a",";;i_1,i_2;i_1,i_2","7,7,,",7 × 7 × ? × ?,,
3,72,Product,intermediate,I,261302,400,792440,400,400,456064344,1416167424,50,0,0.0,0.0,0.0,"I(i_2,i_1,i_3;a_3i_1i_2) * t(i_2,i_1;a_3i_1i_2,a_1i_1i_2) -> I(i_3,i_2,i_1;a_1i_1i_2)","I(i_3,i_2,i_1;a_1i_1i_2)","I(i_2,i_1,i_3;a_3i_1i_2)","t(i_2,i_1;a_3i_1i_2,a_1i_1i_2)","I(i_3,i_2,i_1;a_1i_1i_2)","i,i,i,a",";;;i_1,i_2","7,7,7,",7 × 7 × 7 × ?,,
3,72,Product,intermediate,I,311916,400,139048,384,384,456064344,1416167424,48,0,0.0,0.0,0.0,"I(i_3,i_2,i_1;a_1i_1i_2) * I(i_2,i_1,i_3;a_2i_1i_2) -> I(i_1,i_2;a_2i_1i_2,a_1i_1i_2)","I(i_1,i_2;a_2i_1i_2,a_1i_1i_2)","I(i_3,i_2,i_1;a_1i_1i_2)","I(i_2,i_1,i_3;a_2i_1i_2)","I(i_1,i_2;a_2i_1i_2,a_1i_1i_2)","i,i,a,a",";;i_1,i_2;i_1,i_2","7,7,,",7 × 7 × ? × ?,,
3,72,Constant,constant,_const,1028,,,8,8,456064344,1416167424,1,,,,,-2,-2,,,,,,,scalar,8,1
3,72,Product,residual,R,56306,384,8,384,384,456064344,1416167424,48,0,0.0,0.0,0.0,"I(i_1,i_2;a_2i_1i_2,a_1i_1i_2) * -2 -> R(i_1,i_2;a_2i_1i_2,a_1i_1i_2)","R(i_1,i_2;a_2i_1i_2,a_1i_1i_2)","I(i_1,i_2;a_2i_1i_2,a_1i_1i_2)",-2,"R(i_1,i_2;a_2i_1i_2,a_1i_1i_2)","i,i,a,a",";;i_1,i_2;i_1,i_2","7,7,,",7 × 7 × ? × ?,,
3,72,Permute,residual,R,62712,,,384,384,456064344,1416167424,48,,,,,"R(i_1,i_2;a_2i_1i_2,a_1i_1i_2)","R(i_1,i_2;a_2i_1i_2,a_1i_1i_2)",,,,"i,i,a,a",";;i_1,i_2;i_1,i_2","7,7,,",7 × 7 × ? × ?,,
3,73,Tensor,leaf,g,9903,,,29489328,29489328,456064344,1416167424,3686166,3664872,328.03408291046196,123.92989425956745,0.8503952014554764,"g(μ̃_19698,μ̃_19699,Κ_1)","g(μ̃_19698,μ̃_19699,Κ_1)",,,,"μ̃,μ̃,Κ",;;,"114,114,282",114 × 114 × 282,29318976,1.00581
3,73,Product,intermediate,I,9598740,5280,29489328,125584,125584,456064344,1416167424,15698,12996,0.11826675247108864,0.0004862808531272082,0.005729657582431626,"I(Κ_1) * g(μ̃_19698,μ̃_19699,Κ_1) -> I(μ̃_19699,μ̃_19698)","I(μ̃_19699,μ̃_19698)",I(Κ_1),"g(μ̃_19698,μ̃_19699,Κ_1)","I(μ̃_19699,μ̃_19698)","μ̃,μ̃",;,"114,114",114 × 114,103968,1.20791
3,73,Tensor,leaf,C,19352,,,2207664,2207664,456064344,1416167424,275958,246870,-5695.615034274957,223631163.21246105,731.2730436956697,"C(i_2,i_1,μ̃_19698;a_4i_1i_2)","C(i_2,i_1,μ̃_19698;a_4i_1i_2)",,,,"i,i,μ̃,a",";;;i_1,i_2","7,7,114,",7 × 7 × 114 × ?,,
3,73,Product,intermediate,I,41839152,125584,2207664,2226240,2226240,456064344,1416167424,278280,248976,-0.2886430043220316,0.010361396971045414,0.004380464584114109,"I(μ̃_19699,μ̃_19698) * C(i_2,i_1,μ̃_19698;a_4i_1i_2) -> I(i_2,i_1,μ̃_19699;a_4i_1i_2)","I(i_2,i_1,μ̃_19699;a_4i_1i_2)","I(μ̃_19699,μ̃_19698)","C(i_2,i_1,μ̃_19698;a_4i_1i_2)","I(i_2,i_1,μ̃_19699;a_4i_1i_2)","i,i,μ̃,a",";;;i_1,i_2","7,7,114,",7 × 7 × 114 × ?,,
3,73,Tensor,leaf,C,17334,,,2207664,2207664,456064344,1416167424,275958,246870,-5695.615034274957,223631163.21246105,731.2730436956697,"C(i_2,i_1,μ̃_19699;a_2i_1i_2)","C(i_2,i_1,μ̃_19699;a_2i_1i_2)",,,,"i,i,μ̃,a",";;;i_1,i_2","7,7,114,",7 × 7 × 114 × ?,,
3,73,Product,intermediate,I,4013029,2226240,2207664,792440,792440,456064344,1416167424,99055,98598,2.361376301428356,0.008421063911522815,0.005360638975359561,"I(i_2,i_1,μ̃_19699;a_4i_1i_2) * C(i_2,i_1,μ̃_19699;a_2i_1i_2) -> I(i_2,i_1;a_2i_1i_2,a_4i_1i_2)","I(i_2,i_1;a_2i_1i_2,a_4i_1i_2)","I(i_2,i_1,μ̃_19699;a_4i_1i_2)","C(i_2,i_1,μ̃_19699;a_2i_1i_2)","I(i_2,i_1;a_2i_1i_2,a_4i_1i_2)","i,i,a,a",";;i_1,i_2;i_1,i_2","7,7,,",7 × 7 × ? × ?,,
3,73,Tensor,leaf,t,2890,,,792440,792440,456064344,1416167424,99055,98598,-1.6376837457354991,0.10417720168326705,0.029695591403256404,"t(i_2,i_1;a_4i_1i_2,a_1i_1i_2)","t(i_2,i_1;a_4i_1i_2,a_1i_1i_2)",,,,"i,i,a,a",";;i_1,i_2;i_1,i_2","7,7,,",7 × 7 × ? × ?,,
3,73,Product,intermediate,I,907019,792440,792440,792440,792440,456064344,1416167424,99055,98598,-0.0016330459202793832,6.128382482069323e-07,0.00010457237113770091,"I(i_2,i_1;a_2i_1i_2,a_4i_1i_2) * t(i_2,i_1;a_4i_1i_2,a_1i_1i_2) -> I(i_1,i_2;a_2i_1i_2,a_1i_1i_2)","I(i_1,i_2;a_2i_1i_2,a_1i_1i_2)","I(i_2,i_1;a_2i_1i_2,a_4i_1i_2)","t(i_2,i_1;a_4i_1i_2,a_1i_1i_2)","I(i_1,i_2;a_2i_1i_2,a_1i_1i_2)","i,i,a,a",";;i_1,i_2;i_1,i_2","7,7,,",7 × 7 × ? × ?,,
3,73,Constant,constant,_const,1228,,,8,8,456064344,1416167424,1,,,,,4,4,,,,,,,scalar,8,1
3,73,Product,residual,R,90689,792440,8,792440,792440,456064344,1416167424,99055,98598,-0.006532183681117533,9.805411971310917e-06,0.00041828948455080363,"I(i_1,i_2;a_2i_1i_2,a_1i_1i_2) * 4 -> R(i_1,i_2;a_2i_1i_2,a_1i_1i_2)","R(i_1,i_2;a_2i_1i_2,a_1i_1i_2)","I(i_1,i_2;a_2i_1i_2,a_1i_1i_2)",4,"R(i_1,i_2;a_2i_1i_2,a_1i_1i_2)","i,i,a,a",";;i_1,i_2;i_1,i_2","7,7,,",7 × 7 × ? × ?,,
3,73,Permute,residual,R,102383,,,792440,792440,456064344,1416167424,99055,,,,,"R(i_1,i_2;a_2i_1i_2,a_1i_1i_2)","R(i_1,i_2;a_2i_1i_2,a_1i_1i_2)",,,,"i,i,a,a",";;i_1,i_2;i_1,i_2","7,7,,",7 × 7 × ? × ?,,
3,74,Tensor,leaf,C,14618,,,2207664,2207664,456064344,1416167424,275958,246870,-5695.615034274957,223631163.21246105,731.2730436956697,"C(i_2,i_1,μ̃_19853;a_4i_1i_2)","C(i_2,i_1,μ̃_19853;a_4i_1i_2)",,,,"i,i,μ̃,a",";;;i_1,i_2","7,7,114,",7 × 7 × 114 × ?,,
3,74,Product,intermediate,I,2956903,12064,2207664,139048,139048,456064344,1416167424,17381,15288,0.028887057492535412,0.0008069195916490039,0.0012764400665489168,"I(i_4,μ̃_19853) * C(i_2,i_1,μ̃_19853;a_4i_1i_2) -> I(i_2,i_1,i_4;a_4i_1i_2)","I(i_2,i_1,i_4;a_4i_1i_2)","I(i_4,μ̃_19853)","C(i_2,i_1,μ̃_19853;a_4i_1i_2)","I(i_2,i_1,i_4;a_4i_1i_2)","i,i,i,a",";;;i_1,i_2","7,7,7,",7 × 7 × 7 × ?,,
3,74,Tensor,leaf,t,2170,,,792440,792440,456064344,1416167424,99055,98598,-1.6376837457354991,0.10417720168326705,0.029695591403256404,"t(i_2,i_1;a_4i_1i_2,a_1i_1i_2)","t(i_2,i_1;a_4i_1i_2,a_1i_1i_2)",,,,"i,i,a,a",";;i_1,i_2;i_1,i_2","7,7,,",7 × 7 × ? × ?,,
3,74,Product,intermediate,I,706582,139048,792440,139048,139048,456064344,1416167424,17381,15288,0.00020046160171156044,1.444684874354693e-07,6.000442527656908e-05,"I(i_2,i_1,i_4;a_4i_1i_2) * t(i_2,i_1;a_4i_1i_2,a_1i_1i_2) -> I(i_4,i_2,i_1;a_1i_1i_2)","I(i_4,i_2,i_1;a_1i_1i_2)","I(i_2,i_1,i_4;a_4i_1i_2)","t(i_2,i_1;a_4i_1i_2,a_1i_1i_2)","I(i_4,i_2,i_1;a_1i_1i_2)","i,i,i,a",";;;i_1,i_2","7,7,7,",7 × 7 × 7 × ?,,
3,74,Product,intermediate,I,1093880,139048,139048,792440,792440,456064344,1416167424,99055,98598,-2.941137593324029e-06,1.0303740655634238e-11,1.8264707218140712e-07,"I(i_4,i_2,i_1;a_1i_1i_2) * I(i_2,i_1,i_4;a_2i_1i_2) -> I(i_1,i_2;a_2i_1i_2,a_1i_1i_2)","I(i_1,i_2;a_2i_1i_2,a_1i_1i_2)","I(i_4,i_2,i_1;a_1i_1i_2)","I(i_2,i_1,i_4;a_2i_1i_2)","I(i_1,i_2;a_2i_1i_2,a_1i_1i_2)","i,i,a,a",";;i_1,i_2;i_1,i_2","7,7,,",7 × 7 × ? × ?,,
3,74,Constant,constant,_const,1283,,,8,8,456064344,1416167424,1,,,,,-4,-4,,,,,,,scalar,8,1
3,74,Product,residual,R,110013,792440,8,792440,792440,456064344,1416167424,99055,98598,1.1764550373296116e-05,1.648598504901478e-10,7.305882887256285e-07,"I(i_1,i_2;a_2i_1i_2,a_1i_1i_2) * -4 -> R(i_1,i_2;a_2i_1i_2,a_1i_1i_2)","R(i_1,i_2;a_2i_1i_2,a_1i_1i_2)","I(i_1,i_2;a_2i_1i_2,a_1i_1i_2)",-4,"R(i_1,i_2;a_2i_1i_2,a_1i_1i_2)","i,i,a,a",";;i_1,i_2;i_1,i_2","7,7,,",7 × 7 × ? × ?,,
3,74,Permute,residual,R,84635,,,792440,792440,456064344,1416167424,99055,,,,,"R(i_1,i_2;a_2i_1i_2,a_1i_1i_2)","R(i_1,i_2;a_2i_1i_2,a_1i_1i_2)",,,,"i,i,a,a",";;i_1,i_2;i_1,i_2","7,7,,",7 × 7 × ? × ?,,
3,75,Product,intermediate,I,7579658,5179792,12064,334432,334432,456064344,1416167424,41804,39102,0.10152652659695356,0.0010847207109497942,0.0029033159235732934,"I(i_2,i_3,μ̃_19758,μ̃_19757) * I(μ̃_19758,i_1) -> I(i_2,i_3,μ̃_19757,i_1)","I(i_2,i_3,μ̃_19757,i_1)","I(i_2,i_3,μ̃_19758,μ̃_19757)","I(μ̃_19758,i_1)","I(i_2,i_3,μ̃_19757,i_1)","i,i,μ̃,i",;;;,"7,7,114,7",7 × 7 × 114 × 7,312816,1.0691
3,75,Tensor,leaf,C,13696,,,2207664,2207664,456064344,1416167424,275958,246870,-5695.615034274957,223631163.21246105,731.2730436956697,"C(i_2,i_1,μ̃_19757;a_1i_1i_2)","C(i_2,i_1,μ̃_19757;a_1i_1i_2)",,,,"i,i,μ̃,a",";;;i_1,i_2","7,7,114,",7 × 7 × 114 × ?,,
3,75,Product,intermediate,I,3544911,334432,2207664,139048,139048,456064344,1416167424,17381,15288,-0.0007755455950174212,0.0006900712824315139,0.0035064633556261262,"I(i_2,i_3,μ̃_19757,i_1) * C(i_2,i_1,μ̃_19757;a_1i_1i_2) -> I(i_3,i_2,i_1;a_1i_1i_2)","I(i_3,i_2,i_1;a_1i_1i_2)","I(i_2,i_3,μ̃_19757,i_1)","C(i_2,i_1,μ̃_19757;a_1i_1i_2)","I(i_3,i_2,i_1;a_1i_1i_2)","i,i,i,a",";;;i_1,i_2","7,7,7,",7 × 7 × 7 × ?,,
3,75,Product,intermediate,I,1427804,139048,139048,792440,792440,456064344,1416167424,99055,98598,0.0005993973666091729,4.960554447223832e-08,1.964785788578474e-05,"I(i_3,i_2,i_1;a_1i_1i_2) * I(i_2,i_1,i_3;a_2i_1i_2) -> I(i_2,i_1;a_2i_1i_2,a_1i_1i_2)","I(i_2,i_1;a_2i_1i_2,a_1i_1i_2)","I(i_3,i_2,i_1;a_1i_1i_2)","I(i_2,i_1,i_3;a_2i_1i_2)","I(i_2,i_1;a_2i_1i_2,a_1i_1i_2)","i,i,a,a",";;i_1,i_2;i_1,i_2","7,7,,",7 × 7 × ? × ?,,
3,75,Constant,constant,_const,2333,,,8,8,456064344,1416167424,1,,,,,-2,-2,,,,,,,scalar,8,1
3,75,Product,residual,R,112234,792440,8,792440,792440,456064344,1416167424,99055,98598,-0.0011987947332183458,1.9842217788895328e-07,3.929571577156948e-05,"I(i_2,i_1;a_2i_1i_2,a_1i_1i_2) * -2 -> R(i_2,i_1;a_2i_1i_2,a_1i_1i_2)","R(i_2,i_1;a_2i_1i_2,a_1i_1i_2)","I(i_2,i_1;a_2i_1i_2,a_1i_1i_2)",-2,"R(i_2,i_1;a_2i_1i_2,a_1i_1i_2)","i,i,a,a",";;i_1,i_2;i_1,i_2","7,7,,",7 × 7 × ? × ?,,
3,75,Permute,residual,R,84783,,,792440,792440,456064344,1416167424,99055,,,,,"R(i_2,i_1;a_2i_1i_2,a_1i_1i_2)","R(i_2,i_1;a_2i_1i_2,a_1i_1i_2)",,,,"i,i,a,a",";;i_1,i_2;i_1,i_2","7,7,,",7 × 7 × ? × ?,,
3,76,Product,intermediate,I,978256,24888,139048,139048,139048,456064344,1416167424,17381,15288,-0.003041277300950932,0.0005951175201377698,0.0038956497971254288,"I(i_1,i_3,i_2,i_4) * I(i_2,i_1,i_3;a_1i_1i_2) -> I(i_4,i_1,i_2;a_1i_1i_2)","I(i_4,i_1,i_2;a_1i_1i_2)","I(i_1,i_3,i_2,i_4)","I(i_2,i_1,i_3;a_1i_1i_2)","I(i_4,i_1,i_2;a_1i_1i_2)","i,i,i,a",";;;i_1,i_2","7,7,7,",7 × 7 × 7 × ?,,
3,76,Product,residual,R,1147594,139048,139048,792440,792440,456064344,1416167424,99055,98598,0.0008794658546897999,4.294435284995056e-08,2.182610222983906e-05,"I(i_4,i_1,i_2;a_1i_1i_2) * I(i_2,i_1,i_4;a_2i_1i_2) -> R(i_2,i_1;a_2i_1i_2,a_1i_1i_2)","R(i_2,i_1;a_2i_1i_2,a_1i_1i_2)","I(i_4,i_1,i_2;a_1i_1i_2)","I(i_2,i_1,i_4;a_2i_1i_2)","R(i_2,i_1;a_2i_1i_2,a_1i_1i_2)","i,i,a,a",";;i_1,i_2;i_1,i_2","7,7,,",7 × 7 × ? × ?,,
3,76,Permute,residual,R,684791,,,792440,792440,456064344,1416167424,99055,,,,,"R(i_2,i_1;a_2i_1i_2,a_1i_1i_2)","R(i_2,i_1;a_2i_1i_2,a_1i_1i_2)",,,,"i,i,a,a",";;i_1,i_2;i_1,i_2","7,7,,",7 × 7 × ? × ?,,
3,77,Tensor,leaf,t,2455,,,792440,792440,456064344,1416167424,99055,98598,-1.6376837457354991,0.10417720168326705,0.029695591403256404,"t(i_3,i_4;a_5i_3i_4,a_3i_3i_4)","t(i_3,i_4;a_5i_3i_4,a_3i_3i_4)",,,,"i,i,a,a",";;i_3,i_4;i_3,i_4","7,7,,",7 × 7 × ? × ?,,
3,77,Product,intermediate,I,3314180,2226240,792440,2226240,2226240,456064344,1416167424,278280,248976,0.06747716411207998,0.002724079434896351,0.004164222477146089,"I(i_4,i_3,μ̃_19717;a_3i_3i_4) * t(i_3,i_4;a_5i_3i_4,a_3i_3i_4) -> I(i_4,i_3,μ̃_19717;a_5i_3i_4)","I(i_4,i_3,μ̃_19717;a_5i_3i_4)","I(i_4,i_3,μ̃_19717;a_3i_3i_4)","t(i_3,i_4;a_5i_3i_4,a_3i_3i_4)","I(i_4,i_3,μ̃_19717;a_5i_3i_4)","i,i,μ̃,a",";;;i_3,i_4","7,7,114,",7 × 7 × 114 × ?,,
3,77,Tensor,leaf,C,15364,,,2207664,2207664,456064344,1416167424,275958,246870,-5695.615034274957,223631163.21246105,731.2730436956697,"C(i_4,i_3,μ̃_19719;a_5i_3i_4)","C(i_4,i_3,μ̃_19719;a_5i_3i_4)",,,,"i,i,μ̃,a",";;;i_3,i_4","7,7,114,",7 × 7 × 114 × ?,,
3,77,Product,intermediate,I,31890172,2226240,2207664,125584,125584,456064344,1416167424,15698,12996,-3.639789929339247,0.6579385551956013,0.10802038619437936,"I(i_4,i_3,μ̃_19717;a_5i_3i_4) * C(i_4,i_3,μ̃_19719;a_5i_3i_4) -> I(μ̃_19717,μ̃_19719)","I(μ̃_19717,μ̃_19719)","I(i_4,i_3,μ̃_19717;a_5i_3i_4)","C(i_4,i_3,μ̃_19719;a_5i_3i_4)","I(μ̃_19717,μ̃_19719)","μ̃,μ̃",;,"114,114",114 × 114,103968,1.20791
3,77,Tensor,leaf,s,25004,,,125584,125584,456064344,1416167424,15698,12996,138.52037144982427,140.242752948763,0.9820999861813638,"s(μ̃_19718,μ̃_19719)","s(μ̃_19718,μ̃_19719)",,,,"μ̃,μ̃",;,"114,114",114 × 114,103968,1.20791
3,77,Product,intermediate,I,2796126,125584,125584,125584,125584,456064344,1416167424,15698,12996,-1.0130626373713587,0.010500862379412473,0.008097476798498067,"I(μ̃_19717,μ̃_19719) * s(μ̃_19718,μ̃_19719) -> I(μ̃_19718,μ̃_19717)","I(μ̃_19718,μ̃_19717)","I(μ̃_19717,μ̃_19719)","s(μ̃_19718,μ̃_19719)","I(μ̃_19718,μ̃_19717)","μ̃,μ̃",;,"114,114",114 × 114,103968,1.20791
3,77,Tensor,leaf,C,13875,,,2207664,2207664,456064344,1416167424,275958,246870,-5695.615034274957,223631163.21246105,731.2730436956697,"C(i_2,i_1,μ̃_19717;a_4i_1i_2)","C(i_2,i_1,μ̃_19717;a_4i_1i_2)",,,,"i,i,μ̃,a",";;;i_1,i_2","7,7,114,",7 × 7 × 114 × ?,,
3,77,Product,intermediate,I,44056650,125584,2207664,2226240,2226240,456064344,1416167424,278280,248976,0.997852336542842,0.18022297017462083,0.008523724378244711,"I(μ̃_19718,μ̃_19717) * C(i_2,i_1,μ̃_19717;a_4i_1i_2) -> I(i_2,i_1,μ̃_19718;a_4i_1i_2)","I(i_2,i_1,μ̃_19718;a_4i_1i_2)","I(μ̃_19718,μ̃_19717)","C(i_2,i_1,μ̃_19717;a_4i_1i_2)","I(i_2,i_1,μ̃_19718;a_4i_1i_2)","i,i,μ̃,a",";;;i_1,i_2","7,7,114,",7 × 7 × 114 × ?,,
3,77,Tensor,leaf,C,15932,,,2207664,2207664,456064344,1416167424,275958,246870,-5695.615034274957,223631163.21246105,731.2730436956697,"C(i_2,i_1,μ̃_19718;a_1i_1i_2)","C(i_2,i_1,μ̃_19718;a_1i_1i_2)",,,,"i,i,μ̃,a",";;;i_1,i_2","7,7,114,",7 × 7 × 114 × ?,,
3,77,Product,intermediate,I,4407292,2226240,2207664,792440,792440,456064344,1416167424,99055,98598,-8.159517721928436,0.07596456584130878,0.013348961133461736,"I(i_2,i_1,μ̃_19718;a_4i_1i_2) * C(i_2,i_1,μ̃_19718;a_1i_1i_2) -> I(i_2,i_1;a_1i_1i_2,a_4i_1i_2)","I(i_2,i_1;a_1i_1i_2,a_4i_1i_2)","I(i_2,i_1,μ̃_19718;a_4i_1i_2)","C(i_2,i_1,μ̃_19718;a_1i_1i_2)","I(i_2,i_1;a_1i_1i_2,a_4i_1i_2)","i,i,a,a",";;i_1,i_2;i_1,i_2","7,7,,",7 × 7 × ? × ?,,
3,77,Tensor,leaf,t,2715,,,792440,792440,456064344,1416167424,99055,98598,-1.6376837457354991,0.10417720168326705,0.029695591403256404,"t(i_1,i_2;a_4i_1i_2,a_2i_1i_2)","t(i_1,i_2;a_4i_1i_2,a_2i_1i_2)",,,,"i,i,a,a",";;i_1,i_2;i_1,i_2","7,7,,",7 × 7 × ? × ?,,
3,77,Product,intermediate,I,909922,792440,792440,792440,792440,456064344,1416167424,99055,98598,0.011766640727291255,1.6698851001343014e-05,0.0005521146283679844,"I(i_2,i_1;a_1i_1i_2,a_4i_1i_2) * t(i_1,i_2;a_4i_1i_2,a_2i_1i_2) -> I(i_2,i_1;a_1i_1i_2,a_2i_1i_2)","I(i_2,i_1;a_1i_1i_2,a_2i_1i_2)","I(i_2,i_1;a_1i_1i_2,a_4i_1i_2)","t(i_1,i_2;a_4i_1i_2,a_2i_1i_2)","I(i_2,i_1;a_1i_1i_2,a_2i_1i_2)","i,i,a,a",";;i_1,i_2;i_1,i_2","7,7,,",7 × 7 × ? × ?,,
3,77,Constant,constant,_const,1497,,,8,8,456064344,1416167424,1,,,,,2,2,,,,,,,scalar,8,1
3,77,Product,residual,R,83802,792440,8,792440,792440,456064344,1416167424,99055,98598,0.02353328145458251,6.679540400537206e-05,0.0011042292567359688,"I(i_2,i_1;a_1i_1i_2,a_2i_1i_2) * 2 -> R(i_2,i_1;a_1i_1i_2,a_2i_1i_2)","R(i_2,i_1;a_1i_1i_2,a_2i_1i_2)","I(i_2,i_1;a_1i_1i_2,a_2i_1i_2)",2,"R(i_2,i_1;a_1i_1i_2,a_2i_1i_2)","i,i,a,a",";;i_1,i_2;i_1,i_2","7,7,,",7 × 7 × ? × ?,,
3,77,Permute,residual,R,84403,,,792440,792440,456064344,1416167424,99055,,,,,"R(i_2,i_1;a_1i_1i_2,a_2i_1i_2)","R(i_2,i_1;a_1i_1i_2,a_2i_1i_2)",,,,"i,i,a,a",";;i_1,i_2;i_1,i_2","7,7,,",7 × 7 × ? × ?,,
3,78,Tensor,leaf,C,16047,,,2207664,2207664,456064344,1416167424,275958,246870,-5695.615034274957,223631163.21246105,731.2730436956697,"C(i_2,i_1,μ̃_19870;a_2i_1i_2)","C(i_2,i_1,μ̃_19870;a_2i_1i_2)",,,,"i,i,μ̃,a",";;;i_1,i_2","7,7,114,",7 × 7 × 114 × ?,,
3,78,Product,residual,R,4509002,2226240,2207664,792440,792440,456064344,1416167424,99055,98598,6.086828514324911,1.0674103250994564,0.06952838378309496,"I(i_2,i_1,μ̃_19870;a_1i_1i_2) * C(i_2,i_1,μ̃_19870;a_2i_1i_2) -> R(i_2,i_1;a_2i_1i_2,a_1i_1i_2)","R(i_2,i_1;a_2i_1i_2,a_1i_1i_2)","I(i_2,i_1,μ̃_19870;a_1i_1i_2)","C(i_2,i_1,μ̃_19870;a_2i_1i_2)","R(i_2,i_1;a_2i_1i_2,a_1i_1i_2)","i,i,a,a",";;i_1,i_2;i_1,i_2","7,7,,",7 × 7 × ? × ?,,
3,78,Permute,residual,R,71506,,,792440,792440,456064344,1416167424,99055,,,,,"R(i_2,i_1;a_2i_1i_2,a_1i_1i_2)","R(i_2,i_1;a_2i_1i_2,a_1i_1i_2)",,,,"i,i,a,a",";;i_1,i_2;i_1,i_2","7,7,,",7 × 7 × ? × ?,,
3,79,Tensor,leaf,t,1825,,,792440,792440,456064344,1416167424,99055,98598,-1.6376837457354991,0.10417720168326705,0.029695591403256404,"t(i_4,i_3;a_5i_3i_4,a_3i_3i_4)","t(i_4,i_3;a_5i_3i_4,a_3i_3i_4)",,,,"i,i,a,a",";;i_3,i_4;i_3,i_4","7,7,,",7 × 7 × ? × ?,,
3,79,Product,intermediate,I,3822110,2226240,792440,2226240,2226240,456064344,1416167424,278280,248976,0.08130089248240438,0.00287089265956869,0.004164222477146089,"I(i_4,i_3,μ̃_19930;a_3i_3i_4) * t(i_4,i_3;a_5i_3i_4,a_3i_3i_4) -> I(i_3,i_4,μ̃_19930;a_5i_3i_4)","I(i_3,i_4,μ̃_19930;a_5i_3i_4)","I(i_4,i_3,μ̃_19930;a_3i_3i_4)","t(i_4,i_3;a_5i_3i_4,a_3i_3i_4)","I(i_3,i_4,μ̃_19930;a_5i_3i_4)","i,i,μ̃,a",";;;i_3,i_4","7,7,114,",7 × 7 × 114 × ?,,
3,79,Tensor,leaf,C,32718,,,2207664,2207664,456064344,1416167424,275958,246870,-5695.615034274957,223631163.21246105,731.2730436956697,"C(i_4,i_3,μ̃_19932;a_5i_3i_4)","C(i_4,i_3,μ̃_19932;a_5i_3i_4)",,,,"i,i,μ̃,a",";;;i_3,i_4","7,7,114,",7 × 7 × 114 × ?,,
3,79,Product,intermediate,I,32896651,2226240,2207664,125584,125584,456064344,1416167424,15698,12996,-1.6156393732949508,1.0479306834912017,0.1582465162705644,"I(i_3,i_4,μ̃_19930;a_5i_3i_4) * C(i_4,i_3,μ̃_19932;a_5i_3i_4) -> I(μ̃_19932,μ̃_19930)","I(μ̃_19932,μ̃_19930)","I(i_3,i_4,μ̃_19930;a_5i_3i_4)","C(i_4,i_3,μ̃_19932;a_5i_3i_4)","I(μ̃_19932,μ̃_19930)","μ̃,μ̃",;,"114,114",114 × 114,103968,1.20791
3,79,Tensor,leaf,s,25311,,,125584,125584,456064344,1416167424,15698,12996,138.52037144982427,140.242752948763,0.9820999861813638,"s(μ̃_19931,μ̃_19932)","s(μ̃_19931,μ̃_19932)",,,,"μ̃,μ̃",;,"114,114",114 × 114,103968,1.20791
3,79,Product,intermediate,I,2907171,125584,125584,125584,125584,456064344,1416167424,15698,12996,-1.3723731146973956,0.0186795166253086,0.010912195664909462,"I(μ̃_19932,μ̃_19930) * s(μ̃_19931,μ̃_19932) -> I(μ̃_19931,μ̃_19930)","I(μ̃_19931,μ̃_19930)","I(μ̃_19932,μ̃_19930)","s(μ̃_19931,μ̃_19932)","I(μ̃_19931,μ̃_19930)","μ̃,μ̃",;,"114,114",114 × 114,103968,1.20791
3,79,Tensor,leaf,C,15497,,,2207664,2207664,456064344,1416167424,275958,246870,-5695.615034274957,223631163.21246105,731.2730436956697,"C(i_2,i_1,μ̃_19930;a_4i_1i_2)","C(i_2,i_1,μ̃_19930;a_4i_1i_2)",,,,"i,i,μ̃,a",";;;i_1,i_2","7,7,114,",7 × 7 × 114 × ?,,
3,79,Product,intermediate,I,43143798,125584,2207664,2226240,2226240,456064344,1416167424,278280,248976,1.3784256656181955,0.3172558134400466,0.011556566660959172,"I(μ̃_19931,μ̃_19930) * C(i_2,i_1,μ̃_19930;a_4i_1i_2) -> I(i_2,i_1,μ̃_19931;a_4i_1i_2)","I(i_2,i_1,μ̃_19931;a_4i_1i_2)","I(μ̃_19931,μ̃_19930)","C(i_2,i_1,μ̃_19930;a_4i_1i_2)","I(i_2,i_1,μ̃_19931;a_4i_1i_2)","i,i,μ̃,a",";;;i_1,i_2","7,7,114,",7 × 7 × 114 × ?,,
3,79,Tensor,leaf,C,26394,,,2207664,2207664,456064344,1416167424,275958,246870,-5695.615034274957,223631163.21246105,731.2730436956697,"C(i_2,i_1,μ̃_19931;a_1i_1i_2)","C(i_2,i_1,μ̃_19931;a_1i_1i_2)",,,,"i,i,μ̃,a",";;;i_1,i_2","7,7,114,",7 × 7 × 114 × ?,,
3,79,Product,intermediate,I,4350278,2226240,2207664,792440,792440,456064344,1416167424,99055,98598,-10.799137775458805,0.1306359985730555,0.0179552151709655,"I(i_2,i_1,μ̃_19931;a_4i_1i_2) * C(i_2,i_1,μ̃_19931;a_1i_1i_2) -> I(i_2,i_1;a_1i_1i_2,a_4i_1i_2)","I(i_2,i_1;a_1i_1i_2,a_4i_1i_2)","I(i_2,i_1,μ̃_19931;a_4i_1i_2)","C(i_2,i_1,μ̃_19931;a_1i_1i_2)","I(i_2,i_1;a_1i_1i_2,a_4i_1i_2)","i,i,a,a",";;i_1,i_2;i_1,i_2","7,7,,",7 × 7 × ? × ?,,
3,79,Tensor,leaf,t,1944,,,792440,792440,456064344,1416167424,99055,98598,-1.6376837457354991,0.10417720168326705,0.029695591403256404,"t(i_1,i_2;a_4i_1i_2,a_2i_1i_2)","t(i_1,i_2;a_4i_1i_2,a_2i_1i_2)",,,,"i,i,a,a",";;i_1,i_2;i_1,i_2","7,7,,",7 × 7 × ? × ?,,
3,79,Product,intermediate,I,902572,792440,792440,792440,792440,456064344,1416167424,99055,98598,0.016244246249306708,2.7275840750055664e-05,0.0007569238774086657,"I(i_2,i_1;a_1i_1i_2,a_4i_1i_2) * t(i_1,i_2;a_4i_1i_2,a_2i_1i_2) -> I(i_2,i_1;a_1i_1i_2,a_2i_1i_2)","I(i_2,i_1;a_1i_1i_2,a_2i_1i_2)","I(i_2,i_1;a_1i_1i_2,a_4i_1i_2)","t(i_1,i_2;a_4i_1i_2,a_2i_1i_2)","I(i_2,i_1;a_1i_1i_2,a_2i_1i_2)","i,i,a,a",";;i_1,i_2;i_1,i_2","7,7,,",7 × 7 × ? × ?,,
3,79,Constant,constant,_const,1193,,,8,8,456064344,1416167424,1,,,,,-4,-4,,,,,,,scalar,8,1
3,79,Product,residual,R,85614,792440,8,792440,792440,456064344,1416167424,99055,98598,-0.06497698499722683,0.0004364134520008906,0.003027695509634663,"I(i_2,i_1;a_1i_1i_2,a_2i_1i_2) * -4 -> R(i_2,i_1;a_1i_1i_2,a_2i_1i_2)","R(i_2,i_1;a_1i_1i_2,a_2i_1i_2)","I(i_2,i_1;a_1i_1i_2,a_2i_1i_2)",-4,"R(i_2,i_1;a_1i_1i_2,a_2i_1i_2)","i,i,a,a",";;i_1,i_2;i_1,i_2","7,7,,",7 × 7 × ? × ?,,
3,79,Permute,residual,R,12002057,,,792440,792440,456064344,1416167424,99055,,,,,"R(i_2,i_1;a_1i_1i_2,a_2i_1i_2)","R(i_2,i_1;a_1i_1i_2,a_2i_1i_2)",,,,"i,i,a,a",";;i_1,i_2;i_1,i_2","7,7,,",7 × 7 × ? × ?,,
3,80,Tensor,leaf,t,1912,,,792440,792440,456064344,1416167424,99055,98598,-1.6376837457354991,0.10417720168326705,0.029695591403256404,"t(i_2,i_1;a_3i_1i_2,a_1i_1i_2)","t(i_2,i_1;a_3i_1i_2,a_1i_1i_2)",,,,"i,i,a,a",";;i_1,i_2;i_1,i_2","7,7,,",7 × 7 × ? × ?,,
3,80,Product,intermediate,I,940851,792440,792440,792440,792440,456064344,1416167424,99055,98598,-2.106011609047403,0.1775153587899297,0.03019869968510936,"I(i_2,i_1;a_3i_1i_2,a_2i_1i_2) * t(i_2,i_1;a_3i_1i_2,a_1i_1i_2) -> I(i_1,i_2;a_2i_1i_2,a_1i_1i_2)","I(i_1,i_2;a_2i_1i_2,a_1i_1i_2)","I(i_2,i_1;a_3i_1i_2,a_2i_1i_2)","t(i_2,i_1;a_3i_1i_2,a_1i_1i_2)","I(i_1,i_2;a_2i_1i_2,a_1i_1i_2)","i,i,a,a",";;i_1,i_2;i_1,i_2","7,7,,",7 × 7 × ? × ?,,
3,80,Constant,constant,_const,16705,,,8,8,456064344,1416167424,1,,,,,2,2,,,,,,,scalar,8,1
3,80,Product,residual,R,67874,792440,8,792440,792440,456064344,1416167424,99055,98598,-4.212023218094806,0.7100614351597188,0.06039739937021872,"I(i_1,i_2;a_2i_1i_2,a_1i_1i_2) * 2 -> R(i_1,i_2;a_2i_1i_2,a_1i_1i_2)","R(i_1,i_2;a_2i_1i_2,a_1i_1i_2)","I(i_1,i_2;a_2i_1i_2,a_1i_1i_2)",2,"R(i_1,i_2;a_2i_1i_2,a_1i_1i_2)","i,i,a,a",";;i_1,i_2;i_1,i_2","7,7,,",7 × 7 × ? × ?,,
3,80,Permute,residual,R,89773,,,792440,792440,456064344,1416167424,99055,,,,,"R(i_1,i_2;a_2i_1i_2,a_1i_1i_2)","R(i_1,i_2;a_2i_1i_2,a_1i_1i_2)",,,,"i,i,a,a",";;i_1,i_2;i_1,i_2","7,7,,",7 × 7 × ? × ?,,
3,81,Tensor,leaf,t,1207,,,792440,792440,456064344,1416167424,99055,98598,-1.6376837457354991,0.10417720168326705,0.029695591403256404,"t(i_2,i_1;a_4i_1i_2,a_3i_1i_2)","t(i_2,i_1;a_4i_1i_2,a_3i_1i_2)",,,,"i,i,a,a",";;i_1,i_2;i_1,i_2","7,7,,",7 × 7 × ? × ?,,
3,81,Product,intermediate,I,239493884,223000800,792440,223000800,223000800,624906088,1451696128,27875100,27804636,-2.3219824091890255,0.14718041611159588,0.010603747688043204,"I(i_2,i_1,Κ_1;a_3i_1i_2,a_1i_1i_2) * t(i_2,i_1;a_4i_1i_2,a_3i_1i_2) -> I(i_2,i_1,Κ_1;a_1i_1i_2,a_4i_1i_2)","I(i_2,i_1,Κ_1;a_1i_1i_2,a_4i_1i_2)","I(i_2,i_1,Κ_1;a_3i_1i_2,a_1i_1i_2)","t(i_2,i_1;a_4i_1i_2,a_3i_1i_2)","I(i_2,i_1,Κ_1;a_1i_1i_2,a_4i_1i_2)","i,i,Κ,a,a",";;;i_1,i_2;i_1,i_2","7,7,282,,",7 × 7 × 282 × ? × ?,,
3,81,Product,residual,R,260119144,223000800,223000800,792440,792440,624906088,1451696128,99055,98598,-2.0431668351942887,0.08657753379035309,0.023320279928632396,"I(i_2,i_1,Κ_1;a_1i_1i_2,a_4i_1i_2) * I(i_2,i_1,Κ_1;a_4i_1i_2,a_2i_1i_2) -> R(i_2,i_1;a_2i_1i_2,a_1i_1i_2)","R(i_2,i_1;a_2i_1i_2,a_1i_1i_2)","I(i_2,i_1,Κ_1;a_1i_1i_2,a_4i_1i_2)","I(i_2,i_1,Κ_1;a_4i_1i_2,a_2i_1i_2)","R(i_2,i_1;a_2i_1i_2,a_1i_1i_2)","i,i,a,a",";;i_1,i_2;i_1,i_2","7,7,,",7 × 7 × ? × ?,,
3,81,Permute,residual,R,1339214,,,792440,792440,624906088,1441394688,99055,,,,,"R(i_2,i_1;a_2i_1i_2,a_1i_1i_2)","R(i_2,i_1;a_2i_1i_2,a_1i_1i_2)",,,,"i,i,a,a",";;i_1,i_2;i_1,i_2","7,7,,",7 × 7 × ? × ?,,
3,82,Tensor,leaf,f,24349,,,432,432,432,1441394688,54,0,0.0,0.0,0.0,"f(μ̃_19592,i_1)","f(μ̃_19592,i_1)",,,,"μ̃,i",;,"114,7",114 × 7,6384,0.0676692
3,82,Tensor,leaf,C,7836,,,481264,481264,481264,1441394688,60158,55674,23856.23808923302,118674620.50711954,1176.0636923303477,"C(i_1,μ̃_19592;a_1i_1)","C(i_1,μ̃_19592;a_1i_1)",,,,"i,μ̃,a",;;i_1,"7,114,",7 × 114 × ?,,
3,82,Product,intermediate,I,295890,432,481264,376,376,482072,1441394688,47,0,0.0,0.0,0.0,"f(μ̃_19592,i_1) * C(i_1,μ̃_19592;a_1i_1) -> I(i_1;a_1i_1)",I(i_1;a_1i_1),"f(μ̃_19592,i_1)","C(i_1,μ̃_19592;a_1i_1)",I(i_1;a_1i_1),"i,a",;i_1,"7,",7 × ?,,
3,82,Tensor,leaf,t,1686,,,5488,5488,482072,1441394688,686,522,0.04321058466588326,0.0006902164732866437,0.005367436737996124,t(i_1;a_1i_1),t(i_1;a_1i_1),,,,"i,a",;i_1,"7,",7 × ?,,
3,82,Product,scalar,Z,75542,376,5488,8,8,482072,1441394688,1,,,,,I(i_1;a_1i_1) * t(i_1;a_1i_1) -> Z,Z,I(i_1;a_1i_1),t(i_1;a_1i_1),Z,,,,scalar,8,1
3,82,Constant,constant,_const,1041,,,8,8,482072,1441394688,1,,,,,2,2,,,,,,,scalar,8,1
3,82,Product,scalar,E,764,8,8,8,8,482072,1441394688,1,,,,,Z * 2 -> E,E,Z,2,E,,,,scalar,8,1
3,83,Tensor,leaf,g,12900,,,1843152,1843152,1843152,1441394688,230394,225036,-13.7135187938935,9.824790694343452,0.19254784769834188,"g(μ̃_19593,i_1,Κ_1)","g(μ̃_19593,i_1,Κ_1)",,,,"μ̃,i,Κ",;;,"114,7,282",114 × 7 × 282,1800288,1.02381
3,83,Tensor,leaf,C,13999,,,2207664,2207664,2207664,1441394688,275958,246870,-5695.615034274957,223631163.21246105,731.2730436956697,"C(i_2,i_1,μ̃_19593;a_1i_1i_2)","C(i_2,i_1,μ̃_19593;a_1i_1i_2)",,,,"i,i,μ̃,a",";;;i_1,i_2","7,7,114,",7 × 7 × 114 × ?,,
3,83,Product,intermediate,I,65413850,1843152,2207664,5490816,5490816,9541632,1441394688,686352,615888,-4.549527698648608,48.85377150827251,0.19405695413533675,"g(μ̃_19593,i_1,Κ_1) * C(i_2,i_1,μ̃_19593;a_1i_1i_2) -> I(i_2,i_1,Κ_1;a_1i_1i_2)","I(i_2,i_1,Κ_1;a_1i_1i_2)","g(μ̃_19593,i_1,Κ_1)","C(i_2,i_1,μ̃_19593;a_1i_1i_2)","I(i_2,i_1,Κ_1;a_1i_1i_2)","i,i,Κ,a",";;;i_1,i_2","7,7,282,",7 × 7 × 282 × ?,,
3,83,Tensor,leaf,g,18070,,,1843152,1843152,9541632,1441394688,230394,225036,-13.7135187938935,9.824790694343452,0.19254784769834188,"g(μ̃_19594,i_2,Κ_1)","g(μ̃_19594,i_2,Κ_1)",,,,"μ̃,i,Κ",;;,"114,7,282",114 × 7 × 282,1800288,1.02381
3,83,Product,intermediate,I,19038795,5490816,1843152,2226240,2226240,9560208,1441394688,278280,248976,-0.33248804064335086,1.678010737517433,0.07344893725374074,"I(i_2,i_1,Κ_1;a_1i_1i_2) * g(μ̃_19594,i_2,Κ_1) -> I(i_2,i_1,μ̃_19594;a_1i_1i_2)","I(i_2,i_1,μ̃_19594;a_1i_1i_2)","I(i_2,i_1,Κ_1;a_1i_1i_2)","g(μ̃_19594,i_2,Κ_1)","I(i_2,i_1,μ̃_19594;a_1i_1i_2)","i,i,μ̃,a",";;;i_1,i_2","7,7,114,",7 × 7 × 114 × ?,,
3,83,Tensor,leaf,C,13010,,,2207664,2207664,9560208,1441394688,275958,246870,-5695.615034274957,223631163.21246105,731.2730436956697,"C(i_2,i_1,μ̃_19594;a_2i_1i_2)","C(i_2,i_1,μ̃_19594;a_2i_1i_2)",,,,"i,i,μ̃,a",";;;i_1,i_2","7,7,114,",7 × 7 × 114 × ?,,
3,83,Product,intermediate,I,4788644,2226240,2207664,792440,792440,9560208,1441394688,99055,98598,6.0868285143248375,1.0674103250994535,0.06952838378309494,"I(i_2,i_1,μ̃_19594;a_1i_1i_2) * C(i_2,i_1,μ̃_19594;a_2i_1i_2) -> I(i_2,i_1;a_2i_1i_2,a_1i_1i_2)","I(i_2,i_1;a_2i_1i_2,a_1i_1i_2)","I(i_2,i_1,μ̃_19594;a_1i_1i_2)","C(i_2,i_1,μ̃_19594;a_2i_1i_2)","I(i_2,i_1;a_2i_1i_2,a_1i_1i_2)","i,i,a,a",";;i_1,i_2;i_1,i_2","7,7,,",7 × 7 × ? × ?,,
3,83,Tensor,leaf,t,2734,,,792440,792440,9560208,1441394688,99055,98598,-1.674392669374569,0.11277216715338668,0.0320593319417203,"t(i_1,i_2;a_2i_1i_2,a_1i_1i_2)","t(i_1,i_2;a_2i_1i_2,a_1i_1i_2)",,,,"i,i,a,a",";;i_1,i_2;i_1,i_2","7,7,,",7 × 7 × ? × ?,,
3,83,Product,scalar,Z,210793,792440,792440,8,8,9560208,1441394688,1,,,,,"I(i_2,i_1;a_2i_1i_2,a_1i_1i_2) * t(i_1,i_2;a_2i_1i_2,a_1i_1i_2) -> Z",Z,"I(i_2,i_1;a_2i_1i_2,a_1i_1i_2)","t(i_1,i_2;a_2i_1i_2,a_1i_1i_2)",Z,,,,scalar,8,1
3,83,Constant,constant,_const,1628,,,8,8,9560208,1441394688,1,,,,,-1,-1,,,,,,,scalar,8,1
3,83,Product,scalar,E,746,8,8,8,8,9560208,1441394688,1,,,,,Z * -1 -> E,E,Z,-1,E,,,,scalar,8,1
3,83,SumInplace,scalar,E,491,,,8,0,9560208,1441394688,1,,,,,E,E,,,,,,,scalar,8,1
3,84,Tensor,leaf,g,9276,,,1843152,1843152,9560208,1441394688,230394,225036,-13.7135187938935,9.824790694343452,0.19254784769834188,"g(μ̃_19595,i_1,Κ_1)","g(μ̃_19595,i_1,Κ_1)",,,,"μ̃,i,Κ",;;,"114,7,282",114 × 7 × 282,1800288,1.02381
3,84,Tensor,leaf,C,11487,,,2207664,2207664,9560208,1441394688,275958,246870,-5695.615034274957,223631163.21246105,731.2730436956697,"C(i_2,i_1,μ̃_19595;a_1i_1i_2)","C(i_2,i_1,μ̃_19595;a_1i_1i_2)",,,,"i,i,μ̃,a",";;;i_1,i_2","7,7,114,",7 × 7 × 114 × ?,,
3,84,Product,intermediate,I,19109129,1843152,2207664,5490816,5490816,9560208,1441394688,686352,615888,-4.549527698648634,48.85377150827255,0.19405695413533675,"g(μ̃_19595,i_1,Κ_1) * C(i_2,i_1,μ̃_19595;a_1i_1i_2) -> I(i_2,i_1,Κ_1;a_1i_1i_2)","I(i_2,i_1,Κ_1;a_1i_1i_2)","g(μ̃_19595,i_1,Κ_1)","C(i_2,i_1,μ̃_19595;a_1i_1i_2)","I(i_2,i_1,Κ_1;a_1i_1i_2)","i,i,Κ,a",";;;i_1,i_2","7,7,282,",7 × 7 × 282 × ?,,
3,84,Tensor,leaf,g,11707,,,1843152,1843152,9560208,1441394688,230394,225036,-13.7135187938935,9.824790694343452,0.19254784769834188,"g(μ̃_19596,i_2,Κ_1)","g(μ̃_19596,i_2,Κ_1)",,,,"μ̃,i,Κ",;;,"114,7,282",114 × 7 × 282,1800288,1.02381
3,84,Product,intermediate,I,17380646,5490816,1843152,2226240,2226240,9560208,1441394688,278280,248976,-0.332488040643354,1.6780107375174325,0.0734489372537407,"I(i_2,i_1,Κ_1;a_1i_1i_2) * g(μ̃_19596,i_2,Κ_1) -> I(i_2,i_1,μ̃_19596;a_1i_1i_2)","I(i_2,i_1,μ̃_19596;a_1i_1i_2)","I(i_2,i_1,Κ_1;a_1i_1i_2)","g(μ̃_19596,i_2,Κ_1)","I(i_2,i_1,μ̃_19596;a_1i_1i_2)","i,i,μ̃,a",";;;i_1,i_2","7,7,114,",7 × 7 × 114 × ?,,
3,84,Tensor,leaf,C,31054,,,2207664,2207664,9560208,1441394688,275958,246870,-5695.615034274957,223631163.21246105,731.2730436956697,"C(i_2,i_1,μ̃_19596;a_2i_1i_2)","C(i_2,i_1,μ̃_19596;a_2i_1i_2)",,,,"i,i,μ̃,a",";;;i_1,i_2","7,7,114,",7 × 7 × 114 × ?,,
3,84,Product,intermediate,I,4287951,2226240,2207664,792440,792440,9560208,1441394688,99055,98598,6.086828514324957,1.067410325099457,0.06952838378309494,"I(i_2,i_1,μ̃_19596;a_1i_1i_2) * C(i_2,i_1,μ̃_19596;a_2i_1i_2) -> I(i_2,i_1;a_2i_1i_2,a_1i_1i_2)","I(i_2,i_1;a_2i_1i_2,a_1i_1i_2)","I(i_2,i_1,μ̃_19596;a_1i_1i_2)","C(i_2,i_1,μ̃_19596;a_2i_1i_2)","I(i_2,i_1;a_2i_1i_2,a_1i_1i_2)","i,i,a,a",";;i_1,i_2;i_1,i_2","7,7,,",7 × 7 × ? × ?,,
3,84,Tensor,leaf,t,2046,,,792440,792440,9560208,1441394688,99055,98598,-1.674392669374569,0.11277216715338668,0.0320593319417203,"t(i_2,i_1;a_2i_1i_2,a_1i_1i_2)","t(i_2,i_1;a_2i_1i_2,a_1i_1i_2)",,,,"i,i,a,a",";;i_1,i_2;i_1,i_2","7,7,,",7 × 7 × ? × ?,,
3,84,Product,scalar,Z,153003,792440,792440,8,8,9560208,1441394688,1,,,,,"I(i_2,i_1;a_2i_1i_2,a_1i_1i_2) * t(i_2,i_1;a_2i_1i_2,a_1i_1i_2) -> Z",Z,"I(i_2,i_1;a_2i_1i_2,a_1i_1i_2)","t(i_2,i_1;a_2i_1i_2,a_1i_1i_2)",Z,,,,scalar,8,1
3,84,Constant,constant,_const,2143,,,8,8,9560208,1441394688,1,,,,,2,2,,,,,,,scalar,8,1
3,84,Product,scalar,E,830,8,8,8,8,9560208,1441394688,1,,,,,Z * 2 -> E,E,Z,2,E,,,,scalar,8,1
3,84,SumInplace,scalar,E,493,,,8,0,9560208,1441394688,1,,,,,E,E,,,,,,,scalar,8,1
3,85,Tensor,leaf,g,12468,,,1843152,1843152,9560208,1441394688,230394,225036,-13.7135187938935,9.824790694343452,0.19254784769834188,"g(μ̃_19597,i_1,Κ_1)","g(μ̃_19597,i_1,Κ_1)",,,,"μ̃,i,Κ",;;,"114,7,282",114 × 7 × 282,1800288,1.02381
3,85,Tensor,leaf,C,9535,,,481264,481264,9560208,1441394688,60158,55674,23856.23808923302,118674620.50711954,1176.0636923303477,"C(i_2,μ̃_19597;a_1i_2)","C(i_2,μ̃_19597;a_1i_2)",,,,"i,μ̃,a",;;i_2,"7,114,",7 × 114 × ?,,
3,85,Tensor,leaf,t,2021,,,5488,5488,9560208,1441394688,686,522,0.04321058466588326,0.0006902164732866437,0.005367436737996124,t(i_2;a_1i_2),t(i_2;a_1i_2),,,,"i,a",;i_2,"7,",7 × ?,,
3,85,Product,intermediate,I,12011039,481264,5488,12064,12064,9560208,1441394688,1508,744,0.6506113181175748,0.12556048677083725,0.10242871588351006,"C(i_2,μ̃_19597;a_1i_2) * t(i_2;a_1i_2) -> I(μ̃_19597,i_2)","I(μ̃_19597,i_2)","C(i_2,μ̃_19597;a_1i_2)",t(i_2;a_1i_2),"I(μ̃_19597,i_2)","μ̃,i",;,"114,7",114 × 7,6384,1.88972
3,85,Product,intermediate,I,2262021,1843152,12064,121536,121536,9560208,1441394688,15192,13818,-0.0009080375640654593,0.00012042407832001573,0.0015521348344990677,"g(μ̃_19597,i_1,Κ_1) * I(μ̃_19597,i_2) -> I(i_1,i_2,Κ_1)","I(i_1,i_2,Κ_1)","g(μ̃_19597,i_1,Κ_1)","I(μ̃_19597,i_2)","I(i_1,i_2,Κ_1)","i,i,Κ",;;,"7,7,282",7 × 7 × 282,110544,1.09944
3,85,Tensor,leaf,g,12600,,,1843152,1843152,9560208,1441394688,230394,225036,-13.7135187938935,9.824790694343452,0.19254784769834188,"g(μ̃_19598,i_2,Κ_1)","g(μ̃_19598,i_2,Κ_1)",,,,"μ̃,i,Κ",;;,"114,7,282",114 × 7 × 282,1800288,1.02381
3,85,Product,intermediate,I,2092783,121536,1843152,12064,12064,9560208,1441394688,1508,798,0.00690687235651065,2.3681177010917584e-05,0.0008517240526061617,"I(i_1,i_2,Κ_1) * g(μ̃_19598,i_2,Κ_1) -> I(i_1,μ̃_19598)","I(i_1,μ̃_19598)","I(i_1,i_2,Κ_1)","g(μ̃_19598,i_2,Κ_1)","I(i_1,μ̃_19598)","i,μ̃",;,"7,114",7 × 114,6384,1.88972
3,85,Tensor,leaf,C,24017,,,481264,481264,9560208,1441394688,60158,55674,23856.23808923302,118674620.50711954,1176.0636923303477,"C(i_1,μ̃_19598;a_2i_1)","C(i_1,μ̃_19598;a_2i_1)",,,,"i,μ̃,a",;;i_1,"7,114,",7 × 114 × ?,,
3,85,Product,intermediate,I,693881,12064,481264,5488,5488,9560208,1441394688,686,522,0.005328649574951038,1.4677240590651368e-05,0.0009216971680197354,"I(i_1,μ̃_19598) * C(i_1,μ̃_19598;a_2i_1) -> I(i_1;a_2i_1)",I(i_1;a_2i_1),"I(i_1,μ̃_19598)","C(i_1,μ̃_19598;a_2i_1)",I(i_1;a_2i_1),"i,a",;i_1,"7,",7 × ?,,
3,85,Tensor,leaf,t,2076,,,5488,5488,9560208,1441394688,686,522,0.04321058466588326,0.0006902164732866437,0.005367436737996124,t(i_1;a_2i_1),t(i_1;a_2i_1),,,,"i,a",;i_1,"7,",7 × ?,,
3,85,Product,scalar,Z,78623,5488,5488,8,8,9560208,1441394688,1,,,,,I(i_1;a_2i_1) * t(i_1;a_2i_1) -> Z,Z,I(i_1;a_2i_1),t(i_1;a_2i_1),Z,,,,scalar,8,1
3,85,Constant,constant,_const,1061,,,8,8,9560208,1441394688,1,,,,,-1,-1,,,,,,,scalar,8,1
3,85,Product,scalar,E,449,8,8,8,8,9560208,1441394688,1,,,,,Z * -1 -> E,E,Z,-1,E,,,,scalar,8,1
3,85,SumInplace,scalar,E,409,,,8,0,9560208,1441394688,1,,,,,E,E,,,,,,,scalar,8,1
3,86,Tensor,leaf,g,8955,,,1843152,1843152,9560208,1441394688,230394,225036,-13.7135187938935,9.824790694343452,0.19254784769834188,"g(μ̃_19599,i_1,Κ_1)","g(μ̃_19599,i_1,Κ_1)",,,,"μ̃,i,Κ",;;,"114,7,282",114 × 7 × 282,1800288,1.02381
3,86,Tensor,leaf,C,10667,,,481264,481264,9560208,1441394688,60158,55674,23856.23808923302,118674620.50711954,1176.0636923303477,"C(i_1,μ̃_19599;a_1i_1)","C(i_1,μ̃_19599;a_1i_1)",,,,"i,μ̃,a",;;i_1,"7,114,",7 × 114 × ?,,
3,86,Tensor,leaf,t,1360,,,5488,5488,9560208,1441394688,686,522,0.04321058466588326,0.0006902164732866437,0.005367436737996124,t(i_1;a_1i_1),t(i_1;a_1i_1),,,,"i,a",;i_1,"7,",7 × ?,,
3,86,Product,intermediate,I,773436,481264,5488,12064,12064,9560208,1441394688,1508,744,0.6506113181175748,0.12556048677083725,0.10242871588351006,"C(i_1,μ̃_19599;a_1i_1) * t(i_1;a_1i_1) -> I(μ̃_19599,i_1)","I(μ̃_19599,i_1)","C(i_1,μ̃_19599;a_1i_1)",t(i_1;a_1i_1),"I(μ̃_19599,i_1)","μ̃,i",;,"114,7",114 × 7,6384,1.88972
3,86,Product,intermediate,I,1459246,1843152,12064,5280,5280,9560208,1441394688,660,282,0.014975755770402315,7.784096930801259e-05,0.0029039673098655116,"g(μ̃_19599,i_1,Κ_1) * I(μ̃_19599,i_1) -> I(Κ_1)",I(Κ_1),"g(μ̃_19599,i_1,Κ_1)","I(μ̃_19599,i_1)",I(Κ_1),Κ,,282,282,2256,2.34043
3,86,Tensor,leaf,g,7683,,,1843152,1843152,9560208,1441394688,230394,225036,-13.7135187938935,9.824790694343452,0.19254784769834188,"g(μ̃_19600,i_2,Κ_1)","g(μ̃_19600,i_2,Κ_1)",,,,"μ̃,i,Κ",;;,"114,7,282",114 × 7 × 282,1800288,1.02381
3,86,Tensor,leaf,C,25561,,,481264,481264,9560208,1441394688,60158,55674,23856.23808923302,118674620.50711954,1176.0636923303477,"C(i_2,μ̃_19600;a_2i_2)","C(i_2,μ̃_19600;a_2i_2)",,,,"i,μ̃,a",;;i_2,"7,114,",7 × 114 × ?,,
3,86,Tensor,leaf,t,1516,,,5488,5488,9560208,1441394688,686,522,0.04321058466588326,0.0006902164732866437,0.005367436737996124,t(i_2;a_2i_2),t(i_2;a_2i_2),,,,"i,a",;i_2,"7,",7 × ?,,
3,86,Product,intermediate,I,761663,481264,5488,12064,12064,9560208,1441394688,1508,744,0.6506113181175748,0.12556048677083725,0.10242871588351006,"C(i_2,μ̃_19600;a_2i_2) * t(i_2;a_2i_2) -> I(μ̃_19600,i_2)","I(μ̃_19600,i_2)","C(i_2,μ̃_19600;a_2i_2)",t(i_2;a_2i_2),"I(μ̃_19600,i_2)","μ̃,i",;,"114,7",114 × 7,6384,1.88972
3,86,Product,intermediate,I,1473311,1843152,12064,5280,5280,9560208,1441394688,660,282,0.014975755770402315,7.784096930801259e-05,0.0029039673098655116,"g(μ̃_19600,i_2,Κ_1) * I(μ̃_19600,i_2) -> I(Κ_1)",I(Κ_1),"g(μ̃_19600,i_2,Κ_1)","I(μ̃_19600,i_2)",I(Κ_1),Κ,,282,282,2256,2.34043
3,86,Product,scalar,Z,98466,5280,5280,8,8,9560208,1441394688,1,,,,,I(Κ_1) * I(Κ_1) -> Z,Z,I(Κ_1),I(Κ_1),Z,,,,scalar,8,1
3,86,Constant,constant,_const,811,,,8,8,9560208,1441394688,1,,,,,2,2,,,,,,,scalar,8,1
3,86,Product,scalar,E,484,8,8,8,8,9560208,1441394688,1,,,,,Z * 2 -> E,E,Z,2,E,,,,scalar,8,1
3,86,SumInplace,scalar,E,253,,,8,0,9560208,1441394688,1,,,,,E,E,,,,,,,scalar,8,1
